timestamp_utc	device_sample
2026-08-03T17:36:48Z	card0,0,0,0,N/A,0;;
2026-08-03T17:36:50Z	card0,0,0,0,N/A,0;;
2026-08-03T17:36:51Z	card0,0,0,0,N/A,0;;
2026-08-03T17:36:52Z	card0,0,0,0,N/A,0;;
2026-08-03T17:36:53Z	card0,0,0,0,N/A,0;;
2026-08-03T17:36:54Z	card0,0,0,0,N/A,0;;
2026-08-03T17:36:55Z	card0,0,0,0,N/A,0;;
2026-08-03T17:36:56Z	card0,10,0,0,N/A,0;;
2026-08-03T17:36:58Z	card0,7,3,0,N/A,0;;
2026-08-03T17:36:59Z	card0,98,4,2,N/A,0;;
2026-08-03T17:37:00Z	card0,98,4,2,N/A,0;;
2026-08-03T17:37:01Z	card0,99,4,1,N/A,0;;
2026-08-03T17:37:02Z	card0,99,4,0,N/A,0;;
2026-08-03T17:37:03Z	card0,98,5,0,N/A,0;;
2026-08-03T17:37:04Z	card0,86,14,2,N/A,0;;
2026-08-03T17:37:05Z	card0,85,8,0,N/A,0;;
2026-08-03T17:37:07Z	card0,100,8,0,N/A,0;;
2026-08-03T17:37:08Z	card0,98,8,0,N/A,0;;
2026-08-03T17:37:09Z	card0,99,8,0,N/A,0;;
2026-08-03T17:37:10Z	card0,100,8,0,N/A,0;;
2026-08-03T17:37:11Z	card0,99,8,0,N/A,0;;
2026-08-03T17:37:12Z	card0,100,8,0,N/A,0;;
2026-08-03T17:37:13Z	card0,99,8,0,N/A,0;;
2026-08-03T17:37:14Z	card0,100,8,0,N/A,0;;
2026-08-03T17:37:16Z	card0,100,8,0,N/A,0;;
2026-08-03T17:37:17Z	card0,100,8,0,N/A,0;;
2026-08-03T17:37:18Z	card0,100,8,0,N/A,0;;
2026-08-03T17:37:19Z	card0,99,8,1,N/A,0;;
2026-08-03T17:37:20Z	card0,100,8,0,N/A,0;;
2026-08-03T17:37:21Z	card0,100,8,0,N/A,0;;
2026-08-03T17:37:22Z	card0,100,8,0,N/A,0;;
2026-08-03T17:37:23Z	card0,100,8,0,N/A,0;;
2026-08-03T17:37:25Z	card0,100,8,0,N/A,0;;
2026-08-03T17:37:26Z	card0,100,8,0,N/A,0;;
2026-08-03T17:37:27Z	card0,100,8,1,N/A,0;;
2026-08-03T17:37:28Z	card0,99,17,12,N/A,0;;
2026-08-03T17:37:29Z	card0,99,17,23,N/A,0;;
2026-08-03T17:37:30Z	card0,99,17,17,N/A,0;;
2026-08-03T17:37:31Z	card0,100,17,15,N/A,0;;
2026-08-03T17:37:33Z	card0,99,17,16,N/A,0;;
2026-08-03T17:37:34Z	card0,99,17,1,N/A,0;;
2026-08-03T17:37:35Z	card0,100,17,2,N/A,0;;
2026-08-03T17:37:36Z	card0,99,17,12,N/A,0;;
2026-08-03T17:37:37Z	card0,100,17,15,N/A,0;;
2026-08-03T17:37:38Z	card0,100,17,15,N/A,0;;
2026-08-03T17:37:39Z	card0,99,17,71,N/A,0;;
2026-08-03T17:37:40Z	card0,98,17,16,N/A,0;;
2026-08-03T17:37:42Z	card0,99,17,16,N/A,0;;
2026-08-03T17:37:43Z	card0,99,17,16,N/A,0;;
2026-08-03T17:37:44Z	card0,99,17,5,N/A,0;;
2026-08-03T17:37:45Z	card0,99,17,16,N/A,0;;
2026-08-03T17:37:46Z	card0,98,17,2,N/A,0;;
2026-08-03T17:37:47Z	card0,99,17,2,N/A,0;;
2026-08-03T17:37:48Z	card0,99,17,4,N/A,0;;
2026-08-03T17:37:50Z	card0,99,17,1,N/A,0;;
2026-08-03T17:37:51Z	card0,99,17,3,N/A,0;;
2026-08-03T17:37:52Z	card0,99,17,83,N/A,0;;
2026-08-03T17:37:53Z	card0,99,17,16,N/A,0;;
2026-08-03T17:37:54Z	card0,99,17,15,N/A,0;;
2026-08-03T17:37:55Z	card0,100,17,17,N/A,0;;
2026-08-03T17:37:56Z	card0,98,17,15,N/A,0;;
2026-08-03T17:37:57Z	card0,100,17,15,N/A,0;;
2026-08-03T17:37:59Z	card0,99,17,1,N/A,0;;
2026-08-03T17:38:00Z	card0,100,17,2,N/A,0;;
2026-08-03T17:38:01Z	card0,99,17,18,N/A,0;;
2026-08-03T17:38:02Z	card0,99,17,1,N/A,0;;
2026-08-03T17:38:03Z	card0,99,17,4,N/A,0;;
2026-08-03T17:38:04Z	card0,99,17,7,N/A,0;;
2026-08-03T17:38:05Z	card0,99,17,16,N/A,0;;
2026-08-03T17:38:06Z	card0,99,17,19,N/A,0;;
2026-08-03T17:38:08Z	card0,99,17,17,N/A,0;;
2026-08-03T17:38:09Z	card0,99,17,15,N/A,0;;
2026-08-03T17:38:10Z	card0,99,17,11,N/A,0;;
2026-08-03T17:38:11Z	card0,99,17,2,N/A,0;;
2026-08-03T17:38:12Z	card0,99,17,15,N/A,0;;
2026-08-03T17:38:13Z	card0,99,17,74,N/A,0;;
2026-08-03T17:38:14Z	card0,100,17,15,N/A,0;;
2026-08-03T17:38:16Z	card0,99,17,15,N/A,0;;
2026-08-03T17:38:17Z	card0,99,17,16,N/A,0;;
2026-08-03T17:38:18Z	card0,100,17,16,N/A,0;;
2026-08-03T17:38:19Z	card0,99,17,83,N/A,0;;
2026-08-03T17:38:20Z	card0,99,17,16,N/A,0;;
2026-08-03T17:38:21Z	card0,99,17,15,N/A,0;;
2026-08-03T17:38:22Z	card0,98,17,12,N/A,0;;
2026-08-03T17:38:23Z	card0,99,17,2,N/A,0;;
2026-08-03T17:38:25Z	card0,100,17,15,N/A,0;;
2026-08-03T17:38:26Z	card0,99,17,17,N/A,0;;
2026-08-03T17:38:27Z	card0,100,17,15,N/A,0;;
2026-08-03T17:38:28Z	card0,100,17,16,N/A,0;;
2026-08-03T17:38:29Z	card0,99,17,16,N/A,0;;
2026-08-03T17:38:30Z	card0,100,17,16,N/A,0;;
2026-08-03T17:38:31Z	card0,98,17,74,N/A,0;;
2026-08-03T17:38:32Z	card0,100,17,3,N/A,0;;
2026-08-03T17:38:34Z	card0,100,17,15,N/A,0;;
2026-08-03T17:38:35Z	card0,99,17,3,N/A,0;;
2026-08-03T17:38:36Z	card0,99,17,13,N/A,0;;
2026-08-03T17:38:37Z	card0,100,17,2,N/A,0;;
2026-08-03T17:38:38Z	card0,99,17,17,N/A,0;;
2026-08-03T17:38:39Z	card0,100,17,9,N/A,0;;
2026-08-03T17:38:40Z	card0,100,17,15,N/A,0;;
2026-08-03T17:38:42Z	card0,99,17,2,N/A,0;;
2026-08-03T17:38:43Z	card0,100,17,2,N/A,0;;
2026-08-03T17:38:44Z	card0,99,17,14,N/A,0;;
2026-08-03T17:38:45Z	card0,99,17,3,N/A,0;;
2026-08-03T17:38:46Z	card0,100,17,15,N/A,0;;
2026-08-03T17:38:47Z	card0,99,17,35,N/A,0;;
2026-08-03T17:38:48Z	card0,100,17,16,N/A,0;;
2026-08-03T17:38:49Z	card0,99,17,15,N/A,0;;
2026-08-03T17:38:51Z	card0,100,17,17,N/A,0;;
2026-08-03T17:38:52Z	card0,100,17,46,N/A,0;;
2026-08-03T17:38:53Z	card0,99,17,15,N/A,0;;
2026-08-03T17:38:54Z	card0,99,17,1,N/A,0;;
2026-08-03T17:38:55Z	card0,100,17,15,N/A,0;;
2026-08-03T17:38:56Z	card0,99,17,4,N/A,0;;
2026-08-03T17:38:57Z	card0,100,17,10,N/A,0;;
2026-08-03T17:38:59Z	card0,100,17,15,N/A,0;;
2026-08-03T17:39:00Z	card0,99,17,17,N/A,0;;
2026-08-03T17:39:01Z	card0,100,17,15,N/A,0;;
2026-08-03T17:39:02Z	card0,99,17,16,N/A,0;;
2026-08-03T17:39:03Z	card0,100,17,4,N/A,0;;
2026-08-03T17:39:04Z	card0,100,17,2,N/A,0;;
2026-08-03T17:39:05Z	card0,99,17,68,N/A,0;;
2026-08-03T17:39:06Z	card0,100,17,16,N/A,0;;
2026-08-03T17:39:08Z	card0,99,17,16,N/A,0;;
2026-08-03T17:39:09Z	card0,100,17,87,N/A,0;;
2026-08-03T17:39:10Z	card0,100,17,5,N/A,0;;
2026-08-03T17:39:11Z	card0,99,17,15,N/A,0;;
2026-08-03T17:39:12Z	card0,99,17,2,N/A,0;;
2026-08-03T17:39:13Z	card0,100,17,15,N/A,0;;
2026-08-03T17:39:14Z	card0,99,17,11,N/A,0;;
2026-08-03T17:39:15Z	card0,99,17,15,N/A,0;;
2026-08-03T17:39:17Z	card0,99,17,1,N/A,0;;
2026-08-03T17:39:18Z	card0,99,17,25,N/A,0;;
2026-08-03T17:39:19Z	card0,98,17,25,N/A,0;;
2026-08-03T17:39:20Z	card0,99,17,15,N/A,0;;
2026-08-03T17:39:21Z	card0,99,17,2,N/A,0;;
2026-08-03T17:39:22Z	card0,99,17,5,N/A,0;;
2026-08-03T17:39:23Z	card0,99,17,16,N/A,0;;
2026-08-03T17:39:25Z	card0,99,17,16,N/A,0;;
2026-08-03T17:39:26Z	card0,99,17,2,N/A,0;;
2026-08-03T17:39:27Z	card0,99,17,17,N/A,0;;
2026-08-03T17:39:28Z	card0,100,17,15,N/A,0;;
2026-08-03T17:39:29Z	card0,99,17,15,N/A,0;;
2026-08-03T17:39:30Z	card0,99,17,61,N/A,0;;
2026-08-03T17:39:31Z	card0,100,17,2,N/A,0;;
2026-08-03T17:39:32Z	card0,99,17,16,N/A,0;;
2026-08-03T17:39:34Z	card0,99,17,66,N/A,0;;
2026-08-03T17:39:35Z	card0,99,17,15,N/A,0;;
2026-08-03T17:39:36Z	card0,99,17,16,N/A,0;;
2026-08-03T17:39:37Z	card0,99,17,16,N/A,0;;
2026-08-03T17:39:38Z	card0,99,17,2,N/A,0;;
2026-08-03T17:39:39Z	card0,99,17,16,N/A,0;;
2026-08-03T17:39:40Z	card0,100,17,15,N/A,0;;
2026-08-03T17:39:42Z	card0,100,17,15,N/A,0;;
2026-08-03T17:39:43Z	card0,99,17,1,N/A,0;;
2026-08-03T17:39:44Z	card0,100,17,15,N/A,0;;
2026-08-03T17:39:45Z	card0,99,17,16,N/A,0;;
2026-08-03T17:39:46Z	card0,100,17,1,N/A,0;;
2026-08-03T17:39:47Z	card0,99,17,2,N/A,0;;
2026-08-03T17:39:48Z	card0,99,17,6,N/A,0;;
2026-08-03T17:39:49Z	card0,99,17,22,N/A,0;;
2026-08-03T17:39:51Z	card0,99,17,14,N/A,0;;
2026-08-03T17:39:52Z	card0,99,17,17,N/A,0;;
2026-08-03T17:39:53Z	card0,100,17,17,N/A,0;;
2026-08-03T17:39:54Z	card0,100,17,15,N/A,0;;
2026-08-03T17:39:55Z	card0,99,17,17,N/A,0;;
2026-08-03T17:39:56Z	card0,99,17,2,N/A,0;;
2026-08-03T17:39:57Z	card0,99,17,15,N/A,0;;
2026-08-03T17:39:58Z	card0,100,17,15,N/A,0;;
2026-08-03T17:40:00Z	card0,100,17,2,N/A,0;;
2026-08-03T17:40:01Z	card0,99,17,62,N/A,0;;
2026-08-03T17:40:02Z	card0,100,17,28,N/A,0;;
2026-08-03T17:40:03Z	card0,99,17,16,N/A,0;;
2026-08-03T17:40:04Z	card0,99,17,2,N/A,0;;
2026-08-03T17:40:05Z	card0,100,17,36,N/A,0;;
2026-08-03T17:40:06Z	card0,99,17,7,N/A,0;;
2026-08-03T17:40:08Z	card0,100,17,16,N/A,0;;
2026-08-03T17:40:09Z	card0,99,17,31,N/A,0;;
2026-08-03T17:40:10Z	card0,100,17,5,N/A,0;;
2026-08-03T17:40:11Z	card0,100,17,38,N/A,0;;
2026-08-03T17:40:12Z	card0,100,17,15,N/A,0;;
2026-08-03T17:40:13Z	card0,99,17,13,N/A,0;;
2026-08-03T17:40:14Z	card0,100,17,15,N/A,0;;
2026-08-03T17:40:15Z	card0,99,17,16,N/A,0;;
2026-08-03T17:40:17Z	card0,100,17,16,N/A,0;;
2026-08-03T17:40:18Z	card0,100,17,4,N/A,0;;
2026-08-03T17:40:19Z	card0,99,17,87,N/A,0;;
2026-08-03T17:40:20Z	card0,99,17,16,N/A,0;;
2026-08-03T17:40:21Z	card0,99,17,15,N/A,0;;
2026-08-03T17:40:22Z	card0,99,17,17,N/A,0;;
2026-08-03T17:40:23Z	card0,99,17,12,N/A,0;;
2026-08-03T17:40:25Z	card0,99,17,15,N/A,0;;
2026-08-03T17:40:26Z	card0,99,17,17,N/A,0;;
2026-08-03T17:40:27Z	card0,100,17,15,N/A,0;;
2026-08-03T17:40:28Z	card0,99,17,16,N/A,0;;
2026-08-03T17:40:29Z	card0,99,17,15,N/A,0;;
2026-08-03T17:40:30Z	card0,99,17,2,N/A,0;;
2026-08-03T17:40:31Z	card0,99,17,67,N/A,0;;
2026-08-03T17:40:32Z	card0,99,17,16,N/A,0;;
2026-08-03T17:40:34Z	card0,99,17,16,N/A,0;;
2026-08-03T17:40:35Z	card0,99,17,2,N/A,0;;
2026-08-03T17:40:36Z	card0,99,17,15,N/A,0;;
2026-08-03T17:40:37Z	card0,99,17,71,N/A,0;;
2026-08-03T17:40:38Z	card0,99,17,2,N/A,0;;
2026-08-03T17:40:39Z	card0,100,17,15,N/A,0;;
2026-08-03T17:40:40Z	card0,99,17,10,N/A,0;;
2026-08-03T17:40:41Z	card0,98,17,15,N/A,0;;
2026-08-03T17:40:43Z	card0,100,17,15,N/A,0;;
2026-08-03T17:40:44Z	card0,99,17,15,N/A,0;;
2026-08-03T17:40:45Z	card0,100,17,2,N/A,0;;
2026-08-03T17:40:46Z	card0,99,17,15,N/A,0;;
2026-08-03T17:40:47Z	card0,100,17,5,N/A,0;;
2026-08-03T17:40:48Z	card0,100,17,15,N/A,0;;
2026-08-03T17:40:49Z	card0,99,17,8,N/A,0;;
2026-08-03T17:40:51Z	card0,97,17,16,N/A,0;;
2026-08-03T17:40:52Z	card0,87,17,17,N/A,0;;
2026-08-03T17:40:53Z	card0,99,17,17,N/A,0;;
2026-08-03T17:40:54Z	card0,100,17,15,N/A,0;;
2026-08-03T17:40:55Z	card0,99,17,17,N/A,0;;
2026-08-03T17:40:56Z	card0,100,17,3,N/A,0;;
2026-08-03T17:40:57Z	card0,100,17,16,N/A,0;;
2026-08-03T17:40:58Z	card0,99,17,16,N/A,0;;
2026-08-03T17:41:00Z	card0,100,17,15,N/A,0;;
2026-08-03T17:41:01Z	card0,99,17,17,N/A,0;;
2026-08-03T17:41:02Z	card0,100,17,16,N/A,0;;
2026-08-03T17:41:03Z	card0,100,17,15,N/A,0;;
2026-08-03T17:41:04Z	card0,99,17,3,N/A,0;;
2026-08-03T17:41:05Z	card0,99,17,16,N/A,0;;
2026-08-03T17:41:06Z	card0,100,17,15,N/A,0;;
2026-08-03T17:41:07Z	card0,99,17,17,N/A,0;;
2026-08-03T17:41:09Z	card0,100,17,15,N/A,0;;
2026-08-03T17:41:10Z	card0,100,17,2,N/A,0;;
2026-08-03T17:41:11Z	card0,99,17,17,N/A,0;;
2026-08-03T17:41:12Z	card0,100,17,15,N/A,0;;
2026-08-03T17:41:13Z	card0,99,17,23,N/A,0;;
2026-08-03T17:41:14Z	card0,100,17,16,N/A,0;;
2026-08-03T17:41:15Z	card0,100,17,25,N/A,0;;
2026-08-03T17:41:17Z	card0,99,17,2,N/A,0;;
2026-08-03T17:41:18Z	card0,100,17,17,N/A,0;;
2026-08-03T17:41:19Z	card0,100,17,15,N/A,0;;
2026-08-03T17:41:20Z	card0,99,17,50,N/A,0;;
2026-08-03T17:41:21Z	card0,99,17,13,N/A,0;;
2026-08-03T17:41:22Z	card0,99,17,2,N/A,0;;
2026-08-03T17:41:23Z	card0,99,17,17,N/A,0;;
2026-08-03T17:41:24Z	card0,100,17,15,N/A,0;;
2026-08-03T17:41:26Z	card0,99,17,16,N/A,0;;
2026-08-03T17:41:27Z	card0,100,17,4,N/A,0;;
2026-08-03T17:41:28Z	card0,100,17,15,N/A,0;;
2026-08-03T17:41:29Z	card0,99,17,2,N/A,0;;
2026-08-03T17:41:30Z	card0,99,17,16,N/A,0;;
2026-08-03T17:41:31Z	card0,99,17,77,N/A,0;;
2026-08-03T17:41:32Z	card0,100,17,25,N/A,0;;
2026-08-03T17:41:34Z	card0,100,17,8,N/A,0;;
2026-08-03T17:41:35Z	card0,100,17,15,N/A,0;;
2026-08-03T17:41:36Z	card0,99,17,17,N/A,0;;
2026-08-03T17:41:37Z	card0,100,17,2,N/A,0;;
2026-08-03T17:41:38Z	card0,99,17,5,N/A,0;;
2026-08-03T17:41:39Z	card0,100,17,15,N/A,0;;
2026-08-03T17:41:40Z	card0,100,17,15,N/A,0;;
2026-08-03T17:41:41Z	card0,99,17,16,N/A,0;;
2026-08-03T17:41:43Z	card0,100,17,10,N/A,0;;
2026-08-03T17:41:44Z	card0,99,17,50,N/A,0;;
2026-08-03T17:41:45Z	card0,99,17,2,N/A,0;;
2026-08-03T17:41:46Z	card0,100,17,5,N/A,0;;
2026-08-03T17:41:47Z	card0,99,17,78,N/A,0;;
2026-08-03T17:41:48Z	card0,99,17,2,N/A,0;;
2026-08-03T17:41:49Z	card0,99,17,2,N/A,0;;
2026-08-03T17:41:50Z	card0,99,17,7,N/A,0;;
2026-08-03T17:41:52Z	card0,100,17,1,N/A,0;;
2026-08-03T17:41:53Z	card0,99,17,16,N/A,0;;
2026-08-03T17:41:54Z	card0,99,17,16,N/A,0;;
2026-08-03T17:41:55Z	card0,99,17,16,N/A,0;;
2026-08-03T17:41:56Z	card0,99,17,15,N/A,0;;
2026-08-03T17:41:57Z	card0,99,17,17,N/A,0;;
2026-08-03T17:41:58Z	card0,99,17,4,N/A,0;;
2026-08-03T17:42:00Z	card0,99,17,79,N/A,0;;
2026-08-03T17:42:01Z	card0,99,17,2,N/A,0;;
2026-08-03T17:42:02Z	card0,99,17,15,N/A,0;;
2026-08-03T17:42:03Z	card0,99,17,7,N/A,0;;
2026-08-03T17:42:04Z	card0,100,17,15,N/A,0;;
2026-08-03T17:42:05Z	card0,100,17,15,N/A,0;;
2026-08-03T17:42:06Z	card0,99,17,16,N/A,0;;
2026-08-03T17:42:07Z	card0,100,17,16,N/A,0;;
2026-08-03T17:42:09Z	card0,99,17,14,N/A,0;;
2026-08-03T17:42:10Z	card0,99,17,84,N/A,0;;
2026-08-03T17:42:11Z	card0,100,17,4,N/A,0;;
2026-08-03T17:42:12Z	card0,99,17,3,N/A,0;;
2026-08-03T17:42:13Z	card0,99,17,2,N/A,0;;
2026-08-03T17:42:14Z	card0,100,17,15,N/A,0;;
2026-08-03T17:42:15Z	card0,99,17,16,N/A,0;;
2026-08-03T17:42:16Z	card0,100,17,2,N/A,0;;
2026-08-03T17:42:18Z	card0,100,17,15,N/A,0;;
2026-08-03T17:42:19Z	card0,99,17,18,N/A,0;;
2026-08-03T17:42:20Z	card0,99,17,16,N/A,0;;
2026-08-03T17:42:21Z	card0,99,17,19,N/A,0;;
2026-08-03T17:42:22Z	card0,99,17,76,N/A,0;;
2026-08-03T17:42:23Z	card0,99,17,4,N/A,0;;
2026-08-03T17:42:24Z	card0,99,17,74,N/A,0;;
2026-08-03T17:42:26Z	card0,99,17,2,N/A,0;;
2026-08-03T17:42:27Z	card0,100,17,15,N/A,0;;
2026-08-03T17:42:28Z	card0,99,17,17,N/A,0;;
2026-08-03T17:42:29Z	card0,100,17,15,N/A,0;;
2026-08-03T17:42:30Z	card0,99,17,2,N/A,0;;
2026-08-03T17:42:31Z	card0,99,17,16,N/A,0;;
2026-08-03T17:42:32Z	card0,100,17,2,N/A,0;;
2026-08-03T17:42:33Z	card0,99,17,16,N/A,0;;
2026-08-03T17:42:35Z	card0,99,17,3,N/A,0;;
2026-08-03T17:42:36Z	card0,99,17,4,N/A,0;;
2026-08-03T17:42:37Z	card0,99,17,15,N/A,0;;
2026-08-03T17:42:38Z	card0,99,17,16,N/A,0;;
2026-08-03T17:42:39Z	card0,99,17,15,N/A,0;;
2026-08-03T17:42:40Z	card0,99,17,18,N/A,0;;
2026-08-03T17:42:41Z	card0,100,17,15,N/A,0;;
2026-08-03T17:42:43Z	card0,100,17,2,N/A,0;;
2026-08-03T17:42:44Z	card0,99,17,44,N/A,0;;
2026-08-03T17:42:45Z	card0,100,17,1,N/A,0;;
2026-08-03T17:42:46Z	card0,99,17,12,N/A,0;;
2026-08-03T17:42:47Z	card0,100,17,5,N/A,0;;
2026-08-03T17:42:48Z	card0,100,17,7,N/A,0;;
2026-08-03T17:42:49Z	card0,100,17,15,N/A,0;;
2026-08-03T17:42:50Z	card0,99,17,17,N/A,0;;
2026-08-03T17:42:52Z	card0,100,17,15,N/A,0;;
2026-08-03T17:42:53Z	card0,99,17,16,N/A,0;;
2026-08-03T17:42:54Z	card0,100,17,15,N/A,0;;
2026-08-03T17:42:55Z	card0,99,17,2,N/A,0;;
2026-08-03T17:42:56Z	card0,99,17,1,N/A,0;;
2026-08-03T17:42:57Z	card0,100,17,17,N/A,0;;
2026-08-03T17:42:58Z	card0,99,17,14,N/A,0;;
2026-08-03T17:42:59Z	card0,100,17,5,N/A,0;;
2026-08-03T17:43:01Z	card0,100,17,15,N/A,0;;
2026-08-03T17:43:02Z	card0,100,17,15,N/A,0;;
2026-08-03T17:43:03Z	card0,99,17,17,N/A,0;;
2026-08-03T17:43:04Z	card0,99,17,1,N/A,0;;
2026-08-03T17:43:05Z	card0,99,17,13,N/A,0;;
2026-08-03T17:43:06Z	card0,99,17,2,N/A,0;;
2026-08-03T17:43:07Z	card0,99,17,15,N/A,0;;
2026-08-03T17:43:09Z	card0,99,17,2,N/A,0;;
2026-08-03T17:43:10Z	card0,99,17,40,N/A,0;;
2026-08-03T17:43:11Z	card0,99,17,15,N/A,0;;
2026-08-03T17:43:12Z	card0,99,17,17,N/A,0;;
2026-08-03T17:43:13Z	card0,100,17,31,N/A,0;;
2026-08-03T17:43:14Z	card0,100,17,15,N/A,0;;
2026-08-03T17:43:15Z	card0,99,17,17,N/A,0;;
2026-08-03T17:43:16Z	card0,100,17,1,N/A,0;;
2026-08-03T17:43:18Z	card0,99,17,16,N/A,0;;
2026-08-03T17:43:19Z	card0,100,17,2,N/A,0;;
2026-08-03T17:43:20Z	card0,100,17,15,N/A,0;;
2026-08-03T17:43:21Z	card0,99,17,7,N/A,0;;
2026-08-03T17:43:22Z	card0,99,17,37,N/A,0;;
2026-08-03T17:43:23Z	card0,99,17,15,N/A,0;;
2026-08-03T17:43:24Z	card0,100,17,5,N/A,0;;
2026-08-03T17:43:25Z	card0,100,17,15,N/A,0;;
2026-08-03T17:43:27Z	card0,100,17,2,N/A,0;;
2026-08-03T17:43:28Z	card0,99,17,2,N/A,0;;
2026-08-03T17:43:29Z	card0,100,17,2,N/A,0;;
2026-08-03T17:43:30Z	card0,99,17,16,N/A,0;;
2026-08-03T17:43:31Z	card0,100,17,16,N/A,0;;
2026-08-03T17:43:32Z	card0,100,17,85,N/A,0;;
2026-08-03T17:43:33Z	card0,99,17,1,N/A,0;;
2026-08-03T17:43:35Z	card0,100,17,16,N/A,0;;
2026-08-03T17:43:36Z	card0,99,17,15,N/A,0;;
2026-08-03T17:43:37Z	card0,99,17,10,N/A,0;;
2026-08-03T17:43:38Z	card0,100,17,15,N/A,0;;
2026-08-03T17:43:39Z	card0,100,17,1,N/A,0;;
2026-08-03T17:43:40Z	card0,99,17,66,N/A,0;;
2026-08-03T17:43:41Z	card0,100,17,15,N/A,0;;
2026-08-03T17:43:42Z	card0,99,17,11,N/A,0;;
2026-08-03T17:43:44Z	card0,100,17,2,N/A,0;;
2026-08-03T17:43:45Z	card0,100,17,4,N/A,0;;
2026-08-03T17:43:46Z	card0,99,17,1,N/A,0;;
2026-08-03T17:43:47Z	card0,99,17,16,N/A,0;;
2026-08-03T17:43:48Z	card0,100,17,7,N/A,0;;
2026-08-03T17:43:49Z	card0,99,17,16,N/A,0;;
2026-08-03T17:43:50Z	card0,100,17,15,N/A,0;;
2026-08-03T17:43:51Z	card0,100,17,16,N/A,0;;
2026-08-03T17:43:53Z	card0,99,17,72,N/A,0;;
2026-08-03T17:43:54Z	card0,100,17,2,N/A,0;;
2026-08-03T17:43:55Z	card0,99,17,16,N/A,0;;
2026-08-03T17:43:56Z	card0,99,17,16,N/A,0;;
2026-08-03T17:43:57Z	card0,100,17,15,N/A,0;;
2026-08-03T17:43:58Z	card0,99,17,15,N/A,0;;
2026-08-03T17:43:59Z	card0,100,17,16,N/A,0;;
2026-08-03T17:44:01Z	card0,100,17,6,N/A,0;;
2026-08-03T17:44:02Z	card0,99,17,17,N/A,0;;
2026-08-03T17:44:03Z	card0,100,17,15,N/A,0;;
2026-08-03T17:44:04Z	card0,99,17,15,N/A,0;;
2026-08-03T17:44:05Z	card0,99,17,16,N/A,0;;
2026-08-03T17:44:06Z	card0,100,17,15,N/A,0;;
2026-08-03T17:44:07Z	card0,99,17,68,N/A,0;;
2026-08-03T17:44:08Z	card0,100,17,2,N/A,0;;
2026-08-03T17:44:10Z	card0,100,17,2,N/A,0;;
2026-08-03T17:44:11Z	card0,99,17,15,N/A,0;;
2026-08-03T17:44:12Z	card0,100,17,16,N/A,0;;
2026-08-03T17:44:13Z	card0,99,17,15,N/A,0;;
2026-08-03T17:44:14Z	card0,100,17,5,N/A,0;;
2026-08-03T17:44:15Z	card0,100,17,18,N/A,0;;
2026-08-03T17:44:16Z	card0,100,17,14,N/A,0;;
2026-08-03T17:44:18Z	card0,99,17,17,N/A,0;;
2026-08-03T17:44:19Z	card0,100,17,15,N/A,0;;
2026-08-03T17:44:20Z	card0,99,17,16,N/A,0;;
2026-08-03T17:44:21Z	card0,99,17,15,N/A,0;;
2026-08-03T17:44:22Z	card0,100,17,15,N/A,0;;
2026-08-03T17:44:23Z	card0,99,17,67,N/A,0;;
2026-08-03T17:44:24Z	card0,100,17,56,N/A,0;;
2026-08-03T17:44:25Z	card0,99,17,12,N/A,0;;
2026-08-03T17:44:27Z	card0,100,17,2,N/A,0;;
2026-08-03T17:44:28Z	card0,100,17,45,N/A,0;;
2026-08-03T17:44:29Z	card0,99,17,2,N/A,0;;
2026-08-03T17:44:30Z	card0,99,17,71,N/A,0;;
2026-08-03T17:44:31Z	card0,100,17,15,N/A,0;;
2026-08-03T17:44:32Z	card0,99,17,38,N/A,0;;
2026-08-03T17:44:33Z	card0,100,17,15,N/A,0;;
2026-08-03T17:44:35Z	card0,100,17,2,N/A,0;;
2026-08-03T17:44:36Z	card0,99,17,80,N/A,0;;
2026-08-03T17:44:37Z	card0,100,17,15,N/A,0;;
2026-08-03T17:44:38Z	card0,99,17,29,N/A,0;;
2026-08-03T17:44:39Z	card0,100,17,16,N/A,0;;
2026-08-03T17:44:40Z	card0,100,17,15,N/A,0;;
2026-08-03T17:44:41Z	card0,99,17,3,N/A,0;;
2026-08-03T17:44:42Z	card0,99,17,13,N/A,0;;
2026-08-03T17:44:44Z	card0,100,17,2,N/A,0;;
2026-08-03T17:44:45Z	card0,99,17,17,N/A,0;;
2026-08-03T17:44:46Z	card0,100,17,8,N/A,0;;
2026-08-03T17:44:47Z	card0,99,17,15,N/A,0;;
2026-08-03T17:44:48Z	card0,99,17,15,N/A,0;;
2026-08-03T17:44:49Z	card0,99,17,15,N/A,0;;
2026-08-03T17:44:50Z	card0,99,17,16,N/A,0;;
2026-08-03T17:44:51Z	card0,100,17,16,N/A,0;;
2026-08-03T17:44:53Z	card0,99,17,15,N/A,0;;
2026-08-03T17:44:54Z	card0,99,17,15,N/A,0;;
2026-08-03T17:44:55Z	card0,99,17,2,N/A,0;;
2026-08-03T17:44:56Z	card0,99,17,15,N/A,0;;
2026-08-03T17:44:57Z	card0,99,17,16,N/A,0;;
2026-08-03T17:44:58Z	card0,99,17,15,N/A,0;;
2026-08-03T17:44:59Z	card0,100,17,15,N/A,0;;
2026-08-03T17:45:01Z	card0,99,17,16,N/A,0;;
2026-08-03T17:45:02Z	card0,100,17,16,N/A,0;;
2026-08-03T17:45:03Z	card0,99,17,18,N/A,0;;
2026-08-03T17:45:04Z	card0,99,17,16,N/A,0;;
2026-08-03T17:45:05Z	card0,100,17,8,N/A,0;;
2026-08-03T17:45:06Z	card0,100,17,15,N/A,0;;
2026-08-03T17:45:07Z	card0,99,17,2,N/A,0;;
2026-08-03T17:45:08Z	card0,99,17,15,N/A,0;;
2026-08-03T17:45:10Z	card0,99,17,42,N/A,0;;
2026-08-03T17:45:11Z	card0,100,17,16,N/A,0;;
2026-08-03T17:45:12Z	card0,100,17,15,N/A,0;;
2026-08-03T17:45:13Z	card0,99,17,15,N/A,0;;
2026-08-03T17:45:14Z	card0,99,17,2,N/A,0;;
2026-08-03T17:45:15Z	card0,99,17,15,N/A,0;;
2026-08-03T17:45:16Z	card0,100,17,5,N/A,0;;
2026-08-03T17:45:17Z	card0,100,17,15,N/A,0;;
2026-08-03T17:45:19Z	card0,100,17,2,N/A,0;;
2026-08-03T17:45:20Z	card0,99,17,37,N/A,0;;
2026-08-03T17:45:21Z	card0,99,17,55,N/A,0;;
2026-08-03T17:45:22Z	card0,99,17,16,N/A,0;;
2026-08-03T17:45:23Z	card0,99,17,15,N/A,0;;
2026-08-03T17:45:24Z	card0,99,17,15,N/A,0;;
2026-08-03T17:45:25Z	card0,99,17,85,N/A,0;;
2026-08-03T17:45:27Z	card0,99,17,16,N/A,0;;
2026-08-03T17:45:28Z	card0,99,17,15,N/A,0;;
2026-08-03T17:45:29Z	card0,99,17,17,N/A,0;;
2026-08-03T17:45:30Z	card0,99,17,13,N/A,0;;
2026-08-03T17:45:31Z	card0,100,17,15,N/A,0;;
2026-08-03T17:45:32Z	card0,99,17,17,N/A,0;;
2026-08-03T17:45:33Z	card0,100,17,15,N/A,0;;
2026-08-03T17:45:34Z	card0,99,17,14,N/A,0;;
2026-08-03T17:45:36Z	card0,100,17,1,N/A,0;;
2026-08-03T17:45:37Z	card0,100,17,15,N/A,0;;
2026-08-03T17:45:38Z	card0,99,17,15,N/A,0;;
2026-08-03T17:45:39Z	card0,100,17,2,N/A,0;;
2026-08-03T17:45:40Z	card0,99,17,15,N/A,0;;
2026-08-03T17:45:41Z	card0,100,17,5,N/A,0;;
2026-08-03T17:45:42Z	card0,100,17,4,N/A,0;;
2026-08-03T17:45:44Z	card0,100,17,15,N/A,0;;
2026-08-03T17:45:45Z	card0,99,17,17,N/A,0;;
2026-08-03T17:45:46Z	card0,99,17,15,N/A,0;;
2026-08-03T17:45:47Z	card0,99,17,10,N/A,0;;
2026-08-03T17:45:48Z	card0,99,17,2,N/A,0;;
2026-08-03T17:45:49Z	card0,99,17,15,N/A,0;;
2026-08-03T17:45:50Z	card0,99,17,16,N/A,0;;
2026-08-03T17:45:51Z	card0,99,17,2,N/A,0;;
2026-08-03T17:45:53Z	card0,99,17,15,N/A,0;;
2026-08-03T17:45:54Z	card0,100,17,2,N/A,0;;
2026-08-03T17:45:55Z	card0,99,17,4,N/A,0;;
2026-08-03T17:45:56Z	card0,99,17,15,N/A,0;;
2026-08-03T17:45:57Z	card0,99,17,2,N/A,0;;
2026-08-03T17:45:58Z	card0,100,17,2,N/A,0;;
2026-08-03T17:45:59Z	card0,99,17,17,N/A,0;;
2026-08-03T17:46:00Z	card0,99,17,4,N/A,0;;
2026-08-03T17:46:02Z	card0,100,17,15,N/A,0;;
2026-08-03T17:46:03Z	card0,99,17,69,N/A,0;;
2026-08-03T17:46:04Z	card0,99,17,2,N/A,0;;
2026-08-03T17:46:05Z	card0,99,17,20,N/A,0;;
2026-08-03T17:46:06Z	card0,46,17,72,N/A,0;;
2026-08-03T17:46:07Z	card0,99,17,46,N/A,0;;
2026-08-03T17:46:08Z	card0,99,17,2,N/A,0;;
2026-08-03T17:46:10Z	card0,99,17,15,N/A,0;;
2026-08-03T17:46:11Z	card0,99,17,15,N/A,0;;
2026-08-03T17:46:12Z	card0,99,17,16,N/A,0;;
2026-08-03T17:46:13Z	card0,99,17,15,N/A,0;;
2026-08-03T17:46:14Z	card0,99,17,17,N/A,0;;
2026-08-03T17:46:15Z	card0,100,17,3,N/A,0;;
2026-08-03T17:46:16Z	card0,99,17,6,N/A,0;;
2026-08-03T17:46:17Z	card0,99,17,2,N/A,0;;
2026-08-03T17:46:19Z	card0,99,17,59,N/A,0;;
2026-08-03T17:46:20Z	card0,99,17,11,N/A,0;;
2026-08-03T17:46:21Z	card0,99,17,1,N/A,0;;
2026-08-03T17:46:22Z	card0,99,17,15,N/A,0;;
2026-08-03T17:46:23Z	card0,99,17,73,N/A,0;;
2026-08-03T17:46:24Z	card0,100,17,16,N/A,0;;
2026-08-03T17:46:25Z	card0,99,17,15,N/A,0;;
2026-08-03T17:46:26Z	card0,99,17,16,N/A,0;;
2026-08-03T17:46:28Z	card0,100,17,15,N/A,0;;
2026-08-03T17:46:29Z	card0,99,17,13,N/A,0;;
2026-08-03T17:46:30Z	card0,99,17,17,N/A,0;;
2026-08-03T17:46:31Z	card0,100,17,2,N/A,0;;
2026-08-03T17:46:32Z	card0,99,17,16,N/A,0;;
2026-08-03T17:46:33Z	card0,100,17,15,N/A,0;;
2026-08-03T17:46:34Z	card0,99,17,15,N/A,0;;
2026-08-03T17:46:36Z	card0,99,17,16,N/A,0;;
2026-08-03T17:46:37Z	card0,99,17,16,N/A,0;;
2026-08-03T17:46:38Z	card0,99,17,11,N/A,0;;
2026-08-03T17:46:39Z	card0,99,17,2,N/A,0;;
2026-08-03T17:46:40Z	card0,99,17,41,N/A,0;;
2026-08-03T17:46:41Z	card0,99,17,15,N/A,0;;
2026-08-03T17:46:42Z	card0,99,17,16,N/A,0;;
2026-08-03T17:46:43Z	card0,99,17,15,N/A,0;;
2026-08-03T17:46:45Z	card0,99,17,17,N/A,0;;
2026-08-03T17:46:46Z	card0,99,17,15,N/A,0;;
2026-08-03T17:46:47Z	card0,100,17,15,N/A,0;;
2026-08-03T17:46:48Z	card0,99,17,16,N/A,0;;
2026-08-03T17:46:49Z	card0,100,17,23,N/A,0;;
2026-08-03T17:46:50Z	card0,99,17,8,N/A,0;;
2026-08-03T17:46:51Z	card0,100,17,15,N/A,0;;
2026-08-03T17:46:53Z	card0,99,17,2,N/A,0;;
2026-08-03T17:46:54Z	card0,99,17,9,N/A,0;;
2026-08-03T17:46:55Z	card0,99,17,16,N/A,0;;
2026-08-03T17:46:56Z	card0,99,17,20,N/A,0;;
2026-08-03T17:46:57Z	card0,99,17,17,N/A,0;;
2026-08-03T17:46:58Z	card0,99,17,5,N/A,0;;
2026-08-03T17:46:59Z	card0,99,17,29,N/A,0;;
2026-08-03T17:47:00Z	card0,99,17,52,N/A,0;;
2026-08-03T17:47:02Z	card0,99,17,1,N/A,0;;
2026-08-03T17:47:03Z	card0,90,17,14,N/A,0;;
2026-08-03T17:47:04Z	card0,99,17,11,N/A,0;;
2026-08-03T17:47:05Z	card0,100,17,2,N/A,0;;
2026-08-03T17:47:06Z	card0,100,17,1,N/A,0;;
2026-08-03T17:47:07Z	card0,99,17,13,N/A,0;;
2026-08-03T17:47:08Z	card0,100,17,19,N/A,0;;
2026-08-03T17:47:09Z	card0,99,17,11,N/A,0;;
2026-08-03T17:47:11Z	card0,99,17,17,N/A,0;;
2026-08-03T17:47:12Z	card0,100,17,15,N/A,0;;
2026-08-03T17:47:13Z	card0,99,17,20,N/A,0;;
2026-08-03T17:47:14Z	card0,100,17,2,N/A,0;;
2026-08-03T17:47:15Z	card0,100,17,7,N/A,0;;
2026-08-03T17:47:16Z	card0,99,17,17,N/A,0;;
2026-08-03T17:47:17Z	card0,100,17,15,N/A,0;;
2026-08-03T17:47:19Z	card0,100,17,1,N/A,0;;
2026-08-03T17:47:20Z	card0,99,17,17,N/A,0;;
2026-08-03T17:47:21Z	card0,100,17,15,N/A,0;;
2026-08-03T17:47:22Z	card0,99,17,16,N/A,0;;
2026-08-03T17:47:23Z	card0,100,17,2,N/A,0;;
2026-08-03T17:47:24Z	card0,99,17,34,N/A,0;;
2026-08-03T17:47:25Z	card0,99,17,15,N/A,0;;
2026-08-03T17:47:26Z	card0,100,17,2,N/A,0;;
2026-08-03T17:47:28Z	card0,100,17,2,N/A,0;;
2026-08-03T17:47:29Z	card0,100,17,8,N/A,0;;
2026-08-03T17:47:30Z	card0,100,17,23,N/A,0;;
2026-08-03T17:47:31Z	card0,100,17,2,N/A,0;;
2026-08-03T17:47:32Z	card0,99,17,40,N/A,0;;
2026-08-03T17:47:33Z	card0,100,17,67,N/A,0;;
2026-08-03T17:47:34Z	card0,99,17,82,N/A,0;;
2026-08-03T17:47:36Z	card0,99,17,16,N/A,0;;
2026-08-03T17:47:37Z	card0,99,17,15,N/A,0;;
2026-08-03T17:47:38Z	card0,99,17,87,N/A,0;;
2026-08-03T17:47:39Z	card0,99,17,2,N/A,0;;
2026-08-03T17:47:40Z	card0,99,17,15,N/A,0;;
2026-08-03T17:47:41Z	card0,99,17,24,N/A,0;;
2026-08-03T17:47:42Z	card0,99,17,15,N/A,0;;
2026-08-03T17:47:43Z	card0,99,17,9,N/A,0;;
2026-08-03T17:47:45Z	card0,99,17,2,N/A,0;;
2026-08-03T17:47:46Z	card0,99,17,15,N/A,0;;
2026-08-03T17:47:47Z	card0,99,17,12,N/A,0;;
2026-08-03T17:47:48Z	card0,99,17,15,N/A,0;;
2026-08-03T17:47:49Z	card0,99,17,16,N/A,0;;
2026-08-03T17:47:50Z	card0,99,17,17,N/A,0;;
2026-08-03T17:47:51Z	card0,99,17,65,N/A,0;;
2026-08-03T17:47:52Z	card0,99,17,15,N/A,0;;
2026-08-03T17:47:54Z	card0,99,17,17,N/A,0;;
2026-08-03T17:47:55Z	card0,99,17,50,N/A,0;;
2026-08-03T17:47:56Z	card0,99,17,16,N/A,0;;
2026-08-03T17:47:57Z	card0,99,17,16,N/A,0;;
2026-08-03T17:47:58Z	card0,100,17,15,N/A,0;;
2026-08-03T17:47:59Z	card0,99,17,10,N/A,0;;
2026-08-03T17:48:00Z	card0,99,17,15,N/A,0;;
2026-08-03T17:48:02Z	card0,99,17,2,N/A,0;;
2026-08-03T17:48:03Z	card0,99,17,68,N/A,0;;
2026-08-03T17:48:04Z	card0,100,17,15,N/A,0;;
2026-08-03T17:48:05Z	card0,99,17,16,N/A,0;;
2026-08-03T17:48:06Z	card0,99,17,1,N/A,0;;
2026-08-03T17:48:07Z	card0,99,17,15,N/A,0;;
2026-08-03T17:48:08Z	card0,99,17,7,N/A,0;;
2026-08-03T17:48:09Z	card0,99,17,16,N/A,0;;
2026-08-03T17:48:11Z	card0,100,17,2,N/A,0;;
2026-08-03T17:48:12Z	card0,99,17,13,N/A,0;;
2026-08-03T17:48:13Z	card0,100,17,15,N/A,0;;
2026-08-03T17:48:14Z	card0,100,17,3,N/A,0;;
2026-08-03T17:48:15Z	card0,99,17,17,N/A,0;;
2026-08-03T17:48:16Z	card0,99,17,15,N/A,0;;
2026-08-03T17:48:17Z	card0,99,17,16,N/A,0;;
2026-08-03T17:48:18Z	card0,99,17,16,N/A,0;;
2026-08-03T17:48:20Z	card0,100,17,15,N/A,0;;
2026-08-03T17:48:21Z	card0,99,17,4,N/A,0;;
2026-08-03T17:48:22Z	card0,100,17,22,N/A,0;;
2026-08-03T17:48:23Z	card0,99,17,15,N/A,0;;
2026-08-03T17:48:24Z	card0,99,17,5,N/A,0;;
2026-08-03T17:48:25Z	card0,99,17,3,N/A,0;;
2026-08-03T17:48:26Z	card0,99,17,7,N/A,0;;
2026-08-03T17:48:28Z	card0,99,17,2,N/A,0;;
2026-08-03T17:48:29Z	card0,100,17,15,N/A,0;;
2026-08-03T17:48:30Z	card0,99,17,17,N/A,0;;
2026-08-03T17:48:31Z	card0,100,17,15,N/A,0;;
2026-08-03T17:48:32Z	card0,100,17,15,N/A,0;;
2026-08-03T17:48:33Z	card0,99,17,55,N/A,0;;
2026-08-03T17:48:34Z	card0,100,17,15,N/A,0;;
2026-08-03T17:48:35Z	card0,99,17,65,N/A,0;;
2026-08-03T17:48:37Z	card0,100,17,4,N/A,0;;
2026-08-03T17:48:38Z	card0,100,17,65,N/A,0;;
2026-08-03T17:48:39Z	card0,99,17,3,N/A,0;;
2026-08-03T17:48:40Z	card0,99,17,22,N/A,0;;
2026-08-03T17:48:41Z	card0,100,17,15,N/A,0;;
2026-08-03T17:48:42Z	card0,99,17,7,N/A,0;;
2026-08-03T17:48:43Z	card0,100,17,11,N/A,0;;
2026-08-03T17:48:44Z	card0,100,17,2,N/A,0;;
2026-08-03T17:48:46Z	card0,99,17,17,N/A,0;;
2026-08-03T17:48:47Z	card0,100,17,1,N/A,0;;
2026-08-03T17:48:48Z	card0,99,17,48,N/A,0;;
2026-08-03T17:48:49Z	card0,100,17,3,N/A,0;;
2026-08-03T17:48:50Z	card0,100,17,2,N/A,0;;
2026-08-03T17:48:51Z	card0,99,17,15,N/A,0;;
2026-08-03T17:48:52Z	card0,100,17,2,N/A,0;;
2026-08-03T17:48:54Z	card0,99,17,15,N/A,0;;
2026-08-03T17:48:55Z	card0,99,17,2,N/A,0;;
2026-08-03T17:48:56Z	card0,100,17,15,N/A,0;;
2026-08-03T17:48:57Z	card0,99,17,50,N/A,0;;
2026-08-03T17:48:58Z	card0,99,17,2,N/A,0;;
2026-08-03T17:48:59Z	card0,99,17,15,N/A,0;;
2026-08-03T17:49:00Z	card0,99,17,17,N/A,0;;
2026-08-03T17:49:01Z	card0,99,17,2,N/A,0;;
2026-08-03T17:49:03Z	card0,99,17,15,N/A,0;;
2026-08-03T17:49:04Z	card0,99,17,16,N/A,0;;
2026-08-03T17:49:05Z	card0,99,17,16,N/A,0;;
2026-08-03T17:49:06Z	card0,90,17,18,N/A,0;;
2026-08-03T17:49:07Z	card0,99,17,15,N/A,0;;
2026-08-03T17:49:08Z	card0,99,17,50,N/A,0;;
2026-08-03T17:49:09Z	card0,99,17,5,N/A,0;;
2026-08-03T17:49:11Z	card0,99,17,78,N/A,0;;
2026-08-03T17:49:12Z	card0,99,17,2,N/A,0;;
2026-08-03T17:49:13Z	card0,99,17,2,N/A,0;;
2026-08-03T17:49:14Z	card0,99,17,16,N/A,0;;
2026-08-03T17:49:15Z	card0,99,17,1,N/A,0;;
2026-08-03T17:49:16Z	card0,99,17,2,N/A,0;;
2026-08-03T17:49:17Z	card0,99,17,16,N/A,0;;
2026-08-03T17:49:18Z	card0,100,17,16,N/A,0;;
2026-08-03T17:49:20Z	card0,99,17,13,N/A,0;;
2026-08-03T17:49:21Z	card0,99,17,16,N/A,0;;
2026-08-03T17:49:22Z	card0,99,17,8,N/A,0;;
2026-08-03T17:49:23Z	card0,99,17,15,N/A,0;;
2026-08-03T17:49:24Z	card0,99,17,22,N/A,0;;
2026-08-03T17:49:25Z	card0,99,17,2,N/A,0;;
2026-08-03T17:49:26Z	card0,98,17,13,N/A,0;;
2026-08-03T17:49:27Z	card0,99,17,16,N/A,0;;
2026-08-03T17:49:29Z	card0,99,17,15,N/A,0;;
2026-08-03T17:49:30Z	card0,99,17,15,N/A,0;;
2026-08-03T17:49:31Z	card0,99,17,16,N/A,0;;
2026-08-03T17:49:32Z	card0,99,17,6,N/A,0;;
2026-08-03T17:49:33Z	card0,99,17,17,N/A,0;;
2026-08-03T17:49:34Z	card0,99,17,8,N/A,0;;
2026-08-03T17:49:35Z	card0,99,17,15,N/A,0;;
2026-08-03T17:49:37Z	card0,99,17,32,N/A,0;;
2026-08-03T17:49:38Z	card0,99,17,2,N/A,0;;
2026-08-03T17:49:39Z	card0,99,17,16,N/A,0;;
2026-08-03T17:49:40Z	card0,99,17,16,N/A,0;;
2026-08-03T17:49:41Z	card0,99,17,15,N/A,0;;
2026-08-03T17:49:42Z	card0,99,17,7,N/A,0;;
2026-08-03T17:49:43Z	card0,99,17,2,N/A,0;;
2026-08-03T17:49:44Z	card0,99,17,15,N/A,0;;
2026-08-03T17:49:46Z	card0,99,17,17,N/A,0;;
2026-08-03T17:49:47Z	card0,99,17,20,N/A,0;;
2026-08-03T17:49:48Z	card0,99,17,15,N/A,0;;
2026-08-03T17:49:49Z	card0,99,17,37,N/A,0;;
2026-08-03T17:49:50Z	card0,99,17,13,N/A,0;;
2026-08-03T17:49:51Z	card0,99,17,16,N/A,0;;
2026-08-03T17:49:52Z	card0,100,17,15,N/A,0;;
2026-08-03T17:49:54Z	card0,100,17,3,N/A,0;;
2026-08-03T17:49:55Z	card0,99,17,66,N/A,0;;
2026-08-03T17:49:56Z	card0,100,17,16,N/A,0;;
2026-08-03T17:49:57Z	card0,99,17,35,N/A,0;;
2026-08-03T17:49:58Z	card0,100,17,48,N/A,0;;
2026-08-03T17:49:59Z	card0,100,17,15,N/A,0;;
2026-08-03T17:50:00Z	card0,99,17,9,N/A,0;;
2026-08-03T17:50:01Z	card0,90,17,2,N/A,0;;
2026-08-03T17:50:03Z	card0,99,17,2,N/A,0;;
2026-08-03T17:50:04Z	card0,100,17,15,N/A,0;;
2026-08-03T17:50:05Z	card0,99,17,73,N/A,0;;
2026-08-03T17:50:06Z	card0,100,17,4,N/A,0;;
2026-08-03T17:50:07Z	card0,99,17,1,N/A,0;;
2026-08-03T17:50:08Z	card0,99,17,16,N/A,0;;
2026-08-03T17:50:09Z	card0,100,17,2,N/A,0;;
2026-08-03T17:50:10Z	card0,99,17,15,N/A,0;;
2026-08-03T17:50:12Z	card0,100,17,16,N/A,0;;
2026-08-03T17:50:13Z	card0,100,17,15,N/A,0;;
2026-08-03T17:50:14Z	card0,100,17,15,N/A,0;;
2026-08-03T17:50:15Z	card0,99,17,2,N/A,0;;
2026-08-03T17:50:16Z	card0,99,17,10,N/A,0;;
2026-08-03T17:50:17Z	card0,99,17,16,N/A,0;;
2026-08-03T17:50:18Z	card0,99,17,15,N/A,0;;
2026-08-03T17:50:20Z	card0,99,17,2,N/A,0;;
2026-08-03T17:50:21Z	card0,99,17,15,N/A,0;;
2026-08-03T17:50:22Z	card0,99,17,17,N/A,0;;
2026-08-03T17:50:23Z	card0,99,17,15,N/A,0;;
2026-08-03T17:50:24Z	card0,98,17,14,N/A,0;;
2026-08-03T17:50:25Z	card0,99,17,11,N/A,0;;
2026-08-03T17:50:26Z	card0,99,17,15,N/A,0;;
2026-08-03T17:50:27Z	card0,99,17,17,N/A,0;;
2026-08-03T17:50:29Z	card0,99,17,2,N/A,0;;
2026-08-03T17:50:30Z	card0,99,17,63,N/A,0;;
2026-08-03T17:50:31Z	card0,100,17,2,N/A,0;;
2026-08-03T17:50:32Z	card0,100,17,15,N/A,0;;
2026-08-03T17:50:33Z	card0,99,17,16,N/A,0;;
2026-08-03T17:50:34Z	card0,99,17,16,N/A,0;;
2026-08-03T17:50:35Z	card0,99,17,2,N/A,0;;
2026-08-03T17:50:36Z	card0,99,17,17,N/A,0;;
2026-08-03T17:50:38Z	card0,100,17,15,N/A,0;;
2026-08-03T17:50:39Z	card0,100,17,15,N/A,0;;
2026-08-03T17:50:40Z	card0,99,17,78,N/A,0;;
2026-08-03T17:50:41Z	card0,100,17,15,N/A,0;;
2026-08-03T17:50:42Z	card0,99,17,16,N/A,0;;
2026-08-03T17:50:43Z	card0,99,17,2,N/A,0;;
2026-08-03T17:50:44Z	card0,100,17,11,N/A,0;;
2026-08-03T17:50:46Z	card0,99,17,1,N/A,0;;
2026-08-03T17:50:47Z	card0,100,17,2,N/A,0;;
2026-08-03T17:50:48Z	card0,100,17,14,N/A,0;;
2026-08-03T17:50:49Z	card0,99,17,17,N/A,0;;
2026-08-03T17:50:50Z	card0,99,17,11,N/A,0;;
2026-08-03T17:50:51Z	card0,99,17,2,N/A,0;;
2026-08-03T17:50:52Z	card0,99,17,16,N/A,0;;
2026-08-03T17:50:53Z	card0,100,17,25,N/A,0;;
2026-08-03T17:50:55Z	card0,99,17,16,N/A,0;;
2026-08-03T17:50:56Z	card0,100,17,16,N/A,0;;
2026-08-03T17:50:57Z	card0,100,17,15,N/A,0;;
2026-08-03T17:50:58Z	card0,99,17,15,N/A,0;;
2026-08-03T17:50:59Z	card0,100,17,2,N/A,0;;
2026-08-03T17:51:00Z	card0,99,17,15,N/A,0;;
2026-08-03T17:51:01Z	card0,99,17,17,N/A,0;;
2026-08-03T17:51:03Z	card0,99,17,15,N/A,0;;
2026-08-03T17:51:04Z	card0,99,17,2,N/A,0;;
2026-08-03T17:51:05Z	card0,98,17,69,N/A,0;;
2026-08-03T17:51:06Z	card0,99,17,16,N/A,0;;
2026-08-03T17:51:07Z	card0,99,17,14,N/A,0;;
2026-08-03T17:51:08Z	card0,99,17,16,N/A,0;;
2026-08-03T17:51:09Z	card0,99,17,9,N/A,0;;
2026-08-03T17:51:10Z	card0,99,17,15,N/A,0;;
2026-08-03T17:51:12Z	card0,99,17,20,N/A,0;;
2026-08-03T17:51:13Z	card0,99,17,15,N/A,0;;
2026-08-03T17:51:14Z	card0,99,17,16,N/A,0;;
2026-08-03T17:51:15Z	card0,100,17,16,N/A,0;;
2026-08-03T17:51:16Z	card0,100,17,16,N/A,0;;
2026-08-03T17:51:17Z	card0,99,17,68,N/A,0;;
2026-08-03T17:51:18Z	card0,99,17,2,N/A,0;;
2026-08-03T17:51:19Z	card0,99,17,15,N/A,0;;
2026-08-03T17:51:21Z	card0,99,17,4,N/A,0;;
2026-08-03T17:51:22Z	card0,99,17,15,N/A,0;;
2026-08-03T17:51:23Z	card0,100,17,7,N/A,0;;
2026-08-03T17:51:24Z	card0,99,17,17,N/A,0;;
2026-08-03T17:51:25Z	card0,99,17,14,N/A,0;;
2026-08-03T17:51:26Z	card0,99,17,1,N/A,0;;
2026-08-03T17:51:27Z	card0,99,17,17,N/A,0;;
2026-08-03T17:51:29Z	card0,99,17,16,N/A,0;;
2026-08-03T17:51:30Z	card0,99,17,2,N/A,0;;
2026-08-03T17:51:31Z	card0,99,17,15,N/A,0;;
2026-08-03T17:51:32Z	card0,99,17,2,N/A,0;;
2026-08-03T17:51:33Z	card0,99,17,15,N/A,0;;
2026-08-03T17:51:34Z	card0,99,17,17,N/A,0;;
2026-08-03T17:51:35Z	card0,99,17,15,N/A,0;;
2026-08-03T17:51:36Z	card0,99,17,14,N/A,0;;
2026-08-03T17:51:38Z	card0,99,17,4,N/A,0;;
2026-08-03T17:51:39Z	card0,99,17,15,N/A,0;;
2026-08-03T17:51:40Z	card0,99,17,70,N/A,0;;
2026-08-03T17:51:41Z	card0,100,17,2,N/A,0;;
2026-08-03T17:51:42Z	card0,99,17,3,N/A,0;;
2026-08-03T17:51:43Z	card0,99,17,15,N/A,0;;
2026-08-03T17:51:44Z	card0,99,17,16,N/A,0;;
2026-08-03T17:51:45Z	card0,99,17,37,N/A,0;;
2026-08-03T17:51:47Z	card0,100,17,16,N/A,0;;
2026-08-03T17:51:48Z	card0,100,17,12,N/A,0;;
2026-08-03T17:51:49Z	card0,100,17,15,N/A,0;;
2026-08-03T17:51:50Z	card0,99,17,17,N/A,0;;
2026-08-03T17:51:51Z	card0,99,17,15,N/A,0;;
2026-08-03T17:51:52Z	card0,99,17,11,N/A,0;;
2026-08-03T17:51:53Z	card0,99,17,2,N/A,0;;
2026-08-03T17:51:55Z	card0,100,17,16,N/A,0;;
2026-08-03T17:51:56Z	card0,99,17,16,N/A,0;;
2026-08-03T17:51:57Z	card0,100,17,63,N/A,0;;
2026-08-03T17:51:58Z	card0,99,17,15,N/A,0;;
2026-08-03T17:51:59Z	card0,100,17,10,N/A,0;;
2026-08-03T17:52:00Z	card0,99,17,15,N/A,0;;
2026-08-03T17:52:01Z	card0,100,17,14,N/A,0;;
2026-08-03T17:52:02Z	card0,99,17,16,N/A,0;;
2026-08-03T17:52:04Z	card0,100,17,2,N/A,0;;
2026-08-03T17:52:05Z	card0,99,17,16,N/A,0;;
2026-08-03T17:52:06Z	card0,100,17,3,N/A,0;;
2026-08-03T17:52:07Z	card0,100,17,4,N/A,0;;
2026-08-03T17:52:08Z	card0,99,17,16,N/A,0;;
2026-08-03T17:52:09Z	card0,99,17,20,N/A,0;;
2026-08-03T17:52:10Z	card0,99,17,15,N/A,0;;
2026-08-03T17:52:11Z	card0,100,17,2,N/A,0;;
2026-08-03T17:52:13Z	card0,99,17,12,N/A,0;;
2026-08-03T17:52:14Z	card0,100,17,78,N/A,0;;
2026-08-03T17:52:15Z	card0,99,17,16,N/A,0;;
2026-08-03T17:52:16Z	card0,100,17,15,N/A,0;;
2026-08-03T17:52:17Z	card0,99,17,16,N/A,0;;
2026-08-03T17:52:18Z	card0,100,17,2,N/A,0;;
2026-08-03T17:52:19Z	card0,100,17,15,N/A,0;;
2026-08-03T17:52:21Z	card0,99,17,32,N/A,0;;
2026-08-03T17:52:22Z	card0,100,17,16,N/A,0;;
2026-08-03T17:52:23Z	card0,99,17,16,N/A,0;;
2026-08-03T17:52:24Z	card0,100,17,3,N/A,0;;
2026-08-03T17:52:25Z	card0,99,17,15,N/A,0;;
2026-08-03T17:52:26Z	card0,99,17,3,N/A,0;;
2026-08-03T17:52:27Z	card0,99,17,1,N/A,0;;
2026-08-03T17:52:28Z	card0,100,17,2,N/A,0;;
2026-08-03T17:52:30Z	card0,99,17,16,N/A,0;;
2026-08-03T17:52:31Z	card0,100,17,15,N/A,0;;
2026-08-03T17:52:32Z	card0,100,17,2,N/A,0;;
2026-08-03T17:52:33Z	card0,99,17,16,N/A,0;;
2026-08-03T17:52:34Z	card0,99,17,20,N/A,0;;
2026-08-03T17:52:35Z	card0,99,17,15,N/A,0;;
2026-08-03T17:52:36Z	card0,99,17,2,N/A,0;;
2026-08-03T17:52:38Z	card0,99,17,5,N/A,0;;
2026-08-03T17:52:39Z	card0,99,17,11,N/A,0;;
2026-08-03T17:52:40Z	card0,99,17,17,N/A,0;;
2026-08-03T17:52:41Z	card0,99,17,15,N/A,0;;
2026-08-03T17:52:42Z	card0,99,17,16,N/A,0;;
2026-08-03T17:52:43Z	card0,99,17,15,N/A,0;;
2026-08-03T17:52:44Z	card0,100,17,15,N/A,0;;
2026-08-03T17:52:45Z	card0,99,17,61,N/A,0;;
2026-08-03T17:52:47Z	card0,100,17,1,N/A,0;;
2026-08-03T17:52:48Z	card0,99,17,12,N/A,0;;
2026-08-03T17:52:49Z	card0,100,17,72,N/A,0;;
2026-08-03T17:52:50Z	card0,100,17,4,N/A,0;;
2026-08-03T17:52:51Z	card0,100,17,71,N/A,0;;
2026-08-03T17:52:52Z	card0,99,17,16,N/A,0;;
2026-08-03T17:52:53Z	card0,99,17,2,N/A,0;;
2026-08-03T17:52:54Z	card0,99,17,17,N/A,0;;
2026-08-03T17:52:56Z	card0,100,17,4,N/A,0;;
2026-08-03T17:52:57Z	card0,100,17,4,N/A,0;;
2026-08-03T17:52:58Z	card0,99,17,12,N/A,0;;
2026-08-03T17:52:59Z	card0,100,17,16,N/A,0;;
2026-08-03T17:53:00Z	card0,99,17,15,N/A,0;;
2026-08-03T17:53:01Z	card0,99,17,46,N/A,0;;
2026-08-03T17:53:02Z	card0,99,17,4,N/A,0;;
2026-08-03T17:53:04Z	card0,99,17,10,N/A,0;;
2026-08-03T17:53:05Z	card0,99,17,17,N/A,0;;
2026-08-03T17:53:06Z	card0,99,17,15,N/A,0;;
2026-08-03T17:53:07Z	card0,99,17,17,N/A,0;;
2026-08-03T17:53:08Z	card0,99,17,15,N/A,0;;
2026-08-03T17:53:09Z	card0,99,17,2,N/A,0;;
2026-08-03T17:53:10Z	card0,99,17,16,N/A,0;;
2026-08-03T17:53:11Z	card0,99,17,2,N/A,0;;
2026-08-03T17:53:13Z	card0,99,17,11,N/A,0;;
2026-08-03T17:53:14Z	card0,99,17,17,N/A,0;;
2026-08-03T17:53:15Z	card0,99,17,15,N/A,0;;
2026-08-03T17:53:16Z	card0,99,17,15,N/A,0;;
2026-08-03T17:53:17Z	card0,99,17,17,N/A,0;;
2026-08-03T17:53:18Z	card0,99,17,15,N/A,0;;
2026-08-03T17:53:19Z	card0,90,17,2,N/A,0;;
2026-08-03T17:53:20Z	card0,99,17,10,N/A,0;;
2026-08-03T17:53:22Z	card0,100,17,16,N/A,0;;
2026-08-03T17:53:23Z	card0,100,17,15,N/A,0;;
2026-08-03T17:53:24Z	card0,99,17,1,N/A,0;;
2026-08-03T17:53:25Z	card0,99,17,16,N/A,0;;
2026-08-03T17:53:26Z	card0,99,17,2,N/A,0;;
2026-08-03T17:53:27Z	card0,99,17,16,N/A,0;;
2026-08-03T17:53:28Z	card0,99,17,15,N/A,0;;
2026-08-03T17:53:30Z	card0,100,17,2,N/A,0;;
2026-08-03T17:53:31Z	card0,99,17,29,N/A,0;;
2026-08-03T17:53:32Z	card0,99,17,29,N/A,0;;
2026-08-03T17:53:33Z	card0,99,17,15,N/A,0;;
2026-08-03T17:53:34Z	card0,99,17,16,N/A,0;;
2026-08-03T17:53:35Z	card0,99,17,12,N/A,0;;
2026-08-03T17:53:36Z	card0,99,17,8,N/A,0;;
2026-08-03T17:53:37Z	card0,99,17,2,N/A,0;;
2026-08-03T17:53:39Z	card0,100,17,35,N/A,0;;
2026-08-03T17:53:40Z	card0,98,17,16,N/A,0;;
2026-08-03T17:53:41Z	card0,99,17,2,N/A,0;;
2026-08-03T17:53:42Z	card0,99,17,12,N/A,0;;
2026-08-03T17:53:43Z	card0,99,17,15,N/A,0;;
2026-08-03T17:53:44Z	card0,99,17,16,N/A,0;;
2026-08-03T17:53:45Z	card0,99,17,15,N/A,0;;
2026-08-03T17:53:46Z	card0,99,17,16,N/A,0;;
2026-08-03T17:53:48Z	card0,100,17,1,N/A,0;;
2026-08-03T17:53:49Z	card0,100,17,2,N/A,0;;
2026-08-03T17:53:50Z	card0,99,17,38,N/A,0;;
2026-08-03T17:53:51Z	card0,99,17,54,N/A,0;;
2026-08-03T17:53:52Z	card0,99,17,15,N/A,0;;
2026-08-03T17:53:53Z	card0,99,17,74,N/A,0;;
2026-08-03T17:53:54Z	card0,100,17,15,N/A,0;;
2026-08-03T17:53:56Z	card0,100,17,77,N/A,0;;
2026-08-03T17:53:57Z	card0,99,17,2,N/A,0;;
2026-08-03T17:53:58Z	card0,100,17,2,N/A,0;;
2026-08-03T17:53:59Z	card0,99,17,4,N/A,0;;
2026-08-03T17:54:00Z	card0,99,17,15,N/A,0;;
2026-08-03T17:54:01Z	card0,100,17,15,N/A,0;;
2026-08-03T17:54:02Z	card0,99,17,35,N/A,0;;
2026-08-03T17:54:03Z	card0,100,17,16,N/A,0;;
2026-08-03T17:54:05Z	card0,99,17,13,N/A,0;;
2026-08-03T17:54:06Z	card0,100,17,16,N/A,0;;
2026-08-03T17:54:07Z	card0,100,17,15,N/A,0;;
2026-08-03T17:54:08Z	card0,99,17,16,N/A,0;;
2026-08-03T17:54:09Z	card0,99,17,16,N/A,0;;
2026-08-03T17:54:10Z	card0,100,17,2,N/A,0;;
2026-08-03T17:54:11Z	card0,99,17,16,N/A,0;;
2026-08-03T17:54:13Z	card0,100,17,15,N/A,0;;
2026-08-03T17:54:14Z	card0,100,17,2,N/A,0;;
2026-08-03T17:54:15Z	card0,99,17,15,N/A,0;;
2026-08-03T17:54:16Z	card0,100,17,2,N/A,0;;
2026-08-03T17:54:17Z	card0,99,17,15,N/A,0;;
2026-08-03T17:54:18Z	card0,100,17,49,N/A,0;;
2026-08-03T17:54:19Z	card0,99,17,20,N/A,0;;
2026-08-03T17:54:20Z	card0,99,17,15,N/A,0;;
2026-08-03T17:54:22Z	card0,99,17,2,N/A,0;;
2026-08-03T17:54:23Z	card0,100,17,2,N/A,0;;
2026-08-03T17:54:24Z	card0,99,17,16,N/A,0;;
2026-08-03T17:54:25Z	card0,99,17,16,N/A,0;;
2026-08-03T17:54:26Z	card0,100,17,16,N/A,0;;
2026-08-03T17:54:27Z	card0,99,17,15,N/A,0;;
2026-08-03T17:54:28Z	card0,100,17,2,N/A,0;;
2026-08-03T17:54:29Z	card0,100,17,4,N/A,0;;
2026-08-03T17:54:31Z	card0,99,17,3,N/A,0;;
2026-08-03T17:54:32Z	card0,100,17,1,N/A,0;;
2026-08-03T17:54:33Z	card0,100,17,15,N/A,0;;
2026-08-03T17:54:34Z	card0,99,17,16,N/A,0;;
2026-08-03T17:54:35Z	card0,99,17,2,N/A,0;;
2026-08-03T17:54:36Z	card0,99,17,16,N/A,0;;
2026-08-03T17:54:37Z	card0,100,17,3,N/A,0;;
2026-08-03T17:54:39Z	card0,100,17,15,N/A,0;;
2026-08-03T17:54:40Z	card0,96,17,2,N/A,0;;
2026-08-03T17:54:41Z	card0,99,17,84,N/A,0;;
2026-08-03T17:54:42Z	card0,98,17,3,N/A,0;;
2026-08-03T17:54:43Z	card0,99,17,32,N/A,0;;
2026-08-03T17:54:44Z	card0,100,17,17,N/A,0;;
2026-08-03T17:54:45Z	card0,71,17,9,N/A,0;;
2026-08-03T17:54:46Z	card0,75,17,63,N/A,0;;
2026-08-03T17:54:48Z	card0,99,17,4,N/A,0;;
2026-08-03T17:54:49Z	card0,99,17,15,N/A,0;;
2026-08-03T17:54:50Z	card0,99,17,2,N/A,0;;
2026-08-03T17:54:51Z	card0,99,17,2,N/A,0;;
2026-08-03T17:54:52Z	card0,99,17,16,N/A,0;;
2026-08-03T17:54:53Z	card0,99,17,4,N/A,0;;
2026-08-03T17:54:54Z	card0,100,17,34,N/A,0;;
2026-08-03T17:54:55Z	card0,99,17,2,N/A,0;;
2026-08-03T17:54:57Z	card0,100,17,16,N/A,0;;
2026-08-03T17:54:58Z	card0,96,17,2,N/A,0;;
2026-08-03T17:54:59Z	card0,99,17,76,N/A,0;;
2026-08-03T17:55:00Z	card0,100,17,2,N/A,0;;
2026-08-03T17:55:01Z	card0,100,17,85,N/A,0;;
2026-08-03T17:55:02Z	card0,99,17,15,N/A,0;;
2026-08-03T17:55:03Z	card0,98,17,2,N/A,0;;
2026-08-03T17:55:05Z	card0,100,17,15,N/A,0;;
2026-08-03T17:55:06Z	card0,99,17,10,N/A,0;;
2026-08-03T17:55:07Z	card0,100,17,15,N/A,0;;
2026-08-03T17:55:08Z	card0,99,17,1,N/A,0;;
2026-08-03T17:55:09Z	card0,99,17,15,N/A,0;;
2026-08-03T17:55:10Z	card0,100,17,2,N/A,0;;
2026-08-03T17:55:11Z	card0,99,17,12,N/A,0;;
2026-08-03T17:55:12Z	card0,99,17,5,N/A,0;;
2026-08-03T17:55:14Z	card0,100,17,15,N/A,0;;
2026-08-03T17:55:15Z	card0,99,17,15,N/A,0;;
2026-08-03T17:55:16Z	card0,99,17,19,N/A,0;;
2026-08-03T17:55:17Z	card0,99,17,2,N/A,0;;
2026-08-03T17:55:18Z	card0,99,17,84,N/A,0;;
2026-08-03T17:55:19Z	card0,99,17,16,N/A,0;;
2026-08-03T17:55:20Z	card0,99,17,1,N/A,0;;
2026-08-03T17:55:21Z	card0,99,17,15,N/A,0;;
2026-08-03T17:55:23Z	card0,99,17,16,N/A,0;;
2026-08-03T17:55:24Z	card0,99,17,15,N/A,0;;
2026-08-03T17:55:25Z	card0,99,17,5,N/A,0;;
2026-08-03T17:55:26Z	card0,99,17,15,N/A,0;;
2026-08-03T17:55:27Z	card0,99,17,4,N/A,0;;
2026-08-03T17:55:28Z	card0,99,17,2,N/A,0;;
2026-08-03T17:55:29Z	card0,100,17,2,N/A,0;;
2026-08-03T17:55:31Z	card0,99,17,16,N/A,0;;
2026-08-03T17:55:32Z	card0,99,17,2,N/A,0;;
2026-08-03T17:55:33Z	card0,99,17,4,N/A,0;;
2026-08-03T17:55:34Z	card0,99,17,16,N/A,0;;
2026-08-03T17:55:35Z	card0,100,17,1,N/A,0;;
2026-08-03T17:55:36Z	card0,99,17,20,N/A,0;;
2026-08-03T17:55:37Z	card0,100,17,4,N/A,0;;
2026-08-03T17:55:38Z	card0,100,17,7,N/A,0;;
2026-08-03T17:55:40Z	card0,99,17,5,N/A,0;;
2026-08-03T17:55:41Z	card0,99,17,17,N/A,0;;
2026-08-03T17:55:42Z	card0,99,17,1,N/A,0;;
2026-08-03T17:55:43Z	card0,99,17,16,N/A,0;;
2026-08-03T17:55:44Z	card0,99,17,16,N/A,0;;
2026-08-03T17:55:45Z	card0,100,17,15,N/A,0;;
2026-08-03T17:55:46Z	card0,99,17,15,N/A,0;;
2026-08-03T17:55:48Z	card0,99,17,16,N/A,0;;
2026-08-03T17:55:49Z	card0,99,17,10,N/A,0;;
2026-08-03T17:55:50Z	card0,99,17,48,N/A,0;;
2026-08-03T17:55:51Z	card0,99,17,15,N/A,0;;
2026-08-03T17:55:52Z	card0,99,17,15,N/A,0;;
2026-08-03T17:55:53Z	card0,99,17,14,N/A,0;;
2026-08-03T17:55:54Z	card0,99,17,2,N/A,0;;
2026-08-03T17:55:55Z	card0,99,17,43,N/A,0;;
2026-08-03T17:55:57Z	card0,99,17,16,N/A,0;;
2026-08-03T17:55:58Z	card0,99,17,15,N/A,0;;
2026-08-03T17:55:59Z	card0,99,17,15,N/A,0;;
2026-08-03T17:56:00Z	card0,100,17,2,N/A,0;;
2026-08-03T17:56:01Z	card0,100,17,15,N/A,0;;
2026-08-03T17:56:02Z	card0,99,17,17,N/A,0;;
2026-08-03T17:56:03Z	card0,100,17,7,N/A,0;;
2026-08-03T17:56:04Z	card0,99,17,15,N/A,0;;
2026-08-03T17:56:06Z	card0,99,17,60,N/A,0;;
2026-08-03T17:56:07Z	card0,99,17,15,N/A,0;;
2026-08-03T17:56:08Z	card0,99,17,16,N/A,0;;
2026-08-03T17:56:09Z	card0,100,17,16,N/A,0;;
2026-08-03T17:56:10Z	card0,100,17,15,N/A,0;;
2026-08-03T17:56:11Z	card0,99,17,50,N/A,0;;
2026-08-03T17:56:12Z	card0,100,17,2,N/A,0;;
2026-08-03T17:56:14Z	card0,100,17,15,N/A,0;;
2026-08-03T17:56:15Z	card0,99,17,3,N/A,0;;
2026-08-03T17:56:16Z	card0,100,17,8,N/A,0;;
2026-08-03T17:56:17Z	card0,99,17,4,N/A,0;;
2026-08-03T17:56:18Z	card0,96,17,5,N/A,0;;
2026-08-03T17:56:19Z	card0,99,17,16,N/A,0;;
2026-08-03T17:56:20Z	card0,98,17,2,N/A,0;;
2026-08-03T17:56:21Z	card0,99,17,7,N/A,0;;
2026-08-03T17:56:23Z	card0,99,17,11,N/A,0;;
2026-08-03T17:56:24Z	card0,99,17,15,N/A,0;;
2026-08-03T17:56:25Z	card0,99,17,17,N/A,0;;
2026-08-03T17:56:26Z	card0,99,17,3,N/A,0;;
2026-08-03T17:56:27Z	card0,99,17,16,N/A,0;;
2026-08-03T17:56:28Z	card0,100,17,2,N/A,0;;
2026-08-03T17:56:29Z	card0,99,17,5,N/A,0;;
2026-08-03T17:56:30Z	card0,99,17,35,N/A,0;;
2026-08-03T17:56:32Z	card0,99,17,2,N/A,0;;
2026-08-03T17:56:33Z	card0,99,17,6,N/A,0;;
2026-08-03T17:56:34Z	card0,99,17,17,N/A,0;;
2026-08-03T17:56:35Z	card0,99,17,15,N/A,0;;
2026-08-03T17:56:36Z	card0,99,17,16,N/A,0;;
2026-08-03T17:56:37Z	card0,99,17,16,N/A,0;;
2026-08-03T17:56:38Z	card0,99,17,2,N/A,0;;
2026-08-03T17:56:40Z	card0,99,17,16,N/A,0;;
2026-08-03T17:56:41Z	card0,99,17,2,N/A,0;;
2026-08-03T17:56:42Z	card0,99,17,15,N/A,0;;
2026-08-03T17:56:43Z	card0,99,17,15,N/A,0;;
2026-08-03T17:56:44Z	card0,99,17,16,N/A,0;;
2026-08-03T17:56:45Z	card0,99,17,2,N/A,0;;
2026-08-03T17:56:46Z	card0,99,17,16,N/A,0;;
2026-08-03T17:56:47Z	card0,99,17,15,N/A,0;;
2026-08-03T17:56:49Z	card0,99,17,4,N/A,0;;
2026-08-03T17:56:50Z	card0,99,17,9,N/A,0;;
2026-08-03T17:56:51Z	card0,99,17,2,N/A,0;;
2026-08-03T17:56:52Z	card0,99,17,46,N/A,0;;
2026-08-03T17:56:53Z	card0,99,17,17,N/A,0;;
2026-08-03T17:56:54Z	card0,99,17,15,N/A,0;;
2026-08-03T17:56:55Z	card0,99,17,2,N/A,0;;
2026-08-03T17:56:56Z	card0,99,17,16,N/A,0;;
2026-08-03T17:56:58Z	card0,99,17,3,N/A,0;;
2026-08-03T17:56:59Z	card0,99,17,16,N/A,0;;
2026-08-03T17:57:00Z	card0,100,17,15,N/A,0;;
2026-08-03T17:57:01Z	card0,100,17,4,N/A,0;;
2026-08-03T17:57:02Z	card0,99,17,16,N/A,0;;
2026-08-03T17:57:03Z	card0,100,17,16,N/A,0;;
2026-08-03T17:57:04Z	card0,99,17,16,N/A,0;;
2026-08-03T17:57:06Z	card0,99,17,12,N/A,0;;
2026-08-03T17:57:07Z	card0,99,17,5,N/A,0;;
2026-08-03T17:57:08Z	card0,99,17,15,N/A,0;;
2026-08-03T17:57:09Z	card0,99,17,2,N/A,0;;
2026-08-03T17:57:10Z	card0,99,17,2,N/A,0;;
2026-08-03T17:57:11Z	card0,99,17,16,N/A,0;;
2026-08-03T17:57:12Z	card0,100,17,15,N/A,0;;
2026-08-03T17:57:13Z	card0,99,17,15,N/A,0;;
2026-08-03T17:57:15Z	card0,99,17,15,N/A,0;;
2026-08-03T17:57:16Z	card0,100,17,2,N/A,0;;
2026-08-03T17:57:17Z	card0,99,17,11,N/A,0;;
2026-08-03T17:57:18Z	card0,100,17,17,N/A,0;;
2026-08-03T17:57:19Z	card0,100,17,9,N/A,0;;
2026-08-03T17:57:20Z	card0,99,17,14,N/A,0;;
2026-08-03T17:57:21Z	card0,99,17,2,N/A,0;;
2026-08-03T17:57:23Z	card0,100,17,2,N/A,0;;
2026-08-03T17:57:24Z	card0,99,17,15,N/A,0;;
2026-08-03T17:57:25Z	card0,99,17,15,N/A,0;;
2026-08-03T17:57:26Z	card0,100,17,15,N/A,0;;
2026-08-03T17:57:27Z	card0,99,17,15,N/A,0;;
2026-08-03T17:57:28Z	card0,99,17,16,N/A,0;;
2026-08-03T17:57:29Z	card0,99,17,56,N/A,0;;
2026-08-03T17:57:30Z	card0,99,17,17,N/A,0;;
2026-08-03T17:57:32Z	card0,99,17,15,N/A,0;;
2026-08-03T17:57:33Z	card0,99,17,10,N/A,0;;
2026-08-03T17:57:34Z	card0,99,17,2,N/A,0;;
2026-08-03T17:57:35Z	card0,100,17,15,N/A,0;;
2026-08-03T17:57:36Z	card0,99,17,14,N/A,0;;
2026-08-03T17:57:37Z	card0,100,17,3,N/A,0;;
2026-08-03T17:57:38Z	card0,99,17,2,N/A,0;;
2026-08-03T17:57:39Z	card0,99,17,16,N/A,0;;
2026-08-03T17:57:41Z	card0,99,17,5,N/A,0;;
2026-08-03T17:57:42Z	card0,99,17,22,N/A,0;;
2026-08-03T17:57:43Z	card0,99,17,44,N/A,0;;
2026-08-03T17:57:44Z	card0,99,17,66,N/A,0;;
2026-08-03T17:57:45Z	card0,99,17,15,N/A,0;;
2026-08-03T17:57:46Z	card0,99,17,80,N/A,0;;
2026-08-03T17:57:47Z	card0,90,17,14,N/A,0;;
2026-08-03T17:57:49Z	card0,99,17,2,N/A,0;;
2026-08-03T17:57:50Z	card0,99,17,13,N/A,0;;
2026-08-03T17:57:51Z	card0,99,17,17,N/A,0;;
2026-08-03T17:57:52Z	card0,100,17,3,N/A,0;;
2026-08-03T17:57:53Z	card0,99,17,4,N/A,0;;
2026-08-03T17:57:54Z	card0,99,17,17,N/A,0;;
2026-08-03T17:57:55Z	card0,99,17,15,N/A,0;;
2026-08-03T17:57:56Z	card0,99,17,16,N/A,0;;
2026-08-03T17:57:58Z	card0,99,17,16,N/A,0;;
2026-08-03T17:57:59Z	card0,99,17,15,N/A,0;;
2026-08-03T17:58:00Z	card0,99,17,15,N/A,0;;
2026-08-03T17:58:01Z	card0,100,17,16,N/A,0;;
2026-08-03T17:58:02Z	card0,99,17,13,N/A,0;;
2026-08-03T17:58:03Z	card0,91,17,14,N/A,0;;
2026-08-03T17:58:04Z	card0,100,17,17,N/A,0;;
2026-08-03T17:58:05Z	card0,99,17,29,N/A,0;;
2026-08-03T17:58:07Z	card0,99,17,15,N/A,0;;
2026-08-03T17:58:08Z	card0,99,17,1,N/A,0;;
2026-08-03T17:58:09Z	card0,99,17,15,N/A,0;;
2026-08-03T17:58:10Z	card0,99,17,16,N/A,0;;
2026-08-03T17:58:11Z	card0,99,17,4,N/A,0;;
2026-08-03T17:58:12Z	card0,99,17,43,N/A,0;;
2026-08-03T17:58:13Z	card0,99,17,3,N/A,0;;
2026-08-03T17:58:15Z	card0,99,17,1,N/A,0;;
2026-08-03T17:58:16Z	card0,99,17,2,N/A,0;;
2026-08-03T17:58:17Z	card0,99,17,33,N/A,0;;
2026-08-03T17:58:18Z	card0,99,17,2,N/A,0;;
2026-08-03T17:58:19Z	card0,99,17,16,N/A,0;;
2026-08-03T17:58:20Z	card0,99,17,19,N/A,0;;
2026-08-03T17:58:21Z	card0,100,17,37,N/A,0;;
2026-08-03T17:58:22Z	card0,99,17,15,N/A,0;;
2026-08-03T17:58:24Z	card0,99,17,16,N/A,0;;
2026-08-03T17:58:25Z	card0,100,17,4,N/A,0;;
2026-08-03T17:58:26Z	card0,99,17,3,N/A,0;;
2026-08-03T17:58:27Z	card0,99,17,2,N/A,0;;
2026-08-03T17:58:28Z	card0,100,17,15,N/A,0;;
2026-08-03T17:58:29Z	card0,99,17,25,N/A,0;;
2026-08-03T17:58:30Z	card0,100,17,10,N/A,0;;
2026-08-03T17:58:32Z	card0,99,17,2,N/A,0;;
2026-08-03T17:58:33Z	card0,99,17,14,N/A,0;;
2026-08-03T17:58:34Z	card0,100,17,2,N/A,0;;
2026-08-03T17:58:35Z	card0,99,17,17,N/A,0;;
2026-08-03T17:58:36Z	card0,100,17,16,N/A,0;;
2026-08-03T17:58:37Z	card0,100,17,2,N/A,0;;
2026-08-03T17:58:38Z	card0,99,17,15,N/A,0;;
2026-08-03T17:58:39Z	card0,99,17,2,N/A,0;;
2026-08-03T17:58:41Z	card0,99,17,15,N/A,0;;
2026-08-03T17:58:42Z	card0,100,17,17,N/A,0;;
2026-08-03T17:58:43Z	card0,100,17,29,N/A,0;;
2026-08-03T17:58:44Z	card0,100,17,15,N/A,0;;
2026-08-03T17:58:45Z	card0,99,17,2,N/A,0;;
2026-08-03T17:58:46Z	card0,100,17,2,N/A,0;;
2026-08-03T17:58:47Z	card0,99,17,15,N/A,0;;
2026-08-03T17:58:48Z	card0,99,17,15,N/A,0;;
2026-08-03T17:58:50Z	card0,99,17,15,N/A,0;;
2026-08-03T17:58:51Z	card0,99,17,16,N/A,0;;
2026-08-03T17:58:52Z	card0,99,17,16,N/A,0;;
2026-08-03T17:58:53Z	card0,99,17,16,N/A,0;;
2026-08-03T17:58:54Z	card0,100,17,17,N/A,0;;
2026-08-03T17:58:55Z	card0,99,17,15,N/A,0;;
2026-08-03T17:58:56Z	card0,100,17,15,N/A,0;;
2026-08-03T17:58:58Z	card0,99,17,16,N/A,0;;
2026-08-03T17:58:59Z	card0,99,17,15,N/A,0;;
2026-08-03T17:59:00Z	card0,99,17,13,N/A,0;;
2026-08-03T17:59:01Z	card0,99,17,15,N/A,0;;
2026-08-03T17:59:02Z	card0,100,17,2,N/A,0;;
2026-08-03T17:59:03Z	card0,99,17,79,N/A,0;;
2026-08-03T17:59:04Z	card0,100,17,15,N/A,0;;
2026-08-03T17:59:05Z	card0,99,17,16,N/A,0;;
2026-08-03T17:59:07Z	card0,99,17,2,N/A,0;;
2026-08-03T17:59:08Z	card0,99,17,63,N/A,0;;
2026-08-03T17:59:09Z	card0,99,17,15,N/A,0;;
2026-08-03T17:59:10Z	card0,99,17,16,N/A,0;;
2026-08-03T17:59:11Z	card0,91,17,14,N/A,0;;
2026-08-03T17:59:12Z	card0,96,17,2,N/A,0;;
2026-08-03T17:59:13Z	card0,98,17,22,N/A,0;;
2026-08-03T17:59:14Z	card0,99,17,16,N/A,0;;
2026-08-03T17:59:16Z	card0,97,17,15,N/A,0;;
2026-08-03T17:59:17Z	card0,97,17,15,N/A,0;;
2026-08-03T17:59:18Z	card0,97,17,15,N/A,0;;
2026-08-03T17:59:19Z	card0,99,17,16,N/A,0;;
2026-08-03T17:59:20Z	card0,99,17,2,N/A,0;;
2026-08-03T17:59:21Z	card0,99,17,14,N/A,0;;
2026-08-03T17:59:22Z	card0,99,17,15,N/A,0;;
2026-08-03T17:59:24Z	card0,98,17,5,N/A,0;;
2026-08-03T17:59:25Z	card0,87,17,11,N/A,0;;
2026-08-03T17:59:26Z	card0,99,17,15,N/A,0;;
2026-08-03T17:59:27Z	card0,98,17,1,N/A,0;;
2026-08-03T17:59:28Z	card0,99,17,16,N/A,0;;
2026-08-03T17:59:29Z	card0,99,17,6,N/A,0;;
2026-08-03T17:59:30Z	card0,99,17,17,N/A,0;;
2026-08-03T17:59:31Z	card0,96,17,0,N/A,0;;
2026-08-03T17:59:33Z	card0,94,17,14,N/A,0;;
2026-08-03T17:59:34Z	card0,99,17,15,N/A,0;;
2026-08-03T17:59:35Z	card0,90,17,58,N/A,0;;
2026-08-03T17:59:36Z	card0,99,17,15,N/A,0;;
2026-08-03T17:59:37Z	card0,99,17,13,N/A,0;;
2026-08-03T17:59:38Z	card0,99,17,2,N/A,0;;
2026-08-03T17:59:39Z	card0,98,17,16,N/A,0;;
2026-08-03T17:59:41Z	card0,99,17,15,N/A,0;;
2026-08-03T17:59:42Z	card0,99,17,2,N/A,0;;
2026-08-03T17:59:43Z	card0,99,17,15,N/A,0;;
2026-08-03T17:59:44Z	card0,98,17,15,N/A,0;;
2026-08-03T17:59:45Z	card0,99,17,15,N/A,0;;
2026-08-03T17:59:46Z	card0,99,17,14,N/A,0;;
2026-08-03T17:59:47Z	card0,99,17,12,N/A,0;;
2026-08-03T17:59:48Z	card0,100,17,2,N/A,0;;
2026-08-03T17:59:50Z	card0,99,17,16,N/A,0;;
2026-08-03T17:59:51Z	card0,99,17,15,N/A,0;;
2026-08-03T17:59:52Z	card0,99,17,64,N/A,0;;
2026-08-03T17:59:53Z	card0,100,17,4,N/A,0;;
2026-08-03T17:59:54Z	card0,99,17,2,N/A,0;;
2026-08-03T17:59:55Z	card0,99,17,15,N/A,0;;
2026-08-03T17:59:56Z	card0,100,17,2,N/A,0;;
2026-08-03T17:59:57Z	card0,99,17,15,N/A,0;;
2026-08-03T17:59:59Z	card0,99,17,27,N/A,0;;
2026-08-03T18:00:00Z	card0,99,17,15,N/A,0;;
2026-08-03T18:00:01Z	card0,99,17,2,N/A,0;;
2026-08-03T18:00:02Z	card0,99,17,1,N/A,0;;
2026-08-03T18:00:03Z	card0,99,17,15,N/A,0;;
2026-08-03T18:00:04Z	card0,90,17,14,N/A,0;;
2026-08-03T18:00:05Z	card0,99,17,15,N/A,0;;
2026-08-03T18:00:07Z	card0,99,17,4,N/A,0;;
2026-08-03T18:00:08Z	card0,99,17,23,N/A,0;;
2026-08-03T18:00:09Z	card0,99,17,2,N/A,0;;
2026-08-03T18:00:10Z	card0,90,17,14,N/A,0;;
2026-08-03T18:00:11Z	card0,99,17,3,N/A,0;;
2026-08-03T18:00:12Z	card0,99,17,46,N/A,0;;
2026-08-03T18:00:13Z	card0,99,17,14,N/A,0;;
2026-08-03T18:00:14Z	card0,99,17,15,N/A,0;;
2026-08-03T18:00:16Z	card0,100,17,2,N/A,0;;
2026-08-03T18:00:17Z	card0,99,17,16,N/A,0;;
2026-08-03T18:00:18Z	card0,99,17,1,N/A,0;;
2026-08-03T18:00:19Z	card0,99,17,78,N/A,0;;
2026-08-03T18:00:20Z	card0,100,17,35,N/A,0;;
2026-08-03T18:00:21Z	card0,100,17,25,N/A,0;;
2026-08-03T18:00:22Z	card0,100,17,18,N/A,0;;
2026-08-03T18:00:23Z	card0,99,17,17,N/A,0;;
2026-08-03T18:00:25Z	card0,99,17,2,N/A,0;;
2026-08-03T18:00:26Z	card0,99,17,8,N/A,0;;
2026-08-03T18:00:27Z	card0,99,17,2,N/A,0;;
2026-08-03T18:00:28Z	card0,100,17,15,N/A,0;;
2026-08-03T18:00:29Z	card0,99,17,17,N/A,0;;
2026-08-03T18:00:30Z	card0,100,17,2,N/A,0;;
2026-08-03T18:00:31Z	card0,99,17,12,N/A,0;;
2026-08-03T18:00:33Z	card0,100,17,2,N/A,0;;
2026-08-03T18:00:34Z	card0,100,17,33,N/A,0;;
2026-08-03T18:00:35Z	card0,99,17,26,N/A,0;;
2026-08-03T18:00:36Z	card0,99,17,16,N/A,0;;
2026-08-03T18:00:37Z	card0,100,17,15,N/A,0;;
2026-08-03T18:00:38Z	card0,98,17,10,N/A,0;;
2026-08-03T18:00:39Z	card0,100,17,16,N/A,0;;
2026-08-03T18:00:40Z	card0,98,17,15,N/A,0;;
2026-08-03T18:00:42Z	card0,99,17,2,N/A,0;;
2026-08-03T18:00:43Z	card0,99,17,2,N/A,0;;
2026-08-03T18:00:44Z	card0,99,17,54,N/A,0;;
2026-08-03T18:00:45Z	card0,99,17,50,N/A,0;;
2026-08-03T18:00:46Z	card0,100,17,15,N/A,0;;
2026-08-03T18:00:47Z	card0,100,17,12,N/A,0;;
2026-08-03T18:00:48Z	card0,98,17,73,N/A,0;;
2026-08-03T18:00:50Z	card0,99,17,15,N/A,0;;
2026-08-03T18:00:51Z	card0,99,17,16,N/A,0;;
2026-08-03T18:00:52Z	card0,99,17,16,N/A,0;;
2026-08-03T18:00:53Z	card0,99,17,2,N/A,0;;
2026-08-03T18:00:54Z	card0,99,17,2,N/A,0;;
2026-08-03T18:00:55Z	card0,99,17,16,N/A,0;;
2026-08-03T18:00:56Z	card0,99,17,15,N/A,0;;
2026-08-03T18:00:57Z	card0,99,17,59,N/A,0;;
2026-08-03T18:00:59Z	card0,99,17,15,N/A,0;;
2026-08-03T18:01:00Z	card0,99,17,4,N/A,0;;
2026-08-03T18:01:01Z	card0,99,17,1,N/A,0;;
2026-08-03T18:01:02Z	card0,99,17,15,N/A,0;;
2026-08-03T18:01:03Z	card0,99,17,84,N/A,0;;
2026-08-03T18:01:04Z	card0,99,17,15,N/A,0;;
2026-08-03T18:01:05Z	card0,99,17,3,N/A,0;;
2026-08-03T18:01:07Z	card0,99,17,15,N/A,0;;
2026-08-03T18:01:08Z	card0,99,17,2,N/A,0;;
2026-08-03T18:01:09Z	card0,99,17,33,N/A,0;;
2026-08-03T18:01:10Z	card0,100,17,24,N/A,0;;
2026-08-03T18:01:11Z	card0,100,17,15,N/A,0;;
2026-08-03T18:01:12Z	card0,100,17,1,N/A,0;;
2026-08-03T18:01:13Z	card0,99,17,17,N/A,0;;
2026-08-03T18:01:14Z	card0,100,17,2,N/A,0;;
2026-08-03T18:01:16Z	card0,99,17,14,N/A,0;;
2026-08-03T18:01:17Z	card0,99,17,2,N/A,0;;
2026-08-03T18:01:18Z	card0,99,17,15,N/A,0;;
2026-08-03T18:01:19Z	card0,99,17,15,N/A,0;;
2026-08-03T18:01:20Z	card0,99,17,16,N/A,0;;
2026-08-03T18:01:21Z	card0,99,17,15,N/A,0;;
2026-08-03T18:01:22Z	card0,99,17,15,N/A,0;;
2026-08-03T18:01:23Z	card0,98,17,2,N/A,0;;
2026-08-03T18:01:25Z	card0,99,17,2,N/A,0;;
2026-08-03T18:01:26Z	card0,99,17,88,N/A,0;;
2026-08-03T18:01:27Z	card0,99,17,15,N/A,0;;
2026-08-03T18:01:28Z	card0,99,17,11,N/A,0;;
2026-08-03T18:01:29Z	card0,100,17,16,N/A,0;;
2026-08-03T18:01:30Z	card0,99,17,7,N/A,0;;
2026-08-03T18:01:31Z	card0,100,17,15,N/A,0;;
2026-08-03T18:01:33Z	card0,99,17,17,N/A,0;;
2026-08-03T18:01:34Z	card0,100,17,15,N/A,0;;
2026-08-03T18:01:35Z	card0,99,17,16,N/A,0;;
2026-08-03T18:01:36Z	card0,99,17,2,N/A,0;;
2026-08-03T18:01:37Z	card0,100,17,2,N/A,0;;
2026-08-03T18:01:38Z	card0,99,17,59,N/A,0;;
2026-08-03T18:01:39Z	card0,99,17,16,N/A,0;;
2026-08-03T18:01:40Z	card0,99,17,0,N/A,0;;
2026-08-03T18:01:42Z	card0,97,17,15,N/A,0;;
2026-08-03T18:01:43Z	card0,99,17,15,N/A,0;;
2026-08-03T18:01:44Z	card0,98,17,2,N/A,0;;
2026-08-03T18:01:45Z	card0,97,17,2,N/A,0;;
2026-08-03T18:01:46Z	card0,98,17,16,N/A,0;;
2026-08-03T18:01:47Z	card0,98,17,16,N/A,0;;
2026-08-03T18:01:48Z	card0,100,17,15,N/A,0;;
2026-08-03T18:01:49Z	card0,99,17,8,N/A,0;;
2026-08-03T18:01:51Z	card0,99,17,4,N/A,0;;
2026-08-03T18:01:52Z	card0,100,17,15,N/A,0;;
2026-08-03T18:01:53Z	card0,99,17,17,N/A,0;;
2026-08-03T18:01:54Z	card0,98,17,1,N/A,0;;
2026-08-03T18:01:55Z	card0,98,17,15,N/A,0;;
2026-08-03T18:01:56Z	card0,99,17,30,N/A,0;;
2026-08-03T18:01:57Z	card0,99,17,2,N/A,0;;
2026-08-03T18:01:59Z	card0,99,17,2,N/A,0;;
2026-08-03T18:02:00Z	card0,98,17,35,N/A,0;;
2026-08-03T18:02:01Z	card0,99,17,2,N/A,0;;
2026-08-03T18:02:02Z	card0,98,17,15,N/A,0;;
2026-08-03T18:02:03Z	card0,99,17,16,N/A,0;;
2026-08-03T18:02:04Z	card0,90,17,81,N/A,0;;
2026-08-03T18:02:05Z	card0,100,17,16,N/A,0;;
2026-08-03T18:02:06Z	card0,99,17,5,N/A,0;;
2026-08-03T18:02:08Z	card0,91,17,14,N/A,0;;
2026-08-03T18:02:09Z	card0,99,17,15,N/A,0;;
2026-08-03T18:02:10Z	card0,99,17,30,N/A,0;;
2026-08-03T18:02:11Z	card0,90,17,21,N/A,0;;
2026-08-03T18:02:12Z	card0,99,17,2,N/A,0;;
2026-08-03T18:02:13Z	card0,99,17,11,N/A,0;;
2026-08-03T18:02:14Z	card0,99,17,2,N/A,0;;
2026-08-03T18:02:16Z	card0,99,17,15,N/A,0;;
2026-08-03T18:02:17Z	card0,99,17,15,N/A,0;;
2026-08-03T18:02:18Z	card0,99,17,34,N/A,0;;
2026-08-03T18:02:19Z	card0,99,17,5,N/A,0;;
2026-08-03T18:02:20Z	card0,99,17,8,N/A,0;;
2026-08-03T18:02:21Z	card0,100,17,15,N/A,0;;
2026-08-03T18:02:22Z	card0,100,17,15,N/A,0;;
2026-08-03T18:02:23Z	card0,99,17,17,N/A,0;;
2026-08-03T18:02:25Z	card0,99,17,15,N/A,0;;
2026-08-03T18:02:26Z	card0,99,17,27,N/A,0;;
2026-08-03T18:02:27Z	card0,100,17,16,N/A,0;;
2026-08-03T18:02:28Z	card0,100,17,15,N/A,0;;
2026-08-03T18:02:29Z	card0,99,17,88,N/A,0;;
2026-08-03T18:02:30Z	card0,100,17,16,N/A,0;;
2026-08-03T18:02:31Z	card0,99,17,13,N/A,0;;
2026-08-03T18:02:32Z	card0,99,17,38,N/A,0;;
2026-08-03T18:02:34Z	card0,99,17,15,N/A,0;;
2026-08-03T18:02:35Z	card0,99,17,79,N/A,0;;
2026-08-03T18:02:36Z	card0,99,17,2,N/A,0;;
2026-08-03T18:02:37Z	card0,99,17,8,N/A,0;;
2026-08-03T18:02:38Z	card0,99,17,22,N/A,0;;
2026-08-03T18:02:39Z	card0,100,17,15,N/A,0;;
2026-08-03T18:02:40Z	card0,99,17,16,N/A,0;;
2026-08-03T18:02:42Z	card0,98,17,15,N/A,0;;
2026-08-03T18:02:43Z	card0,99,17,17,N/A,0;;
2026-08-03T18:02:44Z	card0,99,17,15,N/A,0;;
2026-08-03T18:02:45Z	card0,99,17,52,N/A,0;;
2026-08-03T18:02:46Z	card0,90,17,14,N/A,0;;
2026-08-03T18:02:47Z	card0,99,17,2,N/A,0;;
2026-08-03T18:02:48Z	card0,100,17,15,N/A,0;;
2026-08-03T18:02:49Z	card0,99,17,51,N/A,0;;
2026-08-03T18:02:51Z	card0,98,17,2,N/A,0;;
2026-08-03T18:02:52Z	card0,99,17,15,N/A,0;;
2026-08-03T18:02:53Z	card0,99,17,27,N/A,0;;
2026-08-03T18:02:54Z	card0,100,17,15,N/A,0;;
2026-08-03T18:02:55Z	card0,100,17,1,N/A,0;;
2026-08-03T18:02:56Z	card0,99,17,27,N/A,0;;
2026-08-03T18:02:57Z	card0,100,17,15,N/A,0;;
2026-08-03T18:02:59Z	card0,99,17,11,N/A,0;;
2026-08-03T18:03:00Z	card0,100,17,16,N/A,0;;
2026-08-03T18:03:01Z	card0,99,17,15,N/A,0;;
2026-08-03T18:03:02Z	card0,100,17,15,N/A,0;;
2026-08-03T18:03:03Z	card0,99,17,37,N/A,0;;
2026-08-03T18:03:04Z	card0,100,17,2,N/A,0;;
2026-08-03T18:03:05Z	card0,99,17,16,N/A,0;;
2026-08-03T18:03:06Z	card0,99,17,15,N/A,0;;
2026-08-03T18:03:08Z	card0,99,17,15,N/A,0;;
2026-08-03T18:03:09Z	card0,99,17,32,N/A,0;;
2026-08-03T18:03:10Z	card0,99,17,16,N/A,0;;
2026-08-03T18:03:11Z	card0,99,17,16,N/A,0;;
2026-08-03T18:03:12Z	card0,100,17,17,N/A,0;;
2026-08-03T18:03:13Z	card0,100,17,15,N/A,0;;
2026-08-03T18:03:14Z	card0,99,17,1,N/A,0;;
2026-08-03T18:03:15Z	card0,99,17,16,N/A,0;;
2026-08-03T18:03:17Z	card0,100,17,15,N/A,0;;
2026-08-03T18:03:18Z	card0,99,17,17,N/A,0;;
2026-08-03T18:03:19Z	card0,100,17,15,N/A,0;;
2026-08-03T18:03:20Z	card0,100,17,1,N/A,0;;
2026-08-03T18:03:21Z	card0,99,17,1,N/A,0;;
2026-08-03T18:03:22Z	card0,100,17,2,N/A,0;;
2026-08-03T18:03:23Z	card0,99,17,16,N/A,0;;
2026-08-03T18:03:25Z	card0,100,17,15,N/A,0;;
2026-08-03T18:03:26Z	card0,99,17,1,N/A,0;;
2026-08-03T18:03:27Z	card0,57,17,8,N/A,0;;
2026-08-03T18:03:28Z	card0,88,17,14,N/A,0;;
2026-08-03T18:03:29Z	card0,99,17,16,N/A,0;;
2026-08-03T18:03:30Z	card0,99,17,2,N/A,0;;
2026-08-03T18:03:31Z	card0,99,17,16,N/A,0;;
2026-08-03T18:03:32Z	card0,99,17,2,N/A,0;;
2026-08-03T18:03:34Z	card0,99,17,15,N/A,0;;
2026-08-03T18:03:35Z	card0,99,17,3,N/A,0;;
2026-08-03T18:03:36Z	card0,99,17,16,N/A,0;;
2026-08-03T18:03:37Z	card0,99,17,15,N/A,0;;
2026-08-03T18:03:38Z	card0,99,17,16,N/A,0;;
2026-08-03T18:03:39Z	card0,99,17,16,N/A,0;;
2026-08-03T18:03:40Z	card0,100,17,3,N/A,0;;
2026-08-03T18:03:42Z	card0,99,17,15,N/A,0;;
2026-08-03T18:03:43Z	card0,100,17,16,N/A,0;;
2026-08-03T18:03:44Z	card0,99,17,15,N/A,0;;
2026-08-03T18:03:45Z	card0,99,17,16,N/A,0;;
2026-08-03T18:03:46Z	card0,91,17,14,N/A,0;;
2026-08-03T18:03:47Z	card0,99,17,8,N/A,0;;
2026-08-03T18:03:48Z	card0,96,17,15,N/A,0;;
2026-08-03T18:03:49Z	card0,99,17,89,N/A,0;;
2026-08-03T18:03:51Z	card0,99,17,16,N/A,0;;
2026-08-03T18:03:52Z	card0,99,17,82,N/A,0;;
2026-08-03T18:03:53Z	card0,99,17,16,N/A,0;;
2026-08-03T18:03:54Z	card0,99,17,15,N/A,0;;
2026-08-03T18:03:55Z	card0,99,17,3,N/A,0;;
2026-08-03T18:03:56Z	card0,99,17,1,N/A,0;;
2026-08-03T18:03:57Z	card0,99,17,16,N/A,0;;
2026-08-03T18:03:59Z	card0,99,17,16,N/A,0;;
2026-08-03T18:04:00Z	card0,99,17,8,N/A,0;;
2026-08-03T18:04:01Z	card0,100,17,15,N/A,0;;
2026-08-03T18:04:02Z	card0,99,17,13,N/A,0;;
2026-08-03T18:04:03Z	card0,100,17,15,N/A,0;;
2026-08-03T18:04:04Z	card0,99,17,13,N/A,0;;
2026-08-03T18:04:05Z	card0,99,17,4,N/A,0;;
2026-08-03T18:04:06Z	card0,100,17,84,N/A,0;;
2026-08-03T18:04:08Z	card0,99,17,6,N/A,0;;
2026-08-03T18:04:09Z	card0,99,17,17,N/A,0;;
2026-08-03T18:04:10Z	card0,100,17,2,N/A,0;;
2026-08-03T18:04:11Z	card0,99,17,17,N/A,0;;
2026-08-03T18:04:12Z	card0,99,17,15,N/A,0;;
2026-08-03T18:04:13Z	card0,99,17,15,N/A,0;;
2026-08-03T18:04:14Z	card0,99,17,17,N/A,0;;
2026-08-03T18:04:15Z	card0,99,17,15,N/A,0;;
2026-08-03T18:04:17Z	card0,99,17,16,N/A,0;;
2026-08-03T18:04:18Z	card0,91,17,72,N/A,0;;
2026-08-03T18:04:19Z	card0,100,17,16,N/A,0;;
2026-08-03T18:04:20Z	card0,96,17,22,N/A,0;;
2026-08-03T18:04:21Z	card0,99,17,15,N/A,0;;
2026-08-03T18:04:22Z	card0,99,17,17,N/A,0;;
2026-08-03T18:04:23Z	card0,99,17,1,N/A,0;;
2026-08-03T18:04:25Z	card0,99,17,16,N/A,0;;
2026-08-03T18:04:26Z	card0,99,17,2,N/A,0;;
2026-08-03T18:04:27Z	card0,99,17,4,N/A,0;;
2026-08-03T18:04:28Z	card0,98,17,65,N/A,0;;
2026-08-03T18:04:29Z	card0,99,17,2,N/A,0;;
2026-08-03T18:04:30Z	card0,99,17,15,N/A,0;;
2026-08-03T18:04:31Z	card0,99,17,17,N/A,0;;
2026-08-03T18:04:32Z	card0,99,17,15,N/A,0;;
2026-08-03T18:04:34Z	card0,99,17,15,N/A,0;;
2026-08-03T18:04:35Z	card0,99,17,89,N/A,0;;
2026-08-03T18:04:36Z	card0,99,17,16,N/A,0;;
2026-08-03T18:04:37Z	card0,99,17,12,N/A,0;;
2026-08-03T18:04:38Z	card0,99,17,50,N/A,0;;
2026-08-03T18:04:39Z	card0,99,17,15,N/A,0;;
2026-08-03T18:04:40Z	card0,99,17,15,N/A,0;;
2026-08-03T18:04:41Z	card0,99,17,17,N/A,0;;
2026-08-03T18:04:43Z	card0,99,17,15,N/A,0;;
2026-08-03T18:04:44Z	card0,99,17,61,N/A,0;;
2026-08-03T18:04:45Z	card0,99,17,15,N/A,0;;
2026-08-03T18:04:46Z	card0,99,17,2,N/A,0;;
2026-08-03T18:04:47Z	card0,99,17,15,N/A,0;;
2026-08-03T18:04:48Z	card0,99,17,16,N/A,0;;
2026-08-03T18:04:49Z	card0,99,17,73,N/A,0;;
2026-08-03T18:04:51Z	card0,99,17,45,N/A,0;;
2026-08-03T18:04:52Z	card0,99,17,3,N/A,0;;
2026-08-03T18:04:53Z	card0,99,17,15,N/A,0;;
2026-08-03T18:04:54Z	card0,99,17,17,N/A,0;;
2026-08-03T18:04:55Z	card0,100,17,15,N/A,0;;
2026-08-03T18:04:56Z	card0,99,17,17,N/A,0;;
2026-08-03T18:04:57Z	card0,100,17,15,N/A,0;;
2026-08-03T18:04:58Z	card0,100,17,3,N/A,0;;
2026-08-03T18:05:00Z	card0,99,17,59,N/A,0;;
2026-08-03T18:05:01Z	card0,100,17,8,N/A,0;;
2026-08-03T18:05:02Z	card0,99,17,70,N/A,0;;
2026-08-03T18:05:03Z	card0,99,17,4,N/A,0;;
2026-08-03T18:05:04Z	card0,99,17,15,N/A,0;;
2026-08-03T18:05:05Z	card0,99,17,15,N/A,0;;
2026-08-03T18:05:06Z	card0,99,17,2,N/A,0;;
2026-08-03T18:05:07Z	card0,99,17,15,N/A,0;;
2026-08-03T18:05:09Z	card0,99,17,14,N/A,0;;
2026-08-03T18:05:10Z	card0,99,17,1,N/A,0;;
2026-08-03T18:05:11Z	card0,99,17,2,N/A,0;;
2026-08-03T18:05:12Z	card0,99,17,2,N/A,0;;
2026-08-03T18:05:13Z	card0,99,17,2,N/A,0;;
2026-08-03T18:05:14Z	card0,98,17,15,N/A,0;;
2026-08-03T18:05:15Z	card0,99,17,17,N/A,0;;
2026-08-03T18:05:17Z	card0,99,17,15,N/A,0;;
2026-08-03T18:05:18Z	card0,99,17,2,N/A,0;;
2026-08-03T18:05:19Z	card0,99,17,85,N/A,0;;
2026-08-03T18:05:20Z	card0,100,17,2,N/A,0;;
2026-08-03T18:05:21Z	card0,99,17,16,N/A,0;;
2026-08-03T18:05:22Z	card0,99,17,2,N/A,0;;
2026-08-03T18:05:23Z	card0,99,17,15,N/A,0;;
2026-08-03T18:05:24Z	card0,99,17,15,N/A,0;;
2026-08-03T18:05:26Z	card0,99,17,17,N/A,0;;
2026-08-03T18:05:27Z	card0,99,17,2,N/A,0;;
2026-08-03T18:05:28Z	card0,99,17,8,N/A,0;;
2026-08-03T18:05:29Z	card0,99,17,2,N/A,0;;
2026-08-03T18:05:30Z	card0,99,17,4,N/A,0;;
2026-08-03T18:05:31Z	card0,99,17,67,N/A,0;;
2026-08-03T18:05:32Z	card0,100,17,2,N/A,0;;
2026-08-03T18:05:34Z	card0,99,17,59,N/A,0;;
2026-08-03T18:05:35Z	card0,99,17,16,N/A,0;;
2026-08-03T18:05:36Z	card0,99,17,19,N/A,0;;
2026-08-03T18:05:37Z	card0,99,17,15,N/A,0;;
2026-08-03T18:05:38Z	card0,99,17,2,N/A,0;;
2026-08-03T18:05:39Z	card0,100,17,15,N/A,0;;
2026-08-03T18:05:40Z	card0,99,17,4,N/A,0;;
2026-08-03T18:05:41Z	card0,100,17,2,N/A,0;;
2026-08-03T18:05:43Z	card0,100,17,16,N/A,0;;
2026-08-03T18:05:44Z	card0,99,17,16,N/A,0;;
2026-08-03T18:05:45Z	card0,99,17,16,N/A,0;;
2026-08-03T18:05:46Z	card0,99,17,15,N/A,0;;
2026-08-03T18:05:47Z	card0,99,17,20,N/A,0;;
2026-08-03T18:05:48Z	card0,99,17,15,N/A,0;;
2026-08-03T18:05:49Z	card0,99,17,13,N/A,0;;
2026-08-03T18:05:50Z	card0,99,17,17,N/A,0;;
2026-08-03T18:05:52Z	card0,99,17,21,N/A,0;;
2026-08-03T18:05:53Z	card0,99,17,21,N/A,0;;
2026-08-03T18:05:54Z	card0,99,17,15,N/A,0;;
2026-08-03T18:05:55Z	card0,99,17,2,N/A,0;;
2026-08-03T18:05:56Z	card0,99,17,15,N/A,0;;
2026-08-03T18:05:57Z	card0,100,17,16,N/A,0;;
2026-08-03T18:05:58Z	card0,99,17,33,N/A,0;;
2026-08-03T18:06:00Z	card0,98,17,3,N/A,0;;
2026-08-03T18:06:01Z	card0,99,17,1,N/A,0;;
2026-08-03T18:06:02Z	card0,99,17,2,N/A,0;;
2026-08-03T18:06:03Z	card0,99,17,16,N/A,0;;
2026-08-03T18:06:04Z	card0,99,17,11,N/A,0;;
2026-08-03T18:06:05Z	card0,99,17,15,N/A,0;;
2026-08-03T18:06:06Z	card0,99,17,5,N/A,0;;
2026-08-03T18:06:07Z	card0,99,17,7,N/A,0;;
2026-08-03T18:06:09Z	card0,99,17,15,N/A,0;;
2026-08-03T18:06:10Z	card0,99,17,2,N/A,0;;
2026-08-03T18:06:11Z	card0,100,17,67,N/A,0;;
2026-08-03T18:06:12Z	card0,99,17,12,N/A,0;;
2026-08-03T18:06:13Z	card0,99,17,1,N/A,0;;
2026-08-03T18:06:14Z	card0,100,17,4,N/A,0;;
2026-08-03T18:06:15Z	card0,99,17,1,N/A,0;;
2026-08-03T18:06:16Z	card0,99,17,16,N/A,0;;
2026-08-03T18:06:18Z	card0,99,17,24,N/A,0;;
2026-08-03T18:06:19Z	card0,100,17,17,N/A,0;;
2026-08-03T18:06:20Z	card0,100,17,15,N/A,0;;
2026-08-03T18:06:21Z	card0,99,17,15,N/A,0;;
2026-08-03T18:06:22Z	card0,99,17,2,N/A,0;;
2026-08-03T18:06:23Z	card0,100,17,2,N/A,0;;
2026-08-03T18:06:24Z	card0,99,17,16,N/A,0;;
2026-08-03T18:06:26Z	card0,100,17,2,N/A,0;;
2026-08-03T18:06:27Z	card0,100,17,3,N/A,0;;
2026-08-03T18:06:28Z	card0,99,17,63,N/A,0;;
2026-08-03T18:06:29Z	card0,99,17,16,N/A,0;;
2026-08-03T18:06:30Z	card0,99,17,73,N/A,0;;
2026-08-03T18:06:31Z	card0,100,17,16,N/A,0;;
2026-08-03T18:06:32Z	card0,100,17,15,N/A,0;;
2026-08-03T18:06:33Z	card0,99,17,15,N/A,0;;
2026-08-03T18:06:35Z	card0,98,17,17,N/A,0;;
2026-08-03T18:06:36Z	card0,100,17,15,N/A,0;;
2026-08-03T18:06:37Z	card0,97,17,69,N/A,0;;
2026-08-03T18:06:38Z	card0,100,17,17,N/A,0;;
2026-08-03T18:06:39Z	card0,100,17,3,N/A,0;;
2026-08-03T18:06:40Z	card0,100,17,3,N/A,0;;
2026-08-03T18:06:41Z	card0,99,17,17,N/A,0;;
2026-08-03T18:06:43Z	card0,100,17,15,N/A,0;;
2026-08-03T18:06:44Z	card0,99,17,16,N/A,0;;
2026-08-03T18:06:45Z	card0,100,17,2,N/A,0;;
2026-08-03T18:06:46Z	card0,100,17,45,N/A,0;;
2026-08-03T18:06:47Z	card0,99,17,5,N/A,0;;
2026-08-03T18:06:48Z	card0,99,17,2,N/A,0;;
2026-08-03T18:06:49Z	card0,100,17,3,N/A,0;;
2026-08-03T18:06:50Z	card0,99,17,16,N/A,0;;
2026-08-03T18:06:52Z	card0,100,17,11,N/A,0;;
2026-08-03T18:06:53Z	card0,100,17,3,N/A,0;;
2026-08-03T18:06:54Z	card0,99,17,26,N/A,0;;
2026-08-03T18:06:55Z	card0,99,17,29,N/A,0;;
2026-08-03T18:06:56Z	card0,99,17,16,N/A,0;;
2026-08-03T18:06:57Z	card0,99,17,2,N/A,0;;
2026-08-03T18:06:58Z	card0,99,17,4,N/A,0;;
2026-08-03T18:06:59Z	card0,99,17,36,N/A,0;;
2026-08-03T18:07:01Z	card0,99,17,1,N/A,0;;
2026-08-03T18:07:02Z	card0,99,17,2,N/A,0;;
2026-08-03T18:07:03Z	card0,99,17,17,N/A,0;;
2026-08-03T18:07:04Z	card0,99,17,2,N/A,0;;
2026-08-03T18:07:05Z	card0,99,17,15,N/A,0;;
2026-08-03T18:07:06Z	card0,99,17,85,N/A,0;;
2026-08-03T18:07:07Z	card0,100,17,2,N/A,0;;
2026-08-03T18:07:09Z	card0,99,17,15,N/A,0;;
2026-08-03T18:07:10Z	card0,100,17,17,N/A,0;;
2026-08-03T18:07:11Z	card0,99,17,15,N/A,0;;
2026-08-03T18:07:12Z	card0,100,17,80,N/A,0;;
2026-08-03T18:07:13Z	card0,99,17,16,N/A,0;;
2026-08-03T18:07:14Z	card0,99,17,15,N/A,0;;
2026-08-03T18:07:15Z	card0,99,17,16,N/A,0;;
2026-08-03T18:07:16Z	card0,100,17,2,N/A,0;;
2026-08-03T18:07:18Z	card0,99,17,3,N/A,0;;
2026-08-03T18:07:19Z	card0,99,17,16,N/A,0;;
2026-08-03T18:07:20Z	card0,100,17,2,N/A,0;;
2026-08-03T18:07:21Z	card0,99,17,26,N/A,0;;
2026-08-03T18:07:22Z	card0,100,17,45,N/A,0;;
2026-08-03T18:07:23Z	card0,100,17,15,N/A,0;;
2026-08-03T18:07:24Z	card0,100,17,15,N/A,0;;
2026-08-03T18:07:26Z	card0,99,17,2,N/A,0;;
2026-08-03T18:07:27Z	card0,100,17,2,N/A,0;;
2026-08-03T18:07:28Z	card0,99,17,13,N/A,0;;
2026-08-03T18:07:29Z	card0,100,17,15,N/A,0;;
2026-08-03T18:07:30Z	card0,99,17,3,N/A,0;;
2026-08-03T18:07:31Z	card0,99,17,15,N/A,0;;
2026-08-03T18:07:32Z	card0,100,17,16,N/A,0;;
2026-08-03T18:07:33Z	card0,99,17,26,N/A,0;;
2026-08-03T18:07:35Z	card0,100,17,17,N/A,0;;
2026-08-03T18:07:36Z	card0,100,17,6,N/A,0;;
2026-08-03T18:07:37Z	card0,100,17,15,N/A,0;;
2026-08-03T18:07:38Z	card0,99,17,17,N/A,0;;
2026-08-03T18:07:39Z	card0,99,17,15,N/A,0;;
2026-08-03T18:07:40Z	card0,99,17,24,N/A,0;;
2026-08-03T18:07:41Z	card0,95,17,15,N/A,0;;
2026-08-03T18:07:42Z	card0,96,17,2,N/A,0;;
2026-08-03T18:07:44Z	card0,96,17,14,N/A,0;;
2026-08-03T18:07:45Z	card0,98,17,38,N/A,0;;
2026-08-03T18:07:46Z	card0,99,17,49,N/A,0;;
2026-08-03T18:07:47Z	card0,95,17,1,N/A,0;;
2026-08-03T18:07:48Z	card0,99,17,2,N/A,0;;
2026-08-03T18:07:49Z	card0,98,17,15,N/A,0;;
2026-08-03T18:07:50Z	card0,98,17,12,N/A,0;;
2026-08-03T18:07:52Z	card0,98,17,49,N/A,0;;
2026-08-03T18:07:53Z	card0,98,17,13,N/A,0;;
2026-08-03T18:07:54Z	card0,99,17,4,N/A,0;;
2026-08-03T18:07:55Z	card0,98,17,1,N/A,0;;
2026-08-03T18:07:56Z	card0,97,17,2,N/A,0;;
2026-08-03T18:07:57Z	card0,99,17,15,N/A,0;;
2026-08-03T18:07:58Z	card0,98,17,43,N/A,0;;
2026-08-03T18:07:59Z	card0,98,17,16,N/A,0;;
2026-08-03T18:08:01Z	card0,99,17,8,N/A,0;;
2026-08-03T18:08:02Z	card0,98,17,2,N/A,0;;
2026-08-03T18:08:03Z	card0,99,17,3,N/A,0;;
2026-08-03T18:08:04Z	card0,98,17,3,N/A,0;;
2026-08-03T18:08:05Z	card0,97,17,15,N/A,0;;
2026-08-03T18:08:06Z	card0,99,17,16,N/A,0;;
2026-08-03T18:08:07Z	card0,96,17,15,N/A,0;;
2026-08-03T18:08:08Z	card0,99,17,4,N/A,0;;
2026-08-03T18:08:10Z	card0,98,17,2,N/A,0;;
2026-08-03T18:08:11Z	card0,99,17,15,N/A,0;;
2026-08-03T18:08:12Z	card0,99,17,1,N/A,0;;
2026-08-03T18:08:13Z	card0,99,17,15,N/A,0;;
2026-08-03T18:08:14Z	card0,99,17,9,N/A,0;;
2026-08-03T18:08:15Z	card0,100,17,2,N/A,0;;
2026-08-03T18:08:16Z	card0,99,17,16,N/A,0;;
2026-08-03T18:08:18Z	card0,90,17,14,N/A,0;;
2026-08-03T18:08:19Z	card0,99,17,15,N/A,0;;
2026-08-03T18:08:20Z	card0,99,17,2,N/A,0;;
2026-08-03T18:08:21Z	card0,91,17,14,N/A,0;;
2026-08-03T18:08:22Z	card0,99,17,15,N/A,0;;
2026-08-03T18:08:23Z	card0,99,17,10,N/A,0;;
2026-08-03T18:08:24Z	card0,99,17,2,N/A,0;;
2026-08-03T18:08:25Z	card0,99,17,16,N/A,0;;
2026-08-03T18:08:27Z	card0,99,17,40,N/A,0;;
2026-08-03T18:08:28Z	card0,99,17,16,N/A,0;;
2026-08-03T18:08:29Z	card0,99,17,13,N/A,0;;
2026-08-03T18:08:30Z	card0,100,17,16,N/A,0;;
2026-08-03T18:08:31Z	card0,99,17,15,N/A,0;;
2026-08-03T18:08:32Z	card0,99,17,10,N/A,0;;
2026-08-03T18:08:33Z	card0,99,17,17,N/A,0;;
2026-08-03T18:08:34Z	card0,99,17,15,N/A,0;;
2026-08-03T18:08:36Z	card0,99,17,11,N/A,0;;
2026-08-03T18:08:37Z	card0,99,17,16,N/A,0;;
2026-08-03T18:08:38Z	card0,98,17,4,N/A,0;;
2026-08-03T18:08:39Z	card0,99,17,12,N/A,0;;
2026-08-03T18:08:40Z	card0,99,17,23,N/A,0;;
2026-08-03T18:08:41Z	card0,99,17,2,N/A,0;;
2026-08-03T18:08:42Z	card0,99,17,16,N/A,0;;
2026-08-03T18:08:44Z	card0,99,17,6,N/A,0;;
2026-08-03T18:08:45Z	card0,97,17,15,N/A,0;;
2026-08-03T18:08:46Z	card0,99,17,3,N/A,0;;
2026-08-03T18:08:47Z	card0,99,17,16,N/A,0;;
2026-08-03T18:08:48Z	card0,90,17,7,N/A,0;;
2026-08-03T18:08:49Z	card0,99,17,2,N/A,0;;
2026-08-03T18:08:50Z	card0,99,17,2,N/A,0;;
2026-08-03T18:08:51Z	card0,89,17,14,N/A,0;;
2026-08-03T18:08:53Z	card0,99,17,16,N/A,0;;
2026-08-03T18:08:54Z	card0,99,17,4,N/A,0;;
2026-08-03T18:08:55Z	card0,100,17,5,N/A,0;;
2026-08-03T18:08:56Z	card0,99,17,12,N/A,0;;
2026-08-03T18:08:57Z	card0,91,17,15,N/A,0;;
2026-08-03T18:08:58Z	card0,99,17,17,N/A,0;;
2026-08-03T18:08:59Z	card0,99,17,15,N/A,0;;
2026-08-03T18:09:01Z	card0,99,17,16,N/A,0;;
2026-08-03T18:09:02Z	card0,100,17,1,N/A,0;;
2026-08-03T18:09:03Z	card0,99,17,15,N/A,0;;
2026-08-03T18:09:04Z	card0,99,17,15,N/A,0;;
2026-08-03T18:09:05Z	card0,99,17,2,N/A,0;;
2026-08-03T18:09:06Z	card0,99,17,15,N/A,0;;
2026-08-03T18:09:07Z	card0,99,17,16,N/A,0;;
2026-08-03T18:09:08Z	card0,98,17,15,N/A,0;;
2026-08-03T18:09:10Z	card0,99,17,15,N/A,0;;
2026-08-03T18:09:11Z	card0,96,17,1,N/A,0;;
2026-08-03T18:09:12Z	card0,97,17,6,N/A,0;;
2026-08-03T18:09:13Z	card0,97,17,2,N/A,0;;
2026-08-03T18:09:14Z	card0,97,17,15,N/A,0;;
2026-08-03T18:09:15Z	card0,97,17,15,N/A,0;;
2026-08-03T18:09:16Z	card0,98,17,16,N/A,0;;
2026-08-03T18:09:17Z	card0,97,17,15,N/A,0;;
2026-08-03T18:09:19Z	card0,98,17,15,N/A,0;;
2026-08-03T18:09:20Z	card0,98,17,2,N/A,0;;
2026-08-03T18:09:21Z	card0,98,17,70,N/A,0;;
2026-08-03T18:09:22Z	card0,99,17,16,N/A,0;;
2026-08-03T18:09:23Z	card0,100,17,2,N/A,0;;
2026-08-03T18:09:24Z	card0,99,17,16,N/A,0;;
2026-08-03T18:09:25Z	card0,100,17,16,N/A,0;;
2026-08-03T18:09:27Z	card0,100,17,3,N/A,0;;
2026-08-03T18:09:28Z	card0,96,17,15,N/A,0;;
2026-08-03T18:09:29Z	card0,99,17,67,N/A,0;;
2026-08-03T18:09:30Z	card0,98,17,15,N/A,0;;
2026-08-03T18:09:31Z	card0,99,17,6,N/A,0;;
2026-08-03T18:09:32Z	card0,98,17,14,N/A,0;;
2026-08-03T18:09:33Z	card0,99,17,2,N/A,0;;
2026-08-03T18:09:34Z	card0,96,17,2,N/A,0;;
2026-08-03T18:09:36Z	card0,99,17,15,N/A,0;;
2026-08-03T18:09:37Z	card0,90,17,2,N/A,0;;
2026-08-03T18:09:38Z	card0,99,17,4,N/A,0;;
2026-08-03T18:09:39Z	card0,98,17,56,N/A,0;;
2026-08-03T18:09:40Z	card0,99,17,2,N/A,0;;
2026-08-03T18:09:41Z	card0,98,17,16,N/A,0;;
2026-08-03T18:09:42Z	card0,99,17,16,N/A,0;;
2026-08-03T18:09:44Z	card0,90,17,14,N/A,0;;
2026-08-03T18:09:45Z	card0,99,17,25,N/A,0;;
2026-08-03T18:09:46Z	card0,99,17,15,N/A,0;;
2026-08-03T18:09:47Z	card0,98,17,16,N/A,0;;
2026-08-03T18:09:48Z	card0,92,17,14,N/A,0;;
2026-08-03T18:09:49Z	card0,94,17,2,N/A,0;;
2026-08-03T18:09:50Z	card0,95,17,2,N/A,0;;
2026-08-03T18:09:51Z	card0,97,17,15,N/A,0;;
2026-08-03T18:09:53Z	card0,96,17,15,N/A,0;;
2026-08-03T18:09:54Z	card0,100,17,4,N/A,0;;
2026-08-03T18:09:55Z	card0,100,17,15,N/A,0;;
2026-08-03T18:09:56Z	card0,99,17,16,N/A,0;;
2026-08-03T18:09:57Z	card0,100,17,16,N/A,0;;
2026-08-03T18:09:58Z	card0,99,17,15,N/A,0;;
2026-08-03T18:09:59Z	card0,98,17,16,N/A,0;;
2026-08-03T18:10:00Z	card0,98,17,15,N/A,0;;
2026-08-03T18:10:02Z	card0,99,17,15,N/A,0;;
2026-08-03T18:10:03Z	card0,98,17,15,N/A,0;;
2026-08-03T18:10:04Z	card0,99,17,25,N/A,0;;
2026-08-03T18:10:05Z	card0,98,17,2,N/A,0;;
2026-08-03T18:10:06Z	card0,99,17,0,N/A,0;;
2026-08-03T18:10:07Z	card0,98,17,16,N/A,0;;
2026-08-03T18:10:08Z	card0,99,17,15,N/A,0;;
2026-08-03T18:10:10Z	card0,98,17,4,N/A,0;;
2026-08-03T18:10:11Z	card0,99,17,15,N/A,0;;
2026-08-03T18:10:12Z	card0,99,17,2,N/A,0;;
2026-08-03T18:10:13Z	card0,99,17,15,N/A,0;;
2026-08-03T18:10:14Z	card0,99,17,5,N/A,0;;
2026-08-03T18:10:15Z	card0,99,17,15,N/A,0;;
2026-08-03T18:10:16Z	card0,98,17,3,N/A,0;;
2026-08-03T18:10:17Z	card0,99,17,16,N/A,0;;
2026-08-03T18:10:19Z	card0,99,17,30,N/A,0;;
2026-08-03T18:10:20Z	card0,90,17,2,N/A,0;;
2026-08-03T18:10:21Z	card0,99,17,11,N/A,0;;
2026-08-03T18:10:22Z	card0,89,17,2,N/A,0;;
2026-08-03T18:10:23Z	card0,99,17,16,N/A,0;;
2026-08-03T18:10:24Z	card0,99,17,15,N/A,0;;
2026-08-03T18:10:25Z	card0,98,17,2,N/A,0;;
2026-08-03T18:10:27Z	card0,99,17,1,N/A,0;;
2026-08-03T18:10:28Z	card0,99,17,16,N/A,0;;
2026-08-03T18:10:29Z	card0,99,17,1,N/A,0;;
2026-08-03T18:10:30Z	card0,99,17,2,N/A,0;;
2026-08-03T18:10:31Z	card0,99,17,16,N/A,0;;
2026-08-03T18:10:32Z	card0,99,17,2,N/A,0;;
2026-08-03T18:10:33Z	card0,99,17,15,N/A,0;;
2026-08-03T18:10:34Z	card0,97,17,3,N/A,0;;
2026-08-03T18:10:36Z	card0,99,17,2,N/A,0;;
2026-08-03T18:10:37Z	card0,99,17,2,N/A,0;;
2026-08-03T18:10:38Z	card0,99,17,16,N/A,0;;
2026-08-03T18:10:39Z	card0,99,17,15,N/A,0;;
2026-08-03T18:10:40Z	card0,99,17,2,N/A,0;;
2026-08-03T18:10:41Z	card0,99,17,16,N/A,0;;
2026-08-03T18:10:42Z	card0,99,17,2,N/A,0;;
2026-08-03T18:10:43Z	card0,99,17,75,N/A,0;;
2026-08-03T18:10:45Z	card0,99,17,2,N/A,0;;
2026-08-03T18:10:46Z	card0,99,17,15,N/A,0;;
2026-08-03T18:10:47Z	card0,99,17,15,N/A,0;;
2026-08-03T18:10:48Z	card0,99,17,16,N/A,0;;
2026-08-03T18:10:49Z	card0,100,17,15,N/A,0;;
2026-08-03T18:10:50Z	card0,99,17,16,N/A,0;;
2026-08-03T18:10:51Z	card0,100,17,15,N/A,0;;
2026-08-03T18:10:53Z	card0,99,17,3,N/A,0;;
2026-08-03T18:10:54Z	card0,99,17,16,N/A,0;;
2026-08-03T18:10:55Z	card0,99,17,16,N/A,0;;
2026-08-03T18:10:56Z	card0,99,17,15,N/A,0;;
2026-08-03T18:10:57Z	card0,99,17,16,N/A,0;;
2026-08-03T18:10:58Z	card0,99,17,5,N/A,0;;
2026-08-03T18:10:59Z	card0,99,17,15,N/A,0;;
2026-08-03T18:11:00Z	card0,99,17,16,N/A,0;;
2026-08-03T18:11:02Z	card0,99,17,0,N/A,0;;
2026-08-03T18:11:03Z	card0,99,17,16,N/A,0;;
2026-08-03T18:11:04Z	card0,99,17,16,N/A,0;;
2026-08-03T18:11:05Z	card0,99,17,15,N/A,0;;
2026-08-03T18:11:06Z	card0,99,17,3,N/A,0;;
2026-08-03T18:11:07Z	card0,99,17,1,N/A,0;;
2026-08-03T18:11:08Z	card0,98,17,23,N/A,0;;
2026-08-03T18:11:09Z	card0,99,17,8,N/A,0;;
2026-08-03T18:11:11Z	card0,99,17,15,N/A,0;;
2026-08-03T18:11:12Z	card0,99,17,3,N/A,0;;
2026-08-03T18:11:13Z	card0,99,17,16,N/A,0;;
2026-08-03T18:11:14Z	card0,100,17,2,N/A,0;;
2026-08-03T18:11:15Z	card0,99,17,12,N/A,0;;
2026-08-03T18:11:16Z	card0,100,17,16,N/A,0;;
2026-08-03T18:11:17Z	card0,100,17,15,N/A,0;;
2026-08-03T18:11:19Z	card0,99,17,3,N/A,0;;
2026-08-03T18:11:20Z	card0,99,17,2,N/A,0;;
2026-08-03T18:11:21Z	card0,88,17,29,N/A,0;;
2026-08-03T18:11:22Z	card0,97,17,1,N/A,0;;
2026-08-03T18:11:23Z	card0,95,17,15,N/A,0;;
2026-08-03T18:11:24Z	card0,99,17,11,N/A,0;;
2026-08-03T18:11:25Z	card0,99,17,17,N/A,0;;
2026-08-03T18:11:26Z	card0,99,17,10,N/A,0;;
2026-08-03T18:11:28Z	card0,100,17,15,N/A,0;;
2026-08-03T18:11:29Z	card0,96,17,16,N/A,0;;
2026-08-03T18:11:30Z	card0,98,17,2,N/A,0;;
2026-08-03T18:11:31Z	card0,95,17,2,N/A,0;;
2026-08-03T18:11:32Z	card0,95,17,15,N/A,0;;
2026-08-03T18:11:33Z	card0,97,17,16,N/A,0;;
2026-08-03T18:11:34Z	card0,99,17,16,N/A,0;;
2026-08-03T18:11:36Z	card0,98,17,6,N/A,0;;
2026-08-03T18:11:37Z	card0,99,17,1,N/A,0;;
2026-08-03T18:11:38Z	card0,98,17,16,N/A,0;;
2026-08-03T18:11:39Z	card0,99,17,16,N/A,0;;
2026-08-03T18:11:40Z	card0,99,17,16,N/A,0;;
2026-08-03T18:11:41Z	card0,100,17,16,N/A,0;;
2026-08-03T18:11:42Z	card0,100,17,15,N/A,0;;
2026-08-03T18:11:43Z	card0,100,17,78,N/A,0;;
2026-08-03T18:11:45Z	card0,98,17,16,N/A,0;;
2026-08-03T18:11:46Z	card0,99,17,15,N/A,0;;
2026-08-03T18:11:47Z	card0,98,17,16,N/A,0;;
2026-08-03T18:11:48Z	card0,99,17,16,N/A,0;;
2026-08-03T18:11:49Z	card0,99,17,4,N/A,0;;
2026-08-03T18:11:50Z	card0,98,17,2,N/A,0;;
2026-08-03T18:11:51Z	card0,99,17,10,N/A,0;;
2026-08-03T18:11:52Z	card0,99,17,52,N/A,0;;
2026-08-03T18:11:54Z	card0,99,17,16,N/A,0;;
2026-08-03T18:11:55Z	card0,100,17,16,N/A,0;;
2026-08-03T18:11:56Z	card0,99,17,15,N/A,0;;
2026-08-03T18:11:57Z	card0,99,17,15,N/A,0;;
2026-08-03T18:11:58Z	card0,99,17,16,N/A,0;;
2026-08-03T18:11:59Z	card0,98,17,2,N/A,0;;
2026-08-03T18:12:00Z	card0,99,17,11,N/A,0;;
2026-08-03T18:12:02Z	card0,99,17,2,N/A,0;;
2026-08-03T18:12:03Z	card0,99,17,15,N/A,0;;
2026-08-03T18:12:04Z	card0,99,17,15,N/A,0;;
2026-08-03T18:12:05Z	card0,99,17,2,N/A,0;;
2026-08-03T18:12:06Z	card0,99,17,15,N/A,0;;
2026-08-03T18:12:07Z	card0,99,17,17,N/A,0;;
2026-08-03T18:12:08Z	card0,99,17,15,N/A,0;;
2026-08-03T18:12:09Z	card0,99,17,13,N/A,0;;
2026-08-03T18:12:11Z	card0,52,17,0,N/A,0;;
2026-08-03T18:12:12Z	card0,94,17,6,N/A,0;;
2026-08-03T18:12:13Z	card0,100,17,16,N/A,0;;
2026-08-03T18:12:14Z	card0,99,17,15,N/A,0;;
2026-08-03T18:12:15Z	card0,99,17,5,N/A,0;;
2026-08-03T18:12:16Z	card0,99,17,19,N/A,0;;
2026-08-03T18:12:17Z	card0,98,17,15,N/A,0;;
2026-08-03T18:12:19Z	card0,99,17,62,N/A,0;;
2026-08-03T18:12:20Z	card0,100,17,2,N/A,0;;
2026-08-03T18:12:21Z	card0,99,17,13,N/A,0;;
2026-08-03T18:12:22Z	card0,90,17,14,N/A,0;;
2026-08-03T18:12:23Z	card0,99,17,17,N/A,0;;
2026-08-03T18:12:24Z	card0,99,17,5,N/A,0;;
2026-08-03T18:12:25Z	card0,99,17,78,N/A,0;;
2026-08-03T18:12:26Z	card0,99,17,2,N/A,0;;
2026-08-03T18:12:28Z	card0,99,17,1,N/A,0;;
2026-08-03T18:12:29Z	card0,99,17,16,N/A,0;;
2026-08-03T18:12:30Z	card0,100,17,1,N/A,0;;
2026-08-03T18:12:31Z	card0,90,17,14,N/A,0;;
2026-08-03T18:12:32Z	card0,98,17,8,N/A,0;;
2026-08-03T18:12:33Z	card0,99,17,2,N/A,0;;
2026-08-03T18:12:34Z	card0,99,17,17,N/A,0;;
2026-08-03T18:12:35Z	card0,99,17,1,N/A,0;;
2026-08-03T18:12:37Z	card0,99,17,16,N/A,0;;
2026-08-03T18:12:38Z	card0,98,17,16,N/A,0;;
2026-08-03T18:12:39Z	card0,98,17,15,N/A,0;;
2026-08-03T18:12:40Z	card0,98,17,2,N/A,0;;
2026-08-03T18:12:41Z	card0,99,17,15,N/A,0;;
2026-08-03T18:12:42Z	card0,99,17,2,N/A,0;;
2026-08-03T18:12:43Z	card0,99,17,20,N/A,0;;
2026-08-03T18:12:45Z	card0,99,17,16,N/A,0;;
2026-08-03T18:12:46Z	card0,98,17,15,N/A,0;;
2026-08-03T18:12:47Z	card0,99,17,15,N/A,0;;
2026-08-03T18:12:48Z	card0,98,17,51,N/A,0;;
2026-08-03T18:12:49Z	card0,98,17,2,N/A,0;;
2026-08-03T18:12:50Z	card0,99,17,15,N/A,0;;
2026-08-03T18:12:51Z	card0,98,17,16,N/A,0;;
2026-08-03T18:12:52Z	card0,99,17,15,N/A,0;;
2026-08-03T18:12:54Z	card0,80,17,11,N/A,0;;
2026-08-03T18:12:55Z	card0,97,17,27,N/A,0;;
2026-08-03T18:12:56Z	card0,97,17,15,N/A,0;;
2026-08-03T18:12:57Z	card0,99,17,15,N/A,0;;
2026-08-03T18:12:58Z	card0,99,17,16,N/A,0;;
2026-08-03T18:12:59Z	card0,99,17,16,N/A,0;;
2026-08-03T18:13:00Z	card0,99,17,6,N/A,0;;
2026-08-03T18:13:01Z	card0,99,17,16,N/A,0;;
2026-08-03T18:13:03Z	card0,98,17,1,N/A,0;;
2026-08-03T18:13:04Z	card0,99,17,15,N/A,0;;
2026-08-03T18:13:05Z	card0,99,17,16,N/A,0;;
2026-08-03T18:13:06Z	card0,99,17,0,N/A,0;;
2026-08-03T18:13:07Z	card0,98,17,15,N/A,0;;
2026-08-03T18:13:08Z	card0,97,17,16,N/A,0;;
2026-08-03T18:13:09Z	card0,99,17,16,N/A,0;;
2026-08-03T18:13:11Z	card0,98,17,15,N/A,0;;
2026-08-03T18:13:12Z	card0,98,17,15,N/A,0;;
2026-08-03T18:13:13Z	card0,99,17,20,N/A,0;;
2026-08-03T18:13:14Z	card0,98,17,16,N/A,0;;
2026-08-03T18:13:15Z	card0,98,17,15,N/A,0;;
2026-08-03T18:13:16Z	card0,99,17,13,N/A,0;;
2026-08-03T18:13:17Z	card0,89,17,14,N/A,0;;
2026-08-03T18:13:18Z	card0,99,17,16,N/A,0;;
2026-08-03T18:13:20Z	card0,90,17,85,N/A,0;;
2026-08-03T18:13:21Z	card0,99,17,27,N/A,0;;
2026-08-03T18:13:22Z	card0,98,17,15,N/A,0;;
2026-08-03T18:13:23Z	card0,99,17,16,N/A,0;;
2026-08-03T18:13:24Z	card0,99,17,15,N/A,0;;
2026-08-03T18:13:25Z	card0,98,17,42,N/A,0;;
2026-08-03T18:13:26Z	card0,99,17,50,N/A,0;;
2026-08-03T18:13:27Z	card0,99,17,10,N/A,0;;
2026-08-03T18:13:29Z	card0,99,17,15,N/A,0;;
2026-08-03T18:13:30Z	card0,99,17,21,N/A,0;;
2026-08-03T18:13:31Z	card0,100,17,15,N/A,0;;
2026-08-03T18:13:32Z	card0,99,17,50,N/A,0;;
2026-08-03T18:13:33Z	card0,99,17,1,N/A,0;;
2026-08-03T18:13:34Z	card0,99,17,87,N/A,0;;
2026-08-03T18:13:35Z	card0,99,17,15,N/A,0;;
2026-08-03T18:13:37Z	card0,97,17,2,N/A,0;;
2026-08-03T18:13:38Z	card0,99,17,2,N/A,0;;
2026-08-03T18:13:39Z	card0,99,17,16,N/A,0;;
2026-08-03T18:13:40Z	card0,99,17,15,N/A,0;;
2026-08-03T18:13:41Z	card0,99,17,2,N/A,0;;
2026-08-03T18:13:42Z	card0,99,17,16,N/A,0;;
2026-08-03T18:13:43Z	card0,99,17,73,N/A,0;;
2026-08-03T18:13:44Z	card0,99,17,28,N/A,0;;
2026-08-03T18:13:46Z	card0,100,17,4,N/A,0;;
2026-08-03T18:13:47Z	card0,99,17,4,N/A,0;;
2026-08-03T18:13:48Z	card0,99,17,3,N/A,0;;
2026-08-03T18:13:49Z	card0,99,17,2,N/A,0;;
2026-08-03T18:13:50Z	card0,99,17,2,N/A,0;;
2026-08-03T18:13:51Z	card0,99,17,9,N/A,0;;
2026-08-03T18:13:52Z	card0,99,17,2,N/A,0;;
2026-08-03T18:13:54Z	card0,99,17,2,N/A,0;;
2026-08-03T18:13:55Z	card0,99,17,53,N/A,0;;
2026-08-03T18:13:56Z	card0,99,17,2,N/A,0;;
2026-08-03T18:13:57Z	card0,99,17,59,N/A,0;;
2026-08-03T18:13:58Z	card0,99,17,16,N/A,0;;
2026-08-03T18:13:59Z	card0,98,17,11,N/A,0;;
2026-08-03T18:14:00Z	card0,99,17,15,N/A,0;;
2026-08-03T18:14:01Z	card0,99,17,2,N/A,0;;
2026-08-03T18:14:03Z	card0,99,17,56,N/A,0;;
2026-08-03T18:14:04Z	card0,98,17,16,N/A,0;;
2026-08-03T18:14:05Z	card0,100,17,16,N/A,0;;
2026-08-03T18:14:06Z	card0,99,17,15,N/A,0;;
2026-08-03T18:14:07Z	card0,89,17,7,N/A,0;;
2026-08-03T18:14:08Z	card0,99,17,15,N/A,0;;
2026-08-03T18:14:09Z	card0,99,17,2,N/A,0;;
2026-08-03T18:14:10Z	card0,99,17,2,N/A,0;;
2026-08-03T18:14:12Z	card0,98,17,16,N/A,0;;
2026-08-03T18:14:13Z	card0,99,17,4,N/A,0;;
2026-08-03T18:14:14Z	card0,100,17,15,N/A,0;;
2026-08-03T18:14:15Z	card0,99,17,15,N/A,0;;
2026-08-03T18:14:16Z	card0,99,17,16,N/A,0;;
2026-08-03T18:14:17Z	card0,100,17,8,N/A,0;;
2026-08-03T18:14:18Z	card0,99,17,17,N/A,0;;
2026-08-03T18:14:20Z	card0,100,17,15,N/A,0;;
2026-08-03T18:14:21Z	card0,100,17,15,N/A,0;;
2026-08-03T18:14:22Z	card0,99,17,62,N/A,0;;
2026-08-03T18:14:23Z	card0,100,17,2,N/A,0;;
2026-08-03T18:14:24Z	card0,99,17,16,N/A,0;;
2026-08-03T18:14:25Z	card0,99,17,16,N/A,0;;
2026-08-03T18:14:26Z	card0,100,17,15,N/A,0;;
2026-08-03T18:14:27Z	card0,99,17,15,N/A,0;;
2026-08-03T18:14:29Z	card0,99,17,2,N/A,0;;
2026-08-03T18:14:30Z	card0,100,17,15,N/A,0;;
2026-08-03T18:14:31Z	card0,99,17,7,N/A,0;;
2026-08-03T18:14:32Z	card0,98,17,15,N/A,0;;
2026-08-03T18:14:33Z	card0,99,17,4,N/A,0;;
2026-08-03T18:14:34Z	card0,99,17,87,N/A,0;;
2026-08-03T18:14:35Z	card0,99,17,1,N/A,0;;
2026-08-03T18:14:36Z	card0,99,17,13,N/A,0;;
2026-08-03T18:14:38Z	card0,92,17,15,N/A,0;;
2026-08-03T18:14:39Z	card0,97,17,16,N/A,0;;
2026-08-03T18:14:40Z	card0,99,17,13,N/A,0;;
2026-08-03T18:14:41Z	card0,99,17,1,N/A,0;;
2026-08-03T18:14:42Z	card0,99,17,17,N/A,0;;
2026-08-03T18:14:43Z	card0,100,17,11,N/A,0;;
2026-08-03T18:14:44Z	card0,99,17,13,N/A,0;;
2026-08-03T18:14:46Z	card0,100,17,16,N/A,0;;
2026-08-03T18:14:47Z	card0,100,17,4,N/A,0;;
2026-08-03T18:14:48Z	card0,99,17,15,N/A,0;;
2026-08-03T18:14:49Z	card0,99,17,17,N/A,0;;
2026-08-03T18:14:50Z	card0,99,17,40,N/A,0;;
2026-08-03T18:14:51Z	card0,99,17,17,N/A,0;;
2026-08-03T18:14:52Z	card0,100,17,8,N/A,0;;
2026-08-03T18:14:53Z	card0,99,17,15,N/A,0;;
2026-08-03T18:14:55Z	card0,99,17,2,N/A,0;;
2026-08-03T18:14:56Z	card0,100,17,2,N/A,0;;
2026-08-03T18:14:57Z	card0,99,17,16,N/A,0;;
2026-08-03T18:14:58Z	card0,99,17,15,N/A,0;;
2026-08-03T18:14:59Z	card0,99,17,15,N/A,0;;
2026-08-03T18:15:00Z	card0,99,17,16,N/A,0;;
2026-08-03T18:15:01Z	card0,99,17,2,N/A,0;;
2026-08-03T18:15:02Z	card0,99,17,27,N/A,0;;
2026-08-03T18:15:04Z	card0,100,17,17,N/A,0;;
2026-08-03T18:15:05Z	card0,100,17,47,N/A,0;;
2026-08-03T18:15:06Z	card0,100,17,8,N/A,0;;
2026-08-03T18:15:07Z	card0,99,17,39,N/A,0;;
2026-08-03T18:15:08Z	card0,100,17,15,N/A,0;;
2026-08-03T18:15:09Z	card0,99,17,17,N/A,0;;
2026-08-03T18:15:10Z	card0,100,17,15,N/A,0;;
2026-08-03T18:15:12Z	card0,100,17,15,N/A,0;;
2026-08-03T18:15:13Z	card0,99,17,16,N/A,0;;
2026-08-03T18:15:14Z	card0,99,17,16,N/A,0;;
2026-08-03T18:15:15Z	card0,99,17,2,N/A,0;;
2026-08-03T18:15:16Z	card0,99,17,19,N/A,0;;
2026-08-03T18:15:17Z	card0,99,17,12,N/A,0;;
2026-08-03T18:15:18Z	card0,99,17,2,N/A,0;;
2026-08-03T18:15:19Z	card0,99,17,31,N/A,0;;
2026-08-03T18:15:21Z	card0,99,17,2,N/A,0;;
2026-08-03T18:15:22Z	card0,99,17,15,N/A,0;;
2026-08-03T18:15:23Z	card0,99,17,5,N/A,0;;
2026-08-03T18:15:24Z	card0,99,17,3,N/A,0;;
2026-08-03T18:15:25Z	card0,99,17,2,N/A,0;;
2026-08-03T18:15:26Z	card0,99,17,17,N/A,0;;
2026-08-03T18:15:27Z	card0,99,17,15,N/A,0;;
2026-08-03T18:15:29Z	card0,99,17,30,N/A,0;;
2026-08-03T18:15:30Z	card0,99,17,16,N/A,0;;
2026-08-03T18:15:31Z	card0,99,17,3,N/A,0;;
2026-08-03T18:15:32Z	card0,99,17,73,N/A,0;;
2026-08-03T18:15:33Z	card0,99,17,16,N/A,0;;
2026-08-03T18:15:34Z	card0,99,17,11,N/A,0;;
2026-08-03T18:15:35Z	card0,99,17,16,N/A,0;;
2026-08-03T18:15:36Z	card0,99,17,15,N/A,0;;
2026-08-03T18:15:38Z	card0,99,17,4,N/A,0;;
2026-08-03T18:15:39Z	card0,99,17,16,N/A,0;;
2026-08-03T18:15:40Z	card0,99,17,17,N/A,0;;
2026-08-03T18:15:41Z	card0,99,17,5,N/A,0;;
2026-08-03T18:15:42Z	card0,99,17,15,N/A,0;;
2026-08-03T18:15:43Z	card0,99,17,9,N/A,0;;
2026-08-03T18:15:44Z	card0,99,17,17,N/A,0;;
2026-08-03T18:15:46Z	card0,100,17,2,N/A,0;;
2026-08-03T18:15:47Z	card0,99,17,16,N/A,0;;
2026-08-03T18:15:48Z	card0,100,17,2,N/A,0;;
2026-08-03T18:15:49Z	card0,100,17,15,N/A,0;;
2026-08-03T18:15:50Z	card0,99,17,16,N/A,0;;
2026-08-03T18:15:51Z	card0,100,17,16,N/A,0;;
2026-08-03T18:15:52Z	card0,99,17,15,N/A,0;;
2026-08-03T18:15:53Z	card0,99,17,29,N/A,0;;
2026-08-03T18:15:55Z	card0,99,17,3,N/A,0;;
2026-08-03T18:15:56Z	card0,99,17,15,N/A,0;;
2026-08-03T18:15:57Z	card0,99,17,17,N/A,0;;
2026-08-03T18:15:58Z	card0,99,17,58,N/A,0;;
2026-08-03T18:15:59Z	card0,99,17,16,N/A,0;;
2026-08-03T18:16:00Z	card0,99,17,16,N/A,0;;
2026-08-03T18:16:01Z	card0,99,17,15,N/A,0;;
2026-08-03T18:16:02Z	card0,99,17,86,N/A,0;;
2026-08-03T18:16:04Z	card0,100,17,2,N/A,0;;
2026-08-03T18:16:05Z	card0,99,17,22,N/A,0;;
2026-08-03T18:16:06Z	card0,99,17,41,N/A,0;;
2026-08-03T18:16:07Z	card0,99,17,21,N/A,0;;
2026-08-03T18:16:08Z	card0,100,17,12,N/A,0;;
2026-08-03T18:16:09Z	card0,99,17,35,N/A,0;;
2026-08-03T18:16:10Z	card0,100,17,15,N/A,0;;
2026-08-03T18:16:12Z	card0,99,17,17,N/A,0;;
2026-08-03T18:16:13Z	card0,100,17,15,N/A,0;;
2026-08-03T18:16:14Z	card0,100,17,2,N/A,0;;
2026-08-03T18:16:15Z	card0,99,17,16,N/A,0;;
2026-08-03T18:16:16Z	card0,100,17,2,N/A,0;;
2026-08-03T18:16:17Z	card0,99,17,37,N/A,0;;
2026-08-03T18:16:18Z	card0,100,17,16,N/A,0;;
2026-08-03T18:16:19Z	card0,100,17,15,N/A,0;;
2026-08-03T18:16:21Z	card0,99,17,2,N/A,0;;
2026-08-03T18:16:22Z	card0,99,17,1,N/A,0;;
2026-08-03T18:16:23Z	card0,100,17,15,N/A,0;;
2026-08-03T18:16:24Z	card0,99,17,18,N/A,0;;
2026-08-03T18:16:25Z	card0,99,17,15,N/A,0;;
2026-08-03T18:16:26Z	card0,99,17,15,N/A,0;;
2026-08-03T18:16:27Z	card0,99,17,16,N/A,0;;
2026-08-03T18:16:28Z	card0,99,17,2,N/A,0;;
2026-08-03T18:16:30Z	card0,97,17,6,N/A,0;;
2026-08-03T18:16:31Z	card0,98,17,3,N/A,0;;
2026-08-03T18:16:32Z	card0,99,17,2,N/A,0;;
2026-08-03T18:16:33Z	card0,100,17,4,N/A,0;;
2026-08-03T18:16:34Z	card0,99,17,17,N/A,0;;
2026-08-03T18:16:35Z	card0,99,17,16,N/A,0;;
2026-08-03T18:16:36Z	card0,99,17,12,N/A,0;;
2026-08-03T18:16:38Z	card0,100,17,16,N/A,0;;
2026-08-03T18:16:39Z	card0,100,17,46,N/A,0;;
2026-08-03T18:16:40Z	card0,99,17,15,N/A,0;;
2026-08-03T18:16:41Z	card0,100,17,57,N/A,0;;
2026-08-03T18:16:42Z	card0,100,17,15,N/A,0;;
2026-08-03T18:16:43Z	card0,99,17,16,N/A,0;;
2026-08-03T18:16:44Z	card0,99,17,13,N/A,0;;
2026-08-03T18:16:45Z	card0,99,17,15,N/A,0;;
2026-08-03T18:16:47Z	card0,99,17,1,N/A,0;;
2026-08-03T18:16:48Z	card0,99,17,2,N/A,0;;
2026-08-03T18:16:49Z	card0,99,17,17,N/A,0;;
2026-08-03T18:16:50Z	card0,100,17,2,N/A,0;;
2026-08-03T18:16:51Z	card0,99,17,2,N/A,0;;
2026-08-03T18:16:52Z	card0,99,17,4,N/A,0;;
2026-08-03T18:16:53Z	card0,99,17,2,N/A,0;;
2026-08-03T18:16:54Z	card0,99,17,15,N/A,0;;
2026-08-03T18:16:56Z	card0,99,17,17,N/A,0;;
2026-08-03T18:16:57Z	card0,99,17,15,N/A,0;;
2026-08-03T18:16:58Z	card0,99,17,15,N/A,0;;
2026-08-03T18:16:59Z	card0,98,17,66,N/A,0;;
2026-08-03T18:17:00Z	card0,99,17,2,N/A,0;;
2026-08-03T18:17:01Z	card0,99,17,81,N/A,0;;
2026-08-03T18:17:02Z	card0,99,17,2,N/A,0;;
2026-08-03T18:17:04Z	card0,100,17,20,N/A,0;;
2026-08-03T18:17:05Z	card0,99,17,2,N/A,0;;
2026-08-03T18:17:06Z	card0,99,17,16,N/A,0;;
2026-08-03T18:17:07Z	card0,100,17,4,N/A,0;;
2026-08-03T18:17:08Z	card0,99,17,17,N/A,0;;
2026-08-03T18:17:09Z	card0,100,17,15,N/A,0;;
2026-08-03T18:17:10Z	card0,100,17,15,N/A,0;;
2026-08-03T18:17:11Z	card0,99,17,16,N/A,0;;
2026-08-03T18:17:13Z	card0,100,17,37,N/A,0;;
2026-08-03T18:17:14Z	card0,99,17,16,N/A,0;;
2026-08-03T18:17:15Z	card0,99,17,4,N/A,0;;
2026-08-03T18:17:16Z	card0,99,17,5,N/A,0;;
2026-08-03T18:17:17Z	card0,99,17,4,N/A,0;;
2026-08-03T18:17:18Z	card0,99,17,16,N/A,0;;
2026-08-03T18:17:19Z	card0,99,17,2,N/A,0;;
2026-08-03T18:17:21Z	card0,99,17,3,N/A,0;;
2026-08-03T18:17:22Z	card0,99,17,15,N/A,0;;
2026-08-03T18:17:23Z	card0,99,17,2,N/A,0;;
2026-08-03T18:17:24Z	card0,99,17,16,N/A,0;;
2026-08-03T18:17:25Z	card0,99,17,15,N/A,0;;
2026-08-03T18:17:26Z	card0,99,17,55,N/A,0;;
2026-08-03T18:17:27Z	card0,99,17,16,N/A,0;;
2026-08-03T18:17:28Z	card0,100,17,5,N/A,0;;
2026-08-03T18:17:30Z	card0,99,17,15,N/A,0;;
2026-08-03T18:17:31Z	card0,100,17,4,N/A,0;;
2026-08-03T18:17:32Z	card0,99,17,4,N/A,0;;
2026-08-03T18:17:33Z	card0,99,17,26,N/A,0;;
2026-08-03T18:17:34Z	card0,100,17,15,N/A,0;;
2026-08-03T18:17:35Z	card0,100,17,15,N/A,0;;
2026-08-03T18:17:36Z	card0,99,17,1,N/A,0;;
2026-08-03T18:17:37Z	card0,99,17,1,N/A,0;;
2026-08-03T18:17:39Z	card0,99,17,84,N/A,0;;
2026-08-03T18:17:40Z	card0,99,17,2,N/A,0;;
2026-08-03T18:17:41Z	card0,99,17,4,N/A,0;;
2026-08-03T18:17:42Z	card0,99,17,5,N/A,0;;
2026-08-03T18:17:43Z	card0,99,17,17,N/A,0;;
2026-08-03T18:17:44Z	card0,99,17,15,N/A,0;;
2026-08-03T18:17:45Z	card0,99,17,5,N/A,0;;
2026-08-03T18:17:47Z	card0,99,17,7,N/A,0;;
2026-08-03T18:17:48Z	card0,99,17,15,N/A,0;;
2026-08-03T18:17:49Z	card0,99,17,32,N/A,0;;
2026-08-03T18:17:50Z	card0,99,17,2,N/A,0;;
2026-08-03T18:17:51Z	card0,99,17,5,N/A,0;;
2026-08-03T18:17:52Z	card0,99,17,15,N/A,0;;
2026-08-03T18:17:53Z	card0,100,17,2,N/A,0;;
2026-08-03T18:17:54Z	card0,99,17,67,N/A,0;;
2026-08-03T18:17:56Z	card0,99,17,37,N/A,0;;
2026-08-03T18:17:57Z	card0,99,17,16,N/A,0;;
2026-08-03T18:17:58Z	card0,100,17,16,N/A,0;;
2026-08-03T18:17:59Z	card0,100,17,29,N/A,0;;
2026-08-03T18:18:00Z	card0,99,17,15,N/A,0;;
2026-08-03T18:18:01Z	card0,100,17,2,N/A,0;;
2026-08-03T18:18:02Z	card0,99,17,15,N/A,0;;
2026-08-03T18:18:04Z	card0,99,17,5,N/A,0;;
2026-08-03T18:18:05Z	card0,99,17,15,N/A,0;;
2026-08-03T18:18:06Z	card0,99,17,9,N/A,0;;
2026-08-03T18:18:07Z	card0,99,17,2,N/A,0;;
2026-08-03T18:18:08Z	card0,99,17,2,N/A,0;;
2026-08-03T18:18:09Z	card0,99,17,16,N/A,0;;
2026-08-03T18:18:10Z	card0,99,17,2,N/A,0;;
2026-08-03T18:18:11Z	card0,99,17,2,N/A,0;;
2026-08-03T18:18:13Z	card0,90,17,85,N/A,0;;
2026-08-03T18:18:14Z	card0,99,17,6,N/A,0;;
2026-08-03T18:18:15Z	card0,99,17,17,N/A,0;;
2026-08-03T18:18:16Z	card0,99,17,15,N/A,0;;
2026-08-03T18:18:17Z	card0,100,17,17,N/A,0;;
2026-08-03T18:18:18Z	card0,100,17,12,N/A,0;;
2026-08-03T18:18:19Z	card0,99,17,2,N/A,0;;
2026-08-03T18:18:20Z	card0,99,17,17,N/A,0;;
2026-08-03T18:18:22Z	card0,100,17,2,N/A,0;;
2026-08-03T18:18:23Z	card0,99,17,13,N/A,0;;
2026-08-03T18:18:24Z	card0,99,17,2,N/A,0;;
2026-08-03T18:18:25Z	card0,99,17,16,N/A,0;;
2026-08-03T18:18:26Z	card0,99,17,2,N/A,0;;
2026-08-03T18:18:27Z	card0,100,17,2,N/A,0;;
2026-08-03T18:18:28Z	card0,99,17,12,N/A,0;;
2026-08-03T18:18:30Z	card0,100,17,60,N/A,0;;
2026-08-03T18:18:31Z	card0,100,17,15,N/A,0;;
2026-08-03T18:18:32Z	card0,100,17,8,N/A,0;;
2026-08-03T18:18:33Z	card0,99,17,17,N/A,0;;
2026-08-03T18:18:34Z	card0,100,17,2,N/A,0;;
2026-08-03T18:18:35Z	card0,99,17,6,N/A,0;;
2026-08-03T18:18:36Z	card0,100,17,4,N/A,0;;
2026-08-03T18:18:37Z	card0,100,17,4,N/A,0;;
2026-08-03T18:18:39Z	card0,99,17,16,N/A,0;;
2026-08-03T18:18:40Z	card0,100,17,1,N/A,0;;
2026-08-03T18:18:41Z	card0,99,17,43,N/A,0;;
2026-08-03T18:18:42Z	card0,99,17,17,N/A,0;;
2026-08-03T18:18:43Z	card0,100,17,15,N/A,0;;
2026-08-03T18:18:44Z	card0,100,17,15,N/A,0;;
2026-08-03T18:18:45Z	card0,99,17,16,N/A,0;;
2026-08-03T18:18:46Z	card0,100,17,15,N/A,0;;
2026-08-03T18:18:48Z	card0,99,17,16,N/A,0;;
2026-08-03T18:18:49Z	card0,100,17,1,N/A,0;;
2026-08-03T18:18:50Z	card0,99,17,15,N/A,0;;
2026-08-03T18:18:51Z	card0,99,17,16,N/A,0;;
2026-08-03T18:18:52Z	card0,100,17,2,N/A,0;;
2026-08-03T18:18:53Z	card0,99,17,48,N/A,0;;
2026-08-03T18:18:54Z	card0,100,17,2,N/A,0;;
2026-08-03T18:18:56Z	card0,99,17,5,N/A,0;;
2026-08-03T18:18:57Z	card0,98,17,15,N/A,0;;
2026-08-03T18:18:58Z	card0,99,17,17,N/A,0;;
2026-08-03T18:18:59Z	card0,99,17,15,N/A,0;;
2026-08-03T18:19:00Z	card0,99,17,16,N/A,0;;
2026-08-03T18:19:01Z	card0,100,17,16,N/A,0;;
2026-08-03T18:19:02Z	card0,100,17,2,N/A,0;;
2026-08-03T18:19:03Z	card0,99,17,15,N/A,0;;
2026-08-03T18:19:05Z	card0,99,17,3,N/A,0;;
2026-08-03T18:19:06Z	card0,99,17,15,N/A,0;;
2026-08-03T18:19:07Z	card0,100,17,17,N/A,0;;
2026-08-03T18:19:08Z	card0,99,17,14,N/A,0;;
2026-08-03T18:19:09Z	card0,99,17,15,N/A,0;;
2026-08-03T18:19:10Z	card0,98,17,16,N/A,0;;
2026-08-03T18:19:11Z	card0,97,17,1,N/A,0;;
2026-08-03T18:19:12Z	card0,99,17,15,N/A,0;;
2026-08-03T18:19:14Z	card0,99,17,16,N/A,0;;
2026-08-03T18:19:15Z	card0,99,17,1,N/A,0;;
2026-08-03T18:19:16Z	card0,99,17,16,N/A,0;;
2026-08-03T18:19:17Z	card0,99,17,15,N/A,0;;
2026-08-03T18:19:18Z	card0,99,17,2,N/A,0;;
2026-08-03T18:19:19Z	card0,99,17,2,N/A,0;;
2026-08-03T18:19:20Z	card0,98,17,0,N/A,0;;
2026-08-03T18:19:22Z	card0,98,17,16,N/A,0;;
2026-08-03T18:19:23Z	card0,99,17,20,N/A,0;;
2026-08-03T18:19:24Z	card0,99,17,1,N/A,0;;
2026-08-03T18:19:25Z	card0,99,17,17,N/A,0;;
2026-08-03T18:19:26Z	card0,99,17,2,N/A,0;;
2026-08-03T18:19:27Z	card0,99,17,16,N/A,0;;
2026-08-03T18:19:28Z	card0,98,17,4,N/A,0;;
2026-08-03T18:19:29Z	card0,99,17,15,N/A,0;;
2026-08-03T18:19:31Z	card0,99,17,15,N/A,0;;
2026-08-03T18:19:32Z	card0,96,17,15,N/A,0;;
2026-08-03T18:19:33Z	card0,94,17,15,N/A,0;;
2026-08-03T18:19:34Z	card0,99,17,16,N/A,0;;
2026-08-03T18:19:35Z	card0,99,17,11,N/A,0;;
2026-08-03T18:19:36Z	card0,100,17,2,N/A,0;;
2026-08-03T18:19:37Z	card0,100,17,23,N/A,0;;
2026-08-03T18:19:39Z	card0,98,17,2,N/A,0;;
2026-08-03T18:19:40Z	card0,96,17,14,N/A,0;;
2026-08-03T18:19:41Z	card0,99,17,16,N/A,0;;
2026-08-03T18:19:42Z	card0,99,17,26,N/A,0;;
2026-08-03T18:19:43Z	card0,100,17,17,N/A,0;;
2026-08-03T18:19:44Z	card0,100,17,15,N/A,0;;
2026-08-03T18:19:45Z	card0,99,17,15,N/A,0;;
2026-08-03T18:19:46Z	card0,99,17,61,N/A,0;;
2026-08-03T18:19:48Z	card0,100,17,15,N/A,0;;
2026-08-03T18:19:49Z	card0,99,17,16,N/A,0;;
2026-08-03T18:19:50Z	card0,100,17,16,N/A,0;;
2026-08-03T18:19:51Z	card0,97,17,14,N/A,0;;
2026-08-03T18:19:52Z	card0,99,17,15,N/A,0;;
2026-08-03T18:19:53Z	card0,99,17,16,N/A,0;;
2026-08-03T18:19:54Z	card0,99,17,2,N/A,0;;
2026-08-03T18:19:55Z	card0,99,17,11,N/A,0;;
2026-08-03T18:19:57Z	card0,98,17,2,N/A,0;;
2026-08-03T18:19:58Z	card0,99,17,15,N/A,0;;
2026-08-03T18:19:59Z	card0,99,17,11,N/A,0;;
2026-08-03T18:20:00Z	card0,99,17,2,N/A,0;;
2026-08-03T18:20:01Z	card0,100,17,15,N/A,0;;
2026-08-03T18:20:02Z	card0,98,17,12,N/A,0;;
2026-08-03T18:20:03Z	card0,99,17,16,N/A,0;;
2026-08-03T18:20:05Z	card0,100,17,15,N/A,0;;
2026-08-03T18:20:06Z	card0,99,17,15,N/A,0;;
2026-08-03T18:20:07Z	card0,94,17,15,N/A,0;;
2026-08-03T18:20:08Z	card0,90,17,7,N/A,0;;
2026-08-03T18:20:09Z	card0,95,17,4,N/A,0;;
2026-08-03T18:20:10Z	card0,99,17,15,N/A,0;;
2026-08-03T18:20:11Z	card0,99,17,2,N/A,0;;
2026-08-03T18:20:12Z	card0,99,17,7,N/A,0;;
2026-08-03T18:20:14Z	card0,99,17,8,N/A,0;;
2026-08-03T18:20:15Z	card0,98,17,15,N/A,0;;
2026-08-03T18:20:16Z	card0,98,17,15,N/A,0;;
2026-08-03T18:20:17Z	card0,99,17,1,N/A,0;;
2026-08-03T18:20:18Z	card0,98,17,2,N/A,0;;
2026-08-03T18:20:19Z	card0,99,17,1,N/A,0;;
2026-08-03T18:20:20Z	card0,99,17,16,N/A,0;;
2026-08-03T18:20:21Z	card0,99,17,16,N/A,0;;
2026-08-03T18:20:23Z	card0,99,17,46,N/A,0;;
2026-08-03T18:20:24Z	card0,99,17,15,N/A,0;;
2026-08-03T18:20:25Z	card0,99,17,2,N/A,0;;
2026-08-03T18:20:26Z	card0,99,17,15,N/A,0;;
2026-08-03T18:20:27Z	card0,99,17,32,N/A,0;;
2026-08-03T18:20:28Z	card0,99,17,16,N/A,0;;
2026-08-03T18:20:29Z	card0,98,17,4,N/A,0;;
2026-08-03T18:20:31Z	card0,99,17,6,N/A,0;;
2026-08-03T18:20:32Z	card0,99,17,17,N/A,0;;
2026-08-03T18:20:33Z	card0,99,17,15,N/A,0;;
2026-08-03T18:20:34Z	card0,99,17,9,N/A,0;;
2026-08-03T18:20:35Z	card0,99,17,15,N/A,0;;
2026-08-03T18:20:36Z	card0,98,17,15,N/A,0;;
2026-08-03T18:20:37Z	card0,99,17,15,N/A,0;;
2026-08-03T18:20:38Z	card0,98,17,16,N/A,0;;
2026-08-03T18:20:40Z	card0,99,17,15,N/A,0;;
2026-08-03T18:20:41Z	card0,98,17,11,N/A,0;;
2026-08-03T18:20:42Z	card0,99,17,2,N/A,0;;
2026-08-03T18:20:43Z	card0,99,17,2,N/A,0;;
2026-08-03T18:20:44Z	card0,99,17,6,N/A,0;;
2026-08-03T18:20:45Z	card0,99,17,16,N/A,0;;
2026-08-03T18:20:46Z	card0,99,17,15,N/A,0;;
2026-08-03T18:20:48Z	card0,99,17,17,N/A,0;;
2026-08-03T18:20:49Z	card0,90,17,43,N/A,0;;
2026-08-03T18:20:50Z	card0,99,17,2,N/A,0;;
2026-08-03T18:20:51Z	card0,100,17,15,N/A,0;;
2026-08-03T18:20:52Z	card0,98,17,1,N/A,0;;
2026-08-03T18:20:53Z	card0,48,17,7,N/A,0;;
2026-08-03T18:20:54Z	card0,99,17,16,N/A,0;;
2026-08-03T18:20:55Z	card0,99,17,16,N/A,0;;
2026-08-03T18:20:57Z	card0,99,17,15,N/A,0;;
2026-08-03T18:20:58Z	card0,99,17,17,N/A,0;;
2026-08-03T18:20:59Z	card0,99,17,15,N/A,0;;
2026-08-03T18:21:00Z	card0,90,17,2,N/A,0;;
2026-08-03T18:21:01Z	card0,99,17,15,N/A,0;;
2026-08-03T18:21:02Z	card0,99,17,16,N/A,0;;
2026-08-03T18:21:03Z	card0,99,17,16,N/A,0;;
2026-08-03T18:21:04Z	card0,99,17,11,N/A,0;;
2026-08-03T18:21:06Z	card0,99,17,16,N/A,0;;
2026-08-03T18:21:07Z	card0,99,17,4,N/A,0;;
2026-08-03T18:21:08Z	card0,99,17,15,N/A,0;;
2026-08-03T18:21:09Z	card0,99,17,2,N/A,0;;
2026-08-03T18:21:10Z	card0,100,17,2,N/A,0;;
2026-08-03T18:21:11Z	card0,99,17,65,N/A,0;;
2026-08-03T18:21:12Z	card0,99,17,15,N/A,0;;
2026-08-03T18:21:14Z	card0,99,17,15,N/A,0;;
2026-08-03T18:21:15Z	card0,99,17,15,N/A,0;;
2026-08-03T18:21:16Z	card0,99,17,16,N/A,0;;
2026-08-03T18:21:17Z	card0,99,17,15,N/A,0;;
2026-08-03T18:21:18Z	card0,90,17,2,N/A,0;;
2026-08-03T18:21:19Z	card0,99,17,0,N/A,0;;
2026-08-03T18:21:20Z	card0,83,17,16,N/A,0;;
2026-08-03T18:21:21Z	card0,99,17,55,N/A,0;;
2026-08-03T18:21:23Z	card0,99,17,4,N/A,0;;
2026-08-03T18:21:24Z	card0,99,17,4,N/A,0;;
2026-08-03T18:21:25Z	card0,99,17,32,N/A,0;;
2026-08-03T18:21:26Z	card0,98,17,16,N/A,0;;
2026-08-03T18:21:27Z	card0,99,17,13,N/A,0;;
2026-08-03T18:21:28Z	card0,99,17,41,N/A,0;;
2026-08-03T18:21:29Z	card0,100,17,16,N/A,0;;
2026-08-03T18:21:30Z	card0,99,17,15,N/A,0;;
2026-08-03T18:21:32Z	card0,99,17,15,N/A,0;;
2026-08-03T18:21:33Z	card0,100,17,16,N/A,0;;
2026-08-03T18:21:34Z	card0,100,17,0,N/A,0;;
2026-08-03T18:21:35Z	card0,98,17,16,N/A,0;;
2026-08-03T18:21:36Z	card0,98,17,15,N/A,0;;
2026-08-03T18:21:37Z	card0,99,17,15,N/A,0;;
2026-08-03T18:21:38Z	card0,98,17,2,N/A,0;;
2026-08-03T18:21:40Z	card0,99,17,14,N/A,0;;
2026-08-03T18:21:41Z	card0,99,17,25,N/A,0;;
2026-08-03T18:21:42Z	card0,90,17,7,N/A,0;;
2026-08-03T18:21:43Z	card0,99,17,16,N/A,0;;
2026-08-03T18:21:44Z	card0,99,17,15,N/A,0;;
2026-08-03T18:21:45Z	card0,99,17,6,N/A,0;;
2026-08-03T18:21:46Z	card0,98,17,15,N/A,0;;
2026-08-03T18:21:47Z	card0,99,17,85,N/A,0;;
2026-08-03T18:21:49Z	card0,99,17,15,N/A,0;;
2026-08-03T18:21:50Z	card0,99,17,1,N/A,0;;
2026-08-03T18:21:51Z	card0,99,17,15,N/A,0;;
2026-08-03T18:21:52Z	card0,99,17,3,N/A,0;;
2026-08-03T18:21:53Z	card0,100,17,15,N/A,0;;
2026-08-03T18:21:54Z	card0,98,17,16,N/A,0;;
2026-08-03T18:21:55Z	card0,99,17,16,N/A,0;;
2026-08-03T18:21:56Z	card0,99,17,16,N/A,0;;
2026-08-03T18:21:58Z	card0,99,17,16,N/A,0;;
2026-08-03T18:21:59Z	card0,98,17,5,N/A,0;;
2026-08-03T18:22:00Z	card0,99,17,15,N/A,0;;
2026-08-03T18:22:01Z	card0,99,17,2,N/A,0;;
2026-08-03T18:22:02Z	card0,99,17,17,N/A,0;;
2026-08-03T18:22:03Z	card0,90,17,14,N/A,0;;
2026-08-03T18:22:04Z	card0,99,17,16,N/A,0;;
2026-08-03T18:22:06Z	card0,99,17,11,N/A,0;;
2026-08-03T18:22:07Z	card0,96,17,16,N/A,0;;
2026-08-03T18:22:08Z	card0,90,17,9,N/A,0;;
2026-08-03T18:22:09Z	card0,99,17,16,N/A,0;;
2026-08-03T18:22:10Z	card0,99,17,1,N/A,0;;
2026-08-03T18:22:11Z	card0,99,17,40,N/A,0;;
2026-08-03T18:22:12Z	card0,99,17,2,N/A,0;;
2026-08-03T18:22:13Z	card0,99,17,40,N/A,0;;
2026-08-03T18:22:15Z	card0,99,17,4,N/A,0;;
2026-08-03T18:22:16Z	card0,99,17,6,N/A,0;;
2026-08-03T18:22:17Z	card0,99,17,15,N/A,0;;
2026-08-03T18:22:18Z	card0,99,17,2,N/A,0;;
2026-08-03T18:22:19Z	card0,99,17,2,N/A,0;;
2026-08-03T18:22:20Z	card0,99,17,6,N/A,0;;
2026-08-03T18:22:21Z	card0,99,17,4,N/A,0;;
2026-08-03T18:22:23Z	card0,99,17,15,N/A,0;;
2026-08-03T18:22:24Z	card0,99,17,16,N/A,0;;
2026-08-03T18:22:25Z	card0,99,17,16,N/A,0;;
2026-08-03T18:22:26Z	card0,99,17,36,N/A,0;;
2026-08-03T18:22:27Z	card0,99,17,17,N/A,0;;
2026-08-03T18:22:28Z	card0,99,17,1,N/A,0;;
2026-08-03T18:22:29Z	card0,96,17,15,N/A,0;;
2026-08-03T18:22:30Z	card0,97,17,15,N/A,0;;
2026-08-03T18:22:32Z	card0,99,17,2,N/A,0;;
2026-08-03T18:22:33Z	card0,100,17,15,N/A,0;;
2026-08-03T18:22:34Z	card0,98,17,16,N/A,0;;
2026-08-03T18:22:35Z	card0,99,17,2,N/A,0;;
2026-08-03T18:22:36Z	card0,99,17,2,N/A,0;;
2026-08-03T18:22:37Z	card0,99,17,65,N/A,0;;
2026-08-03T18:22:38Z	card0,99,17,2,N/A,0;;
2026-08-03T18:22:39Z	card0,99,17,35,N/A,0;;
2026-08-03T18:22:41Z	card0,99,17,17,N/A,0;;
2026-08-03T18:22:42Z	card0,90,17,8,N/A,0;;
2026-08-03T18:22:43Z	card0,99,17,15,N/A,0;;
2026-08-03T18:22:44Z	card0,99,17,1,N/A,0;;
2026-08-03T18:22:45Z	card0,99,17,17,N/A,0;;
2026-08-03T18:22:46Z	card0,99,17,2,N/A,0;;
2026-08-03T18:22:47Z	card0,99,17,77,N/A,0;;
2026-08-03T18:22:49Z	card0,99,17,16,N/A,0;;
2026-08-03T18:22:50Z	card0,99,17,16,N/A,0;;
2026-08-03T18:22:51Z	card0,99,17,1,N/A,0;;
2026-08-03T18:22:52Z	card0,99,17,16,N/A,0;;
2026-08-03T18:22:53Z	card0,99,17,2,N/A,0;;
2026-08-03T18:22:54Z	card0,99,17,7,N/A,0;;
2026-08-03T18:22:55Z	card0,99,17,9,N/A,0;;
2026-08-03T18:22:56Z	card0,99,17,15,N/A,0;;
2026-08-03T18:22:58Z	card0,99,17,1,N/A,0;;
2026-08-03T18:22:59Z	card0,99,17,2,N/A,0;;
2026-08-03T18:23:00Z	card0,99,17,78,N/A,0;;
2026-08-03T18:23:01Z	card0,99,17,16,N/A,0;;
2026-08-03T18:23:02Z	card0,99,17,2,N/A,0;;
2026-08-03T18:23:03Z	card0,99,17,15,N/A,0;;
2026-08-03T18:23:04Z	card0,99,17,16,N/A,0;;
2026-08-03T18:23:05Z	card0,99,17,1,N/A,0;;
2026-08-03T18:23:07Z	card0,99,17,7,N/A,0;;
2026-08-03T18:23:08Z	card0,100,17,6,N/A,0;;
2026-08-03T18:23:09Z	card0,91,17,15,N/A,0;;
2026-08-03T18:23:10Z	card0,99,17,15,N/A,0;;
2026-08-03T18:23:11Z	card0,99,17,84,N/A,0;;
2026-08-03T18:23:12Z	card0,100,17,16,N/A,0;;
2026-08-03T18:23:13Z	card0,99,17,52,N/A,0;;
2026-08-03T18:23:15Z	card0,99,17,16,N/A,0;;
2026-08-03T18:23:16Z	card0,99,17,14,N/A,0;;
2026-08-03T18:23:17Z	card0,100,17,71,N/A,0;;
2026-08-03T18:23:18Z	card0,99,17,2,N/A,0;;
2026-08-03T18:23:19Z	card0,100,17,1,N/A,0;;
2026-08-03T18:23:20Z	card0,99,17,17,N/A,0;;
2026-08-03T18:23:21Z	card0,99,17,15,N/A,0;;
2026-08-03T18:23:22Z	card0,98,17,15,N/A,0;;
2026-08-03T18:23:24Z	card0,99,17,15,N/A,0;;
2026-08-03T18:23:25Z	card0,99,17,16,N/A,0;;
2026-08-03T18:23:26Z	card0,99,17,24,N/A,0;;
2026-08-03T18:23:27Z	card0,99,17,14,N/A,0;;
2026-08-03T18:23:28Z	card0,98,17,15,N/A,0;;
2026-08-03T18:23:29Z	card0,98,17,15,N/A,0;;
2026-08-03T18:23:30Z	card0,99,17,16,N/A,0;;
2026-08-03T18:23:32Z	card0,99,17,1,N/A,0;;
2026-08-03T18:23:33Z	card0,99,17,26,N/A,0;;
2026-08-03T18:23:34Z	card0,99,17,16,N/A,0;;
2026-08-03T18:23:35Z	card0,98,17,15,N/A,0;;
2026-08-03T18:23:36Z	card0,98,17,15,N/A,0;;
2026-08-03T18:23:37Z	card0,98,17,36,N/A,0;;
2026-08-03T18:23:38Z	card0,98,17,26,N/A,0;;
2026-08-03T18:23:39Z	card0,90,17,14,N/A,0;;
2026-08-03T18:23:41Z	card0,99,17,15,N/A,0;;
2026-08-03T18:23:42Z	card0,90,17,16,N/A,0;;
2026-08-03T18:23:43Z	card0,99,17,56,N/A,0;;
2026-08-03T18:23:44Z	card0,99,17,16,N/A,0;;
2026-08-03T18:23:45Z	card0,98,17,4,N/A,0;;
2026-08-03T18:23:46Z	card0,99,17,16,N/A,0;;
2026-08-03T18:23:47Z	card0,98,17,16,N/A,0;;
2026-08-03T18:23:48Z	card0,99,17,15,N/A,0;;
2026-08-03T18:23:50Z	card0,99,17,16,N/A,0;;
2026-08-03T18:23:51Z	card0,99,17,16,N/A,0;;
2026-08-03T18:23:52Z	card0,99,17,15,N/A,0;;
2026-08-03T18:23:53Z	card0,99,17,15,N/A,0;;
2026-08-03T18:23:54Z	card0,99,17,16,N/A,0;;
2026-08-03T18:23:55Z	card0,98,17,15,N/A,0;;
2026-08-03T18:23:56Z	card0,99,17,6,N/A,0;;
2026-08-03T18:23:58Z	card0,99,17,2,N/A,0;;
2026-08-03T18:23:59Z	card0,99,17,15,N/A,0;;
2026-08-03T18:24:00Z	card0,99,17,73,N/A,0;;
2026-08-03T18:24:01Z	card0,99,17,15,N/A,0;;
2026-08-03T18:24:02Z	card0,99,17,44,N/A,0;;
2026-08-03T18:24:03Z	card0,99,17,16,N/A,0;;
2026-08-03T18:24:04Z	card0,99,17,15,N/A,0;;
2026-08-03T18:24:05Z	card0,99,17,16,N/A,0;;
2026-08-03T18:24:07Z	card0,99,17,16,N/A,0;;
2026-08-03T18:24:08Z	card0,99,17,16,N/A,0;;
2026-08-03T18:24:09Z	card0,90,17,14,N/A,0;;
2026-08-03T18:24:10Z	card0,99,17,18,N/A,0;;
2026-08-03T18:24:11Z	card0,100,17,16,N/A,0;;
2026-08-03T18:24:12Z	card0,99,17,15,N/A,0;;
2026-08-03T18:24:13Z	card0,90,17,14,N/A,0;;
2026-08-03T18:24:14Z	card0,99,17,15,N/A,0;;
2026-08-03T18:24:16Z	card0,99,17,2,N/A,0;;
2026-08-03T18:24:17Z	card0,97,17,15,N/A,0;;
2026-08-03T18:24:18Z	card0,98,17,12,N/A,0;;
2026-08-03T18:24:19Z	card0,99,17,2,N/A,0;;
2026-08-03T18:24:20Z	card0,100,17,16,N/A,0;;
2026-08-03T18:24:21Z	card0,99,17,2,N/A,0;;
2026-08-03T18:24:22Z	card0,100,17,16,N/A,0;;
2026-08-03T18:24:24Z	card0,99,17,78,N/A,0;;
2026-08-03T18:24:25Z	card0,100,17,44,N/A,0;;
2026-08-03T18:24:26Z	card0,99,17,5,N/A,0;;
2026-08-03T18:24:27Z	card0,100,17,79,N/A,0;;
2026-08-03T18:24:28Z	card0,99,17,2,N/A,0;;
2026-08-03T18:24:29Z	card0,99,17,2,N/A,0;;
2026-08-03T18:24:30Z	card0,99,17,6,N/A,0;;
2026-08-03T18:24:31Z	card0,100,17,3,N/A,0;;
2026-08-03T18:24:33Z	card0,99,17,2,N/A,0;;
2026-08-03T18:24:34Z	card0,99,17,16,N/A,0;;
2026-08-03T18:24:35Z	card0,99,17,17,N/A,0;;
2026-08-03T18:24:36Z	card0,99,17,39,N/A,0;;
2026-08-03T18:24:37Z	card0,99,17,16,N/A,0;;
2026-08-03T18:24:38Z	card0,100,17,4,N/A,0;;
2026-08-03T18:24:39Z	card0,99,17,20,N/A,0;;
2026-08-03T18:24:41Z	card0,99,17,16,N/A,0;;
2026-08-03T18:24:42Z	card0,99,17,2,N/A,0;;
2026-08-03T18:24:43Z	card0,99,17,16,N/A,0;;
2026-08-03T18:24:44Z	card0,99,17,15,N/A,0;;
2026-08-03T18:24:45Z	card0,99,17,1,N/A,0;;
2026-08-03T18:24:46Z	card0,99,17,16,N/A,0;;
2026-08-03T18:24:47Z	card0,100,17,15,N/A,0;;
2026-08-03T18:24:48Z	card0,99,17,16,N/A,0;;
2026-08-03T18:24:50Z	card0,99,17,2,N/A,0;;
2026-08-03T18:24:51Z	card0,99,17,4,N/A,0;;
2026-08-03T18:24:52Z	card0,99,17,6,N/A,0;;
2026-08-03T18:24:53Z	card0,100,17,17,N/A,0;;
2026-08-03T18:24:54Z	card0,99,17,15,N/A,0;;
2026-08-03T18:24:55Z	card0,100,17,4,N/A,0;;
2026-08-03T18:24:56Z	card0,99,17,15,N/A,0;;
2026-08-03T18:24:57Z	card0,89,17,14,N/A,0;;
2026-08-03T18:24:59Z	card0,99,17,16,N/A,0;;
2026-08-03T18:25:00Z	card0,99,17,59,N/A,0;;
2026-08-03T18:25:01Z	card0,100,17,16,N/A,0;;
2026-08-03T18:25:02Z	card0,99,17,16,N/A,0;;
2026-08-03T18:25:03Z	card0,100,17,16,N/A,0;;
2026-08-03T18:25:04Z	card0,100,17,2,N/A,0;;
2026-08-03T18:25:05Z	card0,99,17,15,N/A,0;;
2026-08-03T18:25:07Z	card0,99,17,16,N/A,0;;
2026-08-03T18:25:08Z	card0,99,17,18,N/A,0;;
2026-08-03T18:25:09Z	card0,100,17,5,N/A,0;;
2026-08-03T18:25:10Z	card0,99,17,7,N/A,0;;
2026-08-03T18:25:11Z	card0,100,17,13,N/A,0;;
2026-08-03T18:25:12Z	card0,99,17,3,N/A,0;;
2026-08-03T18:25:13Z	card0,99,17,2,N/A,0;;
2026-08-03T18:25:14Z	card0,99,17,17,N/A,0;;
2026-08-03T18:25:16Z	card0,99,17,2,N/A,0;;
2026-08-03T18:25:17Z	card0,99,17,15,N/A,0;;
2026-08-03T18:25:18Z	card0,99,17,72,N/A,0;;
2026-08-03T18:25:19Z	card0,99,17,2,N/A,0;;
2026-08-03T18:25:20Z	card0,99,17,13,N/A,0;;
2026-08-03T18:25:21Z	card0,99,17,2,N/A,0;;
2026-08-03T18:25:22Z	card0,99,17,40,N/A,0;;
2026-08-03T18:25:24Z	card0,84,17,14,N/A,0;;
2026-08-03T18:25:25Z	card0,99,17,15,N/A,0;;
2026-08-03T18:25:26Z	card0,99,17,15,N/A,0;;
2026-08-03T18:25:27Z	card0,100,17,2,N/A,0;;
2026-08-03T18:25:28Z	card0,99,17,12,N/A,0;;
2026-08-03T18:25:29Z	card0,100,17,5,N/A,0;;
2026-08-03T18:25:30Z	card0,100,17,8,N/A,0;;
2026-08-03T18:25:31Z	card0,99,17,13,N/A,0;;
2026-08-03T18:25:33Z	card0,98,17,60,N/A,0;;
2026-08-03T18:25:34Z	card0,99,17,15,N/A,0;;
2026-08-03T18:25:35Z	card0,99,17,16,N/A,0;;
2026-08-03T18:25:36Z	card0,99,17,16,N/A,0;;
2026-08-03T18:25:37Z	card0,99,17,5,N/A,0;;
2026-08-03T18:25:38Z	card0,99,17,15,N/A,0;;
2026-08-03T18:25:39Z	card0,100,17,16,N/A,0;;
2026-08-03T18:25:40Z	card0,99,17,14,N/A,0;;
2026-08-03T18:25:42Z	card0,99,17,14,N/A,0;;
2026-08-03T18:25:43Z	card0,99,17,13,N/A,0;;
2026-08-03T18:25:44Z	card0,99,17,2,N/A,0;;
2026-08-03T18:25:45Z	card0,99,17,1,N/A,0;;
2026-08-03T18:25:46Z	card0,98,17,15,N/A,0;;
2026-08-03T18:25:47Z	card0,99,17,56,N/A,0;;
2026-08-03T18:25:48Z	card0,99,17,2,N/A,0;;
2026-08-03T18:25:50Z	card0,99,17,15,N/A,0;;
2026-08-03T18:25:51Z	card0,99,17,15,N/A,0;;
2026-08-03T18:25:52Z	card0,99,17,16,N/A,0;;
2026-08-03T18:25:53Z	card0,99,17,2,N/A,0;;
2026-08-03T18:25:54Z	card0,99,17,11,N/A,0;;
2026-08-03T18:25:55Z	card0,99,17,1,N/A,0;;
2026-08-03T18:25:56Z	card0,99,17,15,N/A,0;;
2026-08-03T18:25:57Z	card0,99,17,6,N/A,0;;
2026-08-03T18:25:59Z	card0,99,17,16,N/A,0;;
2026-08-03T18:26:00Z	card0,99,17,15,N/A,0;;
2026-08-03T18:26:01Z	card0,99,17,17,N/A,0;;
2026-08-03T18:26:02Z	card0,99,17,21,N/A,0;;
2026-08-03T18:26:03Z	card0,99,17,15,N/A,0;;
2026-08-03T18:26:04Z	card0,99,17,2,N/A,0;;
2026-08-03T18:26:05Z	card0,99,17,15,N/A,0;;
2026-08-03T18:26:06Z	card0,99,17,16,N/A,0;;
2026-08-03T18:26:08Z	card0,99,17,2,N/A,0;;
2026-08-03T18:26:09Z	card0,99,17,15,N/A,0;;
2026-08-03T18:26:10Z	card0,99,17,6,N/A,0;;
2026-08-03T18:26:11Z	card0,99,17,16,N/A,0;;
2026-08-03T18:26:12Z	card0,99,17,15,N/A,0;;
2026-08-03T18:26:13Z	card0,100,17,5,N/A,0;;
2026-08-03T18:26:14Z	card0,99,17,15,N/A,0;;
2026-08-03T18:26:16Z	card0,100,17,15,N/A,0;;
2026-08-03T18:26:17Z	card0,99,17,2,N/A,0;;
2026-08-03T18:26:18Z	card0,100,17,15,N/A,0;;
2026-08-03T18:26:19Z	card0,99,17,16,N/A,0;;
2026-08-03T18:26:20Z	card0,100,17,2,N/A,0;;
2026-08-03T18:26:21Z	card0,100,17,4,N/A,0;;
2026-08-03T18:26:22Z	card0,99,17,16,N/A,0;;
2026-08-03T18:26:23Z	card0,97,17,14,N/A,0;;
2026-08-03T18:26:25Z	card0,97,17,15,N/A,0;;
2026-08-03T18:26:26Z	card0,99,17,11,N/A,0;;
2026-08-03T18:26:27Z	card0,99,17,3,N/A,0;;
2026-08-03T18:26:28Z	card0,99,17,15,N/A,0;;
2026-08-03T18:26:29Z	card0,99,17,7,N/A,0;;
2026-08-03T18:26:30Z	card0,99,17,17,N/A,0;;
2026-08-03T18:26:31Z	card0,98,17,15,N/A,0;;
2026-08-03T18:26:33Z	card0,97,17,16,N/A,0;;
2026-08-03T18:26:34Z	card0,99,17,16,N/A,0;;
2026-08-03T18:26:35Z	card0,100,17,15,N/A,0;;
2026-08-03T18:26:36Z	card0,99,17,2,N/A,0;;
2026-08-03T18:26:37Z	card0,100,17,2,N/A,0;;
2026-08-03T18:26:38Z	card0,99,17,15,N/A,0;;
2026-08-03T18:26:39Z	card0,98,17,36,N/A,0;;
2026-08-03T18:26:40Z	card0,99,17,16,N/A,0;;
2026-08-03T18:26:42Z	card0,99,17,15,N/A,0;;
2026-08-03T18:26:43Z	card0,99,17,64,N/A,0;;
2026-08-03T18:26:44Z	card0,99,17,2,N/A,0;;
2026-08-03T18:26:45Z	card0,99,17,13,N/A,0;;
2026-08-03T18:26:46Z	card0,99,17,16,N/A,0;;
2026-08-03T18:26:47Z	card0,98,17,5,N/A,0;;
2026-08-03T18:26:48Z	card0,97,17,15,N/A,0;;
2026-08-03T18:26:49Z	card0,98,17,15,N/A,0;;
2026-08-03T18:26:51Z	card0,98,17,2,N/A,0;;
2026-08-03T18:26:52Z	card0,99,17,2,N/A,0;;
2026-08-03T18:26:53Z	card0,99,17,16,N/A,0;;
2026-08-03T18:26:54Z	card0,100,17,2,N/A,0;;
2026-08-03T18:26:55Z	card0,99,17,15,N/A,0;;
2026-08-03T18:26:56Z	card0,99,17,67,N/A,0;;
2026-08-03T18:26:57Z	card0,98,17,16,N/A,0;;
2026-08-03T18:26:59Z	card0,98,17,15,N/A,0;;
2026-08-03T18:27:00Z	card0,97,17,69,N/A,0;;
2026-08-03T18:27:01Z	card0,99,17,16,N/A,0;;
2026-08-03T18:27:02Z	card0,98,17,8,N/A,0;;
2026-08-03T18:27:03Z	card0,99,17,15,N/A,0;;
2026-08-03T18:27:04Z	card0,99,17,73,N/A,0;;
2026-08-03T18:27:05Z	card0,99,17,2,N/A,0;;
2026-08-03T18:27:06Z	card0,99,17,31,N/A,0;;
2026-08-03T18:27:08Z	card0,99,17,4,N/A,0;;
2026-08-03T18:27:09Z	card0,99,17,32,N/A,0;;
2026-08-03T18:27:10Z	card0,99,17,15,N/A,0;;
2026-08-03T18:27:11Z	card0,98,17,16,N/A,0;;
2026-08-03T18:27:12Z	card0,99,17,15,N/A,0;;
2026-08-03T18:27:13Z	card0,98,17,15,N/A,0;;
2026-08-03T18:27:14Z	card0,99,17,16,N/A,0;;
2026-08-03T18:27:15Z	card0,98,17,15,N/A,0;;
2026-08-03T18:27:17Z	card0,99,17,15,N/A,0;;
2026-08-03T18:27:18Z	card0,99,17,16,N/A,0;;
2026-08-03T18:27:19Z	card0,98,17,1,N/A,0;;
2026-08-03T18:27:20Z	card0,99,17,44,N/A,0;;
2026-08-03T18:27:21Z	card0,99,17,4,N/A,0;;
2026-08-03T18:27:22Z	card0,98,17,15,N/A,0;;
2026-08-03T18:27:23Z	card0,99,17,15,N/A,0;;
2026-08-03T18:27:25Z	card0,99,17,15,N/A,0;;
2026-08-03T18:27:26Z	card0,98,17,16,N/A,0;;
2026-08-03T18:27:27Z	card0,99,17,2,N/A,0;;
2026-08-03T18:27:28Z	card0,89,17,14,N/A,0;;
2026-08-03T18:27:29Z	card0,99,17,16,N/A,0;;
2026-08-03T18:27:30Z	card0,100,17,16,N/A,0;;
2026-08-03T18:27:31Z	card0,100,17,2,N/A,0;;
2026-08-03T18:27:32Z	card0,99,17,15,N/A,0;;
2026-08-03T18:27:34Z	card0,99,17,20,N/A,0;;
2026-08-03T18:27:35Z	card0,99,17,15,N/A,0;;
2026-08-03T18:27:36Z	card0,99,17,6,N/A,0;;
2026-08-03T18:27:37Z	card0,99,17,2,N/A,0;;
2026-08-03T18:27:38Z	card0,99,17,16,N/A,0;;
2026-08-03T18:27:39Z	card0,99,17,15,N/A,0;;
2026-08-03T18:27:40Z	card0,99,17,16,N/A,0;;
2026-08-03T18:27:42Z	card0,99,17,15,N/A,0;;
2026-08-03T18:27:43Z	card0,99,17,17,N/A,0;;
2026-08-03T18:27:44Z	card0,99,17,15,N/A,0;;
2026-08-03T18:27:45Z	card0,99,17,9,N/A,0;;
2026-08-03T18:27:46Z	card0,99,17,2,N/A,0;;
2026-08-03T18:27:47Z	card0,99,17,15,N/A,0;;
2026-08-03T18:27:48Z	card0,99,17,16,N/A,0;;
2026-08-03T18:27:49Z	card0,99,17,2,N/A,0;;
2026-08-03T18:27:51Z	card0,100,17,2,N/A,0;;
2026-08-03T18:27:52Z	card0,99,17,15,N/A,0;;
2026-08-03T18:27:53Z	card0,99,17,2,N/A,0;;
2026-08-03T18:27:54Z	card0,99,17,15,N/A,0;;
2026-08-03T18:27:55Z	card0,99,17,17,N/A,0;;
2026-08-03T18:27:56Z	card0,90,17,24,N/A,0;;
2026-08-03T18:27:57Z	card0,99,17,15,N/A,0;;
2026-08-03T18:27:58Z	card0,99,17,15,N/A,0;;
2026-08-03T18:28:00Z	card0,99,17,34,N/A,0;;
2026-08-03T18:28:01Z	card0,98,17,15,N/A,0;;
2026-08-03T18:28:02Z	card0,99,17,28,N/A,0;;
2026-08-03T18:28:03Z	card0,100,17,18,N/A,0;;
2026-08-03T18:28:04Z	card0,99,17,21,N/A,0;;
2026-08-03T18:28:05Z	card0,99,17,2,N/A,0;;
2026-08-03T18:28:06Z	card0,99,17,17,N/A,0;;
2026-08-03T18:28:08Z	card0,99,17,2,N/A,0;;
2026-08-03T18:28:09Z	card0,99,17,16,N/A,0;;
2026-08-03T18:28:10Z	card0,99,17,2,N/A,0;;
2026-08-03T18:28:11Z	card0,99,17,15,N/A,0;;
2026-08-03T18:28:12Z	card0,99,17,15,N/A,0;;
2026-08-03T18:28:13Z	card0,99,17,2,N/A,0;;
2026-08-03T18:28:14Z	card0,99,17,15,N/A,0;;
2026-08-03T18:28:15Z	card0,99,17,44,N/A,0;;
2026-08-03T18:28:17Z	card0,99,17,16,N/A,0;;
2026-08-03T18:28:18Z	card0,99,17,15,N/A,0;;
2026-08-03T18:28:19Z	card0,99,17,86,N/A,0;;
2026-08-03T18:28:20Z	card0,89,17,3,N/A,0;;
2026-08-03T18:28:21Z	card0,99,17,2,N/A,0;;
2026-08-03T18:28:22Z	card0,99,17,15,N/A,0;;
2026-08-03T18:28:23Z	card0,99,17,16,N/A,0;;
2026-08-03T18:28:24Z	card0,99,17,4,N/A,0;;
2026-08-03T18:28:26Z	card0,99,17,16,N/A,0;;
2026-08-03T18:28:27Z	card0,99,17,29,N/A,0;;
2026-08-03T18:28:28Z	card0,99,17,3,N/A,0;;
2026-08-03T18:28:29Z	card0,99,17,16,N/A,0;;
2026-08-03T18:28:30Z	card0,100,17,86,N/A,0;;
2026-08-03T18:28:31Z	card0,100,17,40,N/A,0;;
2026-08-03T18:28:32Z	card0,99,17,15,N/A,0;;
2026-08-03T18:28:34Z	card0,99,17,2,N/A,0;;
2026-08-03T18:28:35Z	card0,100,17,15,N/A,0;;
2026-08-03T18:28:36Z	card0,99,17,17,N/A,0;;
2026-08-03T18:28:37Z	card0,100,17,15,N/A,0;;
2026-08-03T18:28:38Z	card0,99,17,16,N/A,0;;
2026-08-03T18:28:39Z	card0,99,17,65,N/A,0;;
2026-08-03T18:28:40Z	card0,99,17,1,N/A,0;;
2026-08-03T18:28:41Z	card0,99,17,22,N/A,0;;
2026-08-03T18:28:43Z	card0,99,17,43,N/A,0;;
2026-08-03T18:28:44Z	card0,99,17,15,N/A,0;;
2026-08-03T18:28:45Z	card0,99,17,12,N/A,0;;
2026-08-03T18:28:46Z	card0,99,17,2,N/A,0;;
2026-08-03T18:28:47Z	card0,99,17,5,N/A,0;;
2026-08-03T18:28:48Z	card0,90,17,2,N/A,0;;
2026-08-03T18:28:49Z	card0,99,17,47,N/A,0;;
2026-08-03T18:28:50Z	card0,99,17,16,N/A,0;;
2026-08-03T18:28:52Z	card0,100,17,15,N/A,0;;
2026-08-03T18:28:53Z	card0,99,17,74,N/A,0;;
2026-08-03T18:28:54Z	card0,90,17,2,N/A,0;;
2026-08-03T18:28:55Z	card0,99,17,2,N/A,0;;
2026-08-03T18:28:56Z	card0,100,17,15,N/A,0;;
2026-08-03T18:28:57Z	card0,99,17,16,N/A,0;;
2026-08-03T18:28:58Z	card0,99,17,2,N/A,0;;
2026-08-03T18:29:00Z	card0,99,17,4,N/A,0;;
2026-08-03T18:29:01Z	card0,99,17,15,N/A,0;;
2026-08-03T18:29:02Z	card0,100,17,2,N/A,0;;
2026-08-03T18:29:03Z	card0,99,17,14,N/A,0;;
2026-08-03T18:29:04Z	card0,100,17,17,N/A,0;;
2026-08-03T18:29:05Z	card0,100,17,15,N/A,0;;
2026-08-03T18:29:06Z	card0,99,17,15,N/A,0;;
2026-08-03T18:29:07Z	card0,99,17,17,N/A,0;;
2026-08-03T18:29:09Z	card0,100,17,1,N/A,0;;
2026-08-03T18:29:10Z	card0,99,17,14,N/A,0;;
2026-08-03T18:29:11Z	card0,99,17,16,N/A,0;;
2026-08-03T18:29:12Z	card0,100,17,15,N/A,0;;
2026-08-03T18:29:13Z	card0,99,17,15,N/A,0;;
2026-08-03T18:29:14Z	card0,100,17,16,N/A,0;;
2026-08-03T18:29:15Z	card0,99,17,15,N/A,0;;
2026-08-03T18:29:17Z	card0,99,17,4,N/A,0;;
2026-08-03T18:29:18Z	card0,100,17,15,N/A,0;;
2026-08-03T18:29:19Z	card0,100,17,15,N/A,0;;
2026-08-03T18:29:20Z	card0,99,17,2,N/A,0;;
2026-08-03T18:29:21Z	card0,100,17,15,N/A,0;;
2026-08-03T18:29:22Z	card0,99,17,16,N/A,0;;
2026-08-03T18:29:23Z	card0,100,17,16,N/A,0;;
2026-08-03T18:29:24Z	card0,99,17,2,N/A,0;;
2026-08-03T18:29:26Z	card0,99,17,15,N/A,0;;
2026-08-03T18:29:27Z	card0,100,17,16,N/A,0;;
2026-08-03T18:29:28Z	card0,100,17,15,N/A,0;;
2026-08-03T18:29:29Z	card0,99,17,27,N/A,0;;
2026-08-03T18:29:30Z	card0,100,17,15,N/A,0;;
2026-08-03T18:29:31Z	card0,100,17,15,N/A,0;;
2026-08-03T18:29:32Z	card0,99,17,10,N/A,0;;
2026-08-03T18:29:33Z	card0,100,17,15,N/A,0;;
2026-08-03T18:29:35Z	card0,99,17,16,N/A,0;;
2026-08-03T18:29:36Z	card0,47,17,6,N/A,0;;
2026-08-03T18:29:37Z	card0,99,17,19,N/A,0;;
2026-08-03T18:29:38Z	card0,99,17,3,N/A,0;;
2026-08-03T18:29:39Z	card0,99,17,16,N/A,0;;
2026-08-03T18:29:40Z	card0,96,17,3,N/A,0;;
2026-08-03T18:29:41Z	card0,98,17,2,N/A,0;;
2026-08-03T18:29:43Z	card0,99,17,15,N/A,0;;
2026-08-03T18:29:44Z	card0,99,17,16,N/A,0;;
2026-08-03T18:29:45Z	card0,99,17,2,N/A,0;;
2026-08-03T18:29:46Z	card0,96,17,21,N/A,0;;
2026-08-03T18:29:47Z	card0,99,17,4,N/A,0;;
2026-08-03T18:29:48Z	card0,98,17,16,N/A,0;;
2026-08-03T18:29:49Z	card0,99,17,16,N/A,0;;
2026-08-03T18:29:50Z	card0,99,17,15,N/A,0;;
2026-08-03T18:29:52Z	card0,99,17,6,N/A,0;;
2026-08-03T18:29:53Z	card0,100,17,5,N/A,0;;
2026-08-03T18:29:54Z	card0,100,17,43,N/A,0;;
2026-08-03T18:29:55Z	card0,99,17,17,N/A,0;;
2026-08-03T18:29:56Z	card0,99,17,2,N/A,0;;
2026-08-03T18:29:57Z	card0,99,17,23,N/A,0;;
2026-08-03T18:29:58Z	card0,99,17,3,N/A,0;;
2026-08-03T18:29:59Z	card0,99,17,15,N/A,0;;
2026-08-03T18:30:01Z	card0,99,17,29,N/A,0;;
2026-08-03T18:30:02Z	card0,99,17,15,N/A,0;;
2026-08-03T18:30:03Z	card0,99,17,61,N/A,0;;
2026-08-03T18:30:04Z	card0,99,17,2,N/A,0;;
2026-08-03T18:30:05Z	card0,99,17,4,N/A,0;;
2026-08-03T18:30:06Z	card0,99,17,15,N/A,0;;
2026-08-03T18:30:07Z	card0,99,17,16,N/A,0;;
2026-08-03T18:30:09Z	card0,99,17,15,N/A,0;;
2026-08-03T18:30:10Z	card0,99,17,16,N/A,0;;
2026-08-03T18:30:11Z	card0,99,17,2,N/A,0;;
2026-08-03T18:30:12Z	card0,99,17,2,N/A,0;;
2026-08-03T18:30:13Z	card0,99,17,16,N/A,0;;
2026-08-03T18:30:14Z	card0,99,17,54,N/A,0;;
2026-08-03T18:30:15Z	card0,99,17,30,N/A,0;;
2026-08-03T18:30:16Z	card0,100,17,2,N/A,0;;
2026-08-03T18:30:18Z	card0,100,17,24,N/A,0;;
2026-08-03T18:30:19Z	card0,100,17,55,N/A,0;;
2026-08-03T18:30:20Z	card0,99,17,15,N/A,0;;
2026-08-03T18:30:21Z	card0,98,17,15,N/A,0;;
2026-08-03T18:30:22Z	card0,99,17,79,N/A,0;;
2026-08-03T18:30:23Z	card0,99,17,2,N/A,0;;
2026-08-03T18:30:24Z	card0,99,17,5,N/A,0;;
2026-08-03T18:30:26Z	card0,99,17,15,N/A,0;;
2026-08-03T18:30:27Z	card0,100,17,10,N/A,0;;
2026-08-03T18:30:28Z	card0,99,17,2,N/A,0;;
2026-08-03T18:30:29Z	card0,99,17,11,N/A,0;;
2026-08-03T18:30:30Z	card0,99,17,4,N/A,0;;
2026-08-03T18:30:31Z	card0,99,17,1,N/A,0;;
2026-08-03T18:30:32Z	card0,99,17,86,N/A,0;;
2026-08-03T18:30:33Z	card0,100,17,16,N/A,0;;
2026-08-03T18:30:35Z	card0,99,17,16,N/A,0;;
2026-08-03T18:30:36Z	card0,100,17,16,N/A,0;;
2026-08-03T18:30:37Z	card0,100,17,4,N/A,0;;
2026-08-03T18:30:38Z	card0,99,17,72,N/A,0;;
2026-08-03T18:30:39Z	card0,99,17,2,N/A,0;;
2026-08-03T18:30:40Z	card0,99,17,2,N/A,0;;
2026-08-03T18:30:41Z	card0,99,17,16,N/A,0;;
2026-08-03T18:30:42Z	card0,99,17,2,N/A,0;;
2026-08-03T18:30:44Z	card0,100,17,4,N/A,0;;
2026-08-03T18:30:45Z	card0,99,17,15,N/A,0;;
2026-08-03T18:30:46Z	card0,100,17,16,N/A,0;;
2026-08-03T18:30:47Z	card0,99,17,11,N/A,0;;
2026-08-03T18:30:48Z	card0,99,17,17,N/A,0;;
2026-08-03T18:30:49Z	card0,99,17,15,N/A,0;;
2026-08-03T18:30:50Z	card0,99,17,12,N/A,0;;
2026-08-03T18:30:52Z	card0,99,17,22,N/A,0;;
2026-08-03T18:30:53Z	card0,99,17,2,N/A,0;;
2026-08-03T18:30:54Z	card0,99,17,16,N/A,0;;
2026-08-03T18:30:55Z	card0,99,17,2,N/A,0;;
2026-08-03T18:30:56Z	card0,90,17,14,N/A,0;;
2026-08-03T18:30:57Z	card0,99,17,15,N/A,0;;
2026-08-03T18:30:58Z	card0,99,17,16,N/A,0;;
2026-08-03T18:30:59Z	card0,99,17,2,N/A,0;;
2026-08-03T18:31:01Z	card0,99,17,15,N/A,0;;
2026-08-03T18:31:02Z	card0,99,17,15,N/A,0;;
2026-08-03T18:31:03Z	card0,100,17,15,N/A,0;;
2026-08-03T18:31:04Z	card0,99,17,15,N/A,0;;
2026-08-03T18:31:05Z	card0,99,17,16,N/A,0;;
2026-08-03T18:31:06Z	card0,100,17,13,N/A,0;;
2026-08-03T18:31:07Z	card0,99,17,15,N/A,0;;
2026-08-03T18:31:08Z	card0,100,17,4,N/A,0;;
2026-08-03T18:31:10Z	card0,100,17,8,N/A,0;;
2026-08-03T18:31:11Z	card0,100,17,9,N/A,0;;
2026-08-03T18:31:12Z	card0,99,17,17,N/A,0;;
2026-08-03T18:31:13Z	card0,100,17,15,N/A,0;;
2026-08-03T18:31:14Z	card0,99,17,16,N/A,0;;
2026-08-03T18:31:15Z	card0,100,17,15,N/A,0;;
2026-08-03T18:31:16Z	card0,100,17,2,N/A,0;;
2026-08-03T18:31:18Z	card0,99,17,16,N/A,0;;
2026-08-03T18:31:19Z	card0,100,17,11,N/A,0;;
2026-08-03T18:31:20Z	card0,99,17,71,N/A,0;;
2026-08-03T18:31:21Z	card0,99,17,16,N/A,0;;
2026-08-03T18:31:22Z	card0,100,17,15,N/A,0;;
2026-08-03T18:31:23Z	card0,99,17,15,N/A,0;;
2026-08-03T18:31:24Z	card0,99,17,30,N/A,0;;
2026-08-03T18:31:25Z	card0,99,17,2,N/A,0;;
2026-08-03T18:31:27Z	card0,99,17,16,N/A,0;;
2026-08-03T18:31:28Z	card0,99,17,15,N/A,0;;
2026-08-03T18:31:29Z	card0,100,17,15,N/A,0;;
2026-08-03T18:31:30Z	card0,99,17,16,N/A,0;;
2026-08-03T18:31:31Z	card0,100,17,1,N/A,0;;
2026-08-03T18:31:32Z	card0,99,17,28,N/A,0;;
2026-08-03T18:31:33Z	card0,100,17,16,N/A,0;;
2026-08-03T18:31:35Z	card0,100,17,10,N/A,0;;
2026-08-03T18:31:36Z	card0,100,17,10,N/A,0;;
2026-08-03T18:31:37Z	card0,99,17,2,N/A,0;;
2026-08-03T18:31:38Z	card0,100,17,15,N/A,0;;
2026-08-03T18:31:39Z	card0,99,17,16,N/A,0;;
2026-08-03T18:31:40Z	card0,99,17,2,N/A,0;;
2026-08-03T18:31:41Z	card0,100,17,1,N/A,0;;
2026-08-03T18:31:42Z	card0,99,17,67,N/A,0;;
2026-08-03T18:31:44Z	card0,100,17,2,N/A,0;;
2026-08-03T18:31:45Z	card0,99,17,15,N/A,0;;
2026-08-03T18:31:46Z	card0,99,17,16,N/A,0;;
2026-08-03T18:31:47Z	card0,100,17,8,N/A,0;;
2026-08-03T18:31:48Z	card0,100,17,10,N/A,0;;
2026-08-03T18:31:49Z	card0,99,17,2,N/A,0;;
2026-08-03T18:31:50Z	card0,100,17,15,N/A,0;;
2026-08-03T18:31:51Z	card0,99,17,9,N/A,0;;
2026-08-03T18:31:53Z	card0,100,17,2,N/A,0;;
2026-08-03T18:31:54Z	card0,100,17,15,N/A,0;;
2026-08-03T18:31:55Z	card0,99,17,74,N/A,0;;
2026-08-03T18:31:56Z	card0,99,17,13,N/A,0;;
2026-08-03T18:31:57Z	card0,99,17,14,N/A,0;;
2026-08-03T18:31:58Z	card0,100,17,16,N/A,0;;
2026-08-03T18:31:59Z	card0,100,17,54,N/A,0;;
2026-08-03T18:32:01Z	card0,100,17,79,N/A,0;;
2026-08-03T18:32:02Z	card0,99,17,16,N/A,0;;
2026-08-03T18:32:03Z	card0,99,17,15,N/A,0;;
2026-08-03T18:32:04Z	card0,99,17,16,N/A,0;;
2026-08-03T18:32:05Z	card0,99,17,3,N/A,0;;
2026-08-03T18:32:06Z	card0,99,17,2,N/A,0;;
2026-08-03T18:32:07Z	card0,99,17,41,N/A,0;;
2026-08-03T18:32:08Z	card0,100,17,2,N/A,0;;
2026-08-03T18:32:10Z	card0,99,17,13,N/A,0;;
2026-08-03T18:32:11Z	card0,100,17,68,N/A,0;;
2026-08-03T18:32:12Z	card0,99,17,5,N/A,0;;
2026-08-03T18:32:13Z	card0,99,17,78,N/A,0;;
2026-08-03T18:32:14Z	card0,99,17,2,N/A,0;;
2026-08-03T18:32:15Z	card0,99,17,22,N/A,0;;
2026-08-03T18:32:16Z	card0,99,17,16,N/A,0;;
2026-08-03T18:32:18Z	card0,90,17,12,N/A,0;;
2026-08-03T18:32:19Z	card0,99,17,16,N/A,0;;
2026-08-03T18:32:20Z	card0,99,17,15,N/A,0;;
2026-08-03T18:32:21Z	card0,99,17,4,N/A,0;;
2026-08-03T18:32:22Z	card0,99,17,2,N/A,0;;
2026-08-03T18:32:23Z	card0,94,17,70,N/A,0;;
2026-08-03T18:32:24Z	card0,98,17,15,N/A,0;;
2026-08-03T18:32:25Z	card0,97,17,16,N/A,0;;
2026-08-03T18:32:27Z	card0,99,17,5,N/A,0;;
2026-08-03T18:32:28Z	card0,99,17,37,N/A,0;;
2026-08-03T18:32:29Z	card0,99,17,15,N/A,0;;
2026-08-03T18:32:30Z	card0,99,17,42,N/A,0;;
2026-08-03T18:32:31Z	card0,99,17,19,N/A,0;;
2026-08-03T18:32:32Z	card0,98,17,16,N/A,0;;
2026-08-03T18:32:33Z	card0,98,17,18,N/A,0;;
2026-08-03T18:32:34Z	card0,99,17,15,N/A,0;;
2026-08-03T18:32:36Z	card0,99,17,15,N/A,0;;
2026-08-03T18:32:37Z	card0,99,17,2,N/A,0;;
2026-08-03T18:32:38Z	card0,99,17,15,N/A,0;;
2026-08-03T18:32:39Z	card0,98,17,30,N/A,0;;
2026-08-03T18:32:40Z	card0,98,17,57,N/A,0;;
2026-08-03T18:32:41Z	card0,98,17,15,N/A,0;;
2026-08-03T18:32:42Z	card0,98,17,2,N/A,0;;
2026-08-03T18:32:44Z	card0,99,17,1,N/A,0;;
2026-08-03T18:32:45Z	card0,99,17,16,N/A,0;;
2026-08-03T18:32:46Z	card0,99,17,15,N/A,0;;
2026-08-03T18:32:47Z	card0,99,17,50,N/A,0;;
2026-08-03T18:32:48Z	card0,99,17,16,N/A,0;;
2026-08-03T18:32:49Z	card0,98,17,15,N/A,0;;
2026-08-03T18:32:50Z	card0,99,17,16,N/A,0;;
2026-08-03T18:32:51Z	card0,99,17,15,N/A,0;;
2026-08-03T18:32:53Z	card0,99,17,50,N/A,0;;
2026-08-03T18:32:54Z	card0,100,17,2,N/A,0;;
2026-08-03T18:32:55Z	card0,100,17,15,N/A,0;;
2026-08-03T18:32:56Z	card0,98,17,4,N/A,0;;
2026-08-03T18:32:57Z	card0,99,17,17,N/A,0;;
2026-08-03T18:32:58Z	card0,99,17,16,N/A,0;;
2026-08-03T18:32:59Z	card0,99,17,16,N/A,0;;
2026-08-03T18:33:01Z	card0,99,17,2,N/A,0;;
2026-08-03T18:33:02Z	card0,98,17,15,N/A,0;;
2026-08-03T18:33:03Z	card0,90,17,3,N/A,0;;
2026-08-03T18:33:04Z	card0,98,17,15,N/A,0;;
2026-08-03T18:33:05Z	card0,98,17,15,N/A,0;;
2026-08-03T18:33:06Z	card0,99,17,2,N/A,0;;
2026-08-03T18:33:07Z	card0,88,17,1,N/A,0;;
2026-08-03T18:33:08Z	card0,98,17,15,N/A,0;;
2026-08-03T18:33:10Z	card0,97,17,20,N/A,0;;
2026-08-03T18:33:11Z	card0,98,17,7,N/A,0;;
2026-08-03T18:33:12Z	card0,98,17,2,N/A,0;;
2026-08-03T18:33:13Z	card0,98,17,66,N/A,0;;
2026-08-03T18:33:14Z	card0,99,17,2,N/A,0;;
2026-08-03T18:33:15Z	card0,99,17,17,N/A,0;;
2026-08-03T18:33:16Z	card0,99,17,15,N/A,0;;
2026-08-03T18:33:18Z	card0,99,17,8,N/A,0;;
2026-08-03T18:33:19Z	card0,98,17,15,N/A,0;;
2026-08-03T18:33:20Z	card0,99,17,15,N/A,0;;
2026-08-03T18:33:21Z	card0,99,17,0,N/A,0;;
2026-08-03T18:33:22Z	card0,97,17,3,N/A,0;;
2026-08-03T18:33:23Z	card0,96,17,15,N/A,0;;
2026-08-03T18:33:24Z	card0,94,17,2,N/A,0;;
2026-08-03T18:33:25Z	card0,98,17,15,N/A,0;;
2026-08-03T18:33:27Z	card0,96,17,11,N/A,0;;
2026-08-03T18:33:28Z	card0,95,17,15,N/A,0;;
2026-08-03T18:33:29Z	card0,98,17,15,N/A,0;;
2026-08-03T18:33:30Z	card0,99,17,16,N/A,0;;
2026-08-03T18:33:31Z	card0,98,17,2,N/A,0;;
2026-08-03T18:33:32Z	card0,99,17,2,N/A,0;;
2026-08-03T18:33:33Z	card0,98,17,15,N/A,0;;
2026-08-03T18:33:34Z	card0,98,17,16,N/A,0;;
2026-08-03T18:33:36Z	card0,99,17,2,N/A,0;;
2026-08-03T18:33:37Z	card0,99,17,21,N/A,0;;
2026-08-03T18:33:38Z	card0,99,17,15,N/A,0;;
2026-08-03T18:33:39Z	card0,99,17,17,N/A,0;;
2026-08-03T18:33:40Z	card0,99,17,2,N/A,0;;
2026-08-03T18:33:41Z	card0,99,17,16,N/A,0;;
2026-08-03T18:33:42Z	card0,98,17,15,N/A,0;;
2026-08-03T18:33:44Z	card0,99,17,85,N/A,0;;
2026-08-03T18:33:45Z	card0,98,17,15,N/A,0;;
2026-08-03T18:33:46Z	card0,99,17,2,N/A,0;;
2026-08-03T18:33:47Z	card0,98,17,49,N/A,0;;
2026-08-03T18:33:48Z	card0,99,17,83,N/A,0;;
2026-08-03T18:33:49Z	card0,98,17,28,N/A,0;;
2026-08-03T18:33:50Z	card0,99,17,3,N/A,0;;
2026-08-03T18:33:51Z	card0,98,17,15,N/A,0;;
2026-08-03T18:33:53Z	card0,99,17,16,N/A,0;;
2026-08-03T18:33:54Z	card0,99,17,16,N/A,0;;
2026-08-03T18:33:55Z	card0,98,17,67,N/A,0;;
2026-08-03T18:33:56Z	card0,99,17,25,N/A,0;;
2026-08-03T18:33:57Z	card0,99,17,15,N/A,0;;
2026-08-03T18:33:58Z	card0,99,17,15,N/A,0;;
2026-08-03T18:33:59Z	card0,99,17,62,N/A,0;;
2026-08-03T18:34:01Z	card0,99,17,16,N/A,0;;
2026-08-03T18:34:02Z	card0,99,17,1,N/A,0;;
2026-08-03T18:34:03Z	card0,98,17,16,N/A,0;;
2026-08-03T18:34:04Z	card0,99,17,15,N/A,0;;
2026-08-03T18:34:05Z	card0,98,17,15,N/A,0;;
2026-08-03T18:34:06Z	card0,98,17,15,N/A,0;;
2026-08-03T18:34:07Z	card0,99,17,2,N/A,0;;
2026-08-03T18:34:08Z	card0,99,17,15,N/A,0;;
2026-08-03T18:34:10Z	card0,98,17,17,N/A,0;;
2026-08-03T18:34:11Z	card0,99,17,15,N/A,0;;
2026-08-03T18:34:12Z	card0,99,17,2,N/A,0;;
2026-08-03T18:34:13Z	card0,99,17,67,N/A,0;;
2026-08-03T18:34:14Z	card0,90,17,7,N/A,0;;
2026-08-03T18:34:15Z	card0,99,17,2,N/A,0;;
2026-08-03T18:34:16Z	card0,99,17,12,N/A,0;;
2026-08-03T18:34:17Z	card0,90,17,14,N/A,0;;
2026-08-03T18:34:19Z	card0,99,17,0,N/A,0;;
2026-08-03T18:34:20Z	card0,97,17,2,N/A,0;;
2026-08-03T18:34:21Z	card0,99,17,9,N/A,0;;
2026-08-03T18:34:22Z	card0,99,17,16,N/A,0;;
2026-08-03T18:34:23Z	card0,99,17,16,N/A,0;;
2026-08-03T18:34:24Z	card0,100,17,15,N/A,0;;
2026-08-03T18:34:25Z	card0,98,17,16,N/A,0;;
2026-08-03T18:34:27Z	card0,98,17,4,N/A,0;;
2026-08-03T18:34:28Z	card0,97,17,15,N/A,0;;
2026-08-03T18:34:29Z	card0,98,17,15,N/A,0;;
2026-08-03T18:34:30Z	card0,88,17,5,N/A,0;;
2026-08-03T18:34:31Z	card0,99,17,15,N/A,0;;
2026-08-03T18:34:32Z	card0,89,17,2,N/A,0;;
2026-08-03T18:34:33Z	card0,98,17,15,N/A,0;;
2026-08-03T18:34:34Z	card0,98,17,2,N/A,0;;
2026-08-03T18:34:36Z	card0,99,17,15,N/A,0;;
2026-08-03T18:34:37Z	card0,100,17,17,N/A,0;;
2026-08-03T18:34:38Z	card0,100,17,15,N/A,0;;
2026-08-03T18:34:39Z	card0,99,17,15,N/A,0;;
2026-08-03T18:34:40Z	card0,98,17,16,N/A,0;;
2026-08-03T18:34:41Z	card0,98,17,2,N/A,0;;
2026-08-03T18:34:42Z	card0,98,17,15,N/A,0;;
2026-08-03T18:34:44Z	card0,97,17,7,N/A,0;;
2026-08-03T18:34:45Z	card0,98,17,2,N/A,0;;
2026-08-03T18:34:46Z	card0,98,17,15,N/A,0;;
2026-08-03T18:34:47Z	card0,98,17,15,N/A,0;;
2026-08-03T18:34:48Z	card0,99,17,16,N/A,0;;
2026-08-03T18:34:49Z	card0,98,17,2,N/A,0;;
2026-08-03T18:34:50Z	card0,97,17,27,N/A,0;;
2026-08-03T18:34:51Z	card0,99,17,5,N/A,0;;
2026-08-03T18:34:53Z	card0,99,17,15,N/A,0;;
2026-08-03T18:34:54Z	card0,98,17,2,N/A,0;;
2026-08-03T18:34:55Z	card0,99,17,26,N/A,0;;
2026-08-03T18:34:56Z	card0,98,17,2,N/A,0;;
2026-08-03T18:34:57Z	card0,98,17,15,N/A,0;;
2026-08-03T18:34:58Z	card0,99,17,16,N/A,0;;
2026-08-03T18:34:59Z	card0,98,17,15,N/A,0;;
2026-08-03T18:35:00Z	card0,96,17,15,N/A,0;;
2026-08-03T18:35:02Z	card0,99,17,15,N/A,0;;
2026-08-03T18:35:03Z	card0,98,17,64,N/A,0;;
2026-08-03T18:35:04Z	card0,96,17,15,N/A,0;;
2026-08-03T18:35:05Z	card0,99,17,15,N/A,0;;
2026-08-03T18:35:06Z	card0,99,17,80,N/A,0;;
2026-08-03T18:35:07Z	card0,100,17,15,N/A,0;;
2026-08-03T18:35:08Z	card0,100,17,15,N/A,0;;
2026-08-03T18:35:10Z	card0,99,17,16,N/A,0;;
2026-08-03T18:35:11Z	card0,98,17,2,N/A,0;;
2026-08-03T18:35:12Z	card0,99,17,6,N/A,0;;
2026-08-03T18:35:13Z	card0,89,17,46,N/A,0;;
2026-08-03T18:35:14Z	card0,99,17,16,N/A,0;;
2026-08-03T18:35:15Z	card0,99,17,2,N/A,0;;
2026-08-03T18:35:16Z	card0,99,17,2,N/A,0;;
2026-08-03T18:35:17Z	card0,99,17,16,N/A,0;;
2026-08-03T18:35:19Z	card0,99,17,1,N/A,0;;
2026-08-03T18:35:20Z	card0,99,17,63,N/A,0;;
2026-08-03T18:35:21Z	card0,99,17,83,N/A,0;;
2026-08-03T18:35:22Z	card0,100,17,15,N/A,0;;
2026-08-03T18:35:23Z	card0,99,17,10,N/A,0;;
2026-08-03T18:35:24Z	card0,99,17,17,N/A,0;;
2026-08-03T18:35:25Z	card0,99,17,15,N/A,0;;
2026-08-03T18:35:27Z	card0,99,17,5,N/A,0;;
2026-08-03T18:35:28Z	card0,99,17,15,N/A,0;;
2026-08-03T18:35:29Z	card0,98,17,39,N/A,0;;
2026-08-03T18:35:30Z	card0,99,17,15,N/A,0;;
2026-08-03T18:35:31Z	card0,99,17,2,N/A,0;;
2026-08-03T18:35:32Z	card0,88,17,12,N/A,0;;
2026-08-03T18:35:33Z	card0,99,17,15,N/A,0;;
2026-08-03T18:35:34Z	card0,99,17,34,N/A,0;;
2026-08-03T18:35:36Z	card0,99,17,16,N/A,0;;
2026-08-03T18:35:37Z	card0,99,17,7,N/A,0;;
2026-08-03T18:35:38Z	card0,99,17,2,N/A,0;;
2026-08-03T18:35:39Z	card0,99,17,17,N/A,0;;
2026-08-03T18:35:40Z	card0,99,17,5,N/A,0;;
2026-08-03T18:35:41Z	card0,99,17,16,N/A,0;;
2026-08-03T18:35:42Z	card0,98,17,2,N/A,0;;
2026-08-03T18:35:43Z	card0,99,17,4,N/A,0;;
2026-08-03T18:35:45Z	card0,99,17,15,N/A,0;;
2026-08-03T18:35:46Z	card0,90,17,14,N/A,0;;
2026-08-03T18:35:47Z	card0,99,17,17,N/A,0;;
2026-08-03T18:35:48Z	card0,99,17,2,N/A,0;;
2026-08-03T18:35:49Z	card0,99,17,59,N/A,0;;
2026-08-03T18:35:50Z	card0,98,17,38,N/A,0;;
2026-08-03T18:35:51Z	card0,99,17,4,N/A,0;;
2026-08-03T18:35:53Z	card0,99,17,78,N/A,0;;
2026-08-03T18:35:54Z	card0,99,17,2,N/A,0;;
2026-08-03T18:35:55Z	card0,100,17,15,N/A,0;;
2026-08-03T18:35:56Z	card0,99,17,82,N/A,0;;
2026-08-03T18:35:57Z	card0,99,17,15,N/A,0;;
2026-08-03T18:35:58Z	card0,99,17,15,N/A,0;;
2026-08-03T18:35:59Z	card0,91,17,14,N/A,0;;
2026-08-03T18:36:00Z	card0,99,17,6,N/A,0;;
2026-08-03T18:36:02Z	card0,100,17,17,N/A,0;;
2026-08-03T18:36:03Z	card0,99,17,15,N/A,0;;
2026-08-03T18:36:04Z	card0,100,17,57,N/A,0;;
2026-08-03T18:36:05Z	card0,100,17,15,N/A,0;;
2026-08-03T18:36:06Z	card0,99,17,2,N/A,0;;
2026-08-03T18:36:07Z	card0,99,17,17,N/A,0;;
2026-08-03T18:36:08Z	card0,99,17,15,N/A,0;;
2026-08-03T18:36:09Z	card0,99,17,16,N/A,0;;
2026-08-03T18:36:11Z	card0,89,17,14,N/A,0;;
2026-08-03T18:36:12Z	card0,99,17,50,N/A,0;;
2026-08-03T18:36:13Z	card0,99,17,3,N/A,0;;
2026-08-03T18:36:14Z	card0,99,17,15,N/A,0;;
2026-08-03T18:36:15Z	card0,99,17,2,N/A,0;;
2026-08-03T18:36:16Z	card0,99,17,43,N/A,0;;
2026-08-03T18:36:17Z	card0,99,17,16,N/A,0;;
2026-08-03T18:36:19Z	card0,99,17,4,N/A,0;;
2026-08-03T18:36:20Z	card0,100,17,16,N/A,0;;
2026-08-03T18:36:21Z	card0,99,17,1,N/A,0;;
2026-08-03T18:36:22Z	card0,100,17,2,N/A,0;;
2026-08-03T18:36:23Z	card0,99,17,15,N/A,0;;
2026-08-03T18:36:24Z	card0,100,17,17,N/A,0;;
2026-08-03T18:36:25Z	card0,100,17,3,N/A,0;;
2026-08-03T18:36:26Z	card0,100,17,15,N/A,0;;
2026-08-03T18:36:28Z	card0,99,17,17,N/A,0;;
2026-08-03T18:36:29Z	card0,99,17,15,N/A,0;;
2026-08-03T18:36:30Z	card0,99,17,16,N/A,0;;
2026-08-03T18:36:31Z	card0,100,17,15,N/A,0;;
2026-08-03T18:36:32Z	card0,99,17,15,N/A,0;;
2026-08-03T18:36:33Z	card0,99,17,15,N/A,0;;
2026-08-03T18:36:34Z	card0,99,17,2,N/A,0;;
2026-08-03T18:36:35Z	card0,99,17,6,N/A,0;;
2026-08-03T18:36:37Z	card0,99,17,16,N/A,0;;
2026-08-03T18:36:38Z	card0,99,17,1,N/A,0;;
2026-08-03T18:36:39Z	card0,99,17,15,N/A,0;;
2026-08-03T18:36:40Z	card0,99,17,32,N/A,0;;
2026-08-03T18:36:41Z	card0,100,17,16,N/A,0;;
2026-08-03T18:36:42Z	card0,99,17,54,N/A,0;;
2026-08-03T18:36:43Z	card0,90,17,11,N/A,0;;
2026-08-03T18:36:45Z	card0,99,17,17,N/A,0;;
2026-08-03T18:36:46Z	card0,99,17,15,N/A,0;;
2026-08-03T18:36:47Z	card0,99,17,12,N/A,0;;
2026-08-03T18:36:48Z	card0,99,17,2,N/A,0;;
2026-08-03T18:36:49Z	card0,99,17,2,N/A,0;;
2026-08-03T18:36:50Z	card0,99,17,6,N/A,0;;
2026-08-03T18:36:51Z	card0,100,17,1,N/A,0;;
2026-08-03T18:36:52Z	card0,99,17,4,N/A,0;;
2026-08-03T18:36:54Z	card0,99,17,29,N/A,0;;
2026-08-03T18:36:55Z	card0,99,17,16,N/A,0;;
2026-08-03T18:36:56Z	card0,99,17,34,N/A,0;;
2026-08-03T18:36:57Z	card0,99,17,2,N/A,0;;
2026-08-03T18:36:58Z	card0,99,17,15,N/A,0;;
2026-08-03T18:36:59Z	card0,99,17,15,N/A,0;;
2026-08-03T18:37:00Z	card0,99,17,16,N/A,0;;
2026-08-03T18:37:02Z	card0,99,17,15,N/A,0;;
2026-08-03T18:37:03Z	card0,99,17,9,N/A,0;;
2026-08-03T18:37:04Z	card0,100,17,15,N/A,0;;
2026-08-03T18:37:05Z	card0,90,17,2,N/A,0;;
2026-08-03T18:37:06Z	card0,99,17,16,N/A,0;;
2026-08-03T18:37:07Z	card0,99,17,15,N/A,0;;
2026-08-03T18:37:08Z	card0,99,17,2,N/A,0;;
2026-08-03T18:37:09Z	card0,99,17,2,N/A,0;;
2026-08-03T18:37:11Z	card0,99,17,17,N/A,0;;
2026-08-03T18:37:12Z	card0,99,17,15,N/A,0;;
2026-08-03T18:37:13Z	card0,100,17,15,N/A,0;;
2026-08-03T18:37:14Z	card0,99,17,2,N/A,0;;
2026-08-03T18:37:15Z	card0,99,17,15,N/A,0;;
2026-08-03T18:37:16Z	card0,99,17,78,N/A,0;;
2026-08-03T18:37:17Z	card0,99,17,2,N/A,0;;
2026-08-03T18:37:18Z	card0,99,17,15,N/A,0;;
2026-08-03T18:37:20Z	card0,99,17,15,N/A,0;;
2026-08-03T18:37:21Z	card0,99,17,2,N/A,0;;
2026-08-03T18:37:22Z	card0,99,17,16,N/A,0;;
2026-08-03T18:37:23Z	card0,100,17,5,N/A,0;;
2026-08-03T18:37:24Z	card0,99,17,15,N/A,0;;
2026-08-03T18:37:25Z	card0,99,17,14,N/A,0;;
2026-08-03T18:37:26Z	card0,99,17,17,N/A,0;;
2026-08-03T18:37:28Z	card0,99,17,2,N/A,0;;
2026-08-03T18:37:29Z	card0,99,17,6,N/A,0;;
2026-08-03T18:37:30Z	card0,100,17,15,N/A,0;;
2026-08-03T18:37:31Z	card0,99,17,15,N/A,0;;
2026-08-03T18:37:32Z	card0,99,17,16,N/A,0;;
2026-08-03T18:37:33Z	card0,99,17,16,N/A,0;;
2026-08-03T18:37:34Z	card0,99,17,10,N/A,0;;
2026-08-03T18:37:35Z	card0,99,17,16,N/A,0;;
2026-08-03T18:37:37Z	card0,100,17,50,N/A,0;;
2026-08-03T18:37:38Z	card0,99,17,15,N/A,0;;
2026-08-03T18:37:39Z	card0,99,17,17,N/A,0;;
2026-08-03T18:37:40Z	card0,99,17,22,N/A,0;;
2026-08-03T18:37:41Z	card0,99,17,8,N/A,0;;
2026-08-03T18:37:42Z	card0,99,17,15,N/A,0;;
2026-08-03T18:37:43Z	card0,99,17,2,N/A,0;;
2026-08-03T18:37:45Z	card0,99,17,16,N/A,0;;
2026-08-03T18:37:46Z	card0,99,17,16,N/A,0;;
2026-08-03T18:37:47Z	card0,99,17,73,N/A,0;;
2026-08-03T18:37:48Z	card0,99,17,5,N/A,0;;
2026-08-03T18:37:49Z	card0,99,17,11,N/A,0;;
2026-08-03T18:37:50Z	card0,99,17,15,N/A,0;;
2026-08-03T18:37:51Z	card0,99,17,17,N/A,0;;
2026-08-03T18:37:52Z	card0,99,17,15,N/A,0;;
2026-08-03T18:37:54Z	card0,99,17,5,N/A,0;;
2026-08-03T18:37:55Z	card0,99,17,15,N/A,0;;
2026-08-03T18:37:56Z	card0,99,17,15,N/A,0;;
2026-08-03T18:37:57Z	card0,99,17,16,N/A,0;;
2026-08-03T18:37:58Z	card0,99,17,16,N/A,0;;
2026-08-03T18:37:59Z	card0,99,17,11,N/A,0;;
2026-08-03T18:38:00Z	card0,99,17,5,N/A,0;;
2026-08-03T18:38:01Z	card0,97,17,15,N/A,0;;
2026-08-03T18:38:03Z	card0,99,17,16,N/A,0;;
2026-08-03T18:38:04Z	card0,99,17,88,N/A,0;;
2026-08-03T18:38:05Z	card0,99,17,2,N/A,0;;
2026-08-03T18:38:06Z	card0,99,17,6,N/A,0;;
2026-08-03T18:38:07Z	card0,97,17,71,N/A,0;;
2026-08-03T18:38:08Z	card0,99,17,2,N/A,0;;
2026-08-03T18:38:09Z	card0,99,17,16,N/A,0;;
2026-08-03T18:38:11Z	card0,98,17,10,N/A,0;;
2026-08-03T18:38:12Z	card0,95,17,7,N/A,0;;
2026-08-03T18:38:13Z	card0,98,17,16,N/A,0;;
2026-08-03T18:38:14Z	card0,94,17,15,N/A,0;;
2026-08-03T18:38:15Z	card0,97,17,15,N/A,0;;
2026-08-03T18:38:16Z	card0,99,17,16,N/A,0;;
2026-08-03T18:38:17Z	card0,99,17,15,N/A,0;;
2026-08-03T18:38:18Z	card0,100,17,15,N/A,0;;
2026-08-03T18:38:20Z	card0,48,17,27,N/A,0;;
2026-08-03T18:38:21Z	card0,99,17,55,N/A,0;;
2026-08-03T18:38:22Z	card0,99,17,2,N/A,0;;
2026-08-03T18:38:23Z	card0,99,17,2,N/A,0;;
2026-08-03T18:38:24Z	card0,99,17,16,N/A,0;;
2026-08-03T18:38:25Z	card0,100,17,15,N/A,0;;
2026-08-03T18:38:26Z	card0,100,17,16,N/A,0;;
2026-08-03T18:38:27Z	card0,99,17,33,N/A,0;;
2026-08-03T18:38:29Z	card0,98,17,2,N/A,0;;
2026-08-03T18:38:30Z	card0,98,17,15,N/A,0;;
2026-08-03T18:38:31Z	card0,99,17,25,N/A,0;;
2026-08-03T18:38:32Z	card0,98,17,16,N/A,0;;
2026-08-03T18:38:33Z	card0,99,17,43,N/A,0;;
2026-08-03T18:38:34Z	card0,90,17,14,N/A,0;;
2026-08-03T18:38:35Z	card0,99,17,4,N/A,0;;
2026-08-03T18:38:37Z	card0,89,17,14,N/A,0;;
2026-08-03T18:38:38Z	card0,97,17,15,N/A,0;;
2026-08-03T18:38:39Z	card0,99,17,2,N/A,0;;
2026-08-03T18:38:40Z	card0,98,17,1,N/A,0;;
2026-08-03T18:38:41Z	card0,99,17,16,N/A,0;;
2026-08-03T18:38:42Z	card0,99,17,1,N/A,0;;
2026-08-03T18:38:43Z	card0,99,17,2,N/A,0;;
2026-08-03T18:38:44Z	card0,99,17,60,N/A,0;;
2026-08-03T18:38:46Z	card0,99,17,16,N/A,0;;
2026-08-03T18:38:47Z	card0,98,17,15,N/A,0;;
2026-08-03T18:38:48Z	card0,98,17,16,N/A,0;;
2026-08-03T18:38:49Z	card0,97,17,51,N/A,0;;
2026-08-03T18:38:50Z	card0,97,17,15,N/A,0;;
2026-08-03T18:38:51Z	card0,98,17,15,N/A,0;;
2026-08-03T18:38:52Z	card0,99,17,7,N/A,0;;
2026-08-03T18:38:54Z	card0,99,17,31,N/A,0;;
2026-08-03T18:38:55Z	card0,99,17,12,N/A,0;;
2026-08-03T18:38:56Z	card0,99,17,17,N/A,0;;
2026-08-03T18:38:57Z	card0,99,17,15,N/A,0;;
2026-08-03T18:38:58Z	card0,98,17,15,N/A,0;;
2026-08-03T18:38:59Z	card0,99,17,16,N/A,0;;
2026-08-03T18:39:00Z	card0,100,17,2,N/A,0;;
2026-08-03T18:39:01Z	card0,99,17,13,N/A,0;;
2026-08-03T18:39:03Z	card0,98,17,48,N/A,0;;
2026-08-03T18:39:04Z	card0,99,17,15,N/A,0;;
2026-08-03T18:39:05Z	card0,98,17,15,N/A,0;;
2026-08-03T18:39:06Z	card0,99,17,6,N/A,0;;
2026-08-03T18:39:07Z	card0,98,17,2,N/A,0;;
2026-08-03T18:39:08Z	card0,99,17,2,N/A,0;;
2026-08-03T18:39:09Z	card0,98,17,68,N/A,0;;
2026-08-03T18:39:10Z	card0,99,17,86,N/A,0;;
2026-08-03T18:39:12Z	card0,99,17,41,N/A,0;;
2026-08-03T18:39:13Z	card0,98,17,2,N/A,0;;
2026-08-03T18:39:14Z	card0,99,17,17,N/A,0;;
2026-08-03T18:39:15Z	card0,99,17,15,N/A,0;;
2026-08-03T18:39:16Z	card0,98,17,17,N/A,0;;
2026-08-03T18:39:17Z	card0,99,17,10,N/A,0;;
2026-08-03T18:39:18Z	card0,98,17,3,N/A,0;;
2026-08-03T18:39:20Z	card0,99,17,15,N/A,0;;
2026-08-03T18:39:21Z	card0,99,17,1,N/A,0;;
2026-08-03T18:39:22Z	card0,98,17,15,N/A,0;;
2026-08-03T18:39:23Z	card0,99,17,15,N/A,0;;
2026-08-03T18:39:24Z	card0,99,17,22,N/A,0;;
2026-08-03T18:39:25Z	card0,99,17,15,N/A,0;;
2026-08-03T18:39:26Z	card0,99,17,14,N/A,0;;
2026-08-03T18:39:27Z	card0,99,17,2,N/A,0;;
2026-08-03T18:39:29Z	card0,99,17,15,N/A,0;;
2026-08-03T18:39:30Z	card0,99,17,50,N/A,0;;
2026-08-03T18:39:31Z	card0,99,17,16,N/A,0;;
2026-08-03T18:39:32Z	card0,99,17,46,N/A,0;;
2026-08-03T18:39:33Z	card0,98,17,12,N/A,0;;
2026-08-03T18:39:34Z	card0,99,17,17,N/A,0;;
2026-08-03T18:39:35Z	card0,99,17,37,N/A,0;;
2026-08-03T18:39:36Z	card0,99,17,13,N/A,0;;
2026-08-03T18:39:38Z	card0,99,17,15,N/A,0;;
2026-08-03T18:39:39Z	card0,99,17,15,N/A,0;;
2026-08-03T18:39:40Z	card0,99,17,15,N/A,0;;
2026-08-03T18:39:41Z	card0,99,17,2,N/A,0;;
2026-08-03T18:39:42Z	card0,99,17,10,N/A,0;;
2026-08-03T18:39:43Z	card0,100,17,58,N/A,0;;
2026-08-03T18:39:44Z	card0,100,17,15,N/A,0;;
2026-08-03T18:39:46Z	card0,100,17,15,N/A,0;;
2026-08-03T18:39:47Z	card0,99,17,17,N/A,0;;
2026-08-03T18:39:48Z	card0,100,17,2,N/A,0;;
2026-08-03T18:39:49Z	card0,99,17,16,N/A,0;;
2026-08-03T18:39:50Z	card0,99,17,2,N/A,0;;
2026-08-03T18:39:51Z	card0,98,17,30,N/A,0;;
2026-08-03T18:39:52Z	card0,99,17,6,N/A,0;;
2026-08-03T18:39:53Z	card0,99,17,16,N/A,0;;
2026-08-03T18:39:55Z	card0,90,17,14,N/A,0;;
2026-08-03T18:39:56Z	card0,99,17,2,N/A,0;;
2026-08-03T18:39:57Z	card0,99,17,16,N/A,0;;
2026-08-03T18:39:58Z	card0,99,17,16,N/A,0;;
2026-08-03T18:39:59Z	card0,100,17,15,N/A,0;;
2026-08-03T18:40:00Z	card0,99,17,72,N/A,0;;
2026-08-03T18:40:01Z	card0,100,17,1,N/A,0;;
2026-08-03T18:40:03Z	card0,98,17,3,N/A,0;;
2026-08-03T18:40:04Z	card0,99,17,17,N/A,0;;
2026-08-03T18:40:05Z	card0,95,17,0,N/A,0;;
2026-08-03T18:40:06Z	card0,89,17,4,N/A,0;;
2026-08-03T18:40:07Z	card0,99,17,7,N/A,0;;
2026-08-03T18:40:08Z	card0,100,17,21,N/A,0;;
2026-08-03T18:40:09Z	card0,99,17,2,N/A,0;;
2026-08-03T18:40:10Z	card0,100,17,15,N/A,0;;
2026-08-03T18:40:12Z	card0,99,17,16,N/A,0;;
2026-08-03T18:40:13Z	card0,100,17,2,N/A,0;;
2026-08-03T18:40:14Z	card0,100,17,2,N/A,0;;
2026-08-03T18:40:15Z	card0,99,17,55,N/A,0;;
2026-08-03T18:40:16Z	card0,100,17,2,N/A,0;;
2026-08-03T18:40:17Z	card0,99,17,16,N/A,0;;
2026-08-03T18:40:18Z	card0,100,17,16,N/A,0;;
2026-08-03T18:40:19Z	card0,100,17,85,N/A,0;;
2026-08-03T18:40:21Z	card0,99,17,7,N/A,0;;
2026-08-03T18:40:22Z	card0,100,17,17,N/A,0;;
2026-08-03T18:40:23Z	card0,99,17,15,N/A,0;;
2026-08-03T18:40:24Z	card0,99,17,5,N/A,0;;
2026-08-03T18:40:25Z	card0,99,17,3,N/A,0;;
2026-08-03T18:40:26Z	card0,99,17,6,N/A,0;;
2026-08-03T18:40:27Z	card0,99,17,2,N/A,0;;
2026-08-03T18:40:29Z	card0,100,17,2,N/A,0;;
2026-08-03T18:40:30Z	card0,95,17,15,N/A,0;;
2026-08-03T18:40:31Z	card0,99,17,17,N/A,0;;
2026-08-03T18:40:32Z	card0,99,17,15,N/A,0;;
2026-08-03T18:40:33Z	card0,99,17,15,N/A,0;;
2026-08-03T18:40:34Z	card0,99,17,2,N/A,0;;
2026-08-03T18:40:35Z	card0,98,17,2,N/A,0;;
2026-08-03T18:40:36Z	card0,99,17,16,N/A,0;;
2026-08-03T18:40:38Z	card0,99,17,16,N/A,0;;
2026-08-03T18:40:39Z	card0,100,17,5,N/A,0;;
2026-08-03T18:40:40Z	card0,99,17,15,N/A,0;;
2026-08-03T18:40:41Z	card0,90,17,14,N/A,0;;
2026-08-03T18:40:42Z	card0,99,17,2,N/A,0;;
2026-08-03T18:40:43Z	card0,100,17,15,N/A,0;;
2026-08-03T18:40:44Z	card0,99,17,5,N/A,0;;
2026-08-03T18:40:46Z	card0,100,17,15,N/A,0;;
2026-08-03T18:40:47Z	card0,100,17,2,N/A,0;;
2026-08-03T18:40:48Z	card0,99,17,45,N/A,0;;
2026-08-03T18:40:49Z	card0,99,17,16,N/A,0;;
2026-08-03T18:40:50Z	card0,99,17,15,N/A,0;;
2026-08-03T18:40:51Z	card0,99,17,25,N/A,0;;
2026-08-03T18:40:52Z	card0,100,17,73,N/A,0;;
2026-08-03T18:40:53Z	card0,99,17,80,N/A,0;;
2026-08-03T18:40:55Z	card0,99,17,2,N/A,0;;
2026-08-03T18:40:56Z	card0,100,17,2,N/A,0;;
2026-08-03T18:40:57Z	card0,99,17,9,N/A,0;;
2026-08-03T18:40:58Z	card0,99,17,4,N/A,0;;
2026-08-03T18:40:59Z	card0,99,17,2,N/A,0;;
2026-08-03T18:41:00Z	card0,99,17,48,N/A,0;;
2026-08-03T18:41:01Z	card0,99,17,1,N/A,0;;
2026-08-03T18:41:02Z	card0,99,17,13,N/A,0;;
2026-08-03T18:41:04Z	card0,100,17,16,N/A,0;;
2026-08-03T18:41:05Z	card0,99,17,14,N/A,0;;
2026-08-03T18:41:06Z	card0,99,17,15,N/A,0;;
2026-08-03T18:41:07Z	card0,99,17,17,N/A,0;;
2026-08-03T18:41:08Z	card0,99,17,3,N/A,0;;
2026-08-03T18:41:09Z	card0,99,17,16,N/A,0;;
2026-08-03T18:41:10Z	card0,99,17,16,N/A,0;;
2026-08-03T18:41:12Z	card0,90,17,55,N/A,0;;
2026-08-03T18:41:13Z	card0,99,17,60,N/A,0;;
2026-08-03T18:41:14Z	card0,99,17,9,N/A,0;;
2026-08-03T18:41:15Z	card0,99,17,17,N/A,0;;
2026-08-03T18:41:16Z	card0,99,17,21,N/A,0;;
2026-08-03T18:41:17Z	card0,99,17,44,N/A,0;;
2026-08-03T18:41:18Z	card0,99,17,15,N/A,0;;
2026-08-03T18:41:19Z	card0,99,17,16,N/A,0;;
2026-08-03T18:41:21Z	card0,99,17,16,N/A,0;;
2026-08-03T18:41:22Z	card0,99,17,1,N/A,0;;
2026-08-03T18:41:23Z	card0,99,17,15,N/A,0;;
2026-08-03T18:41:24Z	card0,99,17,16,N/A,0;;
2026-08-03T18:41:25Z	card0,99,17,4,N/A,0;;
2026-08-03T18:41:26Z	card0,99,17,3,N/A,0;;
2026-08-03T18:41:27Z	card0,99,17,1,N/A,0;;
2026-08-03T18:41:28Z	card0,100,17,2,N/A,0;;
2026-08-03T18:41:30Z	card0,99,17,16,N/A,0;;
2026-08-03T18:41:31Z	card0,99,17,15,N/A,0;;
2026-08-03T18:41:32Z	card0,100,17,15,N/A,0;;
2026-08-03T18:41:33Z	card0,99,17,17,N/A,0;;
2026-08-03T18:41:34Z	card0,100,17,15,N/A,0;;
2026-08-03T18:41:35Z	card0,99,17,16,N/A,0;;
2026-08-03T18:41:36Z	card0,100,17,16,N/A,0;;
2026-08-03T18:41:38Z	card0,100,17,15,N/A,0;;
2026-08-03T18:41:39Z	card0,99,17,6,N/A,0;;
2026-08-03T18:41:40Z	card0,100,17,16,N/A,0;;
2026-08-03T18:41:41Z	card0,100,17,6,N/A,0;;
2026-08-03T18:41:42Z	card0,99,17,66,N/A,0;;
2026-08-03T18:41:43Z	card0,100,17,8,N/A,0;;
2026-08-03T18:41:44Z	card0,99,17,15,N/A,0;;
2026-08-03T18:41:45Z	card0,97,17,15,N/A,0;;
2026-08-03T18:41:47Z	card0,97,17,16,N/A,0;;
2026-08-03T18:41:48Z	card0,98,17,2,N/A,0;;
2026-08-03T18:41:49Z	card0,98,17,2,N/A,0;;
2026-08-03T18:41:50Z	card0,97,17,16,N/A,0;;
2026-08-03T18:41:51Z	card0,99,17,1,N/A,0;;
2026-08-03T18:41:52Z	card0,97,17,5,N/A,0;;
2026-08-03T18:41:53Z	card0,98,17,4,N/A,0;;
2026-08-03T18:41:55Z	card0,98,17,54,N/A,0;;
2026-08-03T18:41:56Z	card0,99,17,15,N/A,0;;
2026-08-03T18:41:57Z	card0,99,17,13,N/A,0;;
2026-08-03T18:41:58Z	card0,99,17,16,N/A,0;;
2026-08-03T18:41:59Z	card0,99,17,4,N/A,0;;
2026-08-03T18:42:00Z	card0,99,17,16,N/A,0;;
2026-08-03T18:42:01Z	card0,99,17,1,N/A,0;;
2026-08-03T18:42:02Z	card0,98,17,50,N/A,0;;
2026-08-03T18:42:04Z	card0,98,17,12,N/A,0;;
2026-08-03T18:42:05Z	card0,99,17,2,N/A,0;;
2026-08-03T18:42:06Z	card0,99,17,5,N/A,0;;
2026-08-03T18:42:07Z	card0,99,17,15,N/A,0;;
2026-08-03T18:42:08Z	card0,99,17,16,N/A,0;;
2026-08-03T18:42:09Z	card0,99,17,15,N/A,0;;
2026-08-03T18:42:10Z	card0,99,17,14,N/A,0;;
2026-08-03T18:42:11Z	card0,88,17,14,N/A,0;;
2026-08-03T18:42:13Z	card0,99,17,15,N/A,0;;
2026-08-03T18:42:14Z	card0,99,17,5,N/A,0;;
2026-08-03T18:42:15Z	card0,99,17,7,N/A,0;;
2026-08-03T18:42:16Z	card0,100,17,9,N/A,0;;
2026-08-03T18:42:17Z	card0,99,17,17,N/A,0;;
2026-08-03T18:42:18Z	card0,98,17,2,N/A,0;;
2026-08-03T18:42:19Z	card0,99,17,16,N/A,0;;
2026-08-03T18:42:21Z	card0,100,17,1,N/A,0;;
2026-08-03T18:42:22Z	card0,100,17,15,N/A,0;;
2026-08-03T18:42:23Z	card0,99,17,4,N/A,0;;
2026-08-03T18:42:24Z	card0,99,17,16,N/A,0;;
2026-08-03T18:42:25Z	card0,99,17,15,N/A,0;;
2026-08-03T18:42:26Z	card0,98,17,16,N/A,0;;
2026-08-03T18:42:27Z	card0,98,17,2,N/A,0;;
2026-08-03T18:42:28Z	card0,99,17,86,N/A,0;;
2026-08-03T18:42:30Z	card0,99,17,15,N/A,0;;
2026-08-03T18:42:31Z	card0,98,17,16,N/A,0;;
2026-08-03T18:42:32Z	card0,99,17,15,N/A,0;;
2026-08-03T18:42:33Z	card0,98,17,13,N/A,0;;
2026-08-03T18:42:34Z	card0,99,17,2,N/A,0;;
2026-08-03T18:42:35Z	card0,98,17,3,N/A,0;;
2026-08-03T18:42:36Z	card0,99,17,1,N/A,0;;
2026-08-03T18:42:37Z	card0,99,17,11,N/A,0;;
2026-08-03T18:42:39Z	card0,98,17,2,N/A,0;;
2026-08-03T18:42:40Z	card0,99,17,15,N/A,0;;
2026-08-03T18:42:41Z	card0,99,17,16,N/A,0;;
2026-08-03T18:42:42Z	card0,90,17,5,N/A,0;;
2026-08-03T18:42:43Z	card0,99,17,9,N/A,0;;
2026-08-03T18:42:44Z	card0,99,17,15,N/A,0;;
2026-08-03T18:42:45Z	card0,98,17,41,N/A,0;;
2026-08-03T18:42:47Z	card0,99,17,16,N/A,0;;
2026-08-03T18:42:48Z	card0,99,17,15,N/A,0;;
2026-08-03T18:42:49Z	card0,89,17,2,N/A,0;;
2026-08-03T18:42:50Z	card0,99,17,17,N/A,0;;
2026-08-03T18:42:51Z	card0,99,17,2,N/A,0;;
2026-08-03T18:42:52Z	card0,99,17,2,N/A,0;;
2026-08-03T18:42:53Z	card0,98,17,2,N/A,0;;
2026-08-03T18:42:54Z	card0,99,17,11,N/A,0;;
2026-08-03T18:42:56Z	card0,99,17,13,N/A,0;;
2026-08-03T18:42:57Z	card0,99,17,17,N/A,0;;
2026-08-03T18:42:58Z	card0,99,17,15,N/A,0;;
2026-08-03T18:42:59Z	card0,99,17,2,N/A,0;;
2026-08-03T18:43:00Z	card0,99,17,12,N/A,0;;
2026-08-03T18:43:01Z	card0,99,17,2,N/A,0;;
2026-08-03T18:43:02Z	card0,99,17,61,N/A,0;;
2026-08-03T18:43:03Z	card0,99,17,4,N/A,0;;
2026-08-03T18:43:05Z	card0,99,17,15,N/A,0;;
2026-08-03T18:43:06Z	card0,99,17,79,N/A,0;;
2026-08-03T18:43:07Z	card0,98,17,2,N/A,0;;
2026-08-03T18:43:08Z	card0,99,17,2,N/A,0;;
2026-08-03T18:43:09Z	card0,99,17,16,N/A,0;;
2026-08-03T18:43:10Z	card0,100,17,1,N/A,0;;
2026-08-03T18:43:11Z	card0,100,17,15,N/A,0;;
2026-08-03T18:43:13Z	card0,99,17,15,N/A,0;;
2026-08-03T18:43:14Z	card0,100,17,2,N/A,0;;
2026-08-03T18:43:15Z	card0,99,17,15,N/A,0;;
2026-08-03T18:43:16Z	card0,100,17,17,N/A,0;;
2026-08-03T18:43:17Z	card0,99,17,15,N/A,0;;
2026-08-03T18:43:18Z	card0,100,17,2,N/A,0;;
2026-08-03T18:43:19Z	card0,99,17,17,N/A,0;;
2026-08-03T18:43:20Z	card0,100,17,2,N/A,0;;
2026-08-03T18:43:22Z	card0,99,17,15,N/A,0;;
2026-08-03T18:43:23Z	card0,97,17,7,N/A,0;;
2026-08-03T18:43:24Z	card0,99,17,9,N/A,0;;
2026-08-03T18:43:25Z	card0,98,17,15,N/A,0;;
2026-08-03T18:43:26Z	card0,99,17,69,N/A,0;;
2026-08-03T18:43:27Z	card0,100,17,16,N/A,0;;
2026-08-03T18:43:28Z	card0,99,17,15,N/A,0;;
2026-08-03T18:43:30Z	card0,99,17,51,N/A,0;;
2026-08-03T18:43:31Z	card0,90,17,14,N/A,0;;
2026-08-03T18:43:32Z	card0,99,17,15,N/A,0;;
2026-08-03T18:43:33Z	card0,99,17,2,N/A,0;;
2026-08-03T18:43:34Z	card0,99,17,60,N/A,0;;
2026-08-03T18:43:35Z	card0,100,17,15,N/A,0;;
2026-08-03T18:43:36Z	card0,99,17,48,N/A,0;;
2026-08-03T18:43:37Z	card0,100,17,16,N/A,0;;
2026-08-03T18:43:39Z	card0,99,17,15,N/A,0;;
2026-08-03T18:43:40Z	card0,99,17,15,N/A,0;;
2026-08-03T18:43:41Z	card0,99,17,16,N/A,0;;
2026-08-03T18:43:42Z	card0,99,17,2,N/A,0;;
2026-08-03T18:43:43Z	card0,99,17,15,N/A,0;;
2026-08-03T18:43:44Z	card0,99,17,15,N/A,0;;
2026-08-03T18:43:45Z	card0,99,17,1,N/A,0;;
2026-08-03T18:43:46Z	card0,99,17,69,N/A,0;;
2026-08-03T18:43:48Z	card0,100,17,15,N/A,0;;
2026-08-03T18:43:49Z	card0,99,17,10,N/A,0;;
2026-08-03T18:43:50Z	card0,99,17,16,N/A,0;;
2026-08-03T18:43:51Z	card0,99,17,4,N/A,0;;
2026-08-03T18:43:52Z	card0,99,17,15,N/A,0;;
2026-08-03T18:43:53Z	card0,99,17,16,N/A,0;;
2026-08-03T18:43:54Z	card0,99,17,1,N/A,0;;
2026-08-03T18:43:56Z	card0,99,17,4,N/A,0;;
2026-08-03T18:43:57Z	card0,99,17,15,N/A,0;;
2026-08-03T18:43:58Z	card0,99,17,15,N/A,0;;
2026-08-03T18:43:59Z	card0,99,17,74,N/A,0;;
2026-08-03T18:44:00Z	card0,99,17,16,N/A,0;;
2026-08-03T18:44:01Z	card0,99,17,11,N/A,0;;
2026-08-03T18:44:02Z	card0,99,17,21,N/A,0;;
2026-08-03T18:44:03Z	card0,99,17,21,N/A,0;;
2026-08-03T18:44:05Z	card0,99,17,15,N/A,0;;
2026-08-03T18:44:06Z	card0,98,17,84,N/A,0;;
2026-08-03T18:44:07Z	card0,99,17,16,N/A,0;;
2026-08-03T18:44:08Z	card0,99,17,16,N/A,0;;
2026-08-03T18:44:09Z	card0,100,17,2,N/A,0;;
2026-08-03T18:44:10Z	card0,100,17,15,N/A,0;;
2026-08-03T18:44:11Z	card0,99,17,16,N/A,0;;
2026-08-03T18:44:12Z	card0,100,17,16,N/A,0;;
2026-08-03T18:44:14Z	card0,100,17,4,N/A,0;;
2026-08-03T18:44:15Z	card0,99,17,17,N/A,0;;
2026-08-03T18:44:16Z	card0,99,17,5,N/A,0;;
2026-08-03T18:44:17Z	card0,100,17,15,N/A,0;;
2026-08-03T18:44:18Z	card0,99,17,1,N/A,0;;
2026-08-03T18:44:19Z	card0,100,17,15,N/A,0;;
2026-08-03T18:44:20Z	card0,99,17,16,N/A,0;;
2026-08-03T18:44:22Z	card0,100,17,16,N/A,0;;
2026-08-03T18:44:23Z	card0,100,17,15,N/A,0;;
2026-08-03T18:44:24Z	card0,99,17,6,N/A,0;;
2026-08-03T18:44:25Z	card0,99,17,16,N/A,0;;
2026-08-03T18:44:26Z	card0,100,17,15,N/A,0;;
2026-08-03T18:44:27Z	card0,99,17,16,N/A,0;;
2026-08-03T18:44:28Z	card0,100,17,15,N/A,0;;
2026-08-03T18:44:29Z	card0,100,17,15,N/A,0;;
2026-08-03T18:44:31Z	card0,99,17,16,N/A,0;;
2026-08-03T18:44:32Z	card0,99,17,16,N/A,0;;
2026-08-03T18:44:33Z	card0,99,17,74,N/A,0;;
2026-08-03T18:44:34Z	card0,99,17,16,N/A,0;;
2026-08-03T18:44:35Z	card0,99,17,4,N/A,0;;
2026-08-03T18:44:36Z	card0,99,17,15,N/A,0;;
2026-08-03T18:44:37Z	card0,99,17,2,N/A,0;;
2026-08-03T18:44:39Z	card0,99,17,2,N/A,0;;
2026-08-03T18:44:40Z	card0,99,17,20,N/A,0;;
2026-08-03T18:44:41Z	card0,100,17,15,N/A,0;;
2026-08-03T18:44:42Z	card0,100,17,4,N/A,0;;
2026-08-03T18:44:43Z	card0,99,17,90,N/A,0;;
2026-08-03T18:44:44Z	card0,100,17,16,N/A,0;;
2026-08-03T18:44:45Z	card0,99,17,16,N/A,0;;
2026-08-03T18:44:46Z	card0,100,17,16,N/A,0;;
2026-08-03T18:44:48Z	card0,100,17,15,N/A,0;;
2026-08-03T18:44:49Z	card0,99,17,15,N/A,0;;
2026-08-03T18:44:50Z	card0,100,17,2,N/A,0;;
2026-08-03T18:44:51Z	card0,90,17,2,N/A,0;;
2026-08-03T18:44:52Z	card0,100,17,15,N/A,0;;
2026-08-03T18:44:53Z	card0,99,17,26,N/A,0;;
2026-08-03T18:44:54Z	card0,100,17,15,N/A,0;;
2026-08-03T18:44:55Z	card0,99,17,2,N/A,0;;
2026-08-03T18:44:57Z	card0,99,17,15,N/A,0;;
2026-08-03T18:44:58Z	card0,99,17,16,N/A,0;;
2026-08-03T18:44:59Z	card0,99,17,1,N/A,0;;
2026-08-03T18:45:00Z	card0,99,17,13,N/A,0;;
2026-08-03T18:45:01Z	card0,98,17,4,N/A,0;;
2026-08-03T18:45:02Z	card0,99,17,2,N/A,0;;
2026-08-03T18:45:03Z	card0,99,17,75,N/A,0;;
2026-08-03T18:45:05Z	card0,99,17,2,N/A,0;;
2026-08-03T18:45:06Z	card0,99,17,15,N/A,0;;
2026-08-03T18:45:07Z	card0,99,17,26,N/A,0;;
2026-08-03T18:45:08Z	card0,99,17,14,N/A,0;;
2026-08-03T18:45:09Z	card0,99,17,15,N/A,0;;
2026-08-03T18:45:10Z	card0,99,17,2,N/A,0;;
2026-08-03T18:45:11Z	card0,99,17,15,N/A,0;;
2026-08-03T18:45:12Z	card0,99,17,11,N/A,0;;
2026-08-03T18:45:14Z	card0,99,17,15,N/A,0;;
2026-08-03T18:45:15Z	card0,99,17,15,N/A,0;;
2026-08-03T18:45:16Z	card0,99,17,61,N/A,0;;
2026-08-03T18:45:17Z	card0,99,17,2,N/A,0;;
2026-08-03T18:45:18Z	card0,99,17,27,N/A,0;;
2026-08-03T18:45:19Z	card0,100,17,20,N/A,0;;
2026-08-03T18:45:20Z	card0,100,17,15,N/A,0;;
2026-08-03T18:45:22Z	card0,100,17,15,N/A,0;;
2026-08-03T18:45:23Z	card0,99,17,2,N/A,0;;
2026-08-03T18:45:24Z	card0,99,17,15,N/A,0;;
2026-08-03T18:45:25Z	card0,99,17,16,N/A,0;;
2026-08-03T18:45:26Z	card0,99,17,15,N/A,0;;
2026-08-03T18:45:27Z	card0,99,17,2,N/A,0;;
2026-08-03T18:45:28Z	card0,99,17,6,N/A,0;;
2026-08-03T18:45:29Z	card0,99,17,2,N/A,0;;
2026-08-03T18:45:31Z	card0,99,17,11,N/A,0;;
2026-08-03T18:45:32Z	card0,99,17,17,N/A,0;;
2026-08-03T18:45:33Z	card0,98,17,2,N/A,0;;
2026-08-03T18:45:34Z	card0,99,17,15,N/A,0;;
2026-08-03T18:45:35Z	card0,99,17,16,N/A,0;;
2026-08-03T18:45:36Z	card0,99,17,16,N/A,0;;
2026-08-03T18:45:37Z	card0,99,17,15,N/A,0;;
2026-08-03T18:45:38Z	card0,100,17,16,N/A,0;;
2026-08-03T18:45:40Z	card0,100,17,15,N/A,0;;
2026-08-03T18:45:41Z	card0,99,17,23,N/A,0;;
2026-08-03T18:45:42Z	card0,99,17,2,N/A,0;;
2026-08-03T18:45:43Z	card0,99,17,65,N/A,0;;
2026-08-03T18:45:44Z	card0,98,17,12,N/A,0;;
2026-08-03T18:45:45Z	card0,99,17,16,N/A,0;;
2026-08-03T18:45:46Z	card0,99,17,4,N/A,0;;
2026-08-03T18:45:48Z	card0,99,17,15,N/A,0;;
2026-08-03T18:45:49Z	card0,99,17,2,N/A,0;;
2026-08-03T18:45:50Z	card0,99,17,15,N/A,0;;
2026-08-03T18:45:51Z	card0,99,17,6,N/A,0;;
2026-08-03T18:45:52Z	card0,100,17,15,N/A,0;;
2026-08-03T18:45:53Z	card0,100,17,4,N/A,0;;
2026-08-03T18:45:54Z	card0,99,17,16,N/A,0;;
2026-08-03T18:45:55Z	card0,99,17,16,N/A,0;;
2026-08-03T18:45:57Z	card0,99,17,76,N/A,0;;
2026-08-03T18:45:58Z	card0,99,17,16,N/A,0;;
2026-08-03T18:45:59Z	card0,99,17,15,N/A,0;;
2026-08-03T18:46:00Z	card0,99,17,3,N/A,0;;
2026-08-03T18:46:01Z	card0,100,17,16,N/A,0;;
2026-08-03T18:46:02Z	card0,100,17,15,N/A,0;;
2026-08-03T18:46:03Z	card0,99,17,3,N/A,0;;
2026-08-03T18:46:05Z	card0,100,17,10,N/A,0;;
2026-08-03T18:46:06Z	card0,100,17,15,N/A,0;;
2026-08-03T18:46:07Z	card0,99,17,57,N/A,0;;
2026-08-03T18:46:08Z	card0,100,17,2,N/A,0;;
2026-08-03T18:46:09Z	card0,99,17,12,N/A,0;;
2026-08-03T18:46:10Z	card0,90,17,14,N/A,0;;
2026-08-03T18:46:11Z	card0,91,17,57,N/A,0;;
2026-08-03T18:46:12Z	card0,99,17,5,N/A,0;;
2026-08-03T18:46:14Z	card0,100,17,15,N/A,0;;
2026-08-03T18:46:15Z	card0,100,17,15,N/A,0;;
2026-08-03T18:46:16Z	card0,99,17,2,N/A,0;;
2026-08-03T18:46:17Z	card0,100,17,15,N/A,0;;
2026-08-03T18:46:18Z	card0,99,17,65,N/A,0;;
2026-08-03T18:46:19Z	card0,100,17,2,N/A,0;;
2026-08-03T18:46:20Z	card0,100,17,15,N/A,0;;
2026-08-03T18:46:21Z	card0,99,17,16,N/A,0;;
2026-08-03T18:46:23Z	card0,100,17,16,N/A,0;;
2026-08-03T18:46:24Z	card0,99,17,78,N/A,0;;
2026-08-03T18:46:25Z	card0,100,17,2,N/A,0;;
2026-08-03T18:46:26Z	card0,100,17,15,N/A,0;;
2026-08-03T18:46:27Z	card0,100,17,15,N/A,0;;
2026-08-03T18:46:28Z	card0,99,17,16,N/A,0;;
2026-08-03T18:46:29Z	card0,100,17,14,N/A,0;;
2026-08-03T18:46:31Z	card0,99,17,17,N/A,0;;
2026-08-03T18:46:32Z	card0,100,17,9,N/A,0;;
2026-08-03T18:46:33Z	card0,100,17,15,N/A,0;;
2026-08-03T18:46:34Z	card0,99,17,17,N/A,0;;
2026-08-03T18:46:35Z	card0,99,17,2,N/A,0;;
2026-08-03T18:46:36Z	card0,99,17,80,N/A,0;;
2026-08-03T18:46:37Z	card0,100,17,2,N/A,0;;
2026-08-03T18:46:38Z	card0,100,17,15,N/A,0;;
2026-08-03T18:46:40Z	card0,100,17,71,N/A,0;;
2026-08-03T18:46:41Z	card0,99,17,16,N/A,0;;
2026-08-03T18:46:42Z	card0,99,17,15,N/A,0;;
2026-08-03T18:46:43Z	card0,99,17,7,N/A,0;;
2026-08-03T18:46:44Z	card0,100,17,4,N/A,0;;
2026-08-03T18:46:45Z	card0,99,17,15,N/A,0;;
2026-08-03T18:46:46Z	card0,98,17,15,N/A,0;;
2026-08-03T18:46:48Z	card0,99,17,2,N/A,0;;
2026-08-03T18:46:49Z	card0,99,17,15,N/A,0;;
2026-08-03T18:46:50Z	card0,99,17,13,N/A,0;;
2026-08-03T18:46:51Z	card0,99,17,11,N/A,0;;
2026-08-03T18:46:52Z	card0,99,17,15,N/A,0;;
2026-08-03T18:46:53Z	card0,99,17,1,N/A,0;;
2026-08-03T18:46:54Z	card0,99,17,15,N/A,0;;
2026-08-03T18:46:55Z	card0,99,17,11,N/A,0;;
2026-08-03T18:46:57Z	card0,99,17,16,N/A,0;;
2026-08-03T18:46:58Z	card0,99,17,4,N/A,0;;
2026-08-03T18:46:59Z	card0,99,17,15,N/A,0;;
2026-08-03T18:47:00Z	card0,99,17,2,N/A,0;;
2026-08-03T18:47:01Z	card0,84,17,12,N/A,0;;
2026-08-03T18:47:02Z	card0,62,17,1,N/A,0;;
2026-08-03T18:47:03Z	card0,99,17,15,N/A,0;;
2026-08-03T18:47:04Z	card0,99,17,5,N/A,0;;
2026-08-03T18:47:06Z	card0,99,17,8,N/A,0;;
2026-08-03T18:47:07Z	card0,99,17,13,N/A,0;;
2026-08-03T18:47:08Z	card0,99,17,17,N/A,0;;
2026-08-03T18:47:09Z	card0,99,17,15,N/A,0;;
2026-08-03T18:47:10Z	card0,99,17,11,N/A,0;;
2026-08-03T18:47:11Z	card0,99,17,15,N/A,0;;
2026-08-03T18:47:12Z	card0,99,17,2,N/A,0;;
2026-08-03T18:47:14Z	card0,99,17,3,N/A,0;;
2026-08-03T18:47:15Z	card0,99,17,16,N/A,0;;
2026-08-03T18:47:16Z	card0,99,17,33,N/A,0;;
2026-08-03T18:47:17Z	card0,99,17,17,N/A,0;;
2026-08-03T18:47:18Z	card0,100,17,15,N/A,0;;
2026-08-03T18:47:19Z	card0,100,17,1,N/A,0;;
2026-08-03T18:47:20Z	card0,99,17,1,N/A,0;;
2026-08-03T18:47:21Z	card0,99,17,15,N/A,0;;
2026-08-03T18:47:23Z	card0,99,17,12,N/A,0;;
2026-08-03T18:47:24Z	card0,99,17,1,N/A,0;;
2026-08-03T18:47:25Z	card0,99,17,2,N/A,0;;
2026-08-03T18:47:26Z	card0,99,17,15,N/A,0;;
2026-08-03T18:47:27Z	card0,100,17,2,N/A,0;;
2026-08-03T18:47:28Z	card0,99,17,16,N/A,0;;
2026-08-03T18:47:29Z	card0,99,17,62,N/A,0;;
2026-08-03T18:47:31Z	card0,99,17,15,N/A,0;;
2026-08-03T18:47:32Z	card0,99,17,16,N/A,0;;
2026-08-03T18:47:33Z	card0,99,17,17,N/A,0;;
2026-08-03T18:47:34Z	card0,99,17,15,N/A,0;;
2026-08-03T18:47:35Z	card0,99,17,5,N/A,0;;
2026-08-03T18:47:36Z	card0,99,17,15,N/A,0;;
2026-08-03T18:47:37Z	card0,99,17,2,N/A,0;;
2026-08-03T18:47:38Z	card0,99,17,16,N/A,0;;
2026-08-03T18:47:40Z	card0,99,17,16,N/A,0;;
2026-08-03T18:47:41Z	card0,99,17,15,N/A,0;;
2026-08-03T18:47:42Z	card0,99,17,2,N/A,0;;
2026-08-03T18:47:43Z	card0,99,17,15,N/A,0;;
2026-08-03T18:47:44Z	card0,99,17,15,N/A,0;;
2026-08-03T18:47:45Z	card0,99,17,2,N/A,0;;
2026-08-03T18:47:46Z	card0,100,17,15,N/A,0;;
2026-08-03T18:47:47Z	card0,99,17,12,N/A,0;;
2026-08-03T18:47:49Z	card0,99,17,13,N/A,0;;
2026-08-03T18:47:50Z	card0,99,17,15,N/A,0;;
2026-08-03T18:47:51Z	card0,99,17,17,N/A,0;;
2026-08-03T18:47:52Z	card0,99,17,2,N/A,0;;
2026-08-03T18:47:53Z	card0,99,17,35,N/A,0;;
2026-08-03T18:47:54Z	card0,99,17,16,N/A,0;;
2026-08-03T18:47:55Z	card0,99,17,5,N/A,0;;
2026-08-03T18:47:57Z	card0,99,17,15,N/A,0;;
2026-08-03T18:47:58Z	card0,100,17,27,N/A,0;;
2026-08-03T18:47:59Z	card0,100,17,14,N/A,0;;
2026-08-03T18:48:00Z	card0,99,17,42,N/A,0;;
2026-08-03T18:48:01Z	card0,100,17,15,N/A,0;;
2026-08-03T18:48:02Z	card0,100,17,3,N/A,0;;
2026-08-03T18:48:03Z	card0,99,17,7,N/A,0;;
2026-08-03T18:48:04Z	card0,100,17,15,N/A,0;;
2026-08-03T18:48:06Z	card0,99,17,16,N/A,0;;
2026-08-03T18:48:07Z	card0,100,17,16,N/A,0;;
2026-08-03T18:48:08Z	card0,100,17,15,N/A,0;;
2026-08-03T18:48:09Z	card0,99,17,15,N/A,0;;
2026-08-03T18:48:10Z	card0,99,17,2,N/A,0;;
2026-08-03T18:48:11Z	card0,99,17,15,N/A,0;;
2026-08-03T18:48:12Z	card0,99,17,5,N/A,0;;
2026-08-03T18:48:13Z	card0,99,17,3,N/A,0;;
2026-08-03T18:48:15Z	card0,99,17,9,N/A,0;;
2026-08-03T18:48:16Z	card0,99,17,2,N/A,0;;
2026-08-03T18:48:17Z	card0,97,17,15,N/A,0;;
2026-08-03T18:48:18Z	card0,99,17,14,N/A,0;;
2026-08-03T18:48:19Z	card0,99,17,17,N/A,0;;
2026-08-03T18:48:20Z	card0,99,17,15,N/A,0;;
2026-08-03T18:48:21Z	card0,99,17,15,N/A,0;;
2026-08-03T18:48:23Z	card0,99,17,11,N/A,0;;
2026-08-03T18:48:24Z	card0,99,17,15,N/A,0;;
2026-08-03T18:48:25Z	card0,99,17,68,N/A,0;;
2026-08-03T18:48:26Z	card0,100,17,16,N/A,0;;
2026-08-03T18:48:27Z	card0,100,17,2,N/A,0;;
2026-08-03T18:48:28Z	card0,99,17,2,N/A,0;;
2026-08-03T18:48:29Z	card0,100,17,2,N/A,0;;
2026-08-03T18:48:30Z	card0,99,17,1,N/A,0;;
2026-08-03T18:48:32Z	card0,99,17,17,N/A,0;;
2026-08-03T18:48:33Z	card0,100,17,15,N/A,0;;
2026-08-03T18:48:34Z	card0,100,17,15,N/A,0;;
2026-08-03T18:48:35Z	card0,99,17,32,N/A,0;;
2026-08-03T18:48:36Z	card0,99,17,2,N/A,0;;
2026-08-03T18:48:37Z	card0,99,17,12,N/A,0;;
2026-08-03T18:48:38Z	card0,99,17,2,N/A,0;;
2026-08-03T18:48:40Z	card0,99,17,15,N/A,0;;
2026-08-03T18:48:41Z	card0,99,17,15,N/A,0;;
2026-08-03T18:48:42Z	card0,99,17,16,N/A,0;;
2026-08-03T18:48:43Z	card0,99,17,15,N/A,0;;
2026-08-03T18:48:44Z	card0,99,17,17,N/A,0;;
2026-08-03T18:48:45Z	card0,85,17,13,N/A,0;;
2026-08-03T18:48:46Z	card0,97,17,11,N/A,0;;
2026-08-03T18:48:47Z	card0,98,17,15,N/A,0;;
2026-08-03T18:48:49Z	card0,99,17,15,N/A,0;;
2026-08-03T18:48:50Z	card0,99,17,6,N/A,0;;
2026-08-03T18:48:51Z	card0,98,17,16,N/A,0;;
2026-08-03T18:48:52Z	card0,99,17,15,N/A,0;;
2026-08-03T18:48:53Z	card0,99,17,73,N/A,0;;
2026-08-03T18:48:54Z	card0,100,17,15,N/A,0;;
2026-08-03T18:48:55Z	card0,99,17,15,N/A,0;;
2026-08-03T18:48:56Z	card0,99,17,6,N/A,0;;
2026-08-03T18:48:58Z	card0,98,17,16,N/A,0;;
2026-08-03T18:48:59Z	card0,99,17,2,N/A,0;;
2026-08-03T18:49:00Z	card0,99,17,13,N/A,0;;
2026-08-03T18:49:01Z	card0,99,17,2,N/A,0;;
2026-08-03T18:49:02Z	card0,100,17,15,N/A,0;;
2026-08-03T18:49:03Z	card0,99,17,11,N/A,0;;
2026-08-03T18:49:04Z	card0,98,17,16,N/A,0;;
2026-08-03T18:49:06Z	card0,99,17,15,N/A,0;;
2026-08-03T18:49:07Z	card0,98,17,16,N/A,0;;
2026-08-03T18:49:08Z	card0,97,17,2,N/A,0;;
2026-08-03T18:49:09Z	card0,98,17,4,N/A,0;;
2026-08-03T18:49:10Z	card0,97,17,2,N/A,0;;
2026-08-03T18:49:11Z	card0,99,17,1,N/A,0;;
2026-08-03T18:49:12Z	card0,99,17,2,N/A,0;;
2026-08-03T18:49:13Z	card0,99,17,83,N/A,0;;
2026-08-03T18:49:15Z	card0,99,17,16,N/A,0;;
2026-08-03T18:49:16Z	card0,99,17,35,N/A,0;;
2026-08-03T18:49:17Z	card0,98,17,14,N/A,0;;
2026-08-03T18:49:18Z	card0,99,17,17,N/A,0;;
2026-08-03T18:49:19Z	card0,99,17,44,N/A,0;;
2026-08-03T18:49:20Z	card0,99,17,16,N/A,0;;
2026-08-03T18:49:21Z	card0,99,17,3,N/A,0;;
2026-08-03T18:49:22Z	card0,99,17,2,N/A,0;;
2026-08-03T18:49:24Z	card0,98,17,5,N/A,0;;
2026-08-03T18:49:25Z	card0,99,17,14,N/A,0;;
2026-08-03T18:49:26Z	card0,99,17,2,N/A,0;;
2026-08-03T18:49:27Z	card0,99,17,13,N/A,0;;
2026-08-03T18:49:28Z	card0,99,17,15,N/A,0;;
2026-08-03T18:49:29Z	card0,99,17,15,N/A,0;;
2026-08-03T18:49:30Z	card0,99,17,17,N/A,0;;
2026-08-03T18:49:32Z	card0,99,17,15,N/A,0;;
2026-08-03T18:49:33Z	card0,99,17,16,N/A,0;;
2026-08-03T18:49:34Z	card0,99,17,1,N/A,0;;
2026-08-03T18:49:35Z	card0,99,17,15,N/A,0;;
2026-08-03T18:49:36Z	card0,99,17,15,N/A,0;;
2026-08-03T18:49:37Z	card0,100,17,17,N/A,0;;
2026-08-03T18:49:38Z	card0,90,17,28,N/A,0;;
2026-08-03T18:49:39Z	card0,89,17,1,N/A,0;;
2026-08-03T18:49:41Z	card0,99,17,2,N/A,0;;
2026-08-03T18:49:42Z	card0,98,17,15,N/A,0;;
2026-08-03T18:49:43Z	card0,98,17,4,N/A,0;;
2026-08-03T18:49:44Z	card0,99,17,9,N/A,0;;
2026-08-03T18:49:45Z	card0,98,17,2,N/A,0;;
2026-08-03T18:49:46Z	card0,99,17,16,N/A,0;;
2026-08-03T18:49:47Z	card0,100,17,16,N/A,0;;
2026-08-03T18:49:49Z	card0,99,17,15,N/A,0;;
2026-08-03T18:49:50Z	card0,99,17,17,N/A,0;;
2026-08-03T18:49:51Z	card0,99,17,7,N/A,0;;
2026-08-03T18:49:52Z	card0,99,17,15,N/A,0;;
2026-08-03T18:49:53Z	card0,98,17,16,N/A,0;;
2026-08-03T18:49:54Z	card0,96,17,2,N/A,0;;
2026-08-03T18:49:55Z	card0,99,17,11,N/A,0;;
2026-08-03T18:49:56Z	card0,98,17,29,N/A,0;;
2026-08-03T18:49:58Z	card0,99,17,11,N/A,0;;
2026-08-03T18:49:59Z	card0,99,17,15,N/A,0;;
2026-08-03T18:50:00Z	card0,99,17,78,N/A,0;;
2026-08-03T18:50:01Z	card0,99,17,17,N/A,0;;
2026-08-03T18:50:02Z	card0,100,17,31,N/A,0;;
2026-08-03T18:50:03Z	card0,99,17,16,N/A,0;;
2026-08-03T18:50:04Z	card0,98,17,3,N/A,0;;
2026-08-03T18:50:05Z	card0,99,17,2,N/A,0;;
2026-08-03T18:50:07Z	card0,99,17,15,N/A,0;;
2026-08-03T18:50:08Z	card0,100,17,16,N/A,0;;
2026-08-03T18:50:09Z	card0,99,17,15,N/A,0;;
2026-08-03T18:50:10Z	card0,100,17,16,N/A,0;;
2026-08-03T18:50:11Z	card0,99,17,9,N/A,0;;
2026-08-03T18:50:12Z	card0,100,17,15,N/A,0;;
2026-08-03T18:50:13Z	card0,99,17,17,N/A,0;;
2026-08-03T18:50:15Z	card0,99,17,15,N/A,0;;
2026-08-03T18:50:16Z	card0,99,17,14,N/A,0;;
2026-08-03T18:50:17Z	card0,99,17,14,N/A,0;;
2026-08-03T18:50:18Z	card0,100,17,16,N/A,0;;
2026-08-03T18:50:19Z	card0,100,17,15,N/A,0;;
2026-08-03T18:50:20Z	card0,99,17,1,N/A,0;;
2026-08-03T18:50:21Z	card0,100,17,16,N/A,0;;
2026-08-03T18:50:22Z	card0,99,17,14,N/A,0;;
2026-08-03T18:50:24Z	card0,99,17,5,N/A,0;;
2026-08-03T18:50:25Z	card0,99,17,16,N/A,0;;
2026-08-03T18:50:26Z	card0,99,17,15,N/A,0;;
2026-08-03T18:50:27Z	card0,90,17,2,N/A,0;;
2026-08-03T18:50:28Z	card0,99,17,38,N/A,0;;
2026-08-03T18:50:29Z	card0,99,17,2,N/A,0;;
2026-08-03T18:50:30Z	card0,98,17,42,N/A,0;;
2026-08-03T18:50:32Z	card0,99,17,37,N/A,0;;
2026-08-03T18:50:33Z	card0,99,17,18,N/A,0;;
2026-08-03T18:50:34Z	card0,99,17,15,N/A,0;;
2026-08-03T18:50:35Z	card0,99,17,15,N/A,0;;
2026-08-03T18:50:36Z	card0,100,17,2,N/A,0;;
2026-08-03T18:50:37Z	card0,99,17,16,N/A,0;;
2026-08-03T18:50:38Z	card0,99,17,16,N/A,0;;
2026-08-03T18:50:39Z	card0,99,17,8,N/A,0;;
2026-08-03T18:50:41Z	card0,99,17,15,N/A,0;;
2026-08-03T18:50:42Z	card0,98,17,39,N/A,0;;
2026-08-03T18:50:43Z	card0,99,17,3,N/A,0;;
2026-08-03T18:50:44Z	card0,99,17,16,N/A,0;;
2026-08-03T18:50:45Z	card0,99,17,2,N/A,0;;
2026-08-03T18:50:46Z	card0,99,17,16,N/A,0;;
2026-08-03T18:50:47Z	card0,99,17,15,N/A,0;;
2026-08-03T18:50:48Z	card0,99,17,2,N/A,0;;
2026-08-03T18:50:50Z	card0,99,17,15,N/A,0;;
2026-08-03T18:50:51Z	card0,98,17,5,N/A,0;;
2026-08-03T18:50:52Z	card0,100,17,4,N/A,0;;
2026-08-03T18:50:53Z	card0,100,17,15,N/A,0;;
2026-08-03T18:50:54Z	card0,99,17,16,N/A,0;;
2026-08-03T18:50:55Z	card0,99,17,16,N/A,0;;
2026-08-03T18:50:56Z	card0,99,17,21,N/A,0;;
2026-08-03T18:50:58Z	card0,99,17,16,N/A,0;;
2026-08-03T18:50:59Z	card0,99,17,48,N/A,0;;
2026-08-03T18:51:00Z	card0,99,17,2,N/A,0;;
2026-08-03T18:51:01Z	card0,99,17,60,N/A,0;;
2026-08-03T18:51:02Z	card0,99,17,8,N/A,0;;
2026-08-03T18:51:03Z	card0,99,17,7,N/A,0;;
2026-08-03T18:51:04Z	card0,99,17,15,N/A,0;;
2026-08-03T18:51:05Z	card0,99,17,1,N/A,0;;
2026-08-03T18:51:07Z	card0,99,17,17,N/A,0;;
2026-08-03T18:51:08Z	card0,89,17,13,N/A,0;;
2026-08-03T18:51:09Z	card0,99,17,16,N/A,0;;
2026-08-03T18:51:10Z	card0,99,17,15,N/A,0;;
2026-08-03T18:51:11Z	card0,99,17,30,N/A,0;;
2026-08-03T18:51:12Z	card0,99,17,2,N/A,0;;
2026-08-03T18:51:13Z	card0,99,17,16,N/A,0;;
2026-08-03T18:51:15Z	card0,99,17,16,N/A,0;;
2026-08-03T18:51:16Z	card0,99,17,2,N/A,0;;
2026-08-03T18:51:17Z	card0,99,17,56,N/A,0;;
2026-08-03T18:51:18Z	card0,99,17,17,N/A,0;;
2026-08-03T18:51:19Z	card0,99,17,3,N/A,0;;
2026-08-03T18:51:20Z	card0,99,17,15,N/A,0;;
2026-08-03T18:51:21Z	card0,90,17,2,N/A,0;;
2026-08-03T18:51:22Z	card0,99,17,66,N/A,0;;
2026-08-03T18:51:24Z	card0,99,17,72,N/A,0;;
2026-08-03T18:51:25Z	card0,99,17,14,N/A,0;;
2026-08-03T18:51:26Z	card0,99,17,17,N/A,0;;
2026-08-03T18:51:27Z	card0,99,17,10,N/A,0;;
2026-08-03T18:51:28Z	card0,90,17,14,N/A,0;;
2026-08-03T18:51:29Z	card0,99,17,2,N/A,0;;
2026-08-03T18:51:30Z	card0,99,17,1,N/A,0;;
2026-08-03T18:51:31Z	card0,99,17,15,N/A,0;;
2026-08-03T18:51:33Z	card0,99,17,16,N/A,0;;
2026-08-03T18:51:34Z	card0,99,17,16,N/A,0;;
2026-08-03T18:51:35Z	card0,99,17,2,N/A,0;;
2026-08-03T18:51:36Z	card0,99,17,15,N/A,0;;
2026-08-03T18:51:37Z	card0,99,17,2,N/A,0;;
2026-08-03T18:51:38Z	card0,99,17,1,N/A,0;;
2026-08-03T18:51:39Z	card0,99,17,4,N/A,0;;
2026-08-03T18:51:41Z	card0,99,17,9,N/A,0;;
2026-08-03T18:51:42Z	card0,99,17,2,N/A,0;;
2026-08-03T18:51:43Z	card0,99,17,17,N/A,0;;
2026-08-03T18:51:44Z	card0,99,17,70,N/A,0;;
2026-08-03T18:51:45Z	card0,99,17,12,N/A,0;;
2026-08-03T18:51:46Z	card0,99,17,16,N/A,0;;
2026-08-03T18:51:47Z	card0,99,17,4,N/A,0;;
2026-08-03T18:51:48Z	card0,99,17,26,N/A,0;;
2026-08-03T18:51:50Z	card0,99,17,2,N/A,0;;
2026-08-03T18:51:51Z	card0,99,17,49,N/A,0;;
2026-08-03T18:51:52Z	card0,87,17,50,N/A,0;;
2026-08-03T18:51:53Z	card0,99,17,16,N/A,0;;
2026-08-03T18:51:54Z	card0,99,17,16,N/A,0;;
2026-08-03T18:51:55Z	card0,99,17,2,N/A,0;;
2026-08-03T18:51:56Z	card0,99,17,4,N/A,0;;
2026-08-03T18:51:58Z	card0,99,17,2,N/A,0;;
2026-08-03T18:51:59Z	card0,98,17,15,N/A,0;;
2026-08-03T18:52:00Z	card0,99,17,17,N/A,0;;
2026-08-03T18:52:01Z	card0,99,17,8,N/A,0;;
2026-08-03T18:52:02Z	card0,99,17,1,N/A,0;;
2026-08-03T18:52:03Z	card0,99,17,61,N/A,0;;
2026-08-03T18:52:04Z	card0,97,17,2,N/A,0;;
2026-08-03T18:52:05Z	card0,98,17,2,N/A,0;;
2026-08-03T18:52:07Z	card0,96,17,15,N/A,0;;
2026-08-03T18:52:08Z	card0,98,17,33,N/A,0;;
2026-08-03T18:52:09Z	card0,94,17,15,N/A,0;;
2026-08-03T18:52:10Z	card0,97,17,15,N/A,0;;
2026-08-03T18:52:11Z	card0,96,17,15,N/A,0;;
2026-08-03T18:52:12Z	card0,97,17,78,N/A,0;;
2026-08-03T18:52:13Z	card0,98,17,16,N/A,0;;
2026-08-03T18:52:14Z	card0,98,17,2,N/A,0;;
2026-08-03T18:52:16Z	card0,99,17,16,N/A,0;;
2026-08-03T18:52:17Z	card0,99,17,16,N/A,0;;
2026-08-03T18:52:18Z	card0,99,17,62,N/A,0;;
2026-08-03T18:52:19Z	card0,99,17,1,N/A,0;;
2026-08-03T18:52:20Z	card0,99,17,2,N/A,0;;
2026-08-03T18:52:21Z	card0,98,17,15,N/A,0;;
2026-08-03T18:52:22Z	card0,98,17,16,N/A,0;;
2026-08-03T18:52:24Z	card0,99,17,16,N/A,0;;
2026-08-03T18:52:25Z	card0,98,17,5,N/A,0;;
2026-08-03T18:52:26Z	card0,99,17,15,N/A,0;;
2026-08-03T18:52:27Z	card0,97,17,13,N/A,0;;
2026-08-03T18:52:28Z	card0,99,17,2,N/A,0;;
2026-08-03T18:52:29Z	card0,99,17,16,N/A,0;;
2026-08-03T18:52:30Z	card0,100,17,2,N/A,0;;
2026-08-03T18:52:31Z	card0,99,17,15,N/A,0;;
2026-08-03T18:52:33Z	card0,99,17,15,N/A,0;;
2026-08-03T18:52:34Z	card0,90,17,8,N/A,0;;
2026-08-03T18:52:35Z	card0,99,17,37,N/A,0;;
2026-08-03T18:52:36Z	card0,99,17,15,N/A,0;;
2026-08-03T18:52:37Z	card0,89,17,24,N/A,0;;
2026-08-03T18:52:38Z	card0,99,17,66,N/A,0;;
2026-08-03T18:52:39Z	card0,99,17,17,N/A,0;;
2026-08-03T18:52:41Z	card0,99,17,24,N/A,0;;
2026-08-03T18:52:42Z	card0,99,17,2,N/A,0;;
2026-08-03T18:52:43Z	card0,99,17,16,N/A,0;;
2026-08-03T18:52:44Z	card0,99,17,2,N/A,0;;
2026-08-03T18:52:45Z	card0,99,17,17,N/A,0;;
2026-08-03T18:52:46Z	card0,99,17,2,N/A,0;;
2026-08-03T18:52:47Z	card0,99,17,2,N/A,0;;
2026-08-03T18:52:48Z	card0,98,17,1,N/A,0;;
2026-08-03T18:52:50Z	card0,99,17,16,N/A,0;;
2026-08-03T18:52:51Z	card0,99,17,2,N/A,0;;
2026-08-03T18:52:52Z	card0,98,17,16,N/A,0;;
2026-08-03T18:52:53Z	card0,99,17,2,N/A,0;;
2026-08-03T18:52:54Z	card0,99,17,36,N/A,0;;
2026-08-03T18:52:55Z	card0,98,17,78,N/A,0;;
2026-08-03T18:52:56Z	card0,99,17,2,N/A,0;;
2026-08-03T18:52:57Z	card0,99,17,16,N/A,0;;
2026-08-03T18:52:59Z	card0,98,17,16,N/A,0;;
2026-08-03T18:53:00Z	card0,99,17,16,N/A,0;;
2026-08-03T18:53:01Z	card0,99,17,15,N/A,0;;
2026-08-03T18:53:02Z	card0,98,17,15,N/A,0;;
2026-08-03T18:53:03Z	card0,99,17,17,N/A,0;;
2026-08-03T18:53:04Z	card0,99,17,15,N/A,0;;
2026-08-03T18:53:05Z	card0,90,17,14,N/A,0;;
2026-08-03T18:53:07Z	card0,99,17,12,N/A,0;;
2026-08-03T18:53:08Z	card0,99,17,16,N/A,0;;
2026-08-03T18:53:09Z	card0,99,17,15,N/A,0;;
2026-08-03T18:53:10Z	card0,99,17,14,N/A,0;;
2026-08-03T18:53:11Z	card0,99,17,2,N/A,0;;
2026-08-03T18:53:12Z	card0,99,17,15,N/A,0;;
2026-08-03T18:53:13Z	card0,90,17,14,N/A,0;;
2026-08-03T18:53:14Z	card0,99,17,16,N/A,0;;
2026-08-03T18:53:16Z	card0,99,17,16,N/A,0;;
2026-08-03T18:53:17Z	card0,99,17,6,N/A,0;;
2026-08-03T18:53:18Z	card0,99,17,15,N/A,0;;
2026-08-03T18:53:19Z	card0,98,17,16,N/A,0;;
2026-08-03T18:53:20Z	card0,99,17,15,N/A,0;;
2026-08-03T18:53:21Z	card0,99,17,11,N/A,0;;
2026-08-03T18:53:22Z	card0,99,17,16,N/A,0;;
2026-08-03T18:53:23Z	card0,99,17,2,N/A,0;;
2026-08-03T18:53:25Z	card0,99,17,1,N/A,0;;
2026-08-03T18:53:26Z	card0,99,17,2,N/A,0;;
2026-08-03T18:53:27Z	card0,99,17,15,N/A,0;;
2026-08-03T18:53:28Z	card0,99,17,17,N/A,0;;
2026-08-03T18:53:29Z	card0,100,17,15,N/A,0;;
2026-08-03T18:53:30Z	card0,99,17,2,N/A,0;;
2026-08-03T18:53:31Z	card0,99,17,1,N/A,0;;
2026-08-03T18:53:33Z	card0,99,17,2,N/A,0;;
2026-08-03T18:53:34Z	card0,99,17,21,N/A,0;;
2026-08-03T18:53:35Z	card0,99,17,4,N/A,0;;
2026-08-03T18:53:36Z	card0,99,17,16,N/A,0;;
2026-08-03T18:53:37Z	card0,99,17,4,N/A,0;;
2026-08-03T18:53:38Z	card0,100,17,57,N/A,0;;
2026-08-03T18:53:39Z	card0,99,17,43,N/A,0;;
2026-08-03T18:53:40Z	card0,99,17,17,N/A,0;;
2026-08-03T18:53:42Z	card0,99,17,11,N/A,0;;
2026-08-03T18:53:43Z	card0,99,17,15,N/A,0;;
2026-08-03T18:53:44Z	card0,99,17,2,N/A,0;;
2026-08-03T18:53:45Z	card0,99,17,15,N/A,0;;
2026-08-03T18:53:46Z	card0,99,17,16,N/A,0;;
2026-08-03T18:53:47Z	card0,100,17,15,N/A,0;;
2026-08-03T18:53:48Z	card0,100,17,2,N/A,0;;
2026-08-03T18:53:50Z	card0,99,17,28,N/A,0;;
2026-08-03T18:53:51Z	card0,99,17,2,N/A,0;;
2026-08-03T18:53:52Z	card0,90,17,2,N/A,0;;
2026-08-03T18:53:53Z	card0,99,17,15,N/A,0;;
2026-08-03T18:53:54Z	card0,99,17,17,N/A,0;;
2026-08-03T18:53:55Z	card0,99,17,9,N/A,0;;
2026-08-03T18:53:56Z	card0,99,17,2,N/A,0;;
2026-08-03T18:53:57Z	card0,99,17,17,N/A,0;;
2026-08-03T18:53:59Z	card0,99,17,15,N/A,0;;
2026-08-03T18:54:00Z	card0,99,17,16,N/A,0;;
2026-08-03T18:54:01Z	card0,91,17,46,N/A,0;;
2026-08-03T18:54:02Z	card0,99,17,16,N/A,0;;
2026-08-03T18:54:03Z	card0,99,17,59,N/A,0;;
2026-08-03T18:54:04Z	card0,99,17,15,N/A,0;;
2026-08-03T18:54:05Z	card0,99,17,16,N/A,0;;
2026-08-03T18:54:06Z	card0,99,17,15,N/A,0;;
2026-08-03T18:54:08Z	card0,99,17,17,N/A,0;;
2026-08-03T18:54:09Z	card0,99,17,15,N/A,0;;
2026-08-03T18:54:10Z	card0,99,17,15,N/A,0;;
2026-08-03T18:54:11Z	card0,99,17,78,N/A,0;;
2026-08-03T18:54:12Z	card0,99,17,2,N/A,0;;
2026-08-03T18:54:13Z	card0,99,17,10,N/A,0;;
2026-08-03T18:54:14Z	card0,99,17,16,N/A,0;;
2026-08-03T18:54:16Z	card0,99,17,15,N/A,0;;
2026-08-03T18:54:17Z	card0,99,17,2,N/A,0;;
2026-08-03T18:54:18Z	card0,100,17,2,N/A,0;;
2026-08-03T18:54:19Z	card0,100,17,1,N/A,0;;
2026-08-03T18:54:20Z	card0,99,17,56,N/A,0;;
2026-08-03T18:54:21Z	card0,100,17,15,N/A,0;;
2026-08-03T18:54:22Z	card0,90,17,1,N/A,0;;
2026-08-03T18:54:23Z	card0,99,17,15,N/A,0;;
2026-08-03T18:54:25Z	card0,99,17,53,N/A,0;;
2026-08-03T18:54:26Z	card0,99,17,16,N/A,0;;
2026-08-03T18:54:27Z	card0,99,17,15,N/A,0;;
2026-08-03T18:54:28Z	card0,89,17,2,N/A,0;;
2026-08-03T18:54:29Z	card0,99,17,3,N/A,0;;
2026-08-03T18:54:30Z	card0,99,17,4,N/A,0;;
2026-08-03T18:54:31Z	card0,99,17,15,N/A,0;;
2026-08-03T18:54:33Z	card0,99,17,21,N/A,0;;
2026-08-03T18:54:34Z	card0,99,17,15,N/A,0;;
2026-08-03T18:54:35Z	card0,99,17,16,N/A,0;;
2026-08-03T18:54:36Z	card0,99,17,16,N/A,0;;
2026-08-03T18:54:37Z	card0,100,17,63,N/A,0;;
2026-08-03T18:54:38Z	card0,99,17,2,N/A,0;;
2026-08-03T18:54:39Z	card0,100,17,16,N/A,0;;
2026-08-03T18:54:40Z	card0,100,17,2,N/A,0;;
2026-08-03T18:54:42Z	card0,100,17,68,N/A,0;;
2026-08-03T18:54:43Z	card0,99,17,15,N/A,0;;
2026-08-03T18:54:44Z	card0,99,17,15,N/A,0;;
2026-08-03T18:54:45Z	card0,99,17,17,N/A,0;;
2026-08-03T18:54:46Z	card0,100,17,3,N/A,0;;
2026-08-03T18:54:47Z	card0,99,17,64,N/A,0;;
2026-08-03T18:54:48Z	card0,99,17,16,N/A,0;;
2026-08-03T18:54:50Z	card0,99,17,3,N/A,0;;
2026-08-03T18:54:51Z	card0,99,17,53,N/A,0;;
2026-08-03T18:54:52Z	card0,99,17,16,N/A,0;;
2026-08-03T18:54:53Z	card0,99,17,16,N/A,0;;
2026-08-03T18:54:54Z	card0,100,17,36,N/A,0;;
2026-08-03T18:54:55Z	card0,100,17,4,N/A,0;;
2026-08-03T18:54:56Z	card0,99,17,15,N/A,0;;
2026-08-03T18:54:57Z	card0,90,17,1,N/A,0;;
2026-08-03T18:54:59Z	card0,98,17,16,N/A,0;;
2026-08-03T18:55:00Z	card0,99,17,2,N/A,0;;
2026-08-03T18:55:01Z	card0,99,17,16,N/A,0;;
2026-08-03T18:55:02Z	card0,99,17,2,N/A,0;;
2026-08-03T18:55:03Z	card0,99,17,15,N/A,0;;
2026-08-03T18:55:04Z	card0,89,17,14,N/A,0;;
2026-08-03T18:55:05Z	card0,99,17,3,N/A,0;;
2026-08-03T18:55:06Z	card0,99,17,17,N/A,0;;
2026-08-03T18:55:08Z	card0,99,17,1,N/A,0;;
2026-08-03T18:55:09Z	card0,99,17,36,N/A,0;;
2026-08-03T18:55:10Z	card0,90,17,27,N/A,0;;
2026-08-03T18:55:11Z	card0,99,17,16,N/A,0;;
2026-08-03T18:55:12Z	card0,100,17,68,N/A,0;;
2026-08-03T18:55:13Z	card0,99,17,15,N/A,0;;
2026-08-03T18:55:14Z	card0,99,17,16,N/A,0;;
2026-08-03T18:55:16Z	card0,99,17,2,N/A,0;;
2026-08-03T18:55:17Z	card0,99,17,24,N/A,0;;
2026-08-03T18:55:18Z	card0,99,17,15,N/A,0;;
2026-08-03T18:55:19Z	card0,99,17,15,N/A,0;;
2026-08-03T18:55:20Z	card0,96,17,6,N/A,0;;
2026-08-03T18:55:21Z	card0,85,17,14,N/A,0;;
2026-08-03T18:55:22Z	card0,99,17,16,N/A,0;;
2026-08-03T18:55:23Z	card0,100,17,16,N/A,0;;
2026-08-03T18:55:25Z	card0,99,17,15,N/A,0;;
2026-08-03T18:55:26Z	card0,100,17,17,N/A,0;;
2026-08-03T18:55:27Z	card0,99,17,15,N/A,0;;
2026-08-03T18:55:28Z	card0,98,17,15,N/A,0;;
2026-08-03T18:55:29Z	card0,99,17,2,N/A,0;;
2026-08-03T18:55:30Z	card0,99,17,69,N/A,0;;
2026-08-03T18:55:31Z	card0,99,17,16,N/A,0;;
2026-08-03T18:55:32Z	card0,99,17,16,N/A,0;;
2026-08-03T18:55:34Z	card0,99,17,2,N/A,0;;
2026-08-03T18:55:35Z	card0,98,17,15,N/A,0;;
2026-08-03T18:55:36Z	card0,98,17,16,N/A,0;;
2026-08-03T18:55:37Z	card0,99,17,13,N/A,0;;
2026-08-03T18:55:38Z	card0,99,17,65,N/A,0;;
2026-08-03T18:55:39Z	card0,90,17,21,N/A,0;;
2026-08-03T18:55:40Z	card0,89,17,1,N/A,0;;
2026-08-03T18:55:42Z	card0,99,17,16,N/A,0;;
2026-08-03T18:55:43Z	card0,99,17,7,N/A,0;;
2026-08-03T18:55:44Z	card0,90,17,2,N/A,0;;
2026-08-03T18:55:45Z	card0,65,17,9,N/A,0;;
2026-08-03T18:55:46Z	card0,81,17,13,N/A,0;;
2026-08-03T18:55:47Z	card0,99,17,15,N/A,0;;
2026-08-03T18:55:48Z	card0,99,17,1,N/A,0;;
2026-08-03T18:55:49Z	card0,99,17,15,N/A,0;;
2026-08-03T18:55:51Z	card0,99,17,29,N/A,0;;
2026-08-03T18:55:52Z	card0,99,17,16,N/A,0;;
2026-08-03T18:55:53Z	card0,99,17,2,N/A,0;;
2026-08-03T18:55:54Z	card0,98,17,3,N/A,0;;
2026-08-03T18:55:55Z	card0,97,17,18,N/A,0;;
2026-08-03T18:55:56Z	card0,99,17,15,N/A,0;;
2026-08-03T18:55:57Z	card0,99,17,16,N/A,0;;
2026-08-03T18:55:59Z	card0,99,17,3,N/A,0;;
2026-08-03T18:56:00Z	card0,100,17,2,N/A,0;;
2026-08-03T18:56:01Z	card0,99,17,15,N/A,0;;
2026-08-03T18:56:02Z	card0,99,17,16,N/A,0;;
2026-08-03T18:56:03Z	card0,99,17,7,N/A,0;;
2026-08-03T18:56:04Z	card0,99,17,6,N/A,0;;
2026-08-03T18:56:05Z	card0,99,17,15,N/A,0;;
2026-08-03T18:56:06Z	card0,100,17,15,N/A,0;;
2026-08-03T18:56:08Z	card0,99,17,35,N/A,0;;
2026-08-03T18:56:09Z	card0,100,17,2,N/A,0;;
2026-08-03T18:56:10Z	card0,97,17,15,N/A,0;;
2026-08-03T18:56:11Z	card0,98,17,16,N/A,0;;
2026-08-03T18:56:12Z	card0,99,17,15,N/A,0;;
2026-08-03T18:56:13Z	card0,98,17,15,N/A,0;;
2026-08-03T18:56:14Z	card0,98,17,78,N/A,0;;
2026-08-03T18:56:15Z	card0,98,17,16,N/A,0;;
2026-08-03T18:56:17Z	card0,97,17,1,N/A,0;;
2026-08-03T18:56:18Z	card0,98,17,2,N/A,0;;
2026-08-03T18:56:19Z	card0,97,17,15,N/A,0;;
2026-08-03T18:56:20Z	card0,100,17,16,N/A,0;;
2026-08-03T18:56:21Z	card0,99,17,56,N/A,0;;
2026-08-03T18:56:22Z	card0,99,17,15,N/A,0;;
2026-08-03T18:56:23Z	card0,100,17,16,N/A,0;;
2026-08-03T18:56:25Z	card0,98,17,15,N/A,0;;
2026-08-03T18:56:26Z	card0,99,17,8,N/A,0;;
2026-08-03T18:56:27Z	card0,95,17,5,N/A,0;;
2026-08-03T18:56:28Z	card0,99,17,9,N/A,0;;
2026-08-03T18:56:29Z	card0,98,17,3,N/A,0;;
2026-08-03T18:56:30Z	card0,99,17,66,N/A,0;;
2026-08-03T18:56:31Z	card0,98,17,16,N/A,0;;
2026-08-03T18:56:32Z	card0,99,17,15,N/A,0;;
2026-08-03T18:56:34Z	card0,99,17,7,N/A,0;;
2026-08-03T18:56:35Z	card0,99,17,9,N/A,0;;
2026-08-03T18:56:36Z	card0,99,17,4,N/A,0;;
2026-08-03T18:56:37Z	card0,99,17,28,N/A,0;;
2026-08-03T18:56:38Z	card0,98,17,24,N/A,0;;
2026-08-03T18:56:39Z	card0,99,17,16,N/A,0;;
2026-08-03T18:56:40Z	card0,99,17,16,N/A,0;;
2026-08-03T18:56:41Z	card0,98,17,15,N/A,0;;
2026-08-03T18:56:43Z	card0,99,17,2,N/A,0;;
2026-08-03T18:56:44Z	card0,99,17,30,N/A,0;;
2026-08-03T18:56:45Z	card0,99,17,15,N/A,0;;
2026-08-03T18:56:46Z	card0,99,17,14,N/A,0;;
2026-08-03T18:56:47Z	card0,99,17,2,N/A,0;;
2026-08-03T18:56:48Z	card0,99,17,4,N/A,0;;
2026-08-03T18:56:49Z	card0,99,17,15,N/A,0;;
2026-08-03T18:56:51Z	card0,99,17,16,N/A,0;;
2026-08-03T18:56:52Z	card0,90,17,72,N/A,0;;
2026-08-03T18:56:53Z	card0,99,17,2,N/A,0;;
2026-08-03T18:56:54Z	card0,90,17,2,N/A,0;;
2026-08-03T18:56:55Z	card0,99,17,16,N/A,0;;
2026-08-03T18:56:56Z	card0,98,17,0,N/A,0;;
2026-08-03T18:56:57Z	card0,91,17,5,N/A,0;;
2026-08-03T18:56:58Z	card0,99,17,13,N/A,0;;
2026-08-03T18:57:00Z	card0,99,17,14,N/A,0;;
2026-08-03T18:57:01Z	card0,99,17,2,N/A,0;;
2026-08-03T18:57:02Z	card0,99,17,15,N/A,0;;
2026-08-03T18:57:03Z	card0,98,17,16,N/A,0;;
2026-08-03T18:57:04Z	card0,99,17,2,N/A,0;;
2026-08-03T18:57:05Z	card0,99,17,5,N/A,0;;
2026-08-03T18:57:06Z	card0,98,17,2,N/A,0;;
2026-08-03T18:57:08Z	card0,98,17,15,N/A,0;;
2026-08-03T18:57:09Z	card0,99,17,4,N/A,0;;
2026-08-03T18:57:10Z	card0,99,17,16,N/A,0;;
2026-08-03T18:57:11Z	card0,99,17,15,N/A,0;;
2026-08-03T18:57:12Z	card0,99,17,16,N/A,0;;
2026-08-03T18:57:13Z	card0,99,17,3,N/A,0;;
2026-08-03T18:57:14Z	card0,99,17,15,N/A,0;;
2026-08-03T18:57:15Z	card0,99,17,6,N/A,0;;
2026-08-03T18:57:17Z	card0,99,17,17,N/A,0;;
2026-08-03T18:57:18Z	card0,99,17,15,N/A,0;;
2026-08-03T18:57:19Z	card0,100,17,4,N/A,0;;
2026-08-03T18:57:20Z	card0,100,17,15,N/A,0;;
2026-08-03T18:57:21Z	card0,100,17,2,N/A,0;;
2026-08-03T18:57:22Z	card0,99,17,17,N/A,0;;
2026-08-03T18:57:23Z	card0,99,17,2,N/A,0;;
2026-08-03T18:57:24Z	card0,99,17,12,N/A,0;;
2026-08-03T18:57:26Z	card0,100,17,16,N/A,0;;
2026-08-03T18:57:27Z	card0,99,17,4,N/A,0;;
2026-08-03T18:57:28Z	card0,99,17,15,N/A,0;;
2026-08-03T18:57:29Z	card0,100,17,14,N/A,0;;
2026-08-03T18:57:30Z	card0,99,17,2,N/A,0;;
2026-08-03T18:57:31Z	card0,99,17,16,N/A,0;;
2026-08-03T18:57:32Z	card0,99,17,3,N/A,0;;
2026-08-03T18:57:34Z	card0,99,17,4,N/A,0;;
2026-08-03T18:57:35Z	card0,99,17,87,N/A,0;;
2026-08-03T18:57:36Z	card0,99,17,2,N/A,0;;
2026-08-03T18:57:37Z	card0,99,17,35,N/A,0;;
2026-08-03T18:57:38Z	card0,99,17,16,N/A,0;;
2026-08-03T18:57:39Z	card0,100,17,15,N/A,0;;
2026-08-03T18:57:40Z	card0,97,17,2,N/A,0;;
2026-08-03T18:57:41Z	card0,99,17,1,N/A,0;;
2026-08-03T18:57:43Z	card0,99,17,15,N/A,0;;
2026-08-03T18:57:44Z	card0,99,17,36,N/A,0;;
2026-08-03T18:57:45Z	card0,98,17,46,N/A,0;;
2026-08-03T18:57:46Z	card0,99,17,4,N/A,0;;
2026-08-03T18:57:47Z	card0,99,17,1,N/A,0;;
2026-08-03T18:57:48Z	card0,99,17,1,N/A,0;;
2026-08-03T18:57:49Z	card0,98,17,15,N/A,0;;
2026-08-03T18:57:50Z	card0,99,17,55,N/A,0;;
2026-08-03T18:57:52Z	card0,99,17,40,N/A,0;;
2026-08-03T18:57:53Z	card0,99,17,15,N/A,0;;
2026-08-03T18:57:54Z	card0,99,17,15,N/A,0;;
2026-08-03T18:57:55Z	card0,98,17,10,N/A,0;;
2026-08-03T18:57:56Z	card0,99,17,45,N/A,0;;
2026-08-03T18:57:57Z	card0,99,17,16,N/A,0;;
2026-08-03T18:57:58Z	card0,99,17,1,N/A,0;;
2026-08-03T18:58:00Z	card0,99,17,15,N/A,0;;
2026-08-03T18:58:01Z	card0,99,17,15,N/A,0;;
2026-08-03T18:58:02Z	card0,89,17,12,N/A,0;;
2026-08-03T18:58:03Z	card0,99,17,2,N/A,0;;
2026-08-03T18:58:04Z	card0,99,17,67,N/A,0;;
2026-08-03T18:58:05Z	card0,99,17,80,N/A,0;;
2026-08-03T18:58:06Z	card0,99,17,2,N/A,0;;
2026-08-03T18:58:07Z	card0,88,17,14,N/A,0;;
2026-08-03T18:58:09Z	card0,97,17,15,N/A,0;;
2026-08-03T18:58:10Z	card0,98,17,15,N/A,0;;
2026-08-03T18:58:11Z	card0,98,17,15,N/A,0;;
2026-08-03T18:58:12Z	card0,99,17,3,N/A,0;;
2026-08-03T18:58:13Z	card0,100,17,2,N/A,0;;
2026-08-03T18:58:14Z	card0,99,17,15,N/A,0;;
2026-08-03T18:58:15Z	card0,99,17,15,N/A,0;;
2026-08-03T18:58:17Z	card0,99,17,4,N/A,0;;
2026-08-03T18:58:18Z	card0,99,17,15,N/A,0;;
2026-08-03T18:58:19Z	card0,99,17,24,N/A,0;;
2026-08-03T18:58:20Z	card0,99,17,15,N/A,0;;
2026-08-03T18:58:21Z	card0,99,17,5,N/A,0;;
2026-08-03T18:58:22Z	card0,99,17,15,N/A,0;;
2026-08-03T18:58:23Z	card0,97,17,15,N/A,0;;
2026-08-03T18:58:24Z	card0,99,17,67,N/A,0;;
2026-08-03T18:58:26Z	card0,97,17,2,N/A,0;;
2026-08-03T18:58:27Z	card0,97,17,15,N/A,0;;
2026-08-03T18:58:28Z	card0,99,17,17,N/A,0;;
2026-08-03T18:58:29Z	card0,99,17,4,N/A,0;;
2026-08-03T18:58:30Z	card0,99,17,15,N/A,0;;
2026-08-03T18:58:31Z	card0,99,17,15,N/A,0;;
2026-08-03T18:58:32Z	card0,97,17,16,N/A,0;;
2026-08-03T18:58:33Z	card0,98,17,15,N/A,0;;
2026-08-03T18:58:35Z	card0,99,17,15,N/A,0;;
2026-08-03T18:58:36Z	card0,99,17,4,N/A,0;;
2026-08-03T18:58:37Z	card0,100,17,8,N/A,0;;
2026-08-03T18:58:38Z	card0,100,17,15,N/A,0;;
2026-08-03T18:58:39Z	card0,97,17,16,N/A,0;;
2026-08-03T18:58:40Z	card0,99,17,2,N/A,0;;
2026-08-03T18:58:41Z	card0,99,17,16,N/A,0;;
2026-08-03T18:58:43Z	card0,100,17,2,N/A,0;;
2026-08-03T18:58:44Z	card0,100,17,57,N/A,0;;
2026-08-03T18:58:45Z	card0,99,17,15,N/A,0;;
2026-08-03T18:58:46Z	card0,97,17,16,N/A,0;;
2026-08-03T18:58:47Z	card0,98,17,15,N/A,0;;
2026-08-03T18:58:48Z	card0,99,17,11,N/A,0;;
2026-08-03T18:58:49Z	card0,99,17,5,N/A,0;;
2026-08-03T18:58:50Z	card0,99,17,15,N/A,0;;
2026-08-03T18:58:52Z	card0,100,17,14,N/A,0;;
2026-08-03T18:58:53Z	card0,98,17,16,N/A,0;;
2026-08-03T18:58:54Z	card0,99,17,15,N/A,0;;
2026-08-03T18:58:55Z	card0,98,17,2,N/A,0;;
2026-08-03T18:58:56Z	card0,98,17,16,N/A,0;;
2026-08-03T18:58:57Z	card0,98,17,2,N/A,0;;
2026-08-03T18:58:58Z	card0,98,17,4,N/A,0;;
2026-08-03T18:58:59Z	card0,98,17,15,N/A,0;;
2026-08-03T18:59:01Z	card0,98,17,17,N/A,0;;
2026-08-03T18:59:02Z	card0,98,17,15,N/A,0;;
2026-08-03T18:59:03Z	card0,98,17,15,N/A,0;;
2026-08-03T18:59:04Z	card0,99,17,4,N/A,0;;
2026-08-03T18:59:05Z	card0,95,17,1,N/A,0;;
2026-08-03T18:59:06Z	card0,98,17,15,N/A,0;;
2026-08-03T18:59:07Z	card0,95,17,15,N/A,0;;
2026-08-03T18:59:09Z	card0,98,17,3,N/A,0;;
2026-08-03T18:59:10Z	card0,99,17,2,N/A,0;;
2026-08-03T18:59:11Z	card0,98,17,2,N/A,0;;
2026-08-03T18:59:12Z	card0,99,17,16,N/A,0;;
2026-08-03T18:59:13Z	card0,99,17,16,N/A,0;;
2026-08-03T18:59:14Z	card0,90,17,5,N/A,0;;
2026-08-03T18:59:15Z	card0,99,17,15,N/A,0;;
2026-08-03T18:59:16Z	card0,90,17,2,N/A,0;;
2026-08-03T18:59:18Z	card0,99,17,15,N/A,0;;
2026-08-03T18:59:19Z	card0,99,17,30,N/A,0;;
2026-08-03T18:59:20Z	card0,98,17,15,N/A,0;;
2026-08-03T18:59:21Z	card0,99,17,15,N/A,0;;
2026-08-03T18:59:22Z	card0,99,17,8,N/A,0;;
2026-08-03T18:59:23Z	card0,89,17,5,N/A,0;;
2026-08-03T18:59:24Z	card0,99,17,2,N/A,0;;
2026-08-03T18:59:26Z	card0,90,17,14,N/A,0;;
2026-08-03T18:59:27Z	card0,99,17,4,N/A,0;;
2026-08-03T18:59:28Z	card0,99,17,16,N/A,0;;
2026-08-03T18:59:29Z	card0,99,17,10,N/A,0;;
2026-08-03T18:59:30Z	card0,99,17,65,N/A,0;;
2026-08-03T18:59:31Z	card0,99,17,4,N/A,0;;
2026-08-03T18:59:32Z	card0,99,17,13,N/A,0;;
2026-08-03T18:59:33Z	card0,99,17,9,N/A,0;;
2026-08-03T18:59:35Z	card0,97,17,16,N/A,0;;
2026-08-03T18:59:36Z	card0,99,17,15,N/A,0;;
2026-08-03T18:59:37Z	card0,99,17,16,N/A,0;;
2026-08-03T18:59:38Z	card0,99,17,16,N/A,0;;
2026-08-03T18:59:39Z	card0,100,17,15,N/A,0;;
2026-08-03T18:59:40Z	card0,99,17,6,N/A,0;;
2026-08-03T18:59:41Z	card0,99,17,16,N/A,0;;
2026-08-03T18:59:43Z	card0,99,17,10,N/A,0;;
2026-08-03T18:59:44Z	card0,99,17,6,N/A,0;;
2026-08-03T18:59:45Z	card0,99,17,5,N/A,0;;
2026-08-03T18:59:46Z	card0,99,17,4,N/A,0;;
2026-08-03T18:59:47Z	card0,99,17,15,N/A,0;;
2026-08-03T18:59:48Z	card0,100,17,15,N/A,0;;
2026-08-03T18:59:49Z	card0,99,17,16,N/A,0;;
2026-08-03T18:59:50Z	card0,99,17,16,N/A,0;;
2026-08-03T18:59:52Z	card0,99,17,4,N/A,0;;
2026-08-03T18:59:53Z	card0,99,17,3,N/A,0;;
2026-08-03T18:59:54Z	card0,99,17,16,N/A,0;;
2026-08-03T18:59:55Z	card0,99,17,2,N/A,0;;
2026-08-03T18:59:56Z	card0,99,17,17,N/A,0;;
2026-08-03T18:59:57Z	card0,99,17,15,N/A,0;;
2026-08-03T18:59:58Z	card0,99,17,4,N/A,0;;
2026-08-03T18:59:59Z	card0,99,17,16,N/A,0;;
2026-08-03T19:00:01Z	card0,99,17,16,N/A,0;;
2026-08-03T19:00:02Z	card0,99,17,15,N/A,0;;
2026-08-03T19:00:03Z	card0,98,17,4,N/A,0;;
2026-08-03T19:00:04Z	card0,99,17,15,N/A,0;;
2026-08-03T19:00:05Z	card0,100,17,15,N/A,0;;
2026-08-03T19:00:06Z	card0,99,17,14,N/A,0;;
2026-08-03T19:00:07Z	card0,98,17,2,N/A,0;;
2026-08-03T19:00:09Z	card0,99,17,15,N/A,0;;
2026-08-03T19:00:10Z	card0,99,17,5,N/A,0;;
2026-08-03T19:00:11Z	card0,99,17,15,N/A,0;;
2026-08-03T19:00:12Z	card0,99,17,9,N/A,0;;
2026-08-03T19:00:13Z	card0,99,17,17,N/A,0;;
2026-08-03T19:00:14Z	card0,99,17,15,N/A,0;;
2026-08-03T19:00:15Z	card0,99,17,16,N/A,0;;
2026-08-03T19:00:16Z	card0,99,17,2,N/A,0;;
2026-08-03T19:00:18Z	card0,99,17,15,N/A,0;;
2026-08-03T19:00:19Z	card0,99,17,16,N/A,0;;
2026-08-03T19:00:20Z	card0,99,17,16,N/A,0;;
2026-08-03T19:00:21Z	card0,99,17,15,N/A,0;;
2026-08-03T19:00:22Z	card0,99,17,16,N/A,0;;
2026-08-03T19:00:23Z	card0,99,17,60,N/A,0;;
2026-08-03T19:00:24Z	card0,100,17,15,N/A,0;;
2026-08-03T19:00:25Z	card0,99,17,2,N/A,0;;
2026-08-03T19:00:27Z	card0,90,17,14,N/A,0;;
2026-08-03T19:00:28Z	card0,99,17,2,N/A,0;;
2026-08-03T19:00:29Z	card0,88,17,2,N/A,0;;
2026-08-03T19:00:30Z	card0,99,17,2,N/A,0;;
2026-08-03T19:00:31Z	card0,97,17,16,N/A,0;;
2026-08-03T19:00:32Z	card0,99,17,2,N/A,0;;
2026-08-03T19:00:33Z	card0,99,17,4,N/A,0;;
2026-08-03T19:00:35Z	card0,99,17,6,N/A,0;;
2026-08-03T19:00:36Z	card0,99,17,42,N/A,0;;
2026-08-03T19:00:37Z	card0,100,17,15,N/A,0;;
2026-08-03T19:00:38Z	card0,98,17,8,N/A,0;;
2026-08-03T19:00:39Z	card0,99,17,2,N/A,0;;
2026-08-03T19:00:40Z	card0,100,17,15,N/A,0;;
2026-08-03T19:00:41Z	card0,99,17,16,N/A,0;;
2026-08-03T19:00:42Z	card0,99,17,23,N/A,0;;
2026-08-03T19:00:44Z	card0,99,17,13,N/A,0;;
2026-08-03T19:00:45Z	card0,99,17,17,N/A,0;;
2026-08-03T19:00:46Z	card0,99,17,4,N/A,0;;
2026-08-03T19:00:47Z	card0,99,17,15,N/A,0;;
2026-08-03T19:00:48Z	card0,99,17,17,N/A,0;;
2026-08-03T19:00:49Z	card0,99,17,15,N/A,0;;
2026-08-03T19:00:50Z	card0,99,17,13,N/A,0;;
2026-08-03T19:00:52Z	card0,99,17,15,N/A,0;;
2026-08-03T19:00:53Z	card0,100,17,2,N/A,0;;
2026-08-03T19:00:54Z	card0,99,17,16,N/A,0;;
2026-08-03T19:00:55Z	card0,99,17,15,N/A,0;;
2026-08-03T19:00:56Z	card0,99,17,16,N/A,0;;
2026-08-03T19:00:57Z	card0,100,17,2,N/A,0;;
2026-08-03T19:00:58Z	card0,100,17,2,N/A,0;;
2026-08-03T19:00:59Z	card0,99,17,15,N/A,0;;
2026-08-03T19:01:01Z	card0,99,17,2,N/A,0;;
2026-08-03T19:01:02Z	card0,95,17,2,N/A,0;;
2026-08-03T19:01:03Z	card0,98,17,11,N/A,0;;
2026-08-03T19:01:04Z	card0,95,17,16,N/A,0;;
2026-08-03T19:01:05Z	card0,98,17,15,N/A,0;;
2026-08-03T19:01:06Z	card0,97,17,14,N/A,0;;
2026-08-03T19:01:07Z	card0,99,17,1,N/A,0;;
2026-08-03T19:01:08Z	card0,99,17,17,N/A,0;;
2026-08-03T19:01:10Z	card0,99,17,2,N/A,0;;
2026-08-03T19:01:11Z	card0,99,17,16,N/A,0;;
2026-08-03T19:01:12Z	card0,100,17,1,N/A,0;;
2026-08-03T19:01:13Z	card0,99,17,33,N/A,0;;
2026-08-03T19:01:14Z	card0,98,17,15,N/A,0;;
2026-08-03T19:01:15Z	card0,97,17,65,N/A,0;;
2026-08-03T19:01:16Z	card0,98,17,2,N/A,0;;
2026-08-03T19:01:18Z	card0,99,17,1,N/A,0;;
2026-08-03T19:01:19Z	card0,97,17,16,N/A,0;;
2026-08-03T19:01:20Z	card0,99,17,1,N/A,0;;
2026-08-03T19:01:21Z	card0,99,17,15,N/A,0;;
2026-08-03T19:01:22Z	card0,99,17,16,N/A,0;;
2026-08-03T19:01:23Z	card0,99,17,2,N/A,0;;
2026-08-03T19:01:24Z	card0,98,17,14,N/A,0;;
2026-08-03T19:01:25Z	card0,96,17,16,N/A,0;;
2026-08-03T19:01:27Z	card0,98,17,16,N/A,0;;
2026-08-03T19:01:28Z	card0,99,17,4,N/A,0;;
2026-08-03T19:01:29Z	card0,99,17,25,N/A,0;;
2026-08-03T19:01:30Z	card0,99,17,5,N/A,0;;
2026-08-03T19:01:31Z	card0,99,17,2,N/A,0;;
2026-08-03T19:01:32Z	card0,99,17,11,N/A,0;;
2026-08-03T19:01:33Z	card0,99,17,16,N/A,0;;
2026-08-03T19:01:35Z	card0,99,17,15,N/A,0;;
2026-08-03T19:01:36Z	card0,99,17,31,N/A,0;;
2026-08-03T19:01:37Z	card0,98,17,16,N/A,0;;
2026-08-03T19:01:38Z	card0,97,17,2,N/A,0;;
2026-08-03T19:01:39Z	card0,99,17,17,N/A,0;;
2026-08-03T19:01:40Z	card0,99,17,15,N/A,0;;
2026-08-03T19:01:41Z	card0,99,17,16,N/A,0;;
2026-08-03T19:01:42Z	card0,99,17,16,N/A,0;;
2026-08-03T19:01:44Z	card0,99,17,15,N/A,0;;
2026-08-03T19:01:45Z	card0,99,17,83,N/A,0;;
2026-08-03T19:01:46Z	card0,99,17,16,N/A,0;;
2026-08-03T19:01:47Z	card0,100,17,15,N/A,0;;
2026-08-03T19:01:48Z	card0,100,17,2,N/A,0;;
2026-08-03T19:01:49Z	card0,99,17,16,N/A,0;;
2026-08-03T19:01:50Z	card0,99,17,2,N/A,0;;
2026-08-03T19:01:51Z	card0,99,17,14,N/A,0;;
2026-08-03T19:01:53Z	card0,99,17,15,N/A,0;;
2026-08-03T19:01:54Z	card0,100,17,15,N/A,0;;
2026-08-03T19:01:55Z	card0,99,17,68,N/A,0;;
2026-08-03T19:01:56Z	card0,97,17,15,N/A,0;;
2026-08-03T19:01:57Z	card0,98,17,1,N/A,0;;
2026-08-03T19:01:58Z	card0,97,17,44,N/A,0;;
2026-08-03T19:01:59Z	card0,99,17,16,N/A,0;;
2026-08-03T19:02:01Z	card0,99,17,15,N/A,0;;
2026-08-03T19:02:02Z	card0,99,17,16,N/A,0;;
2026-08-03T19:02:03Z	card0,99,17,2,N/A,0;;
2026-08-03T19:02:04Z	card0,92,17,15,N/A,0;;
2026-08-03T19:02:05Z	card0,94,17,15,N/A,0;;
2026-08-03T19:02:06Z	card0,99,17,17,N/A,0;;
2026-08-03T19:02:07Z	card0,99,17,16,N/A,0;;
2026-08-03T19:02:08Z	card0,99,17,1,N/A,0;;
2026-08-03T19:02:10Z	card0,99,17,16,N/A,0;;
2026-08-03T19:02:11Z	card0,92,17,49,N/A,0;;
2026-08-03T19:02:12Z	card0,99,17,2,N/A,0;;
2026-08-03T19:02:13Z	card0,99,17,67,N/A,0;;
2026-08-03T19:02:14Z	card0,99,17,17,N/A,0;;
2026-08-03T19:02:15Z	card0,99,17,64,N/A,0;;
2026-08-03T19:02:16Z	card0,98,17,7,N/A,0;;
2026-08-03T19:02:17Z	card0,94,17,1,N/A,0;;
2026-08-03T19:02:19Z	card0,97,17,65,N/A,0;;
2026-08-03T19:02:20Z	card0,98,17,2,N/A,0;;
2026-08-03T19:02:21Z	card0,98,17,11,N/A,0;;
2026-08-03T19:02:22Z	card0,99,17,17,N/A,0;;
2026-08-03T19:02:23Z	card0,98,17,15,N/A,0;;
2026-08-03T19:02:24Z	card0,97,17,15,N/A,0;;
2026-08-03T19:02:25Z	card0,99,17,16,N/A,0;;
2026-08-03T19:02:27Z	card0,98,17,2,N/A,0;;
2026-08-03T19:02:28Z	card0,99,17,24,N/A,0;;
2026-08-03T19:02:29Z	card0,97,17,50,N/A,0;;
2026-08-03T19:02:30Z	card0,99,17,2,N/A,0;;
2026-08-03T19:02:31Z	card0,98,17,29,N/A,0;;
2026-08-03T19:02:32Z	card0,99,17,15,N/A,0;;
2026-08-03T19:02:33Z	card0,99,17,17,N/A,0;;
2026-08-03T19:02:34Z	card0,99,17,2,N/A,0;;
2026-08-03T19:02:36Z	card0,99,17,16,N/A,0;;
2026-08-03T19:02:37Z	card0,92,17,0,N/A,0;;
2026-08-03T19:02:38Z	card0,97,17,46,N/A,0;;
2026-08-03T19:02:39Z	card0,99,17,13,N/A,0;;
2026-08-03T19:02:40Z	card0,91,17,14,N/A,0;;
2026-08-03T19:02:41Z	card0,99,17,4,N/A,0;;
2026-08-03T19:02:42Z	card0,99,17,17,N/A,0;;
2026-08-03T19:02:44Z	card0,99,17,2,N/A,0;;
2026-08-03T19:02:45Z	card0,99,17,16,N/A,0;;
2026-08-03T19:02:46Z	card0,100,17,16,N/A,0;;
2026-08-03T19:02:47Z	card0,100,17,16,N/A,0;;
2026-08-03T19:02:48Z	card0,99,17,16,N/A,0;;
2026-08-03T19:02:49Z	card0,100,17,16,N/A,0;;
2026-08-03T19:02:50Z	card0,99,17,16,N/A,0;;
2026-08-03T19:02:51Z	card0,99,17,51,N/A,0;;
2026-08-03T19:02:53Z	card0,100,17,22,N/A,0;;
2026-08-03T19:02:54Z	card0,99,17,54,N/A,0;;
2026-08-03T19:02:55Z	card0,99,17,16,N/A,0;;
2026-08-03T19:02:56Z	card0,98,17,15,N/A,0;;
2026-08-03T19:02:57Z	card0,99,17,16,N/A,0;;
2026-08-03T19:02:58Z	card0,99,17,1,N/A,0;;
2026-08-03T19:02:59Z	card0,90,17,15,N/A,0;;
2026-08-03T19:03:00Z	card0,99,17,4,N/A,0;;
2026-08-03T19:03:02Z	card0,99,17,70,N/A,0;;
2026-08-03T19:03:03Z	card0,89,17,1,N/A,0;;
2026-08-03T19:03:04Z	card0,99,17,17,N/A,0;;
2026-08-03T19:03:05Z	card0,99,17,2,N/A,0;;
2026-08-03T19:03:06Z	card0,99,17,18,N/A,0;;
2026-08-03T19:03:07Z	card0,98,17,16,N/A,0;;
2026-08-03T19:03:08Z	card0,99,17,15,N/A,0;;
2026-08-03T19:03:10Z	card0,99,17,8,N/A,0;;
2026-08-03T19:03:11Z	card0,99,17,17,N/A,0;;
2026-08-03T19:03:12Z	card0,98,17,15,N/A,0;;
2026-08-03T19:03:13Z	card0,99,17,16,N/A,0;;
2026-08-03T19:03:14Z	card0,99,17,16,N/A,0;;
2026-08-03T19:03:15Z	card0,99,17,19,N/A,0;;
2026-08-03T19:03:16Z	card0,99,17,3,N/A,0;;
2026-08-03T19:03:17Z	card0,99,17,16,N/A,0;;
2026-08-03T19:03:19Z	card0,100,17,2,N/A,0;;
2026-08-03T19:03:20Z	card0,99,17,17,N/A,0;;
2026-08-03T19:03:21Z	card0,100,17,12,N/A,0;;
2026-08-03T19:03:22Z	card0,99,17,2,N/A,0;;
2026-08-03T19:03:23Z	card0,99,17,30,N/A,0;;
2026-08-03T19:03:24Z	card0,99,17,16,N/A,0;;
2026-08-03T19:03:25Z	card0,99,17,78,N/A,0;;
2026-08-03T19:03:26Z	card0,99,17,16,N/A,0;;
2026-08-03T19:03:28Z	card0,99,17,27,N/A,0;;
2026-08-03T19:03:29Z	card0,99,17,79,N/A,0;;
2026-08-03T19:03:30Z	card0,99,17,3,N/A,0;;
2026-08-03T19:03:31Z	card0,100,17,2,N/A,0;;
2026-08-03T19:03:32Z	card0,99,17,13,N/A,0;;
2026-08-03T19:03:33Z	card0,100,17,2,N/A,0;;
2026-08-03T19:03:34Z	card0,99,17,15,N/A,0;;
2026-08-03T19:03:36Z	card0,99,17,10,N/A,0;;
2026-08-03T19:03:37Z	card0,99,17,35,N/A,0;;
2026-08-03T19:03:38Z	card0,99,17,56,N/A,0;;
2026-08-03T19:03:39Z	card0,100,17,4,N/A,0;;
2026-08-03T19:03:40Z	card0,100,17,5,N/A,0;;
2026-08-03T19:03:41Z	card0,99,17,15,N/A,0;;
2026-08-03T19:03:42Z	card0,99,17,16,N/A,0;;
2026-08-03T19:03:43Z	card0,99,17,2,N/A,0;;
2026-08-03T19:03:45Z	card0,99,17,17,N/A,0;;
2026-08-03T19:03:46Z	card0,99,17,15,N/A,0;;
2026-08-03T19:03:47Z	card0,99,17,4,N/A,0;;
2026-08-03T19:03:48Z	card0,99,17,89,N/A,0;;
2026-08-03T19:03:49Z	card0,99,17,15,N/A,0;;
2026-08-03T19:03:50Z	card0,90,17,14,N/A,0;;
2026-08-03T19:03:51Z	card0,99,17,15,N/A,0;;
2026-08-03T19:03:53Z	card0,99,17,7,N/A,0;;
2026-08-03T19:03:54Z	card0,100,17,8,N/A,0;;
2026-08-03T19:03:55Z	card0,99,17,15,N/A,0;;
2026-08-03T19:03:56Z	card0,99,17,56,N/A,0;;
2026-08-03T19:03:57Z	card0,99,17,3,N/A,0;;
2026-08-03T19:03:58Z	card0,99,17,16,N/A,0;;
2026-08-03T19:03:59Z	card0,99,17,16,N/A,0;;
2026-08-03T19:04:00Z	card0,99,17,15,N/A,0;;
2026-08-03T19:04:02Z	card0,99,17,14,N/A,0;;
2026-08-03T19:04:03Z	card0,99,17,15,N/A,0;;
2026-08-03T19:04:04Z	card0,99,17,2,N/A,0;;
2026-08-03T19:04:05Z	card0,100,17,15,N/A,0;;
2026-08-03T19:04:06Z	card0,99,17,10,N/A,0;;
2026-08-03T19:04:07Z	card0,100,17,15,N/A,0;;
2026-08-03T19:04:08Z	card0,100,17,15,N/A,0;;
2026-08-03T19:04:09Z	card0,99,17,12,N/A,0;;
2026-08-03T19:04:11Z	card0,99,17,21,N/A,0;;
2026-08-03T19:04:12Z	card0,99,17,24,N/A,0;;
2026-08-03T19:04:13Z	card0,99,17,17,N/A,0;;
2026-08-03T19:04:14Z	card0,100,17,5,N/A,0;;
2026-08-03T19:04:15Z	card0,100,17,15,N/A,0;;
2026-08-03T19:04:16Z	card0,99,17,16,N/A,0;;
2026-08-03T19:04:17Z	card0,99,17,11,N/A,0;;
2026-08-03T19:04:19Z	card0,99,17,16,N/A,0;;
2026-08-03T19:04:20Z	card0,99,17,4,N/A,0;;
2026-08-03T19:04:21Z	card0,99,17,15,N/A,0;;
2026-08-03T19:04:22Z	card0,97,17,30,N/A,0;;
2026-08-03T19:04:23Z	card0,98,17,1,N/A,0;;
2026-08-03T19:04:24Z	card0,95,17,15,N/A,0;;
2026-08-03T19:04:25Z	card0,98,17,15,N/A,0;;
2026-08-03T19:04:26Z	card0,99,17,16,N/A,0;;
2026-08-03T19:04:28Z	card0,99,17,15,N/A,0;;
2026-08-03T19:04:29Z	card0,99,17,15,N/A,0;;
2026-08-03T19:04:30Z	card0,12,17,0,N/A,0;;
2026-08-03T19:04:31Z	card0,14,0,0,N/A,0;;
