timestamp_utc	device_sample
2026-08-03T16:07:21Z	card0,0,0,0,N/A,0;;
2026-08-03T16:07:23Z	card0,0,0,0,N/A,0;;
2026-08-03T16:07:24Z	card0,0,0,0,N/A,0;;
2026-08-03T16:07:25Z	card0,0,0,0,N/A,0;;
2026-08-03T16:07:26Z	card0,0,0,0,N/A,0;;
2026-08-03T16:07:27Z	card0,0,0,0,N/A,0;;
2026-08-03T16:07:28Z	card0,0,0,0,N/A,0;;
2026-08-03T16:07:29Z	card0,9,0,0,N/A,0;;
2026-08-03T16:07:31Z	card0,18,3,0,N/A,0;;
2026-08-03T16:07:32Z	card0,99,4,0,N/A,0;;
2026-08-03T16:07:33Z	card0,99,4,0,N/A,0;;
2026-08-03T16:07:34Z	card0,99,4,0,N/A,0;;
2026-08-03T16:07:35Z	card0,99,5,0,N/A,0;;
2026-08-03T16:07:36Z	card0,100,5,0,N/A,0;;
2026-08-03T16:07:37Z	card0,79,14,0,N/A,0;;
2026-08-03T16:07:38Z	card0,92,8,2,N/A,0;;
2026-08-03T16:07:40Z	card0,100,8,0,N/A,0;;
2026-08-03T16:07:41Z	card0,99,8,3,N/A,0;;
2026-08-03T16:07:42Z	card0,100,8,0,N/A,0;;
2026-08-03T16:07:43Z	card0,100,8,0,N/A,0;;
2026-08-03T16:07:44Z	card0,99,8,0,N/A,0;;
2026-08-03T16:07:45Z	card0,100,8,0,N/A,0;;
2026-08-03T16:07:46Z	card0,98,8,0,N/A,0;;
2026-08-03T16:07:48Z	card0,99,8,0,N/A,0;;
2026-08-03T16:07:49Z	card0,99,8,0,N/A,0;;
2026-08-03T16:07:50Z	card0,100,8,0,N/A,0;;
2026-08-03T16:07:51Z	card0,99,8,1,N/A,0;;
2026-08-03T16:07:52Z	card0,99,8,1,N/A,0;;
2026-08-03T16:07:53Z	card0,100,8,0,N/A,0;;
2026-08-03T16:07:54Z	card0,100,8,0,N/A,0;;
2026-08-03T16:07:55Z	card0,100,8,0,N/A,0;;
2026-08-03T16:07:57Z	card0,100,8,0,N/A,0;;
2026-08-03T16:07:58Z	card0,100,8,0,N/A,0;;
2026-08-03T16:07:59Z	card0,100,8,0,N/A,0;;
2026-08-03T16:08:00Z	card0,100,8,2,N/A,0;;
2026-08-03T16:08:01Z	card0,99,17,12,N/A,0;;
2026-08-03T16:08:02Z	card0,100,17,43,N/A,0;;
2026-08-03T16:08:03Z	card0,100,17,23,N/A,0;;
2026-08-03T16:08:04Z	card0,99,17,4,N/A,0;;
2026-08-03T16:08:06Z	card0,99,17,17,N/A,0;;
2026-08-03T16:08:07Z	card0,100,17,2,N/A,0;;
2026-08-03T16:08:08Z	card0,99,17,16,N/A,0;;
2026-08-03T16:08:09Z	card0,100,17,2,N/A,0;;
2026-08-03T16:08:10Z	card0,100,17,1,N/A,0;;
2026-08-03T16:08:11Z	card0,99,17,16,N/A,0;;
2026-08-03T16:08:12Z	card0,96,17,2,N/A,0;;
2026-08-03T16:08:14Z	card0,90,17,14,N/A,0;;
2026-08-03T16:08:15Z	card0,98,17,15,N/A,0;;
2026-08-03T16:08:16Z	card0,99,17,10,N/A,0;;
2026-08-03T16:08:17Z	card0,99,17,2,N/A,0;;
2026-08-03T16:08:18Z	card0,99,17,15,N/A,0;;
2026-08-03T16:08:19Z	card0,100,17,1,N/A,0;;
2026-08-03T16:08:20Z	card0,99,17,2,N/A,0;;
2026-08-03T16:08:21Z	card0,100,17,15,N/A,0;;
2026-08-03T16:08:23Z	card0,99,17,16,N/A,0;;
2026-08-03T16:08:24Z	card0,100,17,15,N/A,0;;
2026-08-03T16:08:25Z	card0,96,17,2,N/A,0;;
2026-08-03T16:08:26Z	card0,98,17,15,N/A,0;;
2026-08-03T16:08:27Z	card0,99,17,16,N/A,0;;
2026-08-03T16:08:28Z	card0,99,17,15,N/A,0;;
2026-08-03T16:08:29Z	card0,99,17,17,N/A,0;;
2026-08-03T16:08:30Z	card0,100,17,15,N/A,0;;
2026-08-03T16:08:32Z	card0,100,17,16,N/A,0;;
2026-08-03T16:08:33Z	card0,99,17,2,N/A,0;;
2026-08-03T16:08:34Z	card0,100,17,6,N/A,0;;
2026-08-03T16:08:35Z	card0,99,17,13,N/A,0;;
2026-08-03T16:08:36Z	card0,99,17,16,N/A,0;;
2026-08-03T16:08:37Z	card0,99,17,2,N/A,0;;
2026-08-03T16:08:38Z	card0,99,17,6,N/A,0;;
2026-08-03T16:08:40Z	card0,99,17,2,N/A,0;;
2026-08-03T16:08:41Z	card0,99,17,46,N/A,0;;
2026-08-03T16:08:42Z	card0,99,17,17,N/A,0;;
2026-08-03T16:08:43Z	card0,99,17,15,N/A,0;;
2026-08-03T16:08:44Z	card0,100,17,15,N/A,0;;
2026-08-03T16:08:45Z	card0,99,17,2,N/A,0;;
2026-08-03T16:08:46Z	card0,99,17,15,N/A,0;;
2026-08-03T16:08:47Z	card0,99,17,7,N/A,0;;
2026-08-03T16:08:49Z	card0,99,17,4,N/A,0;;
2026-08-03T16:08:50Z	card0,99,17,2,N/A,0;;
2026-08-03T16:08:51Z	card0,99,17,16,N/A,0;;
2026-08-03T16:08:52Z	card0,99,17,15,N/A,0;;
2026-08-03T16:08:53Z	card0,98,17,48,N/A,0;;
2026-08-03T16:08:54Z	card0,89,17,2,N/A,0;;
2026-08-03T16:08:55Z	card0,99,17,17,N/A,0;;
2026-08-03T16:08:56Z	card0,99,17,15,N/A,0;;
2026-08-03T16:08:58Z	card0,98,17,15,N/A,0;;
2026-08-03T16:08:59Z	card0,98,17,3,N/A,0;;
2026-08-03T16:09:00Z	card0,98,17,2,N/A,0;;
2026-08-03T16:09:01Z	card0,98,17,2,N/A,0;;
2026-08-03T16:09:02Z	card0,98,17,14,N/A,0;;
2026-08-03T16:09:03Z	card0,98,17,5,N/A,0;;
2026-08-03T16:09:04Z	card0,98,17,11,N/A,0;;
2026-08-03T16:09:06Z	card0,99,17,15,N/A,0;;
2026-08-03T16:09:07Z	card0,98,17,21,N/A,0;;
2026-08-03T16:09:08Z	card0,98,17,2,N/A,0;;
2026-08-03T16:09:09Z	card0,99,17,13,N/A,0;;
2026-08-03T16:09:10Z	card0,99,17,16,N/A,0;;
2026-08-03T16:09:11Z	card0,98,17,15,N/A,0;;
2026-08-03T16:09:12Z	card0,99,17,1,N/A,0;;
2026-08-03T16:09:13Z	card0,98,17,69,N/A,0;;
2026-08-03T16:09:15Z	card0,100,17,16,N/A,0;;
2026-08-03T16:09:16Z	card0,99,17,34,N/A,0;;
2026-08-03T16:09:17Z	card0,90,17,14,N/A,0;;
2026-08-03T16:09:18Z	card0,99,17,16,N/A,0;;
2026-08-03T16:09:19Z	card0,90,17,14,N/A,0;;
2026-08-03T16:09:20Z	card0,99,17,15,N/A,0;;
2026-08-03T16:09:21Z	card0,99,17,67,N/A,0;;
2026-08-03T16:09:23Z	card0,90,17,14,N/A,0;;
2026-08-03T16:09:24Z	card0,97,17,2,N/A,0;;
2026-08-03T16:09:25Z	card0,87,17,70,N/A,0;;
2026-08-03T16:09:26Z	card0,99,17,15,N/A,0;;
2026-08-03T16:09:27Z	card0,96,17,18,N/A,0;;
2026-08-03T16:09:28Z	card0,100,17,17,N/A,0;;
2026-08-03T16:09:29Z	card0,100,17,15,N/A,0;;
2026-08-03T16:09:31Z	card0,100,17,8,N/A,0;;
2026-08-03T16:09:32Z	card0,99,17,17,N/A,0;;
2026-08-03T16:09:33Z	card0,99,17,15,N/A,0;;
2026-08-03T16:09:34Z	card0,98,17,16,N/A,0;;
2026-08-03T16:09:35Z	card0,99,17,2,N/A,0;;
2026-08-03T16:09:36Z	card0,100,17,2,N/A,0;;
2026-08-03T16:09:37Z	card0,99,17,15,N/A,0;;
2026-08-03T16:09:38Z	card0,100,17,16,N/A,0;;
2026-08-03T16:09:40Z	card0,98,17,2,N/A,0;;
2026-08-03T16:09:41Z	card0,99,17,14,N/A,0;;
2026-08-03T16:09:42Z	card0,91,17,7,N/A,0;;
2026-08-03T16:09:43Z	card0,99,17,2,N/A,0;;
2026-08-03T16:09:44Z	card0,90,17,14,N/A,0;;
2026-08-03T16:09:45Z	card0,99,17,5,N/A,0;;
2026-08-03T16:09:46Z	card0,90,17,14,N/A,0;;
2026-08-03T16:09:47Z	card0,100,17,15,N/A,0;;
2026-08-03T16:09:49Z	card0,99,17,2,N/A,0;;
2026-08-03T16:09:50Z	card0,99,17,15,N/A,0;;
2026-08-03T16:09:51Z	card0,99,17,13,N/A,0;;
2026-08-03T16:09:52Z	card0,99,17,15,N/A,0;;
2026-08-03T16:09:53Z	card0,100,17,16,N/A,0;;
2026-08-03T16:09:54Z	card0,99,17,59,N/A,0;;
2026-08-03T16:09:55Z	card0,100,17,1,N/A,0;;
2026-08-03T16:09:57Z	card0,99,17,22,N/A,0;;
2026-08-03T16:09:58Z	card0,100,17,17,N/A,0;;
2026-08-03T16:09:59Z	card0,100,17,5,N/A,0;;
2026-08-03T16:10:00Z	card0,99,17,78,N/A,0;;
2026-08-03T16:10:01Z	card0,90,17,14,N/A,0;;
2026-08-03T16:10:02Z	card0,99,17,2,N/A,0;;
2026-08-03T16:10:03Z	card0,98,17,2,N/A,0;;
2026-08-03T16:10:04Z	card0,99,17,18,N/A,0;;
2026-08-03T16:10:06Z	card0,97,17,5,N/A,0;;
2026-08-03T16:10:07Z	card0,100,17,9,N/A,0;;
2026-08-03T16:10:08Z	card0,100,17,10,N/A,0;;
2026-08-03T16:10:09Z	card0,99,17,17,N/A,0;;
2026-08-03T16:10:10Z	card0,100,17,15,N/A,0;;
2026-08-03T16:10:11Z	card0,99,17,16,N/A,0;;
2026-08-03T16:10:12Z	card0,100,17,1,N/A,0;;
2026-08-03T16:10:13Z	card0,97,17,5,N/A,0;;
2026-08-03T16:10:15Z	card0,99,17,32,N/A,0;;
2026-08-03T16:10:16Z	card0,100,17,16,N/A,0;;
2026-08-03T16:10:17Z	card0,100,17,3,N/A,0;;
2026-08-03T16:10:18Z	card0,100,17,4,N/A,0;;
2026-08-03T16:10:19Z	card0,90,17,4,N/A,0;;
2026-08-03T16:10:20Z	card0,100,17,10,N/A,0;;
2026-08-03T16:10:21Z	card0,100,17,2,N/A,0;;
2026-08-03T16:10:23Z	card0,99,17,61,N/A,0;;
2026-08-03T16:10:24Z	card0,85,17,12,N/A,0;;
2026-08-03T16:10:25Z	card0,98,17,16,N/A,0;;
2026-08-03T16:10:26Z	card0,98,17,15,N/A,0;;
2026-08-03T16:10:27Z	card0,98,17,15,N/A,0;;
2026-08-03T16:10:28Z	card0,100,17,17,N/A,0;;
2026-08-03T16:10:29Z	card0,100,17,3,N/A,0;;
2026-08-03T16:10:30Z	card0,100,17,12,N/A,0;;
2026-08-03T16:10:32Z	card0,99,17,2,N/A,0;;
2026-08-03T16:10:33Z	card0,98,17,2,N/A,0;;
2026-08-03T16:10:34Z	card0,99,17,16,N/A,0;;
2026-08-03T16:10:35Z	card0,100,17,16,N/A,0;;
2026-08-03T16:10:36Z	card0,100,17,2,N/A,0;;
2026-08-03T16:10:37Z	card0,99,17,3,N/A,0;;
2026-08-03T16:10:38Z	card0,99,17,16,N/A,0;;
2026-08-03T16:10:40Z	card0,98,17,2,N/A,0;;
2026-08-03T16:10:41Z	card0,99,17,16,N/A,0;;
2026-08-03T16:10:42Z	card0,100,17,2,N/A,0;;
2026-08-03T16:10:43Z	card0,100,17,15,N/A,0;;
2026-08-03T16:10:44Z	card0,99,17,16,N/A,0;;
2026-08-03T16:10:45Z	card0,99,17,2,N/A,0;;
2026-08-03T16:10:46Z	card0,99,17,15,N/A,0;;
2026-08-03T16:10:47Z	card0,99,17,16,N/A,0;;
2026-08-03T16:10:49Z	card0,99,17,15,N/A,0;;
2026-08-03T16:10:50Z	card0,99,17,15,N/A,0;;
2026-08-03T16:10:51Z	card0,99,17,17,N/A,0;;
2026-08-03T16:10:52Z	card0,98,17,15,N/A,0;;
2026-08-03T16:10:53Z	card0,99,17,17,N/A,0;;
2026-08-03T16:10:54Z	card0,90,17,13,N/A,0;;
2026-08-03T16:10:55Z	card0,99,17,17,N/A,0;;
2026-08-03T16:10:56Z	card0,99,17,15,N/A,0;;
2026-08-03T16:10:58Z	card0,100,17,15,N/A,0;;
2026-08-03T16:10:59Z	card0,99,17,2,N/A,0;;
2026-08-03T16:11:00Z	card0,100,17,15,N/A,0;;
2026-08-03T16:11:01Z	card0,100,17,9,N/A,0;;
2026-08-03T16:11:02Z	card0,90,17,14,N/A,0;;
2026-08-03T16:11:03Z	card0,100,17,16,N/A,0;;
2026-08-03T16:11:04Z	card0,99,17,15,N/A,0;;
2026-08-03T16:11:06Z	card0,98,17,6,N/A,0;;
2026-08-03T16:11:07Z	card0,100,17,2,N/A,0;;
2026-08-03T16:11:08Z	card0,100,17,12,N/A,0;;
2026-08-03T16:11:09Z	card0,100,17,17,N/A,0;;
2026-08-03T16:11:10Z	card0,100,17,15,N/A,0;;
2026-08-03T16:11:11Z	card0,100,17,10,N/A,0;;
2026-08-03T16:11:12Z	card0,99,17,17,N/A,0;;
2026-08-03T16:11:13Z	card0,100,17,15,N/A,0;;
2026-08-03T16:11:15Z	card0,99,17,62,N/A,0;;
2026-08-03T16:11:16Z	card0,100,17,15,N/A,0;;
2026-08-03T16:11:17Z	card0,100,17,15,N/A,0;;
2026-08-03T16:11:18Z	card0,99,17,16,N/A,0;;
2026-08-03T16:11:19Z	card0,100,17,16,N/A,0;;
2026-08-03T16:11:20Z	card0,98,17,16,N/A,0;;
2026-08-03T16:11:21Z	card0,99,17,5,N/A,0;;
2026-08-03T16:11:23Z	card0,100,17,22,N/A,0;;
2026-08-03T16:11:24Z	card0,99,17,2,N/A,0;;
2026-08-03T16:11:25Z	card0,98,17,16,N/A,0;;
2026-08-03T16:11:26Z	card0,90,17,14,N/A,0;;
2026-08-03T16:11:27Z	card0,97,17,2,N/A,0;;
2026-08-03T16:11:28Z	card0,99,17,15,N/A,0;;
2026-08-03T16:11:29Z	card0,99,17,16,N/A,0;;
2026-08-03T16:11:30Z	card0,100,17,15,N/A,0;;
2026-08-03T16:11:32Z	card0,100,17,2,N/A,0;;
2026-08-03T16:11:33Z	card0,99,17,17,N/A,0;;
2026-08-03T16:11:34Z	card0,100,17,15,N/A,0;;
2026-08-03T16:11:35Z	card0,98,17,16,N/A,0;;
2026-08-03T16:11:36Z	card0,100,17,16,N/A,0;;
2026-08-03T16:11:37Z	card0,100,17,5,N/A,0;;
2026-08-03T16:11:38Z	card0,99,17,15,N/A,0;;
2026-08-03T16:11:39Z	card0,100,17,57,N/A,0;;
2026-08-03T16:11:41Z	card0,100,17,2,N/A,0;;
2026-08-03T16:11:42Z	card0,99,17,17,N/A,0;;
2026-08-03T16:11:43Z	card0,100,17,10,N/A,0;;
2026-08-03T16:11:44Z	card0,100,17,2,N/A,0;;
2026-08-03T16:11:45Z	card0,99,17,1,N/A,0;;
2026-08-03T16:11:46Z	card0,100,17,15,N/A,0;;
2026-08-03T16:11:47Z	card0,100,17,16,N/A,0;;
2026-08-03T16:11:49Z	card0,100,17,1,N/A,0;;
2026-08-03T16:11:50Z	card0,100,17,15,N/A,0;;
2026-08-03T16:11:51Z	card0,99,17,6,N/A,0;;
2026-08-03T16:11:52Z	card0,100,17,16,N/A,0;;
2026-08-03T16:11:53Z	card0,99,17,15,N/A,0;;
2026-08-03T16:11:54Z	card0,100,17,17,N/A,0;;
2026-08-03T16:11:55Z	card0,98,17,15,N/A,0;;
2026-08-03T16:11:56Z	card0,92,17,1,N/A,0;;
2026-08-03T16:11:58Z	card0,99,17,2,N/A,0;;
2026-08-03T16:11:59Z	card0,99,17,16,N/A,0;;
2026-08-03T16:12:00Z	card0,100,17,2,N/A,0;;
2026-08-03T16:12:01Z	card0,99,17,51,N/A,0;;
2026-08-03T16:12:02Z	card0,100,17,16,N/A,0;;
2026-08-03T16:12:03Z	card0,100,17,45,N/A,0;;
2026-08-03T16:12:04Z	card0,99,17,15,N/A,0;;
2026-08-03T16:12:05Z	card0,100,17,57,N/A,0;;
2026-08-03T16:12:07Z	card0,98,17,15,N/A,0;;
2026-08-03T16:12:08Z	card0,99,17,26,N/A,0;;
2026-08-03T16:12:09Z	card0,100,17,15,N/A,0;;
2026-08-03T16:12:10Z	card0,100,17,15,N/A,0;;
2026-08-03T16:12:11Z	card0,99,17,19,N/A,0;;
2026-08-03T16:12:12Z	card0,100,17,30,N/A,0;;
2026-08-03T16:12:13Z	card0,99,17,50,N/A,0;;
2026-08-03T16:12:15Z	card0,100,17,17,N/A,0;;
2026-08-03T16:12:16Z	card0,100,17,15,N/A,0;;
2026-08-03T16:12:17Z	card0,100,17,69,N/A,0;;
2026-08-03T16:12:18Z	card0,99,17,2,N/A,0;;
2026-08-03T16:12:19Z	card0,100,17,2,N/A,0;;
2026-08-03T16:12:20Z	card0,99,17,18,N/A,0;;
2026-08-03T16:12:21Z	card0,100,17,2,N/A,0;;
2026-08-03T16:12:22Z	card0,100,17,15,N/A,0;;
2026-08-03T16:12:24Z	card0,99,17,17,N/A,0;;
2026-08-03T16:12:25Z	card0,100,17,15,N/A,0;;
2026-08-03T16:12:26Z	card0,99,17,29,N/A,0;;
2026-08-03T16:12:27Z	card0,100,17,2,N/A,0;;
2026-08-03T16:12:28Z	card0,100,17,3,N/A,0;;
2026-08-03T16:12:29Z	card0,99,17,15,N/A,0;;
2026-08-03T16:12:30Z	card0,100,17,2,N/A,0;;
2026-08-03T16:12:32Z	card0,99,17,21,N/A,0;;
2026-08-03T16:12:33Z	card0,100,17,17,N/A,0;;
2026-08-03T16:12:34Z	card0,100,17,51,N/A,0;;
2026-08-03T16:12:35Z	card0,100,17,46,N/A,0;;
2026-08-03T16:12:36Z	card0,99,17,16,N/A,0;;
2026-08-03T16:12:37Z	card0,100,17,15,N/A,0;;
2026-08-03T16:12:38Z	card0,99,17,16,N/A,0;;
2026-08-03T16:12:39Z	card0,99,17,14,N/A,0;;
2026-08-03T16:12:41Z	card0,100,17,2,N/A,0;;
2026-08-03T16:12:42Z	card0,99,17,15,N/A,0;;
2026-08-03T16:12:43Z	card0,99,17,59,N/A,0;;
2026-08-03T16:12:44Z	card0,100,17,2,N/A,0;;
2026-08-03T16:12:45Z	card0,99,17,15,N/A,0;;
2026-08-03T16:12:46Z	card0,100,17,17,N/A,0;;
2026-08-03T16:12:47Z	card0,100,17,7,N/A,0;;
2026-08-03T16:12:48Z	card0,100,17,15,N/A,0;;
2026-08-03T16:12:50Z	card0,99,17,17,N/A,0;;
2026-08-03T16:12:51Z	card0,100,17,15,N/A,0;;
2026-08-03T16:12:52Z	card0,99,17,62,N/A,0;;
2026-08-03T16:12:53Z	card0,100,17,2,N/A,0;;
2026-08-03T16:12:54Z	card0,100,17,15,N/A,0;;
2026-08-03T16:12:55Z	card0,99,17,16,N/A,0;;
2026-08-03T16:12:56Z	card0,100,17,16,N/A,0;;
2026-08-03T16:12:58Z	card0,99,17,54,N/A,0;;
2026-08-03T16:12:59Z	card0,100,17,2,N/A,0;;
2026-08-03T16:13:00Z	card0,100,17,15,N/A,0;;
2026-08-03T16:13:01Z	card0,100,17,15,N/A,0;;
2026-08-03T16:13:02Z	card0,100,17,16,N/A,0;;
2026-08-03T16:13:03Z	card0,100,17,11,N/A,0;;
2026-08-03T16:13:04Z	card0,99,17,17,N/A,0;;
2026-08-03T16:13:05Z	card0,100,17,11,N/A,0;;
2026-08-03T16:13:07Z	card0,100,17,2,N/A,0;;
2026-08-03T16:13:08Z	card0,99,17,66,N/A,0;;
2026-08-03T16:13:09Z	card0,100,17,15,N/A,0;;
2026-08-03T16:13:10Z	card0,99,17,16,N/A,0;;
2026-08-03T16:13:11Z	card0,100,17,16,N/A,0;;
2026-08-03T16:13:12Z	card0,100,17,69,N/A,0;;
2026-08-03T16:13:13Z	card0,99,17,6,N/A,0;;
2026-08-03T16:13:14Z	card0,100,17,16,N/A,0;;
2026-08-03T16:13:16Z	card0,99,17,15,N/A,0;;
2026-08-03T16:13:17Z	card0,90,17,14,N/A,0;;
2026-08-03T16:13:18Z	card0,99,17,16,N/A,0;;
2026-08-03T16:13:19Z	card0,99,17,4,N/A,0;;
2026-08-03T16:13:20Z	card0,100,17,15,N/A,0;;
2026-08-03T16:13:21Z	card0,99,17,17,N/A,0;;
2026-08-03T16:13:22Z	card0,100,17,3,N/A,0;;
2026-08-03T16:13:24Z	card0,99,17,12,N/A,0;;
2026-08-03T16:13:25Z	card0,100,17,16,N/A,0;;
2026-08-03T16:13:26Z	card0,100,17,62,N/A,0;;
2026-08-03T16:13:27Z	card0,99,17,6,N/A,0;;
2026-08-03T16:13:28Z	card0,100,17,2,N/A,0;;
2026-08-03T16:13:29Z	card0,100,17,2,N/A,0;;
2026-08-03T16:13:30Z	card0,100,17,5,N/A,0;;
2026-08-03T16:13:31Z	card0,100,17,3,N/A,0;;
2026-08-03T16:13:33Z	card0,100,17,15,N/A,0;;
2026-08-03T16:13:34Z	card0,99,17,17,N/A,0;;
2026-08-03T16:13:35Z	card0,100,17,15,N/A,0;;
2026-08-03T16:13:36Z	card0,99,17,11,N/A,0;;
2026-08-03T16:13:37Z	card0,100,17,1,N/A,0;;
2026-08-03T16:13:38Z	card0,100,17,15,N/A,0;;
2026-08-03T16:13:39Z	card0,99,17,61,N/A,0;;
2026-08-03T16:13:40Z	card0,100,17,1,N/A,0;;
2026-08-03T16:13:42Z	card0,100,17,50,N/A,0;;
2026-08-03T16:13:43Z	card0,100,17,16,N/A,0;;
2026-08-03T16:13:44Z	card0,100,17,15,N/A,0;;
2026-08-03T16:13:45Z	card0,100,17,59,N/A,0;;
2026-08-03T16:13:46Z	card0,99,17,2,N/A,0;;
2026-08-03T16:13:47Z	card0,98,17,2,N/A,0;;
2026-08-03T16:13:48Z	card0,99,17,63,N/A,0;;
2026-08-03T16:13:50Z	card0,100,17,2,N/A,0;;
2026-08-03T16:13:51Z	card0,100,17,16,N/A,0;;
2026-08-03T16:13:52Z	card0,99,17,15,N/A,0;;
2026-08-03T16:13:53Z	card0,100,17,2,N/A,0;;
2026-08-03T16:13:54Z	card0,99,17,27,N/A,0;;
2026-08-03T16:13:55Z	card0,99,17,16,N/A,0;;
2026-08-03T16:13:56Z	card0,100,17,15,N/A,0;;
2026-08-03T16:13:57Z	card0,100,17,15,N/A,0;;
2026-08-03T16:13:59Z	card0,99,17,2,N/A,0;;
2026-08-03T16:14:00Z	card0,100,17,15,N/A,0;;
2026-08-03T16:14:01Z	card0,90,17,14,N/A,0;;
2026-08-03T16:14:02Z	card0,98,17,16,N/A,0;;
2026-08-03T16:14:03Z	card0,98,17,16,N/A,0;;
2026-08-03T16:14:04Z	card0,100,17,14,N/A,0;;
2026-08-03T16:14:05Z	card0,99,17,12,N/A,0;;
2026-08-03T16:14:07Z	card0,99,17,2,N/A,0;;
2026-08-03T16:14:08Z	card0,100,17,2,N/A,0;;
2026-08-03T16:14:09Z	card0,98,17,16,N/A,0;;
2026-08-03T16:14:10Z	card0,98,17,16,N/A,0;;
2026-08-03T16:14:11Z	card0,100,17,4,N/A,0;;
2026-08-03T16:14:12Z	card0,100,17,15,N/A,0;;
2026-08-03T16:14:13Z	card0,99,17,16,N/A,0;;
2026-08-03T16:14:14Z	card0,100,17,2,N/A,0;;
2026-08-03T16:14:16Z	card0,99,17,9,N/A,0;;
2026-08-03T16:14:17Z	card0,99,17,2,N/A,0;;
2026-08-03T16:14:18Z	card0,98,17,15,N/A,0;;
2026-08-03T16:14:19Z	card0,98,17,15,N/A,0;;
2026-08-03T16:14:20Z	card0,99,17,17,N/A,0;;
2026-08-03T16:14:21Z	card0,99,17,2,N/A,0;;
2026-08-03T16:14:22Z	card0,98,17,27,N/A,0;;
2026-08-03T16:14:23Z	card0,99,17,5,N/A,0;;
2026-08-03T16:14:25Z	card0,99,17,15,N/A,0;;
2026-08-03T16:14:26Z	card0,99,17,15,N/A,0;;
2026-08-03T16:14:27Z	card0,98,17,6,N/A,0;;
2026-08-03T16:14:28Z	card0,99,17,16,N/A,0;;
2026-08-03T16:14:29Z	card0,91,17,5,N/A,0;;
2026-08-03T16:14:30Z	card0,99,17,6,N/A,0;;
2026-08-03T16:14:31Z	card0,98,17,5,N/A,0;;
2026-08-03T16:14:33Z	card0,100,17,2,N/A,0;;
2026-08-03T16:14:34Z	card0,95,17,15,N/A,0;;
2026-08-03T16:14:35Z	card0,94,17,46,N/A,0;;
2026-08-03T16:14:36Z	card0,99,17,6,N/A,0;;
2026-08-03T16:14:37Z	card0,99,17,16,N/A,0;;
2026-08-03T16:14:38Z	card0,98,17,15,N/A,0;;
2026-08-03T16:14:39Z	card0,99,17,7,N/A,0;;
2026-08-03T16:14:40Z	card0,99,17,15,N/A,0;;
2026-08-03T16:14:42Z	card0,99,17,15,N/A,0;;
2026-08-03T16:14:43Z	card0,99,17,16,N/A,0;;
2026-08-03T16:14:44Z	card0,100,17,16,N/A,0;;
2026-08-03T16:14:45Z	card0,99,17,15,N/A,0;;
2026-08-03T16:14:46Z	card0,100,17,65,N/A,0;;
2026-08-03T16:14:47Z	card0,100,17,5,N/A,0;;
2026-08-03T16:14:48Z	card0,100,17,78,N/A,0;;
2026-08-03T16:14:49Z	card0,90,17,14,N/A,0;;
2026-08-03T16:14:51Z	card0,99,17,2,N/A,0;;
2026-08-03T16:14:52Z	card0,100,17,15,N/A,0;;
2026-08-03T16:14:53Z	card0,98,17,43,N/A,0;;
2026-08-03T16:14:54Z	card0,100,17,2,N/A,0;;
2026-08-03T16:14:55Z	card0,100,17,29,N/A,0;;
2026-08-03T16:14:56Z	card0,99,17,6,N/A,0;;
2026-08-03T16:14:57Z	card0,100,17,16,N/A,0;;
2026-08-03T16:14:59Z	card0,100,17,15,N/A,0;;
2026-08-03T16:15:00Z	card0,99,17,21,N/A,0;;
2026-08-03T16:15:01Z	card0,100,17,15,N/A,0;;
2026-08-03T16:15:02Z	card0,100,17,15,N/A,0;;
2026-08-03T16:15:03Z	card0,99,17,9,N/A,0;;
2026-08-03T16:15:04Z	card0,100,17,2,N/A,0;;
2026-08-03T16:15:05Z	card0,99,17,16,N/A,0;;
2026-08-03T16:15:06Z	card0,100,17,2,N/A,0;;
2026-08-03T16:15:08Z	card0,100,17,2,N/A,0;;
2026-08-03T16:15:09Z	card0,99,17,15,N/A,0;;
2026-08-03T16:15:10Z	card0,100,17,2,N/A,0;;
2026-08-03T16:15:11Z	card0,100,17,15,N/A,0;;
2026-08-03T16:15:12Z	card0,100,17,4,N/A,0;;
2026-08-03T16:15:13Z	card0,100,17,15,N/A,0;;
2026-08-03T16:15:14Z	card0,100,17,15,N/A,0;;
2026-08-03T16:15:15Z	card0,99,17,2,N/A,0;;
2026-08-03T16:15:17Z	card0,99,17,19,N/A,0;;
2026-08-03T16:15:18Z	card0,97,17,0,N/A,0;;
2026-08-03T16:15:19Z	card0,93,17,15,N/A,0;;
2026-08-03T16:15:20Z	card0,100,17,3,N/A,0;;
2026-08-03T16:15:21Z	card0,100,17,2,N/A,0;;
2026-08-03T16:15:22Z	card0,99,17,16,N/A,0;;
2026-08-03T16:15:23Z	card0,100,17,3,N/A,0;;
2026-08-03T16:15:25Z	card0,100,17,16,N/A,0;;
2026-08-03T16:15:26Z	card0,100,17,12,N/A,0;;
2026-08-03T16:15:27Z	card0,99,17,8,N/A,0;;
2026-08-03T16:15:28Z	card0,100,17,15,N/A,0;;
2026-08-03T16:15:29Z	card0,100,17,15,N/A,0;;
2026-08-03T16:15:30Z	card0,99,17,16,N/A,0;;
2026-08-03T16:15:31Z	card0,100,17,15,N/A,0;;
2026-08-03T16:15:32Z	card0,99,17,18,N/A,0;;
2026-08-03T16:15:34Z	card0,99,17,1,N/A,0;;
2026-08-03T16:15:35Z	card0,100,17,15,N/A,0;;
2026-08-03T16:15:36Z	card0,99,17,15,N/A,0;;
2026-08-03T16:15:37Z	card0,100,17,2,N/A,0;;
2026-08-03T16:15:38Z	card0,99,17,2,N/A,0;;
2026-08-03T16:15:39Z	card0,88,17,14,N/A,0;;
2026-08-03T16:15:40Z	card0,99,17,12,N/A,0;;
2026-08-03T16:15:41Z	card0,100,17,16,N/A,0;;
2026-08-03T16:15:43Z	card0,100,17,5,N/A,0;;
2026-08-03T16:15:44Z	card0,100,17,30,N/A,0;;
2026-08-03T16:15:45Z	card0,99,17,16,N/A,0;;
2026-08-03T16:15:46Z	card0,97,17,1,N/A,0;;
2026-08-03T16:15:47Z	card0,99,17,16,N/A,0;;
2026-08-03T16:15:48Z	card0,100,17,16,N/A,0;;
2026-08-03T16:15:49Z	card0,100,17,2,N/A,0;;
2026-08-03T16:15:51Z	card0,99,17,2,N/A,0;;
2026-08-03T16:15:52Z	card0,99,17,2,N/A,0;;
2026-08-03T16:15:53Z	card0,98,17,15,N/A,0;;
2026-08-03T16:15:54Z	card0,99,17,9,N/A,0;;
2026-08-03T16:15:55Z	card0,100,17,15,N/A,0;;
2026-08-03T16:15:56Z	card0,100,17,15,N/A,0;;
2026-08-03T16:15:57Z	card0,99,17,18,N/A,0;;
2026-08-03T16:15:58Z	card0,99,17,2,N/A,0;;
2026-08-03T16:16:00Z	card0,99,17,15,N/A,0;;
2026-08-03T16:16:01Z	card0,100,17,4,N/A,0;;
2026-08-03T16:16:02Z	card0,100,17,7,N/A,0;;
2026-08-03T16:16:03Z	card0,99,17,12,N/A,0;;
2026-08-03T16:16:04Z	card0,99,17,2,N/A,0;;
2026-08-03T16:16:05Z	card0,98,17,2,N/A,0;;
2026-08-03T16:16:06Z	card0,99,17,16,N/A,0;;
2026-08-03T16:16:07Z	card0,99,17,16,N/A,0;;
2026-08-03T16:16:09Z	card0,99,17,15,N/A,0;;
2026-08-03T16:16:10Z	card0,97,17,3,N/A,0;;
2026-08-03T16:16:11Z	card0,99,17,4,N/A,0;;
2026-08-03T16:16:12Z	card0,98,17,1,N/A,0;;
2026-08-03T16:16:13Z	card0,100,17,15,N/A,0;;
2026-08-03T16:16:14Z	card0,99,17,5,N/A,0;;
2026-08-03T16:16:15Z	card0,99,17,9,N/A,0;;
2026-08-03T16:16:17Z	card0,99,17,3,N/A,0;;
2026-08-03T16:16:18Z	card0,98,17,16,N/A,0;;
2026-08-03T16:16:19Z	card0,98,17,2,N/A,0;;
2026-08-03T16:16:20Z	card0,98,17,15,N/A,0;;
2026-08-03T16:16:21Z	card0,98,17,16,N/A,0;;
2026-08-03T16:16:22Z	card0,99,17,16,N/A,0;;
2026-08-03T16:16:23Z	card0,98,17,51,N/A,0;;
2026-08-03T16:16:24Z	card0,98,17,15,N/A,0;;
2026-08-03T16:16:26Z	card0,99,17,17,N/A,0;;
2026-08-03T16:16:27Z	card0,98,17,15,N/A,0;;
2026-08-03T16:16:28Z	card0,99,17,16,N/A,0;;
2026-08-03T16:16:29Z	card0,99,17,16,N/A,0;;
2026-08-03T16:16:30Z	card0,98,17,15,N/A,0;;
2026-08-03T16:16:31Z	card0,99,17,3,N/A,0;;
2026-08-03T16:16:32Z	card0,98,17,16,N/A,0;;
2026-08-03T16:16:34Z	card0,99,17,16,N/A,0;;
2026-08-03T16:16:35Z	card0,99,17,16,N/A,0;;
2026-08-03T16:16:36Z	card0,100,17,58,N/A,0;;
2026-08-03T16:16:37Z	card0,99,17,4,N/A,0;;
2026-08-03T16:16:38Z	card0,100,17,15,N/A,0;;
2026-08-03T16:16:39Z	card0,98,17,2,N/A,0;;
2026-08-03T16:16:40Z	card0,100,17,13,N/A,0;;
2026-08-03T16:16:41Z	card0,98,17,12,N/A,0;;
2026-08-03T16:16:43Z	card0,74,17,0,N/A,0;;
2026-08-03T16:16:44Z	card0,71,17,12,N/A,0;;
2026-08-03T16:16:45Z	card0,100,17,2,N/A,0;;
2026-08-03T16:16:46Z	card0,100,17,1,N/A,0;;
2026-08-03T16:16:47Z	card0,99,17,15,N/A,0;;
2026-08-03T16:16:48Z	card0,100,17,2,N/A,0;;
2026-08-03T16:16:49Z	card0,100,17,13,N/A,0;;
2026-08-03T16:16:50Z	card0,99,17,4,N/A,0;;
2026-08-03T16:16:52Z	card0,97,17,15,N/A,0;;
2026-08-03T16:16:53Z	card0,99,17,15,N/A,0;;
2026-08-03T16:16:54Z	card0,90,17,2,N/A,0;;
2026-08-03T16:16:55Z	card0,99,17,1,N/A,0;;
2026-08-03T16:16:56Z	card0,100,17,17,N/A,0;;
2026-08-03T16:16:57Z	card0,99,17,15,N/A,0;;
2026-08-03T16:16:58Z	card0,100,17,17,N/A,0;;
2026-08-03T16:17:00Z	card0,100,17,6,N/A,0;;
2026-08-03T16:17:01Z	card0,100,17,15,N/A,0;;
2026-08-03T16:17:02Z	card0,99,17,65,N/A,0;;
2026-08-03T16:17:03Z	card0,100,17,15,N/A,0;;
2026-08-03T16:17:04Z	card0,99,17,11,N/A,0;;
2026-08-03T16:17:05Z	card0,100,17,3,N/A,0;;
2026-08-03T16:17:06Z	card0,99,17,15,N/A,0;;
2026-08-03T16:17:07Z	card0,90,17,28,N/A,0;;
2026-08-03T16:17:09Z	card0,99,17,71,N/A,0;;
2026-08-03T16:17:10Z	card0,99,17,16,N/A,0;;
2026-08-03T16:17:11Z	card0,99,17,15,N/A,0;;
2026-08-03T16:17:12Z	card0,90,17,2,N/A,0;;
2026-08-03T16:17:13Z	card0,99,17,80,N/A,0;;
2026-08-03T16:17:14Z	card0,99,17,16,N/A,0;;
2026-08-03T16:17:15Z	card0,99,17,14,N/A,0;;
2026-08-03T16:17:16Z	card0,99,17,15,N/A,0;;
2026-08-03T16:17:18Z	card0,100,17,78,N/A,0;;
2026-08-03T16:17:19Z	card0,99,17,2,N/A,0;;
2026-08-03T16:17:20Z	card0,99,17,15,N/A,0;;
2026-08-03T16:17:21Z	card0,98,17,16,N/A,0;;
2026-08-03T16:17:22Z	card0,100,17,16,N/A,0;;
2026-08-03T16:17:23Z	card0,99,17,15,N/A,0;;
2026-08-03T16:17:24Z	card0,99,17,6,N/A,0;;
2026-08-03T16:17:26Z	card0,100,17,12,N/A,0;;
2026-08-03T16:17:27Z	card0,99,17,12,N/A,0;;
2026-08-03T16:17:28Z	card0,100,17,16,N/A,0;;
2026-08-03T16:17:29Z	card0,100,17,15,N/A,0;;
2026-08-03T16:17:30Z	card0,100,17,15,N/A,0;;
2026-08-03T16:17:31Z	card0,99,17,2,N/A,0;;
2026-08-03T16:17:32Z	card0,100,17,2,N/A,0;;
2026-08-03T16:17:33Z	card0,99,17,17,N/A,0;;
2026-08-03T16:17:35Z	card0,100,17,2,N/A,0;;
2026-08-03T16:17:36Z	card0,100,17,15,N/A,0;;
2026-08-03T16:17:37Z	card0,99,17,26,N/A,0;;
2026-08-03T16:17:38Z	card0,100,17,16,N/A,0;;
2026-08-03T16:17:39Z	card0,100,17,12,N/A,0;;
2026-08-03T16:17:40Z	card0,100,17,17,N/A,0;;
2026-08-03T16:17:41Z	card0,100,17,4,N/A,0;;
2026-08-03T16:17:43Z	card0,100,17,13,N/A,0;;
2026-08-03T16:17:44Z	card0,99,17,17,N/A,0;;
2026-08-03T16:17:45Z	card0,100,17,15,N/A,0;;
2026-08-03T16:17:46Z	card0,100,17,11,N/A,0;;
2026-08-03T16:17:47Z	card0,100,17,15,N/A,0;;
2026-08-03T16:17:48Z	card0,99,17,15,N/A,0;;
2026-08-03T16:17:49Z	card0,98,17,15,N/A,0;;
2026-08-03T16:17:50Z	card0,99,17,2,N/A,0;;
2026-08-03T16:17:52Z	card0,100,17,15,N/A,0;;
2026-08-03T16:17:53Z	card0,100,17,13,N/A,0;;
2026-08-03T16:17:54Z	card0,100,17,3,N/A,0;;
2026-08-03T16:17:55Z	card0,99,17,2,N/A,0;;
2026-08-03T16:17:56Z	card0,99,17,16,N/A,0;;
2026-08-03T16:17:57Z	card0,100,17,2,N/A,0;;
2026-08-03T16:17:58Z	card0,100,17,21,N/A,0;;
2026-08-03T16:17:59Z	card0,100,17,2,N/A,0;;
2026-08-03T16:18:01Z	card0,99,17,5,N/A,0;;
2026-08-03T16:18:02Z	card0,99,17,15,N/A,0;;
2026-08-03T16:18:03Z	card0,99,17,2,N/A,0;;
2026-08-03T16:18:04Z	card0,100,17,27,N/A,0;;
2026-08-03T16:18:05Z	card0,99,17,18,N/A,0;;
2026-08-03T16:18:06Z	card0,100,17,2,N/A,0;;
2026-08-03T16:18:07Z	card0,100,17,15,N/A,0;;
2026-08-03T16:18:09Z	card0,99,17,16,N/A,0;;
2026-08-03T16:18:10Z	card0,100,17,2,N/A,0;;
2026-08-03T16:18:11Z	card0,99,17,72,N/A,0;;
2026-08-03T16:18:12Z	card0,100,17,4,N/A,0;;
2026-08-03T16:18:13Z	card0,100,17,5,N/A,0;;
2026-08-03T16:18:14Z	card0,99,17,15,N/A,0;;
2026-08-03T16:18:15Z	card0,100,17,36,N/A,0;;
2026-08-03T16:18:16Z	card0,100,17,15,N/A,0;;
2026-08-03T16:18:18Z	card0,99,17,3,N/A,0;;
2026-08-03T16:18:19Z	card0,100,17,15,N/A,0;;
2026-08-03T16:18:20Z	card0,100,17,15,N/A,0;;
2026-08-03T16:18:21Z	card0,99,17,16,N/A,0;;
2026-08-03T16:18:22Z	card0,100,17,56,N/A,0;;
2026-08-03T16:18:23Z	card0,99,17,11,N/A,0;;
2026-08-03T16:18:24Z	card0,100,17,16,N/A,0;;
2026-08-03T16:18:25Z	card0,100,17,16,N/A,0;;
2026-08-03T16:18:27Z	card0,100,17,16,N/A,0;;
2026-08-03T16:18:28Z	card0,99,17,2,N/A,0;;
2026-08-03T16:18:29Z	card0,100,17,6,N/A,0;;
2026-08-03T16:18:30Z	card0,99,17,7,N/A,0;;
2026-08-03T16:18:31Z	card0,99,17,15,N/A,0;;
2026-08-03T16:18:32Z	card0,100,17,15,N/A,0;;
2026-08-03T16:18:33Z	card0,99,17,16,N/A,0;;
2026-08-03T16:18:35Z	card0,99,17,16,N/A,0;;
2026-08-03T16:18:36Z	card0,99,17,34,N/A,0;;
2026-08-03T16:18:37Z	card0,100,17,16,N/A,0;;
2026-08-03T16:18:38Z	card0,100,17,15,N/A,0;;
2026-08-03T16:18:39Z	card0,100,17,75,N/A,0;;
2026-08-03T16:18:40Z	card0,99,17,16,N/A,0;;
2026-08-03T16:18:41Z	card0,98,17,1,N/A,0;;
2026-08-03T16:18:42Z	card0,99,17,16,N/A,0;;
2026-08-03T16:18:44Z	card0,96,17,5,N/A,0;;
2026-08-03T16:18:45Z	card0,100,17,70,N/A,0;;
2026-08-03T16:18:46Z	card0,100,17,15,N/A,0;;
2026-08-03T16:18:47Z	card0,99,17,17,N/A,0;;
2026-08-03T16:18:48Z	card0,100,17,2,N/A,0;;
2026-08-03T16:18:49Z	card0,99,17,16,N/A,0;;
2026-08-03T16:18:50Z	card0,100,17,15,N/A,0;;
2026-08-03T16:18:52Z	card0,100,17,2,N/A,0;;
2026-08-03T16:18:53Z	card0,99,17,80,N/A,0;;
2026-08-03T16:18:54Z	card0,100,17,16,N/A,0;;
2026-08-03T16:18:55Z	card0,99,17,15,N/A,0;;
2026-08-03T16:18:56Z	card0,100,17,24,N/A,0;;
2026-08-03T16:18:57Z	card0,100,17,15,N/A,0;;
2026-08-03T16:18:58Z	card0,100,17,14,N/A,0;;
2026-08-03T16:18:59Z	card0,99,17,17,N/A,0;;
2026-08-03T16:19:01Z	card0,100,17,15,N/A,0;;
2026-08-03T16:19:02Z	card0,99,17,16,N/A,0;;
2026-08-03T16:19:03Z	card0,100,17,15,N/A,0;;
2026-08-03T16:19:04Z	card0,100,17,2,N/A,0;;
2026-08-03T16:19:05Z	card0,99,17,16,N/A,0;;
2026-08-03T16:19:06Z	card0,100,17,16,N/A,0;;
2026-08-03T16:19:07Z	card0,99,17,22,N/A,0;;
2026-08-03T16:19:08Z	card0,100,17,16,N/A,0;;
2026-08-03T16:19:10Z	card0,100,17,9,N/A,0;;
2026-08-03T16:19:11Z	card0,99,17,2,N/A,0;;
2026-08-03T16:19:12Z	card0,99,17,2,N/A,0;;
2026-08-03T16:19:13Z	card0,100,17,6,N/A,0;;
2026-08-03T16:19:14Z	card0,99,17,17,N/A,0;;
2026-08-03T16:19:15Z	card0,100,17,1,N/A,0;;
2026-08-03T16:19:16Z	card0,100,17,15,N/A,0;;
2026-08-03T16:19:18Z	card0,99,17,16,N/A,0;;
2026-08-03T16:19:19Z	card0,100,17,15,N/A,0;;
2026-08-03T16:19:20Z	card0,100,17,76,N/A,0;;
2026-08-03T16:19:21Z	card0,100,17,4,N/A,0;;
2026-08-03T16:19:22Z	card0,100,17,8,N/A,0;;
2026-08-03T16:19:23Z	card0,99,17,16,N/A,0;;
2026-08-03T16:19:24Z	card0,100,17,16,N/A,0;;
2026-08-03T16:19:25Z	card0,99,17,15,N/A,0;;
2026-08-03T16:19:27Z	card0,99,17,4,N/A,0;;
2026-08-03T16:19:28Z	card0,100,17,15,N/A,0;;
2026-08-03T16:19:29Z	card0,95,17,4,N/A,0;;
2026-08-03T16:19:30Z	card0,97,17,2,N/A,0;;
2026-08-03T16:19:31Z	card0,99,17,17,N/A,0;;
2026-08-03T16:19:32Z	card0,100,17,2,N/A,0;;
2026-08-03T16:19:33Z	card0,99,17,71,N/A,0;;
2026-08-03T16:19:34Z	card0,100,17,3,N/A,0;;
2026-08-03T16:19:36Z	card0,96,17,9,N/A,0;;
2026-08-03T16:19:37Z	card0,100,17,2,N/A,0;;
2026-08-03T16:19:38Z	card0,99,17,17,N/A,0;;
2026-08-03T16:19:39Z	card0,100,17,1,N/A,0;;
2026-08-03T16:19:40Z	card0,99,17,16,N/A,0;;
2026-08-03T16:19:41Z	card0,99,17,16,N/A,0;;
2026-08-03T16:19:42Z	card0,100,17,44,N/A,0;;
2026-08-03T16:19:44Z	card0,84,17,14,N/A,0;;
2026-08-03T16:19:45Z	card0,86,17,14,N/A,0;;
2026-08-03T16:19:46Z	card0,97,17,15,N/A,0;;
2026-08-03T16:19:47Z	card0,100,17,15,N/A,0;;
2026-08-03T16:19:48Z	card0,99,17,1,N/A,0;;
2026-08-03T16:19:49Z	card0,100,17,2,N/A,0;;
2026-08-03T16:19:50Z	card0,100,17,15,N/A,0;;
2026-08-03T16:19:51Z	card0,98,17,4,N/A,0;;
2026-08-03T16:19:53Z	card0,98,17,15,N/A,0;;
2026-08-03T16:19:54Z	card0,100,17,4,N/A,0;;
2026-08-03T16:19:55Z	card0,99,17,16,N/A,0;;
2026-08-03T16:19:56Z	card0,100,17,16,N/A,0;;
2026-08-03T16:19:57Z	card0,99,17,15,N/A,0;;
2026-08-03T16:19:58Z	card0,98,17,16,N/A,0;;
2026-08-03T16:19:59Z	card0,98,17,15,N/A,0;;
2026-08-03T16:20:00Z	card0,100,17,4,N/A,0;;
2026-08-03T16:20:02Z	card0,99,17,16,N/A,0;;
2026-08-03T16:20:03Z	card0,100,17,16,N/A,0;;
2026-08-03T16:20:04Z	card0,100,17,15,N/A,0;;
2026-08-03T16:20:05Z	card0,99,17,16,N/A,0;;
2026-08-03T16:20:06Z	card0,99,17,15,N/A,0;;
2026-08-03T16:20:07Z	card0,98,17,5,N/A,0;;
2026-08-03T16:20:08Z	card0,99,17,75,N/A,0;;
2026-08-03T16:20:10Z	card0,98,17,16,N/A,0;;
2026-08-03T16:20:11Z	card0,98,17,15,N/A,0;;
2026-08-03T16:20:12Z	card0,99,17,48,N/A,0;;
2026-08-03T16:20:13Z	card0,100,17,17,N/A,0;;
2026-08-03T16:20:14Z	card0,100,17,18,N/A,0;;
2026-08-03T16:20:15Z	card0,100,17,15,N/A,0;;
2026-08-03T16:20:16Z	card0,99,17,17,N/A,0;;
2026-08-03T16:20:17Z	card0,98,17,15,N/A,0;;
2026-08-03T16:20:19Z	card0,99,17,21,N/A,0;;
2026-08-03T16:20:20Z	card0,100,17,2,N/A,0;;
2026-08-03T16:20:21Z	card0,100,17,4,N/A,0;;
2026-08-03T16:20:22Z	card0,99,17,15,N/A,0;;
2026-08-03T16:20:23Z	card0,100,17,2,N/A,0;;
2026-08-03T16:20:24Z	card0,97,17,15,N/A,0;;
2026-08-03T16:20:25Z	card0,99,17,5,N/A,0;;
2026-08-03T16:20:27Z	card0,100,17,15,N/A,0;;
2026-08-03T16:20:28Z	card0,100,17,15,N/A,0;;
2026-08-03T16:20:29Z	card0,99,17,72,N/A,0;;
2026-08-03T16:20:30Z	card0,99,17,2,N/A,0;;
2026-08-03T16:20:31Z	card0,100,17,15,N/A,0;;
2026-08-03T16:20:32Z	card0,100,17,14,N/A,0;;
2026-08-03T16:20:33Z	card0,100,17,15,N/A,0;;
2026-08-03T16:20:34Z	card0,100,17,8,N/A,0;;
2026-08-03T16:20:36Z	card0,97,17,13,N/A,0;;
2026-08-03T16:20:37Z	card0,99,17,15,N/A,0;;
2026-08-03T16:20:38Z	card0,98,17,50,N/A,0;;
2026-08-03T16:20:39Z	card0,90,17,14,N/A,0;;
2026-08-03T16:20:40Z	card0,100,17,17,N/A,0;;
2026-08-03T16:20:41Z	card0,99,17,15,N/A,0;;
2026-08-03T16:20:42Z	card0,90,17,14,N/A,0;;
2026-08-03T16:20:43Z	card0,99,17,15,N/A,0;;
2026-08-03T16:20:45Z	card0,96,17,0,N/A,0;;
2026-08-03T16:20:46Z	card0,91,17,1,N/A,0;;
2026-08-03T16:20:47Z	card0,99,17,66,N/A,0;;
2026-08-03T16:20:48Z	card0,100,17,13,N/A,0;;
2026-08-03T16:20:49Z	card0,100,17,11,N/A,0;;
2026-08-03T16:20:50Z	card0,100,17,3,N/A,0;;
2026-08-03T16:20:51Z	card0,97,17,15,N/A,0;;
2026-08-03T16:20:53Z	card0,100,17,11,N/A,0;;
2026-08-03T16:20:54Z	card0,99,17,17,N/A,0;;
2026-08-03T16:20:55Z	card0,100,17,2,N/A,0;;
2026-08-03T16:20:56Z	card0,99,17,9,N/A,0;;
2026-08-03T16:20:57Z	card0,98,17,15,N/A,0;;
2026-08-03T16:20:58Z	card0,98,17,15,N/A,0;;
2026-08-03T16:20:59Z	card0,100,17,15,N/A,0;;
2026-08-03T16:21:00Z	card0,99,17,48,N/A,0;;
2026-08-03T16:21:02Z	card0,100,17,15,N/A,0;;
2026-08-03T16:21:03Z	card0,99,17,13,N/A,0;;
2026-08-03T16:21:04Z	card0,97,17,16,N/A,0;;
2026-08-03T16:21:05Z	card0,98,17,16,N/A,0;;
2026-08-03T16:21:06Z	card0,97,17,15,N/A,0;;
2026-08-03T16:21:07Z	card0,98,17,15,N/A,0;;
2026-08-03T16:21:08Z	card0,99,17,16,N/A,0;;
2026-08-03T16:21:09Z	card0,100,17,15,N/A,0;;
2026-08-03T16:21:11Z	card0,99,17,15,N/A,0;;
2026-08-03T16:21:12Z	card0,100,17,15,N/A,0;;
2026-08-03T16:21:13Z	card0,99,17,4,N/A,0;;
2026-08-03T16:21:14Z	card0,98,17,6,N/A,0;;
2026-08-03T16:21:15Z	card0,99,17,16,N/A,0;;
2026-08-03T16:21:16Z	card0,98,17,15,N/A,0;;
2026-08-03T16:21:17Z	card0,99,17,16,N/A,0;;
2026-08-03T16:21:19Z	card0,98,17,3,N/A,0;;
2026-08-03T16:21:20Z	card0,99,17,24,N/A,0;;
2026-08-03T16:21:21Z	card0,99,17,7,N/A,0;;
2026-08-03T16:21:22Z	card0,99,17,2,N/A,0;;
2026-08-03T16:21:23Z	card0,99,17,1,N/A,0;;
2026-08-03T16:21:24Z	card0,99,17,41,N/A,0;;
2026-08-03T16:21:25Z	card0,100,17,16,N/A,0;;
2026-08-03T16:21:26Z	card0,100,17,4,N/A,0;;
2026-08-03T16:21:28Z	card0,98,17,3,N/A,0;;
2026-08-03T16:21:29Z	card0,96,17,1,N/A,0;;
2026-08-03T16:21:30Z	card0,100,17,2,N/A,0;;
2026-08-03T16:21:31Z	card0,99,17,16,N/A,0;;
2026-08-03T16:21:32Z	card0,100,17,2,N/A,0;;
2026-08-03T16:21:33Z	card0,100,17,15,N/A,0;;
2026-08-03T16:21:34Z	card0,99,17,15,N/A,0;;
2026-08-03T16:21:35Z	card0,99,17,16,N/A,0;;
2026-08-03T16:21:37Z	card0,98,17,15,N/A,0;;
2026-08-03T16:21:38Z	card0,96,17,16,N/A,0;;
2026-08-03T16:21:39Z	card0,98,17,16,N/A,0;;
2026-08-03T16:21:40Z	card0,99,17,5,N/A,0;;
2026-08-03T16:21:41Z	card0,99,17,15,N/A,0;;
2026-08-03T16:21:42Z	card0,98,17,37,N/A,0;;
2026-08-03T16:21:43Z	card0,99,17,15,N/A,0;;
2026-08-03T16:21:45Z	card0,99,17,17,N/A,0;;
2026-08-03T16:21:46Z	card0,98,17,4,N/A,0;;
2026-08-03T16:21:47Z	card0,99,17,16,N/A,0;;
2026-08-03T16:21:48Z	card0,100,17,15,N/A,0;;
2026-08-03T16:21:49Z	card0,90,17,14,N/A,0;;
2026-08-03T16:21:50Z	card0,99,17,14,N/A,0;;
2026-08-03T16:21:51Z	card0,99,17,15,N/A,0;;
2026-08-03T16:21:52Z	card0,99,17,52,N/A,0;;
2026-08-03T16:21:54Z	card0,100,17,16,N/A,0;;
2026-08-03T16:21:55Z	card0,100,17,5,N/A,0;;
2026-08-03T16:21:56Z	card0,99,17,7,N/A,0;;
2026-08-03T16:21:57Z	card0,97,17,16,N/A,0;;
2026-08-03T16:21:58Z	card0,100,17,15,N/A,0;;
2026-08-03T16:21:59Z	card0,99,17,16,N/A,0;;
2026-08-03T16:22:00Z	card0,90,17,26,N/A,0;;
2026-08-03T16:22:02Z	card0,99,17,16,N/A,0;;
2026-08-03T16:22:03Z	card0,100,17,15,N/A,0;;
2026-08-03T16:22:04Z	card0,99,17,14,N/A,0;;
2026-08-03T16:22:05Z	card0,99,17,17,N/A,0;;
2026-08-03T16:22:06Z	card0,98,17,15,N/A,0;;
2026-08-03T16:22:07Z	card0,99,17,11,N/A,0;;
2026-08-03T16:22:08Z	card0,100,17,1,N/A,0;;
2026-08-03T16:22:09Z	card0,100,17,15,N/A,0;;
2026-08-03T16:22:11Z	card0,99,17,6,N/A,0;;
2026-08-03T16:22:12Z	card0,100,17,2,N/A,0;;
2026-08-03T16:22:13Z	card0,99,17,14,N/A,0;;
2026-08-03T16:22:14Z	card0,100,17,17,N/A,0;;
2026-08-03T16:22:15Z	card0,100,17,15,N/A,0;;
2026-08-03T16:22:16Z	card0,100,17,3,N/A,0;;
2026-08-03T16:22:17Z	card0,99,17,2,N/A,0;;
2026-08-03T16:22:18Z	card0,100,17,2,N/A,0;;
2026-08-03T16:22:20Z	card0,100,17,26,N/A,0;;
2026-08-03T16:22:21Z	card0,100,17,1,N/A,0;;
2026-08-03T16:22:22Z	card0,100,17,15,N/A,0;;
2026-08-03T16:22:23Z	card0,99,17,17,N/A,0;;
2026-08-03T16:22:24Z	card0,100,17,47,N/A,0;;
2026-08-03T16:22:25Z	card0,99,17,16,N/A,0;;
2026-08-03T16:22:26Z	card0,100,17,16,N/A,0;;
2026-08-03T16:22:28Z	card0,100,17,36,N/A,0;;
2026-08-03T16:22:29Z	card0,99,17,6,N/A,0;;
2026-08-03T16:22:30Z	card0,100,17,17,N/A,0;;
2026-08-03T16:22:31Z	card0,90,17,14,N/A,0;;
2026-08-03T16:22:32Z	card0,99,17,15,N/A,0;;
2026-08-03T16:22:33Z	card0,99,17,16,N/A,0;;
2026-08-03T16:22:34Z	card0,100,17,15,N/A,0;;
2026-08-03T16:22:35Z	card0,100,17,16,N/A,0;;
2026-08-03T16:22:37Z	card0,99,17,16,N/A,0;;
2026-08-03T16:22:38Z	card0,98,17,15,N/A,0;;
2026-08-03T16:22:39Z	card0,99,17,1,N/A,0;;
2026-08-03T16:22:40Z	card0,99,17,4,N/A,0;;
2026-08-03T16:22:41Z	card0,100,17,11,N/A,0;;
2026-08-03T16:22:42Z	card0,100,17,2,N/A,0;;
2026-08-03T16:22:43Z	card0,99,17,1,N/A,0;;
2026-08-03T16:22:45Z	card0,100,17,1,N/A,0;;
2026-08-03T16:22:46Z	card0,99,17,16,N/A,0;;
2026-08-03T16:22:47Z	card0,100,17,1,N/A,0;;
2026-08-03T16:22:48Z	card0,100,17,2,N/A,0;;
2026-08-03T16:22:49Z	card0,99,17,84,N/A,0;;
2026-08-03T16:22:50Z	card0,100,17,16,N/A,0;;
2026-08-03T16:22:51Z	card0,100,17,63,N/A,0;;
2026-08-03T16:22:52Z	card0,100,17,17,N/A,0;;
2026-08-03T16:22:54Z	card0,100,17,48,N/A,0;;
2026-08-03T16:22:55Z	card0,100,17,15,N/A,0;;
2026-08-03T16:22:56Z	card0,99,17,16,N/A,0;;
2026-08-03T16:22:57Z	card0,100,17,15,N/A,0;;
2026-08-03T16:22:58Z	card0,100,17,16,N/A,0;;
2026-08-03T16:22:59Z	card0,100,17,15,N/A,0;;
2026-08-03T16:23:00Z	card0,100,17,1,N/A,0;;
2026-08-03T16:23:01Z	card0,99,17,73,N/A,0;;
2026-08-03T16:23:03Z	card0,100,17,15,N/A,0;;
2026-08-03T16:23:04Z	card0,100,17,26,N/A,0;;
2026-08-03T16:23:05Z	card0,100,17,1,N/A,0;;
2026-08-03T16:23:06Z	card0,100,17,68,N/A,0;;
2026-08-03T16:23:07Z	card0,99,17,15,N/A,0;;
2026-08-03T16:23:08Z	card0,100,17,2,N/A,0;;
2026-08-03T16:23:09Z	card0,99,17,28,N/A,0;;
2026-08-03T16:23:11Z	card0,100,17,5,N/A,0;;
2026-08-03T16:23:12Z	card0,100,17,23,N/A,0;;
2026-08-03T16:23:13Z	card0,100,17,15,N/A,0;;
2026-08-03T16:23:14Z	card0,90,17,1,N/A,0;;
2026-08-03T16:23:15Z	card0,99,17,22,N/A,0;;
2026-08-03T16:23:16Z	card0,99,17,15,N/A,0;;
2026-08-03T16:23:17Z	card0,99,17,80,N/A,0;;
2026-08-03T16:23:18Z	card0,100,17,1,N/A,0;;
2026-08-03T16:23:20Z	card0,100,17,60,N/A,0;;
2026-08-03T16:23:21Z	card0,99,17,15,N/A,0;;
2026-08-03T16:23:22Z	card0,99,17,2,N/A,0;;
2026-08-03T16:23:23Z	card0,100,17,7,N/A,0;;
2026-08-03T16:23:24Z	card0,99,17,5,N/A,0;;
2026-08-03T16:23:25Z	card0,100,17,15,N/A,0;;
2026-08-03T16:23:26Z	card0,100,17,15,N/A,0;;
2026-08-03T16:23:27Z	card0,90,17,14,N/A,0;;
2026-08-03T16:23:29Z	card0,99,17,45,N/A,0;;
2026-08-03T16:23:30Z	card0,100,17,46,N/A,0;;
2026-08-03T16:23:31Z	card0,99,17,16,N/A,0;;
2026-08-03T16:23:32Z	card0,100,17,2,N/A,0;;
2026-08-03T16:23:33Z	card0,100,17,62,N/A,0;;
2026-08-03T16:23:34Z	card0,99,17,3,N/A,0;;
2026-08-03T16:23:35Z	card0,100,17,70,N/A,0;;
2026-08-03T16:23:37Z	card0,100,17,15,N/A,0;;
2026-08-03T16:23:38Z	card0,99,17,26,N/A,0;;
2026-08-03T16:23:39Z	card0,100,17,9,N/A,0;;
2026-08-03T16:23:40Z	card0,100,17,15,N/A,0;;
2026-08-03T16:23:41Z	card0,99,17,10,N/A,0;;
2026-08-03T16:23:42Z	card0,100,17,2,N/A,0;;
2026-08-03T16:23:43Z	card0,100,17,16,N/A,0;;
2026-08-03T16:23:44Z	card0,100,17,16,N/A,0;;
2026-08-03T16:23:46Z	card0,100,17,4,N/A,0;;
2026-08-03T16:23:47Z	card0,99,17,5,N/A,0;;
2026-08-03T16:23:48Z	card0,100,17,16,N/A,0;;
2026-08-03T16:23:49Z	card0,99,17,15,N/A,0;;
2026-08-03T16:23:50Z	card0,100,17,17,N/A,0;;
2026-08-03T16:23:51Z	card0,100,17,15,N/A,0;;
2026-08-03T16:23:52Z	card0,100,17,16,N/A,0;;
2026-08-03T16:23:54Z	card0,99,17,2,N/A,0;;
2026-08-03T16:23:55Z	card0,100,17,15,N/A,0;;
2026-08-03T16:23:56Z	card0,99,17,9,N/A,0;;
2026-08-03T16:23:57Z	card0,100,17,15,N/A,0;;
2026-08-03T16:23:58Z	card0,100,17,15,N/A,0;;
2026-08-03T16:23:59Z	card0,93,17,15,N/A,0;;
2026-08-03T16:24:00Z	card0,96,17,16,N/A,0;;
2026-08-03T16:24:01Z	card0,100,17,15,N/A,0;;
2026-08-03T16:24:03Z	card0,99,17,17,N/A,0;;
2026-08-03T16:24:04Z	card0,100,17,19,N/A,0;;
2026-08-03T16:24:05Z	card0,99,17,15,N/A,0;;
2026-08-03T16:24:06Z	card0,99,17,1,N/A,0;;
2026-08-03T16:24:07Z	card0,98,17,15,N/A,0;;
2026-08-03T16:24:08Z	card0,99,17,73,N/A,0;;
2026-08-03T16:24:09Z	card0,99,17,16,N/A,0;;
2026-08-03T16:24:11Z	card0,100,17,48,N/A,0;;
2026-08-03T16:24:12Z	card0,99,17,6,N/A,0;;
2026-08-03T16:24:13Z	card0,100,17,54,N/A,0;;
2026-08-03T16:24:14Z	card0,100,17,1,N/A,0;;
2026-08-03T16:24:15Z	card0,99,17,29,N/A,0;;
2026-08-03T16:24:16Z	card0,99,17,15,N/A,0;;
2026-08-03T16:24:17Z	card0,99,17,2,N/A,0;;
2026-08-03T16:24:18Z	card0,99,17,16,N/A,0;;
2026-08-03T16:24:20Z	card0,100,17,73,N/A,0;;
2026-08-03T16:24:21Z	card0,100,17,12,N/A,0;;
2026-08-03T16:24:22Z	card0,100,17,2,N/A,0;;
2026-08-03T16:24:23Z	card0,100,17,15,N/A,0;;
2026-08-03T16:24:24Z	card0,100,17,15,N/A,0;;
2026-08-03T16:24:25Z	card0,100,17,71,N/A,0;;
2026-08-03T16:24:26Z	card0,100,17,2,N/A,0;;
2026-08-03T16:24:28Z	card0,99,17,7,N/A,0;;
2026-08-03T16:24:29Z	card0,100,17,13,N/A,0;;
2026-08-03T16:24:30Z	card0,100,17,15,N/A,0;;
2026-08-03T16:24:31Z	card0,99,17,15,N/A,0;;
2026-08-03T16:24:32Z	card0,100,17,15,N/A,0;;
2026-08-03T16:24:33Z	card0,99,17,13,N/A,0;;
2026-08-03T16:24:34Z	card0,100,17,2,N/A,0;;
2026-08-03T16:24:35Z	card0,100,17,15,N/A,0;;
2026-08-03T16:24:37Z	card0,99,17,79,N/A,0;;
2026-08-03T16:24:38Z	card0,100,17,16,N/A,0;;
2026-08-03T16:24:39Z	card0,99,17,13,N/A,0;;
2026-08-03T16:24:40Z	card0,100,17,5,N/A,0;;
2026-08-03T16:24:41Z	card0,100,17,36,N/A,0;;
2026-08-03T16:24:42Z	card0,100,17,16,N/A,0;;
2026-08-03T16:24:43Z	card0,100,17,2,N/A,0;;
2026-08-03T16:24:44Z	card0,100,17,15,N/A,0;;
2026-08-03T16:24:46Z	card0,99,17,7,N/A,0;;
2026-08-03T16:24:47Z	card0,100,17,15,N/A,0;;
2026-08-03T16:24:48Z	card0,100,17,3,N/A,0;;
2026-08-03T16:24:49Z	card0,99,17,17,N/A,0;;
2026-08-03T16:24:50Z	card0,100,17,15,N/A,0;;
2026-08-03T16:24:51Z	card0,100,17,16,N/A,0;;
2026-08-03T16:24:52Z	card0,100,17,3,N/A,0;;
2026-08-03T16:24:54Z	card0,100,17,15,N/A,0;;
2026-08-03T16:24:55Z	card0,99,17,4,N/A,0;;
2026-08-03T16:24:56Z	card0,100,17,16,N/A,0;;
2026-08-03T16:24:57Z	card0,100,17,15,N/A,0;;
2026-08-03T16:24:58Z	card0,100,17,17,N/A,0;;
2026-08-03T16:24:59Z	card0,100,17,26,N/A,0;;
2026-08-03T16:25:00Z	card0,100,17,15,N/A,0;;
2026-08-03T16:25:01Z	card0,99,17,3,N/A,0;;
2026-08-03T16:25:03Z	card0,100,17,15,N/A,0;;
2026-08-03T16:25:04Z	card0,100,17,17,N/A,0;;
2026-08-03T16:25:05Z	card0,100,17,15,N/A,0;;
2026-08-03T16:25:06Z	card0,100,17,15,N/A,0;;
2026-08-03T16:25:07Z	card0,99,17,1,N/A,0;;
2026-08-03T16:25:08Z	card0,100,17,2,N/A,0;;
2026-08-03T16:25:09Z	card0,99,17,16,N/A,0;;
2026-08-03T16:25:10Z	card0,100,17,1,N/A,0;;
2026-08-03T16:25:12Z	card0,100,17,2,N/A,0;;
2026-08-03T16:25:13Z	card0,99,17,61,N/A,0;;
2026-08-03T16:25:14Z	card0,100,17,2,N/A,0;;
2026-08-03T16:25:15Z	card0,100,17,21,N/A,0;;
2026-08-03T16:25:16Z	card0,100,17,2,N/A,0;;
2026-08-03T16:25:17Z	card0,100,17,5,N/A,0;;
2026-08-03T16:25:18Z	card0,100,17,15,N/A,0;;
2026-08-03T16:25:20Z	card0,100,17,16,N/A,0;;
2026-08-03T16:25:21Z	card0,100,17,3,N/A,0;;
2026-08-03T16:25:22Z	card0,100,17,16,N/A,0;;
2026-08-03T16:25:23Z	card0,100,17,15,N/A,0;;
2026-08-03T16:25:24Z	card0,100,17,1,N/A,0;;
2026-08-03T16:25:25Z	card0,48,17,2,N/A,0;;
2026-08-03T16:25:26Z	card0,99,17,15,N/A,0;;
2026-08-03T16:25:27Z	card0,100,17,2,N/A,0;;
2026-08-03T16:25:29Z	card0,97,17,15,N/A,0;;
2026-08-03T16:25:30Z	card0,99,17,11,N/A,0;;
2026-08-03T16:25:31Z	card0,100,17,14,N/A,0;;
2026-08-03T16:25:32Z	card0,99,17,16,N/A,0;;
2026-08-03T16:25:33Z	card0,100,17,4,N/A,0;;
2026-08-03T16:25:34Z	card0,100,17,15,N/A,0;;
2026-08-03T16:25:35Z	card0,100,17,16,N/A,0;;
2026-08-03T16:25:37Z	card0,97,17,15,N/A,0;;
2026-08-03T16:25:38Z	card0,100,17,82,N/A,0;;
2026-08-03T16:25:39Z	card0,100,17,16,N/A,0;;
2026-08-03T16:25:40Z	card0,100,17,15,N/A,0;;
2026-08-03T16:25:41Z	card0,99,17,87,N/A,0;;
2026-08-03T16:25:42Z	card0,100,17,3,N/A,0;;
2026-08-03T16:25:43Z	card0,99,17,15,N/A,0;;
2026-08-03T16:25:44Z	card0,100,17,16,N/A,0;;
2026-08-03T16:25:46Z	card0,100,17,5,N/A,0;;
2026-08-03T16:25:47Z	card0,100,17,15,N/A,0;;
2026-08-03T16:25:48Z	card0,99,17,16,N/A,0;;
2026-08-03T16:25:49Z	card0,100,17,2,N/A,0;;
2026-08-03T16:25:50Z	card0,99,17,33,N/A,0;;
2026-08-03T16:25:51Z	card0,100,17,15,N/A,0;;
2026-08-03T16:25:52Z	card0,100,17,3,N/A,0;;
2026-08-03T16:25:53Z	card0,99,17,17,N/A,0;;
2026-08-03T16:25:55Z	card0,100,17,15,N/A,0;;
2026-08-03T16:25:56Z	card0,100,17,12,N/A,0;;
2026-08-03T16:25:57Z	card0,100,17,16,N/A,0;;
2026-08-03T16:25:58Z	card0,100,17,2,N/A,0;;
2026-08-03T16:25:59Z	card0,99,17,87,N/A,0;;
2026-08-03T16:26:00Z	card0,100,17,16,N/A,0;;
2026-08-03T16:26:01Z	card0,99,17,15,N/A,0;;
2026-08-03T16:26:03Z	card0,100,17,85,N/A,0;;
2026-08-03T16:26:04Z	card0,100,17,15,N/A,0;;
2026-08-03T16:26:05Z	card0,100,17,45,N/A,0;;
2026-08-03T16:26:06Z	card0,99,17,16,N/A,0;;
2026-08-03T16:26:07Z	card0,100,17,15,N/A,0;;
2026-08-03T16:26:08Z	card0,99,17,33,N/A,0;;
2026-08-03T16:26:09Z	card0,100,17,15,N/A,0;;
2026-08-03T16:26:10Z	card0,100,17,15,N/A,0;;
2026-08-03T16:26:12Z	card0,99,17,17,N/A,0;;
2026-08-03T16:26:13Z	card0,100,17,2,N/A,0;;
2026-08-03T16:26:14Z	card0,100,17,16,N/A,0;;
2026-08-03T16:26:15Z	card0,100,17,16,N/A,0;;
2026-08-03T16:26:16Z	card0,100,17,2,N/A,0;;
2026-08-03T16:26:17Z	card0,99,17,15,N/A,0;;
2026-08-03T16:26:18Z	card0,100,17,2,N/A,0;;
2026-08-03T16:26:19Z	card0,100,17,11,N/A,0;;
2026-08-03T16:26:21Z	card0,100,17,17,N/A,0;;
2026-08-03T16:26:22Z	card0,100,17,8,N/A,0;;
2026-08-03T16:26:23Z	card0,100,17,15,N/A,0;;
2026-08-03T16:26:24Z	card0,99,17,3,N/A,0;;
2026-08-03T16:26:25Z	card0,100,17,2,N/A,0;;
2026-08-03T16:26:26Z	card0,100,17,24,N/A,0;;
2026-08-03T16:26:27Z	card0,100,17,15,N/A,0;;
2026-08-03T16:26:29Z	card0,100,17,15,N/A,0;;
2026-08-03T16:26:30Z	card0,99,17,46,N/A,0;;
2026-08-03T16:26:31Z	card0,100,17,15,N/A,0;;
2026-08-03T16:26:32Z	card0,99,17,53,N/A,0;;
2026-08-03T16:26:33Z	card0,97,17,18,N/A,0;;
2026-08-03T16:26:34Z	card0,99,17,4,N/A,0;;
2026-08-03T16:26:35Z	card0,97,17,2,N/A,0;;
2026-08-03T16:26:36Z	card0,99,17,15,N/A,0;;
2026-08-03T16:26:38Z	card0,97,17,16,N/A,0;;
2026-08-03T16:26:39Z	card0,100,17,15,N/A,0;;
2026-08-03T16:26:40Z	card0,99,17,16,N/A,0;;
2026-08-03T16:26:41Z	card0,100,17,15,N/A,0;;
2026-08-03T16:26:42Z	card0,100,17,2,N/A,0;;
2026-08-03T16:26:43Z	card0,99,17,20,N/A,0;;
2026-08-03T16:26:44Z	card0,100,17,2,N/A,0;;
2026-08-03T16:26:45Z	card0,99,17,16,N/A,0;;
2026-08-03T16:26:47Z	card0,100,17,2,N/A,0;;
2026-08-03T16:26:48Z	card0,100,17,4,N/A,0;;
2026-08-03T16:26:49Z	card0,99,17,6,N/A,0;;
2026-08-03T16:26:50Z	card0,100,17,2,N/A,0;;
2026-08-03T16:26:51Z	card0,99,17,12,N/A,0;;
2026-08-03T16:26:52Z	card0,99,17,5,N/A,0;;
2026-08-03T16:26:53Z	card0,96,17,3,N/A,0;;
2026-08-03T16:26:55Z	card0,100,17,86,N/A,0;;
2026-08-03T16:26:56Z	card0,99,17,15,N/A,0;;
2026-08-03T16:26:57Z	card0,81,17,13,N/A,0;;
2026-08-03T16:26:58Z	card0,100,17,15,N/A,0;;
2026-08-03T16:26:59Z	card0,99,17,2,N/A,0;;
2026-08-03T16:27:00Z	card0,100,17,15,N/A,0;;
2026-08-03T16:27:01Z	card0,99,17,17,N/A,0;;
2026-08-03T16:27:02Z	card0,100,17,4,N/A,0;;
2026-08-03T16:27:04Z	card0,100,17,15,N/A,0;;
2026-08-03T16:27:05Z	card0,99,17,16,N/A,0;;
2026-08-03T16:27:06Z	card0,100,17,2,N/A,0;;
2026-08-03T16:27:07Z	card0,99,17,19,N/A,0;;
2026-08-03T16:27:08Z	card0,100,17,16,N/A,0;;
2026-08-03T16:27:09Z	card0,100,17,2,N/A,0;;
2026-08-03T16:27:10Z	card0,99,17,1,N/A,0;;
2026-08-03T16:27:12Z	card0,100,17,16,N/A,0;;
2026-08-03T16:27:13Z	card0,100,17,6,N/A,0;;
2026-08-03T16:27:14Z	card0,100,17,17,N/A,0;;
2026-08-03T16:27:15Z	card0,100,17,15,N/A,0;;
2026-08-03T16:27:16Z	card0,100,17,15,N/A,0;;
2026-08-03T16:27:17Z	card0,99,17,39,N/A,0;;
2026-08-03T16:27:18Z	card0,100,17,13,N/A,0;;
2026-08-03T16:27:19Z	card0,99,17,11,N/A,0;;
2026-08-03T16:27:21Z	card0,100,17,2,N/A,0;;
2026-08-03T16:27:22Z	card0,100,17,1,N/A,0;;
2026-08-03T16:27:23Z	card0,99,17,80,N/A,0;;
2026-08-03T16:27:24Z	card0,100,17,4,N/A,0;;
2026-08-03T16:27:25Z	card0,99,17,21,N/A,0;;
2026-08-03T16:27:26Z	card0,100,17,67,N/A,0;;
2026-08-03T16:27:27Z	card0,100,17,4,N/A,0;;
2026-08-03T16:27:28Z	card0,100,17,15,N/A,0;;
2026-08-03T16:27:30Z	card0,99,17,2,N/A,0;;
2026-08-03T16:27:31Z	card0,100,17,15,N/A,0;;
2026-08-03T16:27:32Z	card0,100,17,7,N/A,0;;
2026-08-03T16:27:33Z	card0,100,17,4,N/A,0;;
2026-08-03T16:27:34Z	card0,100,17,2,N/A,0;;
2026-08-03T16:27:35Z	card0,99,17,53,N/A,0;;
2026-08-03T16:27:36Z	card0,100,17,16,N/A,0;;
2026-08-03T16:27:38Z	card0,99,17,16,N/A,0;;
2026-08-03T16:27:39Z	card0,100,17,16,N/A,0;;
2026-08-03T16:27:40Z	card0,98,17,15,N/A,0;;
2026-08-03T16:27:41Z	card0,77,17,12,N/A,0;;
2026-08-03T16:27:42Z	card0,93,17,15,N/A,0;;
2026-08-03T16:27:43Z	card0,95,17,7,N/A,0;;
2026-08-03T16:27:44Z	card0,96,17,2,N/A,0;;
2026-08-03T16:27:45Z	card0,93,17,14,N/A,0;;
2026-08-03T16:27:47Z	card0,96,17,5,N/A,0;;
2026-08-03T16:27:48Z	card0,96,17,2,N/A,0;;
2026-08-03T16:27:49Z	card0,77,17,24,N/A,0;;
2026-08-03T16:27:50Z	card0,99,17,3,N/A,0;;
2026-08-03T16:27:51Z	card0,94,17,15,N/A,0;;
2026-08-03T16:27:52Z	card0,82,17,2,N/A,0;;
2026-08-03T16:27:53Z	card0,96,17,15,N/A,0;;
2026-08-03T16:27:54Z	card0,99,17,15,N/A,0;;
2026-08-03T16:27:56Z	card0,94,17,4,N/A,0;;
2026-08-03T16:27:57Z	card0,99,17,15,N/A,0;;
2026-08-03T16:27:58Z	card0,96,17,58,N/A,0;;
2026-08-03T16:27:59Z	card0,97,17,2,N/A,0;;
2026-08-03T16:28:00Z	card0,98,17,15,N/A,0;;
2026-08-03T16:28:01Z	card0,95,17,15,N/A,0;;
2026-08-03T16:28:02Z	card0,99,17,16,N/A,0;;
2026-08-03T16:28:04Z	card0,77,17,11,N/A,0;;
2026-08-03T16:28:05Z	card0,99,17,83,N/A,0;;
2026-08-03T16:28:06Z	card0,78,17,34,N/A,0;;
2026-08-03T16:28:07Z	card0,97,17,2,N/A,0;;
2026-08-03T16:28:08Z	card0,98,17,15,N/A,0;;
2026-08-03T16:28:09Z	card0,95,17,15,N/A,0;;
2026-08-03T16:28:10Z	card0,100,17,2,N/A,0;;
2026-08-03T16:28:11Z	card0,99,17,15,N/A,0;;
2026-08-03T16:28:13Z	card0,99,17,16,N/A,0;;
2026-08-03T16:28:14Z	card0,100,17,15,N/A,0;;
2026-08-03T16:28:15Z	card0,99,17,16,N/A,0;;
2026-08-03T16:28:16Z	card0,99,17,16,N/A,0;;
2026-08-03T16:28:17Z	card0,94,17,1,N/A,0;;
2026-08-03T16:28:18Z	card0,100,17,15,N/A,0;;
2026-08-03T16:28:19Z	card0,98,17,50,N/A,0;;
2026-08-03T16:28:21Z	card0,97,17,2,N/A,0;;
2026-08-03T16:28:22Z	card0,97,17,2,N/A,0;;
2026-08-03T16:28:23Z	card0,99,17,15,N/A,0;;
2026-08-03T16:28:24Z	card0,98,17,16,N/A,0;;
2026-08-03T16:28:25Z	card0,95,17,2,N/A,0;;
2026-08-03T16:28:26Z	card0,99,17,84,N/A,0;;
2026-08-03T16:28:27Z	card0,97,17,2,N/A,0;;
2026-08-03T16:28:28Z	card0,97,17,16,N/A,0;;
2026-08-03T16:28:30Z	card0,99,17,16,N/A,0;;
2026-08-03T16:28:31Z	card0,88,17,2,N/A,0;;
2026-08-03T16:28:32Z	card0,96,17,2,N/A,0;;
2026-08-03T16:28:33Z	card0,99,17,32,N/A,0;;
2026-08-03T16:28:34Z	card0,90,17,2,N/A,0;;
2026-08-03T16:28:35Z	card0,97,17,16,N/A,0;;
2026-08-03T16:28:36Z	card0,97,17,35,N/A,0;;
2026-08-03T16:28:37Z	card0,100,17,15,N/A,0;;
2026-08-03T16:28:39Z	card0,99,17,12,N/A,0;;
2026-08-03T16:28:40Z	card0,96,17,85,N/A,0;;
2026-08-03T16:28:41Z	card0,97,17,2,N/A,0;;
2026-08-03T16:28:42Z	card0,100,17,15,N/A,0;;
2026-08-03T16:28:43Z	card0,99,17,17,N/A,0;;
2026-08-03T16:28:44Z	card0,87,17,13,N/A,0;;
2026-08-03T16:28:45Z	card0,100,17,4,N/A,0;;
2026-08-03T16:28:47Z	card0,97,17,15,N/A,0;;
2026-08-03T16:28:48Z	card0,100,17,15,N/A,0;;
2026-08-03T16:28:49Z	card0,99,17,17,N/A,0;;
2026-08-03T16:28:50Z	card0,100,17,15,N/A,0;;
2026-08-03T16:28:51Z	card0,99,17,16,N/A,0;;
2026-08-03T16:28:52Z	card0,100,17,16,N/A,0;;
2026-08-03T16:28:53Z	card0,100,17,2,N/A,0;;
2026-08-03T16:28:54Z	card0,99,17,78,N/A,0;;
2026-08-03T16:28:56Z	card0,100,17,1,N/A,0;;
2026-08-03T16:28:57Z	card0,99,17,78,N/A,0;;
2026-08-03T16:28:58Z	card0,100,17,17,N/A,0;;
2026-08-03T16:28:59Z	card0,100,17,5,N/A,0;;
2026-08-03T16:29:00Z	card0,100,17,77,N/A,0;;
2026-08-03T16:29:01Z	card0,99,17,16,N/A,0;;
2026-08-03T16:29:02Z	card0,99,17,2,N/A,0;;
2026-08-03T16:29:03Z	card0,95,17,15,N/A,0;;
2026-08-03T16:29:05Z	card0,97,17,12,N/A,0;;
2026-08-03T16:29:06Z	card0,100,17,15,N/A,0;;
2026-08-03T16:29:07Z	card0,100,17,4,N/A,0;;
2026-08-03T16:29:08Z	card0,99,17,17,N/A,0;;
2026-08-03T16:29:09Z	card0,87,17,13,N/A,0;;
2026-08-03T16:29:10Z	card0,99,17,2,N/A,0;;
2026-08-03T16:29:11Z	card0,96,17,1,N/A,0;;
2026-08-03T16:29:13Z	card0,99,17,16,N/A,0;;
2026-08-03T16:29:14Z	card0,100,17,1,N/A,0;;
2026-08-03T16:29:15Z	card0,100,17,16,N/A,0;;
2026-08-03T16:29:16Z	card0,99,17,60,N/A,0;;
2026-08-03T16:29:17Z	card0,100,17,2,N/A,0;;
2026-08-03T16:29:18Z	card0,99,17,15,N/A,0;;
2026-08-03T16:29:19Z	card0,100,17,17,N/A,0;;
2026-08-03T16:29:20Z	card0,100,17,15,N/A,0;;
2026-08-03T16:29:22Z	card0,99,17,15,N/A,0;;
2026-08-03T16:29:23Z	card0,100,17,16,N/A,0;;
2026-08-03T16:29:24Z	card0,100,17,15,N/A,0;;
2026-08-03T16:29:25Z	card0,99,17,8,N/A,0;;
2026-08-03T16:29:26Z	card0,100,17,15,N/A,0;;
2026-08-03T16:29:27Z	card0,100,17,15,N/A,0;;
2026-08-03T16:29:28Z	card0,99,17,2,N/A,0;;
2026-08-03T16:29:30Z	card0,100,17,15,N/A,0;;
2026-08-03T16:29:31Z	card0,94,17,15,N/A,0;;
2026-08-03T16:29:32Z	card0,93,17,14,N/A,0;;
2026-08-03T16:29:33Z	card0,99,17,8,N/A,0;;
2026-08-03T16:29:34Z	card0,97,17,2,N/A,0;;
2026-08-03T16:29:35Z	card0,100,17,15,N/A,0;;
2026-08-03T16:29:36Z	card0,99,17,66,N/A,0;;
2026-08-03T16:29:37Z	card0,99,17,16,N/A,0;;
2026-08-03T16:29:39Z	card0,99,17,14,N/A,0;;
2026-08-03T16:29:40Z	card0,97,17,2,N/A,0;;
2026-08-03T16:29:41Z	card0,97,17,16,N/A,0;;
2026-08-03T16:29:42Z	card0,100,17,4,N/A,0;;
2026-08-03T16:29:43Z	card0,100,17,77,N/A,0;;
2026-08-03T16:29:44Z	card0,99,17,15,N/A,0;;
2026-08-03T16:29:45Z	card0,100,17,17,N/A,0;;
2026-08-03T16:29:46Z	card0,99,17,6,N/A,0;;
2026-08-03T16:29:48Z	card0,100,17,17,N/A,0;;
2026-08-03T16:29:49Z	card0,100,17,15,N/A,0;;
2026-08-03T16:29:50Z	card0,100,17,2,N/A,0;;
2026-08-03T16:29:51Z	card0,99,17,73,N/A,0;;
2026-08-03T16:29:52Z	card0,100,17,15,N/A,0;;
2026-08-03T16:29:53Z	card0,99,17,16,N/A,0;;
2026-08-03T16:29:54Z	card0,100,17,15,N/A,0;;
2026-08-03T16:29:56Z	card0,100,17,2,N/A,0;;
2026-08-03T16:29:57Z	card0,99,17,17,N/A,0;;
2026-08-03T16:29:58Z	card0,100,17,15,N/A,0;;
2026-08-03T16:29:59Z	card0,99,17,13,N/A,0;;
2026-08-03T16:30:00Z	card0,100,17,2,N/A,0;;
2026-08-03T16:30:01Z	card0,100,17,2,N/A,0;;
2026-08-03T16:30:02Z	card0,99,17,15,N/A,0;;
2026-08-03T16:30:03Z	card0,89,17,14,N/A,0;;
2026-08-03T16:30:05Z	card0,97,17,16,N/A,0;;
2026-08-03T16:30:06Z	card0,100,17,28,N/A,0;;
2026-08-03T16:30:07Z	card0,99,17,74,N/A,0;;
2026-08-03T16:30:08Z	card0,100,17,4,N/A,0;;
2026-08-03T16:30:09Z	card0,97,17,3,N/A,0;;
2026-08-03T16:30:10Z	card0,100,17,15,N/A,0;;
2026-08-03T16:30:11Z	card0,99,17,17,N/A,0;;
2026-08-03T16:30:13Z	card0,100,17,2,N/A,0;;
2026-08-03T16:30:14Z	card0,90,17,2,N/A,0;;
2026-08-03T16:30:15Z	card0,99,17,16,N/A,0;;
2026-08-03T16:30:16Z	card0,95,17,16,N/A,0;;
2026-08-03T16:30:17Z	card0,100,17,15,N/A,0;;
2026-08-03T16:30:18Z	card0,100,17,15,N/A,0;;
2026-08-03T16:30:19Z	card0,99,17,29,N/A,0;;
2026-08-03T16:30:20Z	card0,100,17,16,N/A,0;;
2026-08-03T16:30:22Z	card0,97,17,15,N/A,0;;
2026-08-03T16:30:23Z	card0,100,17,7,N/A,0;;
2026-08-03T16:30:24Z	card0,100,17,15,N/A,0;;
2026-08-03T16:30:25Z	card0,100,17,16,N/A,0;;
2026-08-03T16:30:26Z	card0,99,17,17,N/A,0;;
2026-08-03T16:30:27Z	card0,100,17,2,N/A,0;;
2026-08-03T16:30:28Z	card0,100,17,16,N/A,0;;
2026-08-03T16:30:29Z	card0,100,17,4,N/A,0;;
2026-08-03T16:30:31Z	card0,100,17,15,N/A,0;;
2026-08-03T16:30:32Z	card0,99,17,2,N/A,0;;
2026-08-03T16:30:33Z	card0,100,17,2,N/A,0;;
2026-08-03T16:30:34Z	card0,99,17,21,N/A,0;;
2026-08-03T16:30:35Z	card0,100,17,17,N/A,0;;
2026-08-03T16:30:36Z	card0,100,17,30,N/A,0;;
2026-08-03T16:30:37Z	card0,100,17,15,N/A,0;;
2026-08-03T16:30:39Z	card0,99,17,10,N/A,0;;
2026-08-03T16:30:40Z	card0,100,17,15,N/A,0;;
2026-08-03T16:30:41Z	card0,99,17,49,N/A,0;;
2026-08-03T16:30:42Z	card0,100,17,16,N/A,0;;
2026-08-03T16:30:43Z	card0,100,17,15,N/A,0;;
2026-08-03T16:30:44Z	card0,99,17,15,N/A,0;;
2026-08-03T16:30:45Z	card0,100,17,2,N/A,0;;
2026-08-03T16:30:46Z	card0,99,17,15,N/A,0;;
2026-08-03T16:30:48Z	card0,100,17,17,N/A,0;;
2026-08-03T16:30:49Z	card0,100,17,18,N/A,0;;
2026-08-03T16:30:50Z	card0,100,17,15,N/A,0;;
2026-08-03T16:30:51Z	card0,99,17,2,N/A,0;;
2026-08-03T16:30:52Z	card0,100,17,21,N/A,0;;
2026-08-03T16:30:53Z	card0,99,17,83,N/A,0;;
2026-08-03T16:30:54Z	card0,100,17,2,N/A,0;;
2026-08-03T16:30:55Z	card0,100,17,2,N/A,0;;
2026-08-03T16:30:57Z	card0,99,17,87,N/A,0;;
2026-08-03T16:30:58Z	card0,100,17,16,N/A,0;;
2026-08-03T16:30:59Z	card0,99,17,16,N/A,0;;
2026-08-03T16:31:00Z	card0,100,17,17,N/A,0;;
2026-08-03T16:31:01Z	card0,100,17,15,N/A,0;;
2026-08-03T16:31:02Z	card0,100,17,7,N/A,0;;
2026-08-03T16:31:03Z	card0,99,17,17,N/A,0;;
2026-08-03T16:31:05Z	card0,100,17,15,N/A,0;;
2026-08-03T16:31:06Z	card0,99,17,16,N/A,0;;
2026-08-03T16:31:07Z	card0,100,17,16,N/A,0;;
2026-08-03T16:31:08Z	card0,100,17,4,N/A,0;;
2026-08-03T16:31:09Z	card0,99,17,19,N/A,0;;
2026-08-03T16:31:10Z	card0,100,17,16,N/A,0;;
2026-08-03T16:31:11Z	card0,100,17,26,N/A,0;;
2026-08-03T16:31:12Z	card0,100,17,2,N/A,0;;
2026-08-03T16:31:14Z	card0,100,17,4,N/A,0;;
2026-08-03T16:31:15Z	card0,99,17,15,N/A,0;;
2026-08-03T16:31:16Z	card0,100,17,2,N/A,0;;
2026-08-03T16:31:17Z	card0,100,17,15,N/A,0;;
2026-08-03T16:31:18Z	card0,99,17,17,N/A,0;;
2026-08-03T16:31:19Z	card0,100,17,15,N/A,0;;
2026-08-03T16:31:20Z	card0,100,17,2,N/A,0;;
2026-08-03T16:31:22Z	card0,99,17,10,N/A,0;;
2026-08-03T16:31:23Z	card0,100,17,2,N/A,0;;
2026-08-03T16:31:24Z	card0,99,17,30,N/A,0;;
2026-08-03T16:31:25Z	card0,99,17,16,N/A,0;;
2026-08-03T16:31:26Z	card0,100,17,15,N/A,0;;
2026-08-03T16:31:27Z	card0,99,17,1,N/A,0;;
2026-08-03T16:31:28Z	card0,100,17,2,N/A,0;;
2026-08-03T16:31:29Z	card0,100,17,15,N/A,0;;
2026-08-03T16:31:31Z	card0,99,17,8,N/A,0;;
2026-08-03T16:31:32Z	card0,100,17,10,N/A,0;;
2026-08-03T16:31:33Z	card0,99,17,15,N/A,0;;
2026-08-03T16:31:34Z	card0,99,17,16,N/A,0;;
2026-08-03T16:31:35Z	card0,100,17,15,N/A,0;;
2026-08-03T16:31:36Z	card0,99,17,16,N/A,0;;
2026-08-03T16:31:37Z	card0,100,17,16,N/A,0;;
2026-08-03T16:31:38Z	card0,100,17,34,N/A,0;;
2026-08-03T16:31:40Z	card0,99,17,15,N/A,0;;
2026-08-03T16:31:41Z	card0,100,17,16,N/A,0;;
2026-08-03T16:31:42Z	card0,100,17,2,N/A,0;;
2026-08-03T16:31:43Z	card0,100,17,21,N/A,0;;
2026-08-03T16:31:44Z	card0,100,17,9,N/A,0;;
2026-08-03T16:31:45Z	card0,77,17,0,N/A,0;;
2026-08-03T16:31:46Z	card0,88,17,14,N/A,0;;
2026-08-03T16:31:48Z	card0,78,17,75,N/A,0;;
2026-08-03T16:31:49Z	card0,98,17,1,N/A,0;;
2026-08-03T16:31:50Z	card0,94,17,1,N/A,0;;
2026-08-03T16:31:51Z	card0,98,17,29,N/A,0;;
2026-08-03T16:31:52Z	card0,93,17,15,N/A,0;;
2026-08-03T16:31:53Z	card0,93,17,22,N/A,0;;
2026-08-03T16:31:54Z	card0,99,17,17,N/A,0;;
2026-08-03T16:31:55Z	card0,96,17,1,N/A,0;;
2026-08-03T16:31:57Z	card0,97,17,83,N/A,0;;
2026-08-03T16:31:58Z	card0,96,17,15,N/A,0;;
2026-08-03T16:31:59Z	card0,96,17,2,N/A,0;;
2026-08-03T16:32:00Z	card0,95,17,12,N/A,0;;
2026-08-03T16:32:01Z	card0,97,17,15,N/A,0;;
2026-08-03T16:32:02Z	card0,96,17,2,N/A,0;;
2026-08-03T16:32:03Z	card0,96,17,15,N/A,0;;
2026-08-03T16:32:04Z	card0,95,17,16,N/A,0;;
2026-08-03T16:32:06Z	card0,97,17,15,N/A,0;;
2026-08-03T16:32:07Z	card0,98,17,3,N/A,0;;
2026-08-03T16:32:08Z	card0,94,17,15,N/A,0;;
2026-08-03T16:32:09Z	card0,99,17,15,N/A,0;;
2026-08-03T16:32:10Z	card0,98,17,30,N/A,0;;
2026-08-03T16:32:11Z	card0,97,17,2,N/A,0;;
2026-08-03T16:32:12Z	card0,100,17,19,N/A,0;;
2026-08-03T16:32:14Z	card0,100,17,25,N/A,0;;
2026-08-03T16:32:15Z	card0,100,17,15,N/A,0;;
2026-08-03T16:32:16Z	card0,100,17,15,N/A,0;;
2026-08-03T16:32:17Z	card0,98,17,1,N/A,0;;
2026-08-03T16:32:18Z	card0,97,17,2,N/A,0;;
2026-08-03T16:32:19Z	card0,97,17,15,N/A,0;;
2026-08-03T16:32:20Z	card0,99,17,17,N/A,0;;
2026-08-03T16:32:21Z	card0,97,17,15,N/A,0;;
2026-08-03T16:32:23Z	card0,96,17,15,N/A,0;;
2026-08-03T16:32:24Z	card0,100,17,2,N/A,0;;
2026-08-03T16:32:25Z	card0,99,17,19,N/A,0;;
2026-08-03T16:32:26Z	card0,100,17,5,N/A,0;;
2026-08-03T16:32:27Z	card0,99,17,16,N/A,0;;
2026-08-03T16:32:28Z	card0,100,17,3,N/A,0;;
2026-08-03T16:32:29Z	card0,100,17,4,N/A,0;;
2026-08-03T16:32:31Z	card0,99,17,15,N/A,0;;
2026-08-03T16:32:32Z	card0,100,17,16,N/A,0;;
2026-08-03T16:32:33Z	card0,99,17,83,N/A,0;;
2026-08-03T16:32:34Z	card0,99,17,30,N/A,0;;
2026-08-03T16:32:35Z	card0,97,17,15,N/A,0;;
2026-08-03T16:32:36Z	card0,97,17,22,N/A,0;;
2026-08-03T16:32:37Z	card0,99,17,15,N/A,0;;
2026-08-03T16:32:38Z	card0,97,17,16,N/A,0;;
2026-08-03T16:32:40Z	card0,97,17,2,N/A,0;;
2026-08-03T16:32:41Z	card0,99,17,2,N/A,0;;
2026-08-03T16:32:42Z	card0,99,17,8,N/A,0;;
2026-08-03T16:32:43Z	card0,95,17,15,N/A,0;;
2026-08-03T16:32:44Z	card0,100,17,8,N/A,0;;
2026-08-03T16:32:45Z	card0,97,17,15,N/A,0;;
2026-08-03T16:32:46Z	card0,99,17,17,N/A,0;;
2026-08-03T16:32:47Z	card0,99,17,2,N/A,0;;
2026-08-03T16:32:49Z	card0,98,17,15,N/A,0;;
2026-08-03T16:32:50Z	card0,100,17,16,N/A,0;;
2026-08-03T16:32:51Z	card0,100,17,11,N/A,0;;
2026-08-03T16:32:52Z	card0,99,17,16,N/A,0;;
2026-08-03T16:32:53Z	card0,97,17,2,N/A,0;;
2026-08-03T16:32:54Z	card0,97,17,15,N/A,0;;
2026-08-03T16:32:55Z	card0,99,17,43,N/A,0;;
2026-08-03T16:32:57Z	card0,100,17,16,N/A,0;;
2026-08-03T16:32:58Z	card0,100,17,15,N/A,0;;
2026-08-03T16:32:59Z	card0,99,17,8,N/A,0;;
2026-08-03T16:33:00Z	card0,100,17,1,N/A,0;;
2026-08-03T16:33:01Z	card0,100,17,15,N/A,0;;
2026-08-03T16:33:02Z	card0,99,17,17,N/A,0;;
2026-08-03T16:33:03Z	card0,100,17,12,N/A,0;;
2026-08-03T16:33:04Z	card0,100,17,15,N/A,0;;
2026-08-03T16:33:06Z	card0,99,17,17,N/A,0;;
2026-08-03T16:33:07Z	card0,100,17,15,N/A,0;;
2026-08-03T16:33:08Z	card0,99,17,12,N/A,0;;
2026-08-03T16:33:09Z	card0,100,17,16,N/A,0;;
2026-08-03T16:33:10Z	card0,100,17,3,N/A,0;;
2026-08-03T16:33:11Z	card0,99,17,52,N/A,0;;
2026-08-03T16:33:12Z	card0,100,17,18,N/A,0;;
2026-08-03T16:33:14Z	card0,99,17,15,N/A,0;;
2026-08-03T16:33:15Z	card0,98,17,16,N/A,0;;
2026-08-03T16:33:16Z	card0,97,17,15,N/A,0;;
2026-08-03T16:33:17Z	card0,97,17,15,N/A,0;;
2026-08-03T16:33:18Z	card0,99,17,2,N/A,0;;
2026-08-03T16:33:19Z	card0,100,17,2,N/A,0;;
2026-08-03T16:33:20Z	card0,99,17,6,N/A,0;;
2026-08-03T16:33:21Z	card0,99,17,51,N/A,0;;
2026-08-03T16:33:23Z	card0,100,17,15,N/A,0;;
2026-08-03T16:33:24Z	card0,100,17,15,N/A,0;;
2026-08-03T16:33:25Z	card0,99,17,17,N/A,0;;
2026-08-03T16:33:26Z	card0,98,17,15,N/A,0;;
2026-08-03T16:33:27Z	card0,97,17,67,N/A,0;;
2026-08-03T16:33:28Z	card0,100,17,17,N/A,0;;
2026-08-03T16:33:29Z	card0,97,17,2,N/A,0;;
2026-08-03T16:33:30Z	card0,100,17,15,N/A,0;;
2026-08-03T16:33:32Z	card0,99,17,16,N/A,0;;
2026-08-03T16:33:33Z	card0,100,17,15,N/A,0;;
2026-08-03T16:33:34Z	card0,99,17,16,N/A,0;;
2026-08-03T16:33:35Z	card0,100,17,16,N/A,0;;
2026-08-03T16:33:36Z	card0,99,17,15,N/A,0;;
2026-08-03T16:33:37Z	card0,99,17,6,N/A,0;;
2026-08-03T16:33:38Z	card0,100,17,17,N/A,0;;
2026-08-03T16:33:40Z	card0,99,17,46,N/A,0;;
2026-08-03T16:33:41Z	card0,100,17,17,N/A,0;;
2026-08-03T16:33:42Z	card0,100,17,5,N/A,0;;
2026-08-03T16:33:43Z	card0,99,17,16,N/A,0;;
2026-08-03T16:33:44Z	card0,100,17,9,N/A,0;;
2026-08-03T16:33:45Z	card0,100,17,15,N/A,0;;
2026-08-03T16:33:46Z	card0,100,17,5,N/A,0;;
2026-08-03T16:33:47Z	card0,100,17,8,N/A,0;;
2026-08-03T16:33:49Z	card0,100,17,12,N/A,0;;
2026-08-03T16:33:50Z	card0,99,17,66,N/A,0;;
2026-08-03T16:33:51Z	card0,99,17,2,N/A,0;;
2026-08-03T16:33:52Z	card0,96,17,2,N/A,0;;
2026-08-03T16:33:53Z	card0,100,17,4,N/A,0;;
2026-08-03T16:33:54Z	card0,100,17,1,N/A,0;;
2026-08-03T16:33:55Z	card0,100,17,15,N/A,0;;
2026-08-03T16:33:57Z	card0,99,17,16,N/A,0;;
2026-08-03T16:33:58Z	card0,99,17,15,N/A,0;;
2026-08-03T16:33:59Z	card0,98,17,48,N/A,0;;
2026-08-03T16:34:00Z	card0,97,17,6,N/A,0;;
2026-08-03T16:34:01Z	card0,100,17,15,N/A,0;;
2026-08-03T16:34:02Z	card0,97,17,2,N/A,0;;
2026-08-03T16:34:03Z	card0,99,17,15,N/A,0;;
2026-08-03T16:34:04Z	card0,100,17,17,N/A,0;;
2026-08-03T16:34:06Z	card0,99,17,11,N/A,0;;
2026-08-03T16:34:07Z	card0,100,17,38,N/A,0;;
2026-08-03T16:34:08Z	card0,100,17,15,N/A,0;;
2026-08-03T16:34:09Z	card0,100,17,16,N/A,0;;
2026-08-03T16:34:10Z	card0,51,17,7,N/A,0;;
2026-08-03T16:34:11Z	card0,96,17,18,N/A,0;;
2026-08-03T16:34:12Z	card0,100,17,2,N/A,0;;
2026-08-03T16:34:14Z	card0,99,17,16,N/A,0;;
2026-08-03T16:34:15Z	card0,100,17,16,N/A,0;;
2026-08-03T16:34:16Z	card0,100,17,15,N/A,0;;
2026-08-03T16:34:17Z	card0,99,17,16,N/A,0;;
2026-08-03T16:34:18Z	card0,95,17,16,N/A,0;;
2026-08-03T16:34:19Z	card0,100,17,15,N/A,0;;
2026-08-03T16:34:20Z	card0,99,17,16,N/A,0;;
2026-08-03T16:34:21Z	card0,100,17,2,N/A,0;;
2026-08-03T16:34:23Z	card0,100,17,15,N/A,0;;
2026-08-03T16:34:24Z	card0,97,17,3,N/A,0;;
2026-08-03T16:34:25Z	card0,100,17,16,N/A,0;;
2026-08-03T16:34:26Z	card0,100,17,1,N/A,0;;
2026-08-03T16:34:27Z	card0,87,17,14,N/A,0;;
2026-08-03T16:34:28Z	card0,100,17,16,N/A,0;;
2026-08-03T16:34:29Z	card0,99,17,2,N/A,0;;
2026-08-03T16:34:30Z	card0,100,17,15,N/A,0;;
2026-08-03T16:34:32Z	card0,99,17,15,N/A,0;;
2026-08-03T16:34:33Z	card0,100,17,16,N/A,0;;
2026-08-03T16:34:34Z	card0,99,17,15,N/A,0;;
2026-08-03T16:34:35Z	card0,100,17,17,N/A,0;;
2026-08-03T16:34:36Z	card0,100,17,15,N/A,0;;
2026-08-03T16:34:37Z	card0,100,17,16,N/A,0;;
2026-08-03T16:34:38Z	card0,99,17,17,N/A,0;;
2026-08-03T16:34:40Z	card0,100,17,2,N/A,0;;
2026-08-03T16:34:41Z	card0,99,17,16,N/A,0;;
2026-08-03T16:34:42Z	card0,100,17,4,N/A,0;;
2026-08-03T16:34:43Z	card0,100,17,16,N/A,0;;
2026-08-03T16:34:44Z	card0,99,17,16,N/A,0;;
2026-08-03T16:34:45Z	card0,100,17,16,N/A,0;;
2026-08-03T16:34:46Z	card0,99,17,16,N/A,0;;
2026-08-03T16:34:47Z	card0,100,17,17,N/A,0;;
2026-08-03T16:34:49Z	card0,100,17,5,N/A,0;;
2026-08-03T16:34:50Z	card0,100,17,3,N/A,0;;
2026-08-03T16:34:51Z	card0,99,17,16,N/A,0;;
2026-08-03T16:34:52Z	card0,100,17,2,N/A,0;;
2026-08-03T16:34:53Z	card0,100,17,9,N/A,0;;
2026-08-03T16:34:54Z	card0,100,17,15,N/A,0;;
2026-08-03T16:34:55Z	card0,100,17,15,N/A,0;;
2026-08-03T16:34:56Z	card0,98,17,16,N/A,0;;
2026-08-03T16:34:58Z	card0,99,17,2,N/A,0;;
2026-08-03T16:34:59Z	card0,100,17,17,N/A,0;;
2026-08-03T16:35:00Z	card0,99,17,15,N/A,0;;
2026-08-03T16:35:01Z	card0,98,17,16,N/A,0;;
2026-08-03T16:35:02Z	card0,99,17,15,N/A,0;;
2026-08-03T16:35:03Z	card0,100,17,15,N/A,0;;
2026-08-03T16:35:04Z	card0,99,17,16,N/A,0;;
2026-08-03T16:35:06Z	card0,100,17,16,N/A,0;;
2026-08-03T16:35:07Z	card0,99,17,83,N/A,0;;
2026-08-03T16:35:08Z	card0,100,17,4,N/A,0;;
2026-08-03T16:35:09Z	card0,100,17,22,N/A,0;;
2026-08-03T16:35:10Z	card0,99,17,15,N/A,0;;
2026-08-03T16:35:11Z	card0,100,17,16,N/A,0;;
2026-08-03T16:35:12Z	card0,99,17,2,N/A,0;;
2026-08-03T16:35:13Z	card0,87,17,2,N/A,0;;
2026-08-03T16:35:15Z	card0,99,17,80,N/A,0;;
2026-08-03T16:35:16Z	card0,100,17,4,N/A,0;;
2026-08-03T16:35:17Z	card0,100,17,15,N/A,0;;
2026-08-03T16:35:18Z	card0,99,17,2,N/A,0;;
2026-08-03T16:35:19Z	card0,100,17,9,N/A,0;;
2026-08-03T16:35:20Z	card0,100,17,2,N/A,0;;
2026-08-03T16:35:21Z	card0,99,17,17,N/A,0;;
2026-08-03T16:35:23Z	card0,100,17,15,N/A,0;;
2026-08-03T16:35:24Z	card0,100,17,1,N/A,0;;
2026-08-03T16:35:25Z	card0,99,17,2,N/A,0;;
2026-08-03T16:35:26Z	card0,100,17,2,N/A,0;;
2026-08-03T16:35:27Z	card0,86,17,14,N/A,0;;
2026-08-03T16:35:28Z	card0,98,17,15,N/A,0;;
2026-08-03T16:35:29Z	card0,98,17,11,N/A,0;;
2026-08-03T16:35:30Z	card0,100,17,16,N/A,0;;
2026-08-03T16:35:32Z	card0,100,17,16,N/A,0;;
2026-08-03T16:35:33Z	card0,99,17,58,N/A,0;;
2026-08-03T16:35:34Z	card0,100,17,16,N/A,0;;
2026-08-03T16:35:35Z	card0,98,17,13,N/A,0;;
2026-08-03T16:35:36Z	card0,100,17,72,N/A,0;;
2026-08-03T16:35:37Z	card0,100,17,15,N/A,0;;
2026-08-03T16:35:38Z	card0,100,17,15,N/A,0;;
2026-08-03T16:35:39Z	card0,99,17,2,N/A,0;;
2026-08-03T16:35:41Z	card0,95,17,15,N/A,0;;
2026-08-03T16:35:42Z	card0,99,17,20,N/A,0;;
2026-08-03T16:35:43Z	card0,100,17,5,N/A,0;;
2026-08-03T16:35:44Z	card0,100,17,10,N/A,0;;
2026-08-03T16:35:45Z	card0,100,17,14,N/A,0;;
2026-08-03T16:35:46Z	card0,95,17,87,N/A,0;;
2026-08-03T16:35:47Z	card0,98,17,16,N/A,0;;
2026-08-03T16:35:49Z	card0,98,17,15,N/A,0;;
2026-08-03T16:35:50Z	card0,99,17,8,N/A,0;;
2026-08-03T16:35:51Z	card0,100,17,4,N/A,0;;
2026-08-03T16:35:52Z	card0,100,17,4,N/A,0;;
2026-08-03T16:35:53Z	card0,99,17,69,N/A,0;;
2026-08-03T16:35:54Z	card0,97,17,1,N/A,0;;
2026-08-03T16:35:55Z	card0,100,17,15,N/A,0;;
2026-08-03T16:35:56Z	card0,100,17,3,N/A,0;;
2026-08-03T16:35:58Z	card0,98,17,15,N/A,0;;
2026-08-03T16:35:59Z	card0,96,17,6,N/A,0;;
2026-08-03T16:36:00Z	card0,99,17,15,N/A,0;;
2026-08-03T16:36:01Z	card0,98,17,65,N/A,0;;
2026-08-03T16:36:02Z	card0,100,17,2,N/A,0;;
2026-08-03T16:36:03Z	card0,100,17,10,N/A,0;;
2026-08-03T16:36:04Z	card0,100,17,16,N/A,0;;
2026-08-03T16:36:06Z	card0,100,17,15,N/A,0;;
2026-08-03T16:36:07Z	card0,99,17,15,N/A,0;;
2026-08-03T16:36:08Z	card0,98,17,16,N/A,0;;
2026-08-03T16:36:09Z	card0,99,17,15,N/A,0;;
2026-08-03T16:36:10Z	card0,98,17,16,N/A,0;;
2026-08-03T16:36:11Z	card0,99,17,2,N/A,0;;
2026-08-03T16:36:12Z	card0,95,17,15,N/A,0;;
2026-08-03T16:36:13Z	card0,95,17,15,N/A,0;;
2026-08-03T16:36:15Z	card0,99,17,14,N/A,0;;
2026-08-03T16:36:16Z	card0,90,17,14,N/A,0;;
2026-08-03T16:36:17Z	card0,99,17,17,N/A,0;;
2026-08-03T16:36:18Z	card0,98,17,15,N/A,0;;
2026-08-03T16:36:19Z	card0,99,17,10,N/A,0;;
2026-08-03T16:36:20Z	card0,99,17,16,N/A,0;;
2026-08-03T16:36:21Z	card0,99,17,18,N/A,0;;
2026-08-03T16:36:22Z	card0,99,17,2,N/A,0;;
2026-08-03T16:36:24Z	card0,98,17,16,N/A,0;;
2026-08-03T16:36:25Z	card0,99,17,16,N/A,0;;
2026-08-03T16:36:26Z	card0,99,17,15,N/A,0;;
2026-08-03T16:36:27Z	card0,98,17,3,N/A,0;;
2026-08-03T16:36:28Z	card0,100,17,15,N/A,0;;
2026-08-03T16:36:29Z	card0,100,17,2,N/A,0;;
2026-08-03T16:36:30Z	card0,99,17,17,N/A,0;;
2026-08-03T16:36:32Z	card0,100,17,2,N/A,0;;
2026-08-03T16:36:33Z	card0,99,17,13,N/A,0;;
2026-08-03T16:36:34Z	card0,100,17,16,N/A,0;;
2026-08-03T16:36:35Z	card0,100,17,15,N/A,0;;
2026-08-03T16:36:36Z	card0,99,17,15,N/A,0;;
2026-08-03T16:36:37Z	card0,100,17,16,N/A,0;;
2026-08-03T16:36:38Z	card0,100,17,15,N/A,0;;
2026-08-03T16:36:39Z	card0,99,17,17,N/A,0;;
2026-08-03T16:36:41Z	card0,100,17,6,N/A,0;;
2026-08-03T16:36:42Z	card0,100,17,4,N/A,0;;
2026-08-03T16:36:43Z	card0,99,17,1,N/A,0;;
2026-08-03T16:36:44Z	card0,100,17,15,N/A,0;;
2026-08-03T16:36:45Z	card0,99,17,16,N/A,0;;
2026-08-03T16:36:46Z	card0,99,17,16,N/A,0;;
2026-08-03T16:36:47Z	card0,98,17,5,N/A,0;;
2026-08-03T16:36:48Z	card0,99,17,78,N/A,0;;
2026-08-03T16:36:50Z	card0,99,17,13,N/A,0;;
2026-08-03T16:36:51Z	card0,99,17,15,N/A,0;;
2026-08-03T16:36:52Z	card0,98,17,82,N/A,0;;
2026-08-03T16:36:53Z	card0,99,17,1,N/A,0;;
2026-08-03T16:36:54Z	card0,100,17,15,N/A,0;;
2026-08-03T16:36:55Z	card0,99,17,7,N/A,0;;
2026-08-03T16:36:56Z	card0,100,17,16,N/A,0;;
2026-08-03T16:36:58Z	card0,99,17,15,N/A,0;;
2026-08-03T16:36:59Z	card0,99,17,3,N/A,0;;
2026-08-03T16:37:00Z	card0,100,17,5,N/A,0;;
2026-08-03T16:37:01Z	card0,100,17,2,N/A,0;;
2026-08-03T16:37:02Z	card0,99,17,13,N/A,0;;
2026-08-03T16:37:03Z	card0,100,17,15,N/A,0;;
2026-08-03T16:37:04Z	card0,99,17,29,N/A,0;;
2026-08-03T16:37:05Z	card0,100,17,4,N/A,0;;
2026-08-03T16:37:07Z	card0,100,17,2,N/A,0;;
2026-08-03T16:37:08Z	card0,99,17,15,N/A,0;;
2026-08-03T16:37:09Z	card0,100,17,16,N/A,0;;
2026-08-03T16:37:10Z	card0,99,17,12,N/A,0;;
2026-08-03T16:37:11Z	card0,100,17,4,N/A,0;;
2026-08-03T16:37:12Z	card0,100,17,15,N/A,0;;
2026-08-03T16:37:13Z	card0,100,17,15,N/A,0;;
2026-08-03T16:37:15Z	card0,99,17,17,N/A,0;;
2026-08-03T16:37:16Z	card0,100,17,2,N/A,0;;
2026-08-03T16:37:17Z	card0,99,17,16,N/A,0;;
2026-08-03T16:37:18Z	card0,95,17,15,N/A,0;;
2026-08-03T16:37:19Z	card0,93,17,3,N/A,0;;
2026-08-03T16:37:20Z	card0,100,17,15,N/A,0;;
2026-08-03T16:37:21Z	card0,100,17,3,N/A,0;;
2026-08-03T16:37:22Z	card0,99,17,39,N/A,0;;
2026-08-03T16:37:24Z	card0,98,17,15,N/A,0;;
2026-08-03T16:37:25Z	card0,99,17,16,N/A,0;;
2026-08-03T16:37:26Z	card0,100,17,2,N/A,0;;
2026-08-03T16:37:27Z	card0,100,17,85,N/A,0;;
2026-08-03T16:37:28Z	card0,99,17,6,N/A,0;;
2026-08-03T16:37:29Z	card0,99,17,3,N/A,0;;
2026-08-03T16:37:30Z	card0,99,17,2,N/A,0;;
2026-08-03T16:37:31Z	card0,99,17,17,N/A,0;;
2026-08-03T16:37:33Z	card0,100,17,15,N/A,0;;
2026-08-03T16:37:34Z	card0,100,17,15,N/A,0;;
2026-08-03T16:37:35Z	card0,99,17,61,N/A,0;;
2026-08-03T16:37:36Z	card0,100,17,1,N/A,0;;
2026-08-03T16:37:37Z	card0,99,17,16,N/A,0;;
2026-08-03T16:37:38Z	card0,100,17,66,N/A,0;;
2026-08-03T16:37:39Z	card0,100,17,5,N/A,0;;
2026-08-03T16:37:41Z	card0,100,17,2,N/A,0;;
2026-08-03T16:37:42Z	card0,99,17,16,N/A,0;;
2026-08-03T16:37:43Z	card0,100,17,2,N/A,0;;
2026-08-03T16:37:44Z	card0,99,17,16,N/A,0;;
2026-08-03T16:37:45Z	card0,100,17,23,N/A,0;;
2026-08-03T16:37:46Z	card0,100,17,15,N/A,0;;
2026-08-03T16:37:47Z	card0,99,17,17,N/A,0;;
2026-08-03T16:37:48Z	card0,100,17,2,N/A,0;;
2026-08-03T16:37:50Z	card0,100,17,16,N/A,0;;
2026-08-03T16:37:51Z	card0,100,17,16,N/A,0;;
2026-08-03T16:37:52Z	card0,100,17,16,N/A,0;;
2026-08-03T16:37:53Z	card0,99,17,15,N/A,0;;
2026-08-03T16:37:54Z	card0,100,17,17,N/A,0;;
2026-08-03T16:37:55Z	card0,99,17,15,N/A,0;;
2026-08-03T16:37:56Z	card0,100,17,17,N/A,0;;
2026-08-03T16:37:58Z	card0,99,17,33,N/A,0;;
2026-08-03T16:37:59Z	card0,90,17,14,N/A,0;;
2026-08-03T16:38:00Z	card0,99,17,16,N/A,0;;
2026-08-03T16:38:01Z	card0,99,17,17,N/A,0;;
2026-08-03T16:38:02Z	card0,100,17,2,N/A,0;;
2026-08-03T16:38:03Z	card0,99,17,16,N/A,0;;
2026-08-03T16:38:04Z	card0,100,17,16,N/A,0;;
2026-08-03T16:38:05Z	card0,99,17,15,N/A,0;;
2026-08-03T16:38:07Z	card0,98,17,29,N/A,0;;
2026-08-03T16:38:08Z	card0,99,17,2,N/A,0;;
2026-08-03T16:38:09Z	card0,99,17,66,N/A,0;;
2026-08-03T16:38:10Z	card0,100,17,80,N/A,0;;
2026-08-03T16:38:11Z	card0,100,17,15,N/A,0;;
2026-08-03T16:38:12Z	card0,98,17,15,N/A,0;;
2026-08-03T16:38:13Z	card0,97,17,3,N/A,0;;
2026-08-03T16:38:14Z	card0,97,17,16,N/A,0;;
2026-08-03T16:38:16Z	card0,98,17,16,N/A,0;;
2026-08-03T16:38:17Z	card0,95,17,2,N/A,0;;
2026-08-03T16:38:18Z	card0,98,17,3,N/A,0;;
2026-08-03T16:38:19Z	card0,95,17,34,N/A,0;;
2026-08-03T16:38:20Z	card0,98,17,5,N/A,0;;
2026-08-03T16:38:21Z	card0,99,17,4,N/A,0;;
2026-08-03T16:38:22Z	card0,98,17,79,N/A,0;;
2026-08-03T16:38:24Z	card0,98,17,3,N/A,0;;
2026-08-03T16:38:25Z	card0,100,17,1,N/A,0;;
2026-08-03T16:38:26Z	card0,100,17,15,N/A,0;;
2026-08-03T16:38:27Z	card0,100,17,17,N/A,0;;
2026-08-03T16:38:28Z	card0,99,17,2,N/A,0;;
2026-08-03T16:38:29Z	card0,99,17,16,N/A,0;;
2026-08-03T16:38:30Z	card0,97,17,15,N/A,0;;
2026-08-03T16:38:31Z	card0,98,17,16,N/A,0;;
2026-08-03T16:38:33Z	card0,99,17,15,N/A,0;;
2026-08-03T16:38:34Z	card0,98,17,25,N/A,0;;
2026-08-03T16:38:35Z	card0,99,17,4,N/A,0;;
2026-08-03T16:38:36Z	card0,98,17,15,N/A,0;;
2026-08-03T16:38:37Z	card0,99,17,11,N/A,0;;
2026-08-03T16:38:38Z	card0,98,17,14,N/A,0;;
2026-08-03T16:38:39Z	card0,99,17,15,N/A,0;;
2026-08-03T16:38:40Z	card0,99,17,16,N/A,0;;
2026-08-03T16:38:42Z	card0,98,17,16,N/A,0;;
2026-08-03T16:38:43Z	card0,99,17,8,N/A,0;;
2026-08-03T16:38:44Z	card0,99,17,15,N/A,0;;
2026-08-03T16:38:45Z	card0,99,17,1,N/A,0;;
2026-08-03T16:38:46Z	card0,99,17,15,N/A,0;;
2026-08-03T16:38:47Z	card0,98,17,16,N/A,0;;
2026-08-03T16:38:48Z	card0,100,17,3,N/A,0;;
2026-08-03T16:38:50Z	card0,99,17,3,N/A,0;;
2026-08-03T16:38:51Z	card0,99,17,15,N/A,0;;
2026-08-03T16:38:52Z	card0,99,17,23,N/A,0;;
2026-08-03T16:38:53Z	card0,89,17,83,N/A,0;;
2026-08-03T16:38:54Z	card0,99,17,2,N/A,0;;
2026-08-03T16:38:55Z	card0,95,17,0,N/A,0;;
2026-08-03T16:38:56Z	card0,94,17,17,N/A,0;;
2026-08-03T16:38:57Z	card0,100,17,17,N/A,0;;
2026-08-03T16:38:59Z	card0,99,17,10,N/A,0;;
2026-08-03T16:39:00Z	card0,99,17,2,N/A,0;;
2026-08-03T16:39:01Z	card0,99,17,81,N/A,0;;
2026-08-03T16:39:02Z	card0,100,17,2,N/A,0;;
2026-08-03T16:39:03Z	card0,99,17,80,N/A,0;;
2026-08-03T16:39:04Z	card0,90,17,32,N/A,0;;
2026-08-03T16:39:05Z	card0,100,17,22,N/A,0;;
2026-08-03T16:39:07Z	card0,100,17,15,N/A,0;;
2026-08-03T16:39:08Z	card0,90,17,14,N/A,0;;
2026-08-03T16:39:09Z	card0,99,17,15,N/A,0;;
2026-08-03T16:39:10Z	card0,99,17,16,N/A,0;;
2026-08-03T16:39:11Z	card0,99,17,2,N/A,0;;
2026-08-03T16:39:12Z	card0,89,17,2,N/A,0;;
2026-08-03T16:39:13Z	card0,99,17,15,N/A,0;;
2026-08-03T16:39:14Z	card0,100,17,17,N/A,0;;
2026-08-03T16:39:16Z	card0,99,17,10,N/A,0;;
2026-08-03T16:39:17Z	card0,90,17,14,N/A,0;;
2026-08-03T16:39:18Z	card0,99,17,2,N/A,0;;
2026-08-03T16:39:19Z	card0,99,17,28,N/A,0;;
2026-08-03T16:39:20Z	card0,99,17,16,N/A,0;;
2026-08-03T16:39:21Z	card0,90,17,2,N/A,0;;
2026-08-03T16:39:22Z	card0,99,17,2,N/A,0;;
2026-08-03T16:39:23Z	card0,99,17,16,N/A,0;;
2026-08-03T16:39:25Z	card0,100,17,4,N/A,0;;
2026-08-03T16:39:26Z	card0,100,17,15,N/A,0;;
2026-08-03T16:39:27Z	card0,99,17,16,N/A,0;;
2026-08-03T16:39:28Z	card0,100,17,2,N/A,0;;
2026-08-03T16:39:29Z	card0,99,17,14,N/A,0;;
2026-08-03T16:39:30Z	card0,100,17,16,N/A,0;;
2026-08-03T16:39:31Z	card0,100,17,48,N/A,0;;
2026-08-03T16:39:33Z	card0,99,17,6,N/A,0;;
2026-08-03T16:39:34Z	card0,100,17,14,N/A,0;;
2026-08-03T16:39:35Z	card0,100,17,15,N/A,0;;
2026-08-03T16:39:36Z	card0,99,17,7,N/A,0;;
2026-08-03T16:39:37Z	card0,100,17,5,N/A,0;;
2026-08-03T16:39:38Z	card0,100,17,15,N/A,0;;
2026-08-03T16:39:39Z	card0,99,17,8,N/A,0;;
2026-08-03T16:39:40Z	card0,100,17,2,N/A,0;;
2026-08-03T16:39:42Z	card0,90,17,14,N/A,0;;
2026-08-03T16:39:43Z	card0,99,17,16,N/A,0;;
2026-08-03T16:39:44Z	card0,100,17,16,N/A,0;;
2026-08-03T16:39:45Z	card0,100,17,15,N/A,0;;
2026-08-03T16:39:46Z	card0,99,17,2,N/A,0;;
2026-08-03T16:39:47Z	card0,100,17,2,N/A,0;;
2026-08-03T16:39:48Z	card0,99,17,15,N/A,0;;
2026-08-03T16:39:50Z	card0,98,17,17,N/A,0;;
2026-08-03T16:39:51Z	card0,99,17,2,N/A,0;;
2026-08-03T16:39:52Z	card0,100,17,2,N/A,0;;
2026-08-03T16:39:53Z	card0,99,17,67,N/A,0;;
2026-08-03T16:39:54Z	card0,100,17,11,N/A,0;;
2026-08-03T16:39:55Z	card0,99,17,15,N/A,0;;
2026-08-03T16:39:56Z	card0,99,17,73,N/A,0;;
2026-08-03T16:39:57Z	card0,99,17,15,N/A,0;;
2026-08-03T16:39:59Z	card0,100,17,15,N/A,0;;
2026-08-03T16:40:00Z	card0,99,17,2,N/A,0;;
2026-08-03T16:40:01Z	card0,100,17,15,N/A,0;;
2026-08-03T16:40:02Z	card0,100,17,13,N/A,0;;
2026-08-03T16:40:03Z	card0,100,17,4,N/A,0;;
2026-08-03T16:40:04Z	card0,100,17,2,N/A,0;;
2026-08-03T16:40:05Z	card0,99,17,41,N/A,0;;
2026-08-03T16:40:06Z	card0,100,17,16,N/A,0;;
2026-08-03T16:40:08Z	card0,100,17,12,N/A,0;;
2026-08-03T16:40:09Z	card0,100,17,17,N/A,0;;
2026-08-03T16:40:10Z	card0,100,17,15,N/A,0;;
2026-08-03T16:40:11Z	card0,100,17,17,N/A,0;;
2026-08-03T16:40:12Z	card0,100,17,2,N/A,0;;
2026-08-03T16:40:13Z	card0,100,17,15,N/A,0;;
2026-08-03T16:40:14Z	card0,100,17,20,N/A,0;;
2026-08-03T16:40:16Z	card0,100,17,15,N/A,0;;
2026-08-03T16:40:17Z	card0,100,17,15,N/A,0;;
2026-08-03T16:40:18Z	card0,99,17,16,N/A,0;;
2026-08-03T16:40:19Z	card0,100,17,2,N/A,0;;
2026-08-03T16:40:20Z	card0,99,17,16,N/A,0;;
2026-08-03T16:40:21Z	card0,100,17,16,N/A,0;;
2026-08-03T16:40:22Z	card0,100,17,7,N/A,0;;
2026-08-03T16:40:23Z	card0,99,17,3,N/A,0;;
2026-08-03T16:40:25Z	card0,100,17,2,N/A,0;;
2026-08-03T16:40:26Z	card0,100,17,25,N/A,0;;
2026-08-03T16:40:27Z	card0,100,17,17,N/A,0;;
2026-08-03T16:40:28Z	card0,100,17,15,N/A,0;;
2026-08-03T16:40:29Z	card0,100,17,1,N/A,0;;
2026-08-03T16:40:30Z	card0,89,17,14,N/A,0;;
2026-08-03T16:40:31Z	card0,99,17,56,N/A,0;;
2026-08-03T16:40:33Z	card0,99,17,2,N/A,0;;
2026-08-03T16:40:34Z	card0,99,17,28,N/A,0;;
2026-08-03T16:40:35Z	card0,100,17,45,N/A,0;;
2026-08-03T16:40:36Z	card0,100,17,4,N/A,0;;
2026-08-03T16:40:37Z	card0,100,17,21,N/A,0;;
2026-08-03T16:40:38Z	card0,99,17,7,N/A,0;;
2026-08-03T16:40:39Z	card0,100,17,15,N/A,0;;
2026-08-03T16:40:40Z	card0,100,17,7,N/A,0;;
2026-08-03T16:40:42Z	card0,100,17,1,N/A,0;;
2026-08-03T16:40:43Z	card0,100,17,2,N/A,0;;
2026-08-03T16:40:44Z	card0,98,17,15,N/A,0;;
2026-08-03T16:40:45Z	card0,99,17,16,N/A,0;;
2026-08-03T16:40:46Z	card0,99,17,2,N/A,0;;
2026-08-03T16:40:47Z	card0,99,17,7,N/A,0;;
2026-08-03T16:40:48Z	card0,100,17,15,N/A,0;;
2026-08-03T16:40:49Z	card0,100,17,4,N/A,0;;
2026-08-03T16:40:51Z	card0,99,17,17,N/A,0;;
2026-08-03T16:40:52Z	card0,100,17,4,N/A,0;;
2026-08-03T16:40:53Z	card0,100,17,16,N/A,0;;
2026-08-03T16:40:54Z	card0,100,17,1,N/A,0;;
2026-08-03T16:40:55Z	card0,100,17,4,N/A,0;;
2026-08-03T16:40:56Z	card0,99,17,2,N/A,0;;
2026-08-03T16:40:57Z	card0,100,17,16,N/A,0;;
2026-08-03T16:40:59Z	card0,100,17,56,N/A,0;;
2026-08-03T16:41:00Z	card0,100,17,5,N/A,0;;
2026-08-03T16:41:01Z	card0,100,17,3,N/A,0;;
2026-08-03T16:41:02Z	card0,100,17,15,N/A,0;;
2026-08-03T16:41:03Z	card0,99,17,17,N/A,0;;
2026-08-03T16:41:04Z	card0,100,17,73,N/A,0;;
2026-08-03T16:41:05Z	card0,99,17,72,N/A,0;;
2026-08-03T16:41:06Z	card0,100,17,16,N/A,0;;
2026-08-03T16:41:08Z	card0,100,17,2,N/A,0;;
2026-08-03T16:41:09Z	card0,99,17,16,N/A,0;;
2026-08-03T16:41:10Z	card0,100,17,2,N/A,0;;
2026-08-03T16:41:11Z	card0,100,17,16,N/A,0;;
2026-08-03T16:41:12Z	card0,100,17,17,N/A,0;;
2026-08-03T16:41:13Z	card0,100,17,5,N/A,0;;
2026-08-03T16:41:14Z	card0,100,17,51,N/A,0;;
2026-08-03T16:41:16Z	card0,100,17,16,N/A,0;;
2026-08-03T16:41:17Z	card0,99,17,8,N/A,0;;
2026-08-03T16:41:18Z	card0,99,17,0,N/A,0;;
2026-08-03T16:41:19Z	card0,99,17,15,N/A,0;;
2026-08-03T16:41:20Z	card0,99,17,16,N/A,0;;
2026-08-03T16:41:21Z	card0,99,17,85,N/A,0;;
2026-08-03T16:41:22Z	card0,100,17,16,N/A,0;;
2026-08-03T16:41:23Z	card0,99,17,84,N/A,0;;
2026-08-03T16:41:25Z	card0,100,17,25,N/A,0;;
2026-08-03T16:41:26Z	card0,100,17,8,N/A,0;;
2026-08-03T16:41:27Z	card0,99,17,15,N/A,0;;
2026-08-03T16:41:28Z	card0,99,17,2,N/A,0;;
2026-08-03T16:41:29Z	card0,100,17,15,N/A,0;;
2026-08-03T16:41:30Z	card0,100,17,50,N/A,0;;
2026-08-03T16:41:31Z	card0,100,17,2,N/A,0;;
2026-08-03T16:41:32Z	card0,99,17,52,N/A,0;;
2026-08-03T16:41:34Z	card0,99,17,2,N/A,0;;
2026-08-03T16:41:35Z	card0,100,17,46,N/A,0;;
2026-08-03T16:41:36Z	card0,100,17,1,N/A,0;;
2026-08-03T16:41:37Z	card0,100,17,4,N/A,0;;
2026-08-03T16:41:38Z	card0,100,17,15,N/A,0;;
2026-08-03T16:41:39Z	card0,100,17,2,N/A,0;;
2026-08-03T16:41:40Z	card0,99,17,15,N/A,0;;
2026-08-03T16:41:42Z	card0,100,17,1,N/A,0;;
2026-08-03T16:41:43Z	card0,99,17,16,N/A,0;;
2026-08-03T16:41:44Z	card0,100,17,1,N/A,0;;
2026-08-03T16:41:45Z	card0,100,17,15,N/A,0;;
2026-08-03T16:41:46Z	card0,99,17,15,N/A,0;;
2026-08-03T16:41:47Z	card0,100,17,22,N/A,0;;
2026-08-03T16:41:48Z	card0,99,17,15,N/A,0;;
2026-08-03T16:41:49Z	card0,100,17,5,N/A,0;;
2026-08-03T16:41:51Z	card0,100,17,8,N/A,0;;
2026-08-03T16:41:52Z	card0,100,17,79,N/A,0;;
2026-08-03T16:41:53Z	card0,99,17,16,N/A,0;;
2026-08-03T16:41:54Z	card0,100,17,15,N/A,0;;
2026-08-03T16:41:55Z	card0,99,17,11,N/A,0;;
2026-08-03T16:41:56Z	card0,100,17,15,N/A,0;;
2026-08-03T16:41:57Z	card0,100,17,2,N/A,0;;
2026-08-03T16:41:59Z	card0,99,17,71,N/A,0;;
2026-08-03T16:42:00Z	card0,100,17,2,N/A,0;;
2026-08-03T16:42:01Z	card0,100,17,13,N/A,0;;
2026-08-03T16:42:02Z	card0,100,17,16,N/A,0;;
2026-08-03T16:42:03Z	card0,100,17,86,N/A,0;;
2026-08-03T16:42:04Z	card0,99,17,1,N/A,0;;
2026-08-03T16:42:05Z	card0,100,17,17,N/A,0;;
2026-08-03T16:42:06Z	card0,100,17,12,N/A,0;;
2026-08-03T16:42:08Z	card0,100,17,4,N/A,0;;
2026-08-03T16:42:09Z	card0,100,17,3,N/A,0;;
2026-08-03T16:42:10Z	card0,100,17,8,N/A,0;;
2026-08-03T16:42:11Z	card0,99,17,17,N/A,0;;
2026-08-03T16:42:12Z	card0,100,17,2,N/A,0;;
2026-08-03T16:42:13Z	card0,100,17,16,N/A,0;;
2026-08-03T16:42:14Z	card0,100,17,2,N/A,0;;
2026-08-03T16:42:15Z	card0,100,17,16,N/A,0;;
2026-08-03T16:42:17Z	card0,99,17,15,N/A,0;;
2026-08-03T16:42:18Z	card0,100,17,16,N/A,0;;
2026-08-03T16:42:19Z	card0,100,17,85,N/A,0;;
2026-08-03T16:42:20Z	card0,100,17,4,N/A,0;;
2026-08-03T16:42:21Z	card0,100,17,15,N/A,0;;
2026-08-03T16:42:22Z	card0,100,17,65,N/A,0;;
2026-08-03T16:42:23Z	card0,99,17,17,N/A,0;;
2026-08-03T16:42:25Z	card0,100,17,2,N/A,0;;
2026-08-03T16:42:26Z	card0,99,17,4,N/A,0;;
2026-08-03T16:42:27Z	card0,100,17,5,N/A,0;;
2026-08-03T16:42:28Z	card0,100,17,4,N/A,0;;
2026-08-03T16:42:29Z	card0,99,17,16,N/A,0;;
2026-08-03T16:42:30Z	card0,100,17,2,N/A,0;;
2026-08-03T16:42:31Z	card0,99,17,11,N/A,0;;
2026-08-03T16:42:32Z	card0,100,17,4,N/A,0;;
2026-08-03T16:42:34Z	card0,100,17,15,N/A,0;;
2026-08-03T16:42:35Z	card0,99,17,15,N/A,0;;
2026-08-03T16:42:36Z	card0,100,17,2,N/A,0;;
2026-08-03T16:42:37Z	card0,98,17,15,N/A,0;;
2026-08-03T16:42:38Z	card0,99,17,17,N/A,0;;
2026-08-03T16:42:39Z	card0,100,17,15,N/A,0;;
2026-08-03T16:42:40Z	card0,100,17,15,N/A,0;;
2026-08-03T16:42:42Z	card0,99,17,18,N/A,0;;
2026-08-03T16:42:43Z	card0,100,17,16,N/A,0;;
2026-08-03T16:42:44Z	card0,100,17,76,N/A,0;;
2026-08-03T16:42:45Z	card0,100,17,2,N/A,0;;
2026-08-03T16:42:46Z	card0,100,17,27,N/A,0;;
2026-08-03T16:42:47Z	card0,99,17,7,N/A,0;;
2026-08-03T16:42:48Z	card0,100,17,16,N/A,0;;
2026-08-03T16:42:49Z	card0,100,17,17,N/A,0;;
2026-08-03T16:42:51Z	card0,100,17,17,N/A,0;;
2026-08-03T16:42:52Z	card0,100,17,18,N/A,0;;
2026-08-03T16:42:53Z	card0,45,17,4,N/A,0;;
2026-08-03T16:42:54Z	card0,100,17,5,N/A,0;;
2026-08-03T16:42:55Z	card0,100,17,79,N/A,0;;
2026-08-03T16:42:56Z	card0,99,17,2,N/A,0;;
2026-08-03T16:42:57Z	card0,100,17,2,N/A,0;;
2026-08-03T16:42:58Z	card0,100,17,16,N/A,0;;
2026-08-03T16:43:00Z	card0,100,17,2,N/A,0;;
2026-08-03T16:43:01Z	card0,100,17,2,N/A,0;;
2026-08-03T16:43:02Z	card0,99,17,87,N/A,0;;
2026-08-03T16:43:03Z	card0,100,17,2,N/A,0;;
2026-08-03T16:43:04Z	card0,100,17,13,N/A,0;;
2026-08-03T16:43:05Z	card0,100,17,16,N/A,0;;
2026-08-03T16:43:06Z	card0,99,17,44,N/A,0;;
2026-08-03T16:43:08Z	card0,99,17,15,N/A,0;;
2026-08-03T16:43:09Z	card0,100,17,16,N/A,0;;
2026-08-03T16:43:10Z	card0,98,17,57,N/A,0;;
2026-08-03T16:43:11Z	card0,99,17,16,N/A,0;;
2026-08-03T16:43:12Z	card0,100,17,15,N/A,0;;
2026-08-03T16:43:13Z	card0,100,17,15,N/A,0;;
2026-08-03T16:43:14Z	card0,99,17,35,N/A,0;;
2026-08-03T16:43:15Z	card0,100,17,16,N/A,0;;
2026-08-03T16:43:17Z	card0,98,17,17,N/A,0;;
2026-08-03T16:43:18Z	card0,100,17,27,N/A,0;;
2026-08-03T16:43:19Z	card0,100,17,15,N/A,0;;
2026-08-03T16:43:20Z	card0,100,17,15,N/A,0;;
2026-08-03T16:43:21Z	card0,99,17,2,N/A,0;;
2026-08-03T16:43:22Z	card0,99,17,2,N/A,0;;
2026-08-03T16:43:23Z	card0,100,17,16,N/A,0;;
2026-08-03T16:43:25Z	card0,100,17,2,N/A,0;;
2026-08-03T16:43:26Z	card0,100,17,2,N/A,0;;
2026-08-03T16:43:27Z	card0,99,17,2,N/A,0;;
2026-08-03T16:43:28Z	card0,100,17,16,N/A,0;;
2026-08-03T16:43:29Z	card0,99,17,15,N/A,0;;
2026-08-03T16:43:30Z	card0,100,17,5,N/A,0;;
2026-08-03T16:43:31Z	card0,100,17,15,N/A,0;;
2026-08-03T16:43:32Z	card0,100,17,12,N/A,0;;
2026-08-03T16:43:34Z	card0,99,17,17,N/A,0;;
2026-08-03T16:43:35Z	card0,100,17,2,N/A,0;;
2026-08-03T16:43:36Z	card0,100,17,8,N/A,0;;
2026-08-03T16:43:37Z	card0,100,17,15,N/A,0;;
2026-08-03T16:43:38Z	card0,100,17,15,N/A,0;;
2026-08-03T16:43:39Z	card0,99,17,16,N/A,0;;
2026-08-03T16:43:40Z	card0,100,17,16,N/A,0;;
2026-08-03T16:43:41Z	card0,100,17,16,N/A,0;;
2026-08-03T16:43:43Z	card0,100,17,4,N/A,0;;
2026-08-03T16:43:44Z	card0,100,17,15,N/A,0;;
2026-08-03T16:43:45Z	card0,99,17,16,N/A,0;;
2026-08-03T16:43:46Z	card0,100,17,16,N/A,0;;
2026-08-03T16:43:47Z	card0,100,17,2,N/A,0;;
2026-08-03T16:43:48Z	card0,99,17,19,N/A,0;;
2026-08-03T16:43:49Z	card0,100,17,2,N/A,0;;
2026-08-03T16:43:51Z	card0,100,17,2,N/A,0;;
2026-08-03T16:43:52Z	card0,99,17,66,N/A,0;;
2026-08-03T16:43:53Z	card0,100,17,2,N/A,0;;
2026-08-03T16:43:54Z	card0,99,17,40,N/A,0;;
2026-08-03T16:43:55Z	card0,100,17,2,N/A,0;;
2026-08-03T16:43:56Z	card0,100,17,15,N/A,0;;
2026-08-03T16:43:57Z	card0,99,17,2,N/A,0;;
2026-08-03T16:43:58Z	card0,100,17,17,N/A,0;;
2026-08-03T16:44:00Z	card0,99,17,22,N/A,0;;
2026-08-03T16:44:01Z	card0,98,17,16,N/A,0;;
2026-08-03T16:44:02Z	card0,98,17,15,N/A,0;;
2026-08-03T16:44:03Z	card0,100,17,15,N/A,0;;
2026-08-03T16:44:04Z	card0,100,17,16,N/A,0;;
2026-08-03T16:44:05Z	card0,99,17,2,N/A,0;;
2026-08-03T16:44:06Z	card0,100,17,15,N/A,0;;
2026-08-03T16:44:07Z	card0,97,17,13,N/A,0;;
2026-08-03T16:44:09Z	card0,98,17,16,N/A,0;;
2026-08-03T16:44:10Z	card0,98,17,3,N/A,0;;
2026-08-03T16:44:11Z	card0,100,17,15,N/A,0;;
2026-08-03T16:44:12Z	card0,99,17,2,N/A,0;;
2026-08-03T16:44:13Z	card0,100,17,2,N/A,0;;
2026-08-03T16:44:14Z	card0,99,17,16,N/A,0;;
2026-08-03T16:44:15Z	card0,98,17,15,N/A,0;;
2026-08-03T16:44:17Z	card0,98,17,15,N/A,0;;
2026-08-03T16:44:18Z	card0,100,17,9,N/A,0;;
2026-08-03T16:44:19Z	card0,99,17,2,N/A,0;;
2026-08-03T16:44:20Z	card0,100,17,15,N/A,0;;
2026-08-03T16:44:21Z	card0,99,17,13,N/A,0;;
2026-08-03T16:44:22Z	card0,99,17,15,N/A,0;;
2026-08-03T16:44:23Z	card0,98,17,5,N/A,0;;
2026-08-03T16:44:24Z	card0,99,17,71,N/A,0;;
2026-08-03T16:44:26Z	card0,98,17,16,N/A,0;;
2026-08-03T16:44:27Z	card0,98,17,15,N/A,0;;
2026-08-03T16:44:28Z	card0,99,17,15,N/A,0;;
2026-08-03T16:44:29Z	card0,98,17,26,N/A,0;;
2026-08-03T16:44:30Z	card0,98,17,15,N/A,0;;
2026-08-03T16:44:31Z	card0,100,17,15,N/A,0;;
2026-08-03T16:44:32Z	card0,99,17,16,N/A,0;;
2026-08-03T16:44:34Z	card0,100,17,16,N/A,0;;
2026-08-03T16:44:35Z	card0,100,17,84,N/A,0;;
2026-08-03T16:44:36Z	card0,99,17,16,N/A,0;;
2026-08-03T16:44:37Z	card0,99,17,24,N/A,0;;
2026-08-03T16:44:38Z	card0,99,17,2,N/A,0;;
2026-08-03T16:44:39Z	card0,100,17,2,N/A,0;;
2026-08-03T16:44:40Z	card0,100,17,1,N/A,0;;
2026-08-03T16:44:41Z	card0,99,17,17,N/A,0;;
2026-08-03T16:44:43Z	card0,98,17,2,N/A,0;;
2026-08-03T16:44:44Z	card0,100,17,2,N/A,0;;
2026-08-03T16:44:45Z	card0,99,17,35,N/A,0;;
2026-08-03T16:44:46Z	card0,100,17,15,N/A,0;;
2026-08-03T16:44:47Z	card0,99,17,80,N/A,0;;
2026-08-03T16:44:48Z	card0,100,17,16,N/A,0;;
2026-08-03T16:44:49Z	card0,98,17,15,N/A,0;;
2026-08-03T16:44:50Z	card0,99,17,15,N/A,0;;
2026-08-03T16:44:52Z	card0,98,17,15,N/A,0;;
2026-08-03T16:44:53Z	card0,99,17,15,N/A,0;;
2026-08-03T16:44:54Z	card0,97,17,16,N/A,0;;
2026-08-03T16:44:55Z	card0,99,17,17,N/A,0;;
2026-08-03T16:44:56Z	card0,99,17,59,N/A,0;;
2026-08-03T16:44:57Z	card0,99,17,15,N/A,0;;
2026-08-03T16:44:58Z	card0,99,17,2,N/A,0;;
2026-08-03T16:45:00Z	card0,99,17,15,N/A,0;;
2026-08-03T16:45:01Z	card0,98,17,59,N/A,0;;
2026-08-03T16:45:02Z	card0,100,17,4,N/A,0;;
2026-08-03T16:45:03Z	card0,99,17,11,N/A,0;;
2026-08-03T16:45:04Z	card0,98,17,2,N/A,0;;
2026-08-03T16:45:05Z	card0,99,17,17,N/A,0;;
2026-08-03T16:45:06Z	card0,99,17,15,N/A,0;;
2026-08-03T16:45:07Z	card0,90,17,14,N/A,0;;
2026-08-03T16:45:09Z	card0,99,17,36,N/A,0;;
2026-08-03T16:45:10Z	card0,100,17,36,N/A,0;;
2026-08-03T16:45:11Z	card0,100,17,15,N/A,0;;
2026-08-03T16:45:12Z	card0,100,17,15,N/A,0;;
2026-08-03T16:45:13Z	card0,99,17,17,N/A,0;;
2026-08-03T16:45:14Z	card0,90,17,2,N/A,0;;
2026-08-03T16:45:15Z	card0,99,17,6,N/A,0;;
2026-08-03T16:45:16Z	card0,99,17,16,N/A,0;;
2026-08-03T16:45:18Z	card0,99,17,1,N/A,0;;
2026-08-03T16:45:19Z	card0,99,17,15,N/A,0;;
2026-08-03T16:45:20Z	card0,99,17,2,N/A,0;;
2026-08-03T16:45:21Z	card0,100,17,16,N/A,0;;
2026-08-03T16:45:22Z	card0,100,17,6,N/A,0;;
2026-08-03T16:45:23Z	card0,99,17,5,N/A,0;;
2026-08-03T16:45:24Z	card0,100,17,18,N/A,0;;
2026-08-03T16:45:26Z	card0,100,17,15,N/A,0;;
2026-08-03T16:45:27Z	card0,99,17,2,N/A,0;;
2026-08-03T16:45:28Z	card0,100,17,2,N/A,0;;
2026-08-03T16:45:29Z	card0,99,17,17,N/A,0;;
2026-08-03T16:45:30Z	card0,100,17,4,N/A,0;;
2026-08-03T16:45:31Z	card0,100,17,2,N/A,0;;
2026-08-03T16:45:32Z	card0,99,17,61,N/A,0;;
2026-08-03T16:45:33Z	card0,100,17,2,N/A,0;;
2026-08-03T16:45:35Z	card0,100,17,31,N/A,0;;
2026-08-03T16:45:36Z	card0,99,17,4,N/A,0;;
2026-08-03T16:45:37Z	card0,89,17,35,N/A,0;;
2026-08-03T16:45:38Z	card0,100,17,18,N/A,0;;
2026-08-03T16:45:39Z	card0,99,17,15,N/A,0;;
2026-08-03T16:45:40Z	card0,90,17,15,N/A,0;;
2026-08-03T16:45:41Z	card0,99,17,17,N/A,0;;
2026-08-03T16:45:43Z	card0,100,17,15,N/A,0;;
2026-08-03T16:45:44Z	card0,99,17,16,N/A,0;;
2026-08-03T16:45:45Z	card0,90,17,14,N/A,0;;
2026-08-03T16:45:46Z	card0,100,17,5,N/A,0;;
2026-08-03T16:45:47Z	card0,100,17,38,N/A,0;;
2026-08-03T16:45:48Z	card0,99,17,15,N/A,0;;
2026-08-03T16:45:49Z	card0,90,17,14,N/A,0;;
2026-08-03T16:45:50Z	card0,99,17,17,N/A,0;;
2026-08-03T16:45:52Z	card0,100,17,2,N/A,0;;
2026-08-03T16:45:53Z	card0,99,17,16,N/A,0;;
2026-08-03T16:45:54Z	card0,100,17,16,N/A,0;;
2026-08-03T16:45:55Z	card0,100,17,15,N/A,0;;
2026-08-03T16:45:56Z	card0,99,17,87,N/A,0;;
2026-08-03T16:45:57Z	card0,100,17,16,N/A,0;;
2026-08-03T16:45:58Z	card0,99,17,35,N/A,0;;
2026-08-03T16:45:59Z	card0,100,17,17,N/A,0;;
2026-08-03T16:46:01Z	card0,100,17,4,N/A,0;;
2026-08-03T16:46:02Z	card0,100,17,15,N/A,0;;
2026-08-03T16:46:03Z	card0,99,17,16,N/A,0;;
2026-08-03T16:46:04Z	card0,100,17,15,N/A,0;;
2026-08-03T16:46:05Z	card0,99,17,16,N/A,0;;
2026-08-03T16:46:06Z	card0,100,17,1,N/A,0;;
2026-08-03T16:46:07Z	card0,100,17,15,N/A,0;;
2026-08-03T16:46:09Z	card0,99,17,16,N/A,0;;
2026-08-03T16:46:10Z	card0,100,17,15,N/A,0;;
2026-08-03T16:46:11Z	card0,99,17,16,N/A,0;;
2026-08-03T16:46:12Z	card0,99,17,4,N/A,0;;
2026-08-03T16:46:13Z	card0,100,17,4,N/A,0;;
2026-08-03T16:46:14Z	card0,99,17,9,N/A,0;;
2026-08-03T16:46:15Z	card0,100,17,31,N/A,0;;
2026-08-03T16:46:16Z	card0,89,17,2,N/A,0;;
2026-08-03T16:46:18Z	card0,100,17,2,N/A,0;;
2026-08-03T16:46:19Z	card0,99,17,16,N/A,0;;
2026-08-03T16:46:20Z	card0,100,17,4,N/A,0;;
2026-08-03T16:46:21Z	card0,98,17,2,N/A,0;;
2026-08-03T16:46:22Z	card0,99,17,2,N/A,0;;
2026-08-03T16:46:23Z	card0,99,17,16,N/A,0;;
2026-08-03T16:46:24Z	card0,99,17,16,N/A,0;;
2026-08-03T16:46:26Z	card0,100,17,17,N/A,0;;
2026-08-03T16:46:27Z	card0,100,17,15,N/A,0;;
2026-08-03T16:46:28Z	card0,100,17,9,N/A,0;;
2026-08-03T16:46:29Z	card0,99,17,2,N/A,0;;
2026-08-03T16:46:30Z	card0,100,17,15,N/A,0;;
2026-08-03T16:46:31Z	card0,100,17,16,N/A,0;;
2026-08-03T16:46:32Z	card0,100,17,16,N/A,0;;
2026-08-03T16:46:33Z	card0,100,17,3,N/A,0;;
2026-08-03T16:46:35Z	card0,99,17,65,N/A,0;;
2026-08-03T16:46:36Z	card0,100,17,2,N/A,0;;
2026-08-03T16:46:37Z	card0,100,17,15,N/A,0;;
2026-08-03T16:46:38Z	card0,100,17,16,N/A,0;;
2026-08-03T16:46:39Z	card0,100,17,38,N/A,0;;
2026-08-03T16:46:40Z	card0,99,17,15,N/A,0;;
2026-08-03T16:46:41Z	card0,100,17,16,N/A,0;;
2026-08-03T16:46:42Z	card0,100,17,15,N/A,0;;
2026-08-03T16:46:44Z	card0,100,17,17,N/A,0;;
2026-08-03T16:46:45Z	card0,100,17,13,N/A,0;;
2026-08-03T16:46:46Z	card0,100,17,4,N/A,0;;
2026-08-03T16:46:47Z	card0,99,17,17,N/A,0;;
2026-08-03T16:46:48Z	card0,89,17,13,N/A,0;;
2026-08-03T16:46:49Z	card0,99,17,2,N/A,0;;
2026-08-03T16:46:50Z	card0,100,17,13,N/A,0;;
2026-08-03T16:46:52Z	card0,100,17,16,N/A,0;;
2026-08-03T16:46:53Z	card0,99,17,5,N/A,0;;
2026-08-03T16:46:54Z	card0,100,17,15,N/A,0;;
2026-08-03T16:46:55Z	card0,99,17,2,N/A,0;;
2026-08-03T16:46:56Z	card0,100,17,15,N/A,0;;
2026-08-03T16:46:57Z	card0,99,17,7,N/A,0;;
2026-08-03T16:46:58Z	card0,98,17,1,N/A,0;;
2026-08-03T16:46:59Z	card0,100,17,15,N/A,0;;
2026-08-03T16:47:01Z	card0,99,17,15,N/A,0;;
2026-08-03T16:47:02Z	card0,100,17,56,N/A,0;;
2026-08-03T16:47:03Z	card0,99,17,15,N/A,0;;
2026-08-03T16:47:04Z	card0,100,17,17,N/A,0;;
2026-08-03T16:47:05Z	card0,100,17,5,N/A,0;;
2026-08-03T16:47:06Z	card0,100,17,16,N/A,0;;
2026-08-03T16:47:07Z	card0,99,17,2,N/A,0;;
2026-08-03T16:47:08Z	card0,100,17,15,N/A,0;;
2026-08-03T16:47:10Z	card0,99,17,17,N/A,0;;
2026-08-03T16:47:11Z	card0,100,17,9,N/A,0;;
2026-08-03T16:47:12Z	card0,100,17,3,N/A,0;;
2026-08-03T16:47:13Z	card0,99,17,17,N/A,0;;
2026-08-03T16:47:14Z	card0,100,17,15,N/A,0;;
2026-08-03T16:47:15Z	card0,99,17,16,N/A,0;;
2026-08-03T16:47:16Z	card0,100,17,16,N/A,0;;
2026-08-03T16:47:18Z	card0,100,17,15,N/A,0;;
2026-08-03T16:47:19Z	card0,99,17,15,N/A,0;;
2026-08-03T16:47:20Z	card0,100,17,2,N/A,0;;
2026-08-03T16:47:21Z	card0,99,17,53,N/A,0;;
2026-08-03T16:47:22Z	card0,100,17,49,N/A,0;;
2026-08-03T16:47:23Z	card0,100,17,4,N/A,0;;
2026-08-03T16:47:24Z	card0,99,17,15,N/A,0;;
2026-08-03T16:47:25Z	card0,100,17,16,N/A,0;;
2026-08-03T16:47:27Z	card0,100,17,15,N/A,0;;
2026-08-03T16:47:28Z	card0,99,17,8,N/A,0;;
2026-08-03T16:47:29Z	card0,100,17,15,N/A,0;;
2026-08-03T16:47:30Z	card0,100,17,2,N/A,0;;
2026-08-03T16:47:31Z	card0,99,17,11,N/A,0;;
2026-08-03T16:47:32Z	card0,100,17,2,N/A,0;;
2026-08-03T16:47:33Z	card0,99,17,12,N/A,0;;
2026-08-03T16:47:35Z	card0,100,17,1,N/A,0;;
2026-08-03T16:47:36Z	card0,100,17,2,N/A,0;;
2026-08-03T16:47:37Z	card0,99,17,5,N/A,0;;
2026-08-03T16:47:38Z	card0,100,17,2,N/A,0;;
2026-08-03T16:47:39Z	card0,99,17,52,N/A,0;;
2026-08-03T16:47:40Z	card0,99,17,17,N/A,0;;
2026-08-03T16:47:41Z	card0,91,17,26,N/A,0;;
2026-08-03T16:47:42Z	card0,100,17,20,N/A,0;;
2026-08-03T16:47:44Z	card0,99,17,15,N/A,0;;
2026-08-03T16:47:45Z	card0,99,17,17,N/A,0;;
2026-08-03T16:47:46Z	card0,100,17,2,N/A,0;;
2026-08-03T16:47:47Z	card0,100,17,20,N/A,0;;
2026-08-03T16:47:48Z	card0,100,17,16,N/A,0;;
2026-08-03T16:47:49Z	card0,100,17,2,N/A,0;;
2026-08-03T16:47:50Z	card0,99,17,2,N/A,0;;
2026-08-03T16:47:52Z	card0,90,17,15,N/A,0;;
2026-08-03T16:47:53Z	card0,99,17,71,N/A,0;;
2026-08-03T16:47:54Z	card0,100,17,2,N/A,0;;
2026-08-03T16:47:55Z	card0,100,17,8,N/A,0;;
2026-08-03T16:47:56Z	card0,100,17,9,N/A,0;;
2026-08-03T16:47:57Z	card0,100,17,3,N/A,0;;
2026-08-03T16:47:58Z	card0,99,17,1,N/A,0;;
2026-08-03T16:47:59Z	card0,100,17,2,N/A,0;;
2026-08-03T16:48:01Z	card0,99,17,26,N/A,0;;
2026-08-03T16:48:02Z	card0,100,17,16,N/A,0;;
2026-08-03T16:48:03Z	card0,100,17,4,N/A,0;;
2026-08-03T16:48:04Z	card0,99,17,15,N/A,0;;
2026-08-03T16:48:05Z	card0,100,17,2,N/A,0;;
2026-08-03T16:48:06Z	card0,100,17,15,N/A,0;;
2026-08-03T16:48:07Z	card0,100,17,31,N/A,0;;
2026-08-03T16:48:08Z	card0,100,17,12,N/A,0;;
2026-08-03T16:48:10Z	card0,100,17,16,N/A,0;;
2026-08-03T16:48:11Z	card0,100,17,2,N/A,0;;
2026-08-03T16:48:12Z	card0,100,17,15,N/A,0;;
2026-08-03T16:48:13Z	card0,99,17,7,N/A,0;;
2026-08-03T16:48:14Z	card0,100,17,2,N/A,0;;
2026-08-03T16:48:15Z	card0,100,17,4,N/A,0;;
2026-08-03T16:48:16Z	card0,99,17,4,N/A,0;;
2026-08-03T16:48:18Z	card0,100,17,2,N/A,0;;
2026-08-03T16:48:19Z	card0,99,17,16,N/A,0;;
2026-08-03T16:48:20Z	card0,100,17,16,N/A,0;;
2026-08-03T16:48:21Z	card0,100,17,15,N/A,0;;
2026-08-03T16:48:22Z	card0,99,17,85,N/A,0;;
2026-08-03T16:48:23Z	card0,100,17,16,N/A,0;;
2026-08-03T16:48:24Z	card0,99,17,15,N/A,0;;
2026-08-03T16:48:25Z	card0,100,17,16,N/A,0;;
2026-08-03T16:48:27Z	card0,100,17,8,N/A,0;;
2026-08-03T16:48:28Z	card0,100,17,79,N/A,0;;
2026-08-03T16:48:29Z	card0,99,17,2,N/A,0;;
2026-08-03T16:48:30Z	card0,100,17,15,N/A,0;;
2026-08-03T16:48:31Z	card0,99,17,17,N/A,0;;
2026-08-03T16:48:32Z	card0,100,17,15,N/A,0;;
2026-08-03T16:48:33Z	card0,100,17,15,N/A,0;;
2026-08-03T16:48:35Z	card0,99,17,16,N/A,0;;
2026-08-03T16:48:36Z	card0,100,17,2,N/A,0;;
2026-08-03T16:48:37Z	card0,99,17,16,N/A,0;;
2026-08-03T16:48:38Z	card0,100,17,2,N/A,0;;
2026-08-03T16:48:39Z	card0,90,17,14,N/A,0;;
2026-08-03T16:48:40Z	card0,98,17,18,N/A,0;;
2026-08-03T16:48:41Z	card0,100,17,15,N/A,0;;
2026-08-03T16:48:42Z	card0,99,17,10,N/A,0;;
2026-08-03T16:48:44Z	card0,100,17,15,N/A,0;;
2026-08-03T16:48:45Z	card0,99,17,16,N/A,0;;
2026-08-03T16:48:46Z	card0,100,17,2,N/A,0;;
2026-08-03T16:48:47Z	card0,100,17,16,N/A,0;;
2026-08-03T16:48:48Z	card0,99,17,61,N/A,0;;
2026-08-03T16:48:49Z	card0,100,17,15,N/A,0;;
2026-08-03T16:48:50Z	card0,99,17,13,N/A,0;;
2026-08-03T16:48:51Z	card0,99,17,16,N/A,0;;
2026-08-03T16:48:53Z	card0,100,17,23,N/A,0;;
2026-08-03T16:48:54Z	card0,100,17,15,N/A,0;;
2026-08-03T16:48:55Z	card0,99,17,74,N/A,0;;
2026-08-03T16:48:56Z	card0,100,17,15,N/A,0;;
2026-08-03T16:48:57Z	card0,99,17,15,N/A,0;;
2026-08-03T16:48:58Z	card0,100,17,15,N/A,0;;
2026-08-03T16:48:59Z	card0,100,17,2,N/A,0;;
2026-08-03T16:49:01Z	card0,99,17,17,N/A,0;;
2026-08-03T16:49:02Z	card0,100,17,15,N/A,0;;
2026-08-03T16:49:03Z	card0,99,17,41,N/A,0;;
2026-08-03T16:49:04Z	card0,100,17,2,N/A,0;;
2026-08-03T16:49:05Z	card0,100,17,4,N/A,0;;
2026-08-03T16:49:06Z	card0,99,17,15,N/A,0;;
2026-08-03T16:49:07Z	card0,90,17,14,N/A,0;;
2026-08-03T16:49:08Z	card0,100,17,16,N/A,0;;
2026-08-03T16:49:10Z	card0,100,17,2,N/A,0;;
2026-08-03T16:49:11Z	card0,99,17,7,N/A,0;;
2026-08-03T16:49:12Z	card0,100,17,15,N/A,0;;
2026-08-03T16:49:13Z	card0,100,17,4,N/A,0;;
2026-08-03T16:49:14Z	card0,99,17,17,N/A,0;;
2026-08-03T16:49:15Z	card0,100,17,15,N/A,0;;
2026-08-03T16:49:16Z	card0,99,17,21,N/A,0;;
2026-08-03T16:49:18Z	card0,100,17,16,N/A,0;;
2026-08-03T16:49:19Z	card0,100,17,2,N/A,0;;
2026-08-03T16:49:20Z	card0,99,17,16,N/A,0;;
2026-08-03T16:49:21Z	card0,100,17,2,N/A,0;;
2026-08-03T16:49:22Z	card0,99,17,15,N/A,0;;
2026-08-03T16:49:23Z	card0,100,17,5,N/A,0;;
2026-08-03T16:49:24Z	card0,100,17,15,N/A,0;;
2026-08-03T16:49:25Z	card0,100,17,71,N/A,0;;
2026-08-03T16:49:27Z	card0,99,17,3,N/A,0;;
2026-08-03T16:49:28Z	card0,98,17,15,N/A,0;;
2026-08-03T16:49:29Z	card0,100,17,16,N/A,0;;
2026-08-03T16:49:30Z	card0,100,17,16,N/A,0;;
2026-08-03T16:49:31Z	card0,100,17,2,N/A,0;;
2026-08-03T16:49:32Z	card0,99,17,2,N/A,0;;
2026-08-03T16:49:33Z	card0,100,17,2,N/A,0;;
2026-08-03T16:49:34Z	card0,99,17,15,N/A,0;;
2026-08-03T16:49:36Z	card0,100,17,5,N/A,0;;
2026-08-03T16:49:37Z	card0,100,17,23,N/A,0;;
2026-08-03T16:49:38Z	card0,100,17,15,N/A,0;;
2026-08-03T16:49:39Z	card0,99,17,2,N/A,0;;
2026-08-03T16:49:40Z	card0,100,17,2,N/A,0;;
2026-08-03T16:49:41Z	card0,99,17,16,N/A,0;;
2026-08-03T16:49:42Z	card0,100,17,15,N/A,0;;
2026-08-03T16:49:44Z	card0,100,17,2,N/A,0;;
2026-08-03T16:49:45Z	card0,99,17,16,N/A,0;;
2026-08-03T16:49:46Z	card0,100,17,2,N/A,0;;
2026-08-03T16:49:47Z	card0,99,17,18,N/A,0;;
2026-08-03T16:49:48Z	card0,100,17,16,N/A,0;;
2026-08-03T16:49:49Z	card0,100,17,6,N/A,0;;
2026-08-03T16:49:50Z	card0,99,17,15,N/A,0;;
2026-08-03T16:49:51Z	card0,100,17,16,N/A,0;;
2026-08-03T16:49:53Z	card0,100,17,32,N/A,0;;
2026-08-03T16:49:54Z	card0,100,17,4,N/A,0;;
2026-08-03T16:49:55Z	card0,100,17,15,N/A,0;;
2026-08-03T16:49:56Z	card0,100,17,11,N/A,0;;
2026-08-03T16:49:57Z	card0,99,17,2,N/A,0;;
2026-08-03T16:49:58Z	card0,100,17,23,N/A,0;;
2026-08-03T16:49:59Z	card0,99,17,74,N/A,0;;
2026-08-03T16:50:01Z	card0,100,17,15,N/A,0;;
2026-08-03T16:50:02Z	card0,100,17,15,N/A,0;;
2026-08-03T16:50:03Z	card0,99,17,44,N/A,0;;
2026-08-03T16:50:04Z	card0,100,17,16,N/A,0;;
2026-08-03T16:50:05Z	card0,100,17,16,N/A,0;;
2026-08-03T16:50:06Z	card0,100,17,17,N/A,0;;
2026-08-03T16:50:07Z	card0,100,17,15,N/A,0;;
2026-08-03T16:50:08Z	card0,100,17,16,N/A,0;;
2026-08-03T16:50:10Z	card0,100,17,16,N/A,0;;
2026-08-03T16:50:11Z	card0,100,17,15,N/A,0;;
2026-08-03T16:50:12Z	card0,99,17,16,N/A,0;;
2026-08-03T16:50:13Z	card0,100,17,15,N/A,0;;
2026-08-03T16:50:14Z	card0,100,17,16,N/A,0;;
2026-08-03T16:50:15Z	card0,99,17,64,N/A,0;;
2026-08-03T16:50:16Z	card0,100,17,2,N/A,0;;
2026-08-03T16:50:17Z	card0,99,17,54,N/A,0;;
2026-08-03T16:50:19Z	card0,100,17,17,N/A,0;;
2026-08-03T16:50:20Z	card0,100,17,15,N/A,0;;
2026-08-03T16:50:21Z	card0,100,17,3,N/A,0;;
2026-08-03T16:50:22Z	card0,99,17,2,N/A,0;;
2026-08-03T16:50:23Z	card0,90,17,14,N/A,0;;
2026-08-03T16:50:24Z	card0,100,17,15,N/A,0;;
2026-08-03T16:50:25Z	card0,99,17,19,N/A,0;;
2026-08-03T16:50:27Z	card0,100,17,3,N/A,0;;
2026-08-03T16:50:28Z	card0,100,17,3,N/A,0;;
2026-08-03T16:50:29Z	card0,99,17,87,N/A,0;;
2026-08-03T16:50:30Z	card0,100,17,1,N/A,0;;
2026-08-03T16:50:31Z	card0,100,17,15,N/A,0;;
2026-08-03T16:50:32Z	card0,100,17,17,N/A,0;;
2026-08-03T16:50:33Z	card0,100,17,5,N/A,0;;
2026-08-03T16:50:34Z	card0,100,17,69,N/A,0;;
2026-08-03T16:50:36Z	card0,99,17,16,N/A,0;;
2026-08-03T16:50:37Z	card0,100,17,15,N/A,0;;
2026-08-03T16:50:38Z	card0,100,17,17,N/A,0;;
2026-08-03T16:50:39Z	card0,100,17,15,N/A,0;;
2026-08-03T16:50:40Z	card0,100,17,15,N/A,0;;
2026-08-03T16:50:41Z	card0,99,17,17,N/A,0;;
2026-08-03T16:50:42Z	card0,100,17,2,N/A,0;;
2026-08-03T16:50:43Z	card0,99,17,16,N/A,0;;
2026-08-03T16:50:45Z	card0,100,17,1,N/A,0;;
2026-08-03T16:50:46Z	card0,100,17,4,N/A,0;;
2026-08-03T16:50:47Z	card0,99,17,62,N/A,0;;
2026-08-03T16:50:48Z	card0,100,17,2,N/A,0;;
2026-08-03T16:50:49Z	card0,100,17,81,N/A,0;;
2026-08-03T16:50:50Z	card0,100,17,2,N/A,0;;
2026-08-03T16:50:51Z	card0,100,17,4,N/A,0;;
2026-08-03T16:50:53Z	card0,99,17,2,N/A,0;;
2026-08-03T16:50:54Z	card0,100,17,17,N/A,0;;
2026-08-03T16:50:55Z	card0,100,17,15,N/A,0;;
2026-08-03T16:50:56Z	card0,100,17,17,N/A,0;;
2026-08-03T16:50:57Z	card0,100,17,9,N/A,0;;
2026-08-03T16:50:58Z	card0,100,17,3,N/A,0;;
2026-08-03T16:50:59Z	card0,99,17,17,N/A,0;;
2026-08-03T16:51:00Z	card0,100,17,2,N/A,0;;
2026-08-03T16:51:02Z	card0,100,17,16,N/A,0;;
2026-08-03T16:51:03Z	card0,100,17,2,N/A,0;;
2026-08-03T16:51:04Z	card0,100,17,2,N/A,0;;
2026-08-03T16:51:05Z	card0,99,17,16,N/A,0;;
2026-08-03T16:51:06Z	card0,100,17,16,N/A,0;;
2026-08-03T16:51:07Z	card0,100,17,15,N/A,0;;
2026-08-03T16:51:08Z	card0,100,17,66,N/A,0;;
2026-08-03T16:51:10Z	card0,100,17,4,N/A,0;;
2026-08-03T16:51:11Z	card0,100,17,3,N/A,0;;
2026-08-03T16:51:12Z	card0,100,17,16,N/A,0;;
2026-08-03T16:51:13Z	card0,100,17,2,N/A,0;;
2026-08-03T16:51:14Z	card0,100,17,3,N/A,0;;
2026-08-03T16:51:15Z	card0,100,17,15,N/A,0;;
2026-08-03T16:51:16Z	card0,100,17,2,N/A,0;;
2026-08-03T16:51:17Z	card0,99,17,35,N/A,0;;
2026-08-03T16:51:19Z	card0,100,17,2,N/A,0;;
2026-08-03T16:51:20Z	card0,100,17,27,N/A,0;;
2026-08-03T16:51:21Z	card0,100,17,16,N/A,0;;
2026-08-03T16:51:22Z	card0,100,17,58,N/A,0;;
2026-08-03T16:51:23Z	card0,99,17,3,N/A,0;;
2026-08-03T16:51:24Z	card0,100,17,16,N/A,0;;
2026-08-03T16:51:25Z	card0,99,17,15,N/A,0;;
2026-08-03T16:51:26Z	card0,100,17,5,N/A,0;;
2026-08-03T16:51:28Z	card0,100,17,15,N/A,0;;
2026-08-03T16:51:29Z	card0,100,17,15,N/A,0;;
2026-08-03T16:51:30Z	card0,99,17,2,N/A,0;;
2026-08-03T16:51:31Z	card0,100,17,2,N/A,0;;
2026-08-03T16:51:32Z	card0,99,17,17,N/A,0;;
2026-08-03T16:51:33Z	card0,46,17,29,N/A,0;;
2026-08-03T16:51:34Z	card0,99,17,16,N/A,0;;
2026-08-03T16:51:36Z	card0,100,17,13,N/A,0;;
2026-08-03T16:51:37Z	card0,100,17,15,N/A,0;;
2026-08-03T16:51:38Z	card0,99,17,2,N/A,0;;
2026-08-03T16:51:39Z	card0,100,17,15,N/A,0;;
2026-08-03T16:51:40Z	card0,99,17,17,N/A,0;;
2026-08-03T16:51:41Z	card0,100,17,1,N/A,0;;
2026-08-03T16:51:42Z	card0,100,17,2,N/A,0;;
2026-08-03T16:51:43Z	card0,99,17,61,N/A,0;;
2026-08-03T16:51:45Z	card0,100,17,16,N/A,0;;
2026-08-03T16:51:46Z	card0,99,17,16,N/A,0;;
2026-08-03T16:51:47Z	card0,100,17,16,N/A,0;;
2026-08-03T16:51:48Z	card0,100,17,15,N/A,0;;
2026-08-03T16:51:49Z	card0,99,17,2,N/A,0;;
2026-08-03T16:51:50Z	card0,100,17,2,N/A,0;;
2026-08-03T16:51:51Z	card0,100,17,6,N/A,0;;
2026-08-03T16:51:53Z	card0,100,17,17,N/A,0;;
2026-08-03T16:51:54Z	card0,100,17,3,N/A,0;;
2026-08-03T16:51:55Z	card0,100,17,15,N/A,0;;
2026-08-03T16:51:56Z	card0,99,17,17,N/A,0;;
2026-08-03T16:51:57Z	card0,100,17,2,N/A,0;;
2026-08-03T16:51:58Z	card0,99,17,16,N/A,0;;
2026-08-03T16:51:59Z	card0,100,17,16,N/A,0;;
2026-08-03T16:52:00Z	card0,100,17,2,N/A,0;;
2026-08-03T16:52:02Z	card0,99,17,16,N/A,0;;
2026-08-03T16:52:03Z	card0,100,17,36,N/A,0;;
2026-08-03T16:52:04Z	card0,100,17,15,N/A,0;;
2026-08-03T16:52:05Z	card0,100,17,16,N/A,0;;
2026-08-03T16:52:06Z	card0,100,17,4,N/A,0;;
2026-08-03T16:52:07Z	card0,100,17,15,N/A,0;;
2026-08-03T16:52:08Z	card0,99,17,16,N/A,0;;
2026-08-03T16:52:09Z	card0,100,17,15,N/A,0;;
2026-08-03T16:52:11Z	card0,99,17,9,N/A,0;;
2026-08-03T16:52:12Z	card0,100,17,15,N/A,0;;
2026-08-03T16:52:13Z	card0,100,17,15,N/A,0;;
2026-08-03T16:52:14Z	card0,99,17,16,N/A,0;;
2026-08-03T16:52:15Z	card0,100,17,15,N/A,0;;
2026-08-03T16:52:16Z	card0,100,17,16,N/A,0;;
2026-08-03T16:52:17Z	card0,100,17,1,N/A,0;;
2026-08-03T16:52:19Z	card0,100,17,15,N/A,0;;
2026-08-03T16:52:20Z	card0,99,17,6,N/A,0;;
2026-08-03T16:52:21Z	card0,100,17,16,N/A,0;;
2026-08-03T16:52:22Z	card0,100,17,15,N/A,0;;
2026-08-03T16:52:23Z	card0,100,17,17,N/A,0;;
2026-08-03T16:52:24Z	card0,100,17,15,N/A,0;;
2026-08-03T16:52:25Z	card0,100,17,15,N/A,0;;
2026-08-03T16:52:26Z	card0,99,17,1,N/A,0;;
2026-08-03T16:52:28Z	card0,100,17,2,N/A,0;;
2026-08-03T16:52:29Z	card0,99,17,13,N/A,0;;
2026-08-03T16:52:30Z	card0,100,17,2,N/A,0;;
2026-08-03T16:52:31Z	card0,100,17,4,N/A,0;;
2026-08-03T16:52:32Z	card0,99,17,6,N/A,0;;
2026-08-03T16:52:33Z	card0,100,17,2,N/A,0;;
2026-08-03T16:52:34Z	card0,100,17,54,N/A,0;;
2026-08-03T16:52:35Z	card0,100,17,4,N/A,0;;
2026-08-03T16:52:37Z	card0,100,17,16,N/A,0;;
2026-08-03T16:52:38Z	card0,100,17,15,N/A,0;;
2026-08-03T16:52:39Z	card0,99,17,17,N/A,0;;
2026-08-03T16:52:40Z	card0,100,17,2,N/A,0;;
2026-08-03T16:52:41Z	card0,100,17,16,N/A,0;;
2026-08-03T16:52:42Z	card0,100,17,15,N/A,0;;
2026-08-03T16:52:43Z	card0,100,17,1,N/A,0;;
2026-08-03T16:52:45Z	card0,99,17,16,N/A,0;;
2026-08-03T16:52:46Z	card0,100,17,16,N/A,0;;
2026-08-03T16:52:47Z	card0,100,17,16,N/A,0;;
2026-08-03T16:52:48Z	card0,100,17,16,N/A,0;;
2026-08-03T16:52:49Z	card0,100,17,15,N/A,0;;
2026-08-03T16:52:50Z	card0,99,17,2,N/A,0;;
2026-08-03T16:52:51Z	card0,100,17,16,N/A,0;;
2026-08-03T16:52:52Z	card0,100,17,12,N/A,0;;
2026-08-03T16:52:54Z	card0,99,17,7,N/A,0;;
2026-08-03T16:52:55Z	card0,100,17,9,N/A,0;;
2026-08-03T16:52:56Z	card0,100,17,15,N/A,0;;
2026-08-03T16:52:57Z	card0,99,17,1,N/A,0;;
2026-08-03T16:52:58Z	card0,100,17,2,N/A,0;;
2026-08-03T16:52:59Z	card0,99,17,16,N/A,0;;
2026-08-03T16:53:00Z	card0,100,17,16,N/A,0;;
2026-08-03T16:53:02Z	card0,100,17,15,N/A,0;;
2026-08-03T16:53:03Z	card0,99,17,89,N/A,0;;
2026-08-03T16:53:04Z	card0,100,17,16,N/A,0;;
2026-08-03T16:53:05Z	card0,99,17,16,N/A,0;;
2026-08-03T16:53:06Z	card0,100,17,55,N/A,0;;
2026-08-03T16:53:07Z	card0,100,17,25,N/A,0;;
2026-08-03T16:53:08Z	card0,100,17,80,N/A,0;;
2026-08-03T16:53:09Z	card0,99,17,17,N/A,0;;
2026-08-03T16:53:11Z	card0,100,17,35,N/A,0;;
2026-08-03T16:53:12Z	card0,99,17,17,N/A,0;;
2026-08-03T16:53:13Z	card0,100,17,15,N/A,0;;
2026-08-03T16:53:14Z	card0,100,17,1,N/A,0;;
2026-08-03T16:53:15Z	card0,99,17,33,N/A,0;;
2026-08-03T16:53:16Z	card0,100,17,16,N/A,0;;
2026-08-03T16:53:17Z	card0,99,17,16,N/A,0;;
2026-08-03T16:53:18Z	card0,100,17,16,N/A,0;;
2026-08-03T16:53:20Z	card0,100,17,15,N/A,0;;
2026-08-03T16:53:21Z	card0,100,17,1,N/A,0;;
2026-08-03T16:53:22Z	card0,99,17,16,N/A,0;;
2026-08-03T16:53:23Z	card0,100,17,15,N/A,0;;
2026-08-03T16:53:24Z	card0,99,17,17,N/A,0;;
2026-08-03T16:53:25Z	card0,100,17,1,N/A,0;;
2026-08-03T16:53:26Z	card0,100,17,2,N/A,0;;
2026-08-03T16:53:28Z	card0,99,17,61,N/A,0;;
2026-08-03T16:53:29Z	card0,100,17,15,N/A,0;;
2026-08-03T16:53:30Z	card0,99,17,16,N/A,0;;
2026-08-03T16:53:31Z	card0,100,17,1,N/A,0;;
2026-08-03T16:53:32Z	card0,100,17,15,N/A,0;;
2026-08-03T16:53:33Z	card0,99,17,15,N/A,0;;
2026-08-03T16:53:34Z	card0,100,17,16,N/A,0;;
2026-08-03T16:53:35Z	card0,100,17,15,N/A,0;;
2026-08-03T16:53:37Z	card0,99,17,17,N/A,0;;
2026-08-03T16:53:38Z	card0,100,17,9,N/A,0;;
2026-08-03T16:53:39Z	card0,100,17,15,N/A,0;;
2026-08-03T16:53:40Z	card0,99,17,17,N/A,0;;
2026-08-03T16:53:41Z	card0,100,17,2,N/A,0;;
2026-08-03T16:53:42Z	card0,99,17,23,N/A,0;;
2026-08-03T16:53:43Z	card0,100,17,2,N/A,0;;
2026-08-03T16:53:44Z	card0,100,17,4,N/A,0;;
2026-08-03T16:53:46Z	card0,99,17,5,N/A,0;;
2026-08-03T16:53:47Z	card0,100,17,17,N/A,0;;
2026-08-03T16:53:48Z	card0,99,17,14,N/A,0;;
2026-08-03T16:53:49Z	card0,100,17,17,N/A,0;;
2026-08-03T16:53:50Z	card0,100,17,4,N/A,0;;
2026-08-03T16:53:51Z	card0,100,17,3,N/A,0;;
2026-08-03T16:53:52Z	card0,99,17,16,N/A,0;;
2026-08-03T16:53:54Z	card0,100,17,2,N/A,0;;
2026-08-03T16:53:55Z	card0,99,17,8,N/A,0;;
2026-08-03T16:53:56Z	card0,100,17,3,N/A,0;;
2026-08-03T16:53:57Z	card0,100,17,15,N/A,0;;
2026-08-03T16:53:58Z	card0,99,17,16,N/A,0;;
2026-08-03T16:53:59Z	card0,100,17,2,N/A,0;;
2026-08-03T16:54:00Z	card0,99,17,76,N/A,0;;
2026-08-03T16:54:01Z	card0,100,17,16,N/A,0;;
2026-08-03T16:54:03Z	card0,100,17,5,N/A,0;;
2026-08-03T16:54:04Z	card0,99,17,16,N/A,0;;
2026-08-03T16:54:05Z	card0,100,17,17,N/A,0;;
2026-08-03T16:54:06Z	card0,100,17,2,N/A,0;;
2026-08-03T16:54:07Z	card0,100,17,16,N/A,0;;
2026-08-03T16:54:08Z	card0,100,17,6,N/A,0;;
2026-08-03T16:54:09Z	card0,100,17,15,N/A,0;;
2026-08-03T16:54:11Z	card0,99,17,10,N/A,0;;
2026-08-03T16:54:12Z	card0,100,17,15,N/A,0;;
2026-08-03T16:54:13Z	card0,99,17,16,N/A,0;;
2026-08-03T16:54:14Z	card0,100,17,4,N/A,0;;
2026-08-03T16:54:15Z	card0,100,17,15,N/A,0;;
2026-08-03T16:54:16Z	card0,99,17,15,N/A,0;;
2026-08-03T16:54:17Z	card0,100,17,2,N/A,0;;
2026-08-03T16:54:18Z	card0,100,17,15,N/A,0;;
2026-08-03T16:54:20Z	card0,100,17,5,N/A,0;;
2026-08-03T16:54:21Z	card0,100,17,3,N/A,0;;
2026-08-03T16:54:22Z	card0,100,17,9,N/A,0;;
2026-08-03T16:54:23Z	card0,99,17,17,N/A,0;;
2026-08-03T16:54:24Z	card0,100,17,15,N/A,0;;
2026-08-03T16:54:25Z	card0,99,17,16,N/A,0;;
2026-08-03T16:54:26Z	card0,100,17,15,N/A,0;;
2026-08-03T16:54:27Z	card0,100,17,15,N/A,0;;
2026-08-03T16:54:29Z	card0,99,17,16,N/A,0;;
2026-08-03T16:54:30Z	card0,100,17,2,N/A,0;;
2026-08-03T16:54:31Z	card0,99,17,15,N/A,0;;
2026-08-03T16:54:32Z	card0,100,17,16,N/A,0;;
2026-08-03T16:54:33Z	card0,100,17,15,N/A,0;;
2026-08-03T16:54:34Z	card0,100,17,15,N/A,0;;
2026-08-03T16:54:35Z	card0,99,17,2,N/A,0;;
2026-08-03T16:54:37Z	card0,100,17,15,N/A,0;;
2026-08-03T16:54:38Z	card0,99,17,16,N/A,0;;
2026-08-03T16:54:39Z	card0,100,17,15,N/A,0;;
2026-08-03T16:54:40Z	card0,100,17,15,N/A,0;;
2026-08-03T16:54:41Z	card0,99,17,16,N/A,0;;
2026-08-03T16:54:42Z	card0,100,17,16,N/A,0;;
2026-08-03T16:54:43Z	card0,99,17,16,N/A,0;;
2026-08-03T16:54:44Z	card0,100,17,2,N/A,0;;
2026-08-03T16:54:46Z	card0,100,17,15,N/A,0;;
2026-08-03T16:54:47Z	card0,99,17,15,N/A,0;;
2026-08-03T16:54:48Z	card0,100,17,16,N/A,0;;
2026-08-03T16:54:49Z	card0,100,17,15,N/A,0;;
2026-08-03T16:54:50Z	card0,99,17,7,N/A,0;;
2026-08-03T16:54:51Z	card0,100,17,9,N/A,0;;
2026-08-03T16:54:52Z	card0,100,17,15,N/A,0;;
2026-08-03T16:54:54Z	card0,99,17,17,N/A,0;;
2026-08-03T16:54:55Z	card0,100,17,15,N/A,0;;
2026-08-03T16:54:56Z	card0,99,17,82,N/A,0;;
2026-08-03T16:54:57Z	card0,100,17,4,N/A,0;;
2026-08-03T16:54:58Z	card0,100,17,15,N/A,0;;
2026-08-03T16:54:59Z	card0,99,17,15,N/A,0;;
2026-08-03T16:55:00Z	card0,100,17,44,N/A,0;;
2026-08-03T16:55:01Z	card0,99,17,11,N/A,0;;
2026-08-03T16:55:03Z	card0,100,17,17,N/A,0;;
2026-08-03T16:55:04Z	card0,100,17,15,N/A,0;;
2026-08-03T16:55:05Z	card0,100,17,15,N/A,0;;
2026-08-03T16:55:06Z	card0,99,17,17,N/A,0;;
2026-08-03T16:55:07Z	card0,100,17,15,N/A,0;;
2026-08-03T16:55:08Z	card0,99,17,16,N/A,0;;
2026-08-03T16:55:09Z	card0,100,17,16,N/A,0;;
2026-08-03T16:55:10Z	card0,100,17,16,N/A,0;;
2026-08-03T16:55:12Z	card0,99,17,67,N/A,0;;
2026-08-03T16:55:13Z	card0,100,17,16,N/A,0;;
2026-08-03T16:55:14Z	card0,99,17,16,N/A,0;;
2026-08-03T16:55:15Z	card0,100,17,59,N/A,0;;
2026-08-03T16:55:16Z	card0,100,17,15,N/A,0;;
2026-08-03T16:55:17Z	card0,100,17,15,N/A,0;;
2026-08-03T16:55:18Z	card0,99,17,13,N/A,0;;
2026-08-03T16:55:20Z	card0,100,17,15,N/A,0;;
2026-08-03T16:55:21Z	card0,99,17,7,N/A,0;;
2026-08-03T16:55:22Z	card0,100,17,8,N/A,0;;
2026-08-03T16:55:23Z	card0,100,17,15,N/A,0;;
2026-08-03T16:55:24Z	card0,99,17,21,N/A,0;;
2026-08-03T16:55:25Z	card0,100,17,2,N/A,0;;
2026-08-03T16:55:26Z	card0,99,17,16,N/A,0;;
2026-08-03T16:55:27Z	card0,100,17,3,N/A,0;;
2026-08-03T16:55:29Z	card0,100,17,4,N/A,0;;
2026-08-03T16:55:30Z	card0,99,17,2,N/A,0;;
2026-08-03T16:55:31Z	card0,100,17,2,N/A,0;;
2026-08-03T16:55:32Z	card0,100,17,15,N/A,0;;
2026-08-03T16:55:33Z	card0,99,17,17,N/A,0;;
2026-08-03T16:55:34Z	card0,100,17,15,N/A,0;;
2026-08-03T16:55:35Z	card0,100,17,15,N/A,0;;
2026-08-03T16:55:37Z	card0,99,17,1,N/A,0;;
2026-08-03T16:55:38Z	card0,100,17,2,N/A,0;;
2026-08-03T16:55:39Z	card0,99,17,16,N/A,0;;
2026-08-03T16:55:40Z	card0,100,17,2,N/A,0;;
2026-08-03T16:55:41Z	card0,100,17,4,N/A,0;;
2026-08-03T16:55:42Z	card0,99,17,5,N/A,0;;
2026-08-03T16:55:43Z	card0,100,17,2,N/A,0;;
2026-08-03T16:55:44Z	card0,100,17,15,N/A,0;;
2026-08-03T16:55:46Z	card0,100,17,17,N/A,0;;
2026-08-03T16:55:47Z	card0,100,17,10,N/A,0;;
2026-08-03T16:55:48Z	card0,100,17,15,N/A,0;;
2026-08-03T16:55:49Z	card0,99,17,1,N/A,0;;
2026-08-03T16:55:50Z	card0,100,17,2,N/A,0;;
2026-08-03T16:55:51Z	card0,99,17,14,N/A,0;;
2026-08-03T16:55:52Z	card0,100,17,16,N/A,0;;
2026-08-03T16:55:53Z	card0,100,17,15,N/A,0;;
2026-08-03T16:55:55Z	card0,99,17,1,N/A,0;;
2026-08-03T16:55:56Z	card0,100,17,1,N/A,0;;
2026-08-03T16:55:57Z	card0,99,17,16,N/A,0;;
2026-08-03T16:55:58Z	card0,100,17,17,N/A,0;;
2026-08-03T16:55:59Z	card0,100,17,5,N/A,0;;
2026-08-03T16:56:00Z	card0,100,17,78,N/A,0;;
2026-08-03T16:56:01Z	card0,99,17,17,N/A,0;;
2026-08-03T16:56:03Z	card0,100,17,2,N/A,0;;
2026-08-03T16:56:04Z	card0,100,17,7,N/A,0;;
2026-08-03T16:56:05Z	card0,100,17,4,N/A,0;;
2026-08-03T16:56:06Z	card0,100,17,2,N/A,0;;
2026-08-03T16:56:07Z	card0,99,17,16,N/A,0;;
2026-08-03T16:56:08Z	card0,100,17,2,N/A,0;;
2026-08-03T16:56:09Z	card0,100,17,16,N/A,0;;
2026-08-03T16:56:10Z	card0,100,17,16,N/A,0;;
2026-08-03T16:56:12Z	card0,100,17,9,N/A,0;;
2026-08-03T16:56:13Z	card0,99,17,3,N/A,0;;
2026-08-03T16:56:14Z	card0,100,17,2,N/A,0;;
2026-08-03T16:56:15Z	card0,100,17,2,N/A,0;;
2026-08-03T16:56:16Z	card0,100,17,5,N/A,0;;
2026-08-03T16:56:17Z	card0,100,17,17,N/A,0;;
2026-08-03T16:56:18Z	card0,100,17,3,N/A,0;;
2026-08-03T16:56:20Z	card0,99,17,17,N/A,0;;
2026-08-03T16:56:21Z	card0,100,17,1,N/A,0;;
2026-08-03T16:56:22Z	card0,100,17,13,N/A,0;;
2026-08-03T16:56:23Z	card0,100,17,16,N/A,0;;
2026-08-03T16:56:24Z	card0,100,17,3,N/A,0;;
2026-08-03T16:56:25Z	card0,99,17,57,N/A,0;;
2026-08-03T16:56:26Z	card0,100,17,1,N/A,0;;
2026-08-03T16:56:27Z	card0,99,17,15,N/A,0;;
2026-08-03T16:56:29Z	card0,100,17,4,N/A,0;;
2026-08-03T16:56:30Z	card0,100,17,15,N/A,0;;
2026-08-03T16:56:31Z	card0,99,17,4,N/A,0;;
2026-08-03T16:56:32Z	card0,100,17,36,N/A,0;;
2026-08-03T16:56:33Z	card0,100,17,15,N/A,0;;
2026-08-03T16:56:34Z	card0,99,17,16,N/A,0;;
2026-08-03T16:56:35Z	card0,100,17,17,N/A,0;;
2026-08-03T16:56:37Z	card0,100,17,2,N/A,0;;
2026-08-03T16:56:38Z	card0,99,17,1,N/A,0;;
2026-08-03T16:56:39Z	card0,100,17,2,N/A,0;;
2026-08-03T16:56:40Z	card0,99,17,16,N/A,0;;
2026-08-03T16:56:41Z	card0,100,17,3,N/A,0;;
2026-08-03T16:56:42Z	card0,100,17,2,N/A,0;;
2026-08-03T16:56:43Z	card0,99,17,15,N/A,0;;
2026-08-03T16:56:44Z	card0,100,17,16,N/A,0;;
2026-08-03T16:56:46Z	card0,100,17,13,N/A,0;;
2026-08-03T16:56:47Z	card0,100,17,17,N/A,0;;
2026-08-03T16:56:48Z	card0,100,17,3,N/A,0;;
2026-08-03T16:56:49Z	card0,100,17,15,N/A,0;;
2026-08-03T16:56:50Z	card0,99,17,17,N/A,0;;
2026-08-03T16:56:51Z	card0,100,17,15,N/A,0;;
2026-08-03T16:56:52Z	card0,99,17,55,N/A,0;;
2026-08-03T16:56:53Z	card0,100,17,2,N/A,0;;
2026-08-03T16:56:55Z	card0,100,17,2,N/A,0;;
2026-08-03T16:56:56Z	card0,99,17,16,N/A,0;;
2026-08-03T16:56:57Z	card0,100,17,16,N/A,0;;
2026-08-03T16:56:58Z	card0,100,17,16,N/A,0;;
2026-08-03T16:56:59Z	card0,100,17,17,N/A,0;;
2026-08-03T16:57:00Z	card0,100,17,5,N/A,0;;
2026-08-03T16:57:01Z	card0,100,17,15,N/A,0;;
2026-08-03T16:57:03Z	card0,99,17,13,N/A,0;;
2026-08-03T16:57:04Z	card0,100,17,2,N/A,0;;
2026-08-03T16:57:05Z	card0,100,17,7,N/A,0;;
2026-08-03T16:57:06Z	card0,100,17,5,N/A,0;;
2026-08-03T16:57:07Z	card0,100,17,1,N/A,0;;
2026-08-03T16:57:08Z	card0,99,17,16,N/A,0;;
2026-08-03T16:57:09Z	card0,100,17,2,N/A,0;;
2026-08-03T16:57:10Z	card0,99,17,16,N/A,0;;
2026-08-03T16:57:12Z	card0,100,17,2,N/A,0;;
2026-08-03T16:57:13Z	card0,100,17,16,N/A,0;;
2026-08-03T16:57:14Z	card0,99,17,15,N/A,0;;
2026-08-03T16:57:15Z	card0,100,17,17,N/A,0;;
2026-08-03T16:57:16Z	card0,100,17,11,N/A,0;;
2026-08-03T16:57:17Z	card0,100,17,17,N/A,0;;
2026-08-03T16:57:18Z	card0,100,17,27,N/A,0;;
2026-08-03T16:57:19Z	card0,100,17,15,N/A,0;;
2026-08-03T16:57:21Z	card0,99,17,17,N/A,0;;
2026-08-03T16:57:22Z	card0,100,17,15,N/A,0;;
2026-08-03T16:57:23Z	card0,100,17,5,N/A,0;;
2026-08-03T16:57:24Z	card0,100,17,3,N/A,0;;
2026-08-03T16:57:25Z	card0,100,17,1,N/A,0;;
2026-08-03T16:57:26Z	card0,99,17,16,N/A,0;;
2026-08-03T16:57:27Z	card0,99,17,61,N/A,0;;
2026-08-03T16:57:29Z	card0,99,17,15,N/A,0;;
2026-08-03T16:57:30Z	card0,100,17,4,N/A,0;;
2026-08-03T16:57:31Z	card0,99,17,15,N/A,0;;
2026-08-03T16:57:32Z	card0,99,17,78,N/A,0;;
2026-08-03T16:57:33Z	card0,99,17,2,N/A,0;;
2026-08-03T16:57:34Z	card0,100,17,2,N/A,0;;
2026-08-03T16:57:35Z	card0,100,17,22,N/A,0;;
2026-08-03T16:57:36Z	card0,100,17,11,N/A,0;;
2026-08-03T16:57:38Z	card0,100,17,15,N/A,0;;
2026-08-03T16:57:39Z	card0,97,17,15,N/A,0;;
2026-08-03T16:57:40Z	card0,98,17,1,N/A,0;;
2026-08-03T16:57:41Z	card0,100,17,2,N/A,0;;
2026-08-03T16:57:42Z	card0,99,17,8,N/A,0;;
2026-08-03T16:57:43Z	card0,100,17,15,N/A,0;;
2026-08-03T16:57:44Z	card0,99,17,15,N/A,0;;
2026-08-03T16:57:46Z	card0,99,17,17,N/A,0;;
2026-08-03T16:57:47Z	card0,100,17,15,N/A,0;;
2026-08-03T16:57:48Z	card0,99,17,16,N/A,0;;
2026-08-03T16:57:49Z	card0,97,17,16,N/A,0;;
2026-08-03T16:57:50Z	card0,100,17,15,N/A,0;;
2026-08-03T16:57:51Z	card0,100,17,15,N/A,0;;
2026-08-03T16:57:52Z	card0,99,17,22,N/A,0;;
2026-08-03T16:57:53Z	card0,100,17,6,N/A,0;;
2026-08-03T16:57:55Z	card0,98,17,12,N/A,0;;
2026-08-03T16:57:56Z	card0,98,17,27,N/A,0;;
2026-08-03T16:57:57Z	card0,98,17,15,N/A,0;;
2026-08-03T16:57:58Z	card0,98,17,15,N/A,0;;
2026-08-03T16:57:59Z	card0,99,17,16,N/A,0;;
2026-08-03T16:58:00Z	card0,100,17,16,N/A,0;;
2026-08-03T16:58:01Z	card0,99,17,76,N/A,0;;
2026-08-03T16:58:02Z	card0,100,17,5,N/A,0;;
2026-08-03T16:58:04Z	card0,99,17,3,N/A,0;;
2026-08-03T16:58:05Z	card0,97,17,15,N/A,0;;
2026-08-03T16:58:06Z	card0,98,17,73,N/A,0;;
2026-08-03T16:58:07Z	card0,98,17,16,N/A,0;;
2026-08-03T16:58:08Z	card0,99,17,15,N/A,0;;
2026-08-03T16:58:09Z	card0,99,17,7,N/A,0;;
2026-08-03T16:58:10Z	card0,100,17,5,N/A,0;;
2026-08-03T16:58:12Z	card0,100,17,4,N/A,0;;
2026-08-03T16:58:13Z	card0,99,17,17,N/A,0;;
2026-08-03T16:58:14Z	card0,98,17,15,N/A,0;;
2026-08-03T16:58:15Z	card0,98,17,1,N/A,0;;
2026-08-03T16:58:16Z	card0,99,17,16,N/A,0;;
2026-08-03T16:58:17Z	card0,90,17,16,N/A,0;;
2026-08-03T16:58:18Z	card0,99,17,3,N/A,0;;
2026-08-03T16:58:19Z	card0,99,17,2,N/A,0;;
2026-08-03T16:58:21Z	card0,99,17,66,N/A,0;;
2026-08-03T16:58:22Z	card0,99,17,2,N/A,0;;
2026-08-03T16:58:23Z	card0,98,17,2,N/A,0;;
2026-08-03T16:58:24Z	card0,99,17,19,N/A,0;;
2026-08-03T16:58:25Z	card0,98,17,2,N/A,0;;
2026-08-03T16:58:26Z	card0,99,17,15,N/A,0;;
2026-08-03T16:58:27Z	card0,90,17,14,N/A,0;;
2026-08-03T16:58:29Z	card0,99,17,1,N/A,0;;
2026-08-03T16:58:30Z	card0,99,17,16,N/A,0;;
2026-08-03T16:58:31Z	card0,90,17,14,N/A,0;;
2026-08-03T16:58:32Z	card0,99,17,2,N/A,0;;
2026-08-03T16:58:33Z	card0,99,17,16,N/A,0;;
2026-08-03T16:58:34Z	card0,99,17,0,N/A,0;;
2026-08-03T16:58:35Z	card0,98,17,2,N/A,0;;
2026-08-03T16:58:36Z	card0,99,17,15,N/A,0;;
2026-08-03T16:58:38Z	card0,100,17,2,N/A,0;;
2026-08-03T16:58:39Z	card0,99,17,15,N/A,0;;
2026-08-03T16:58:40Z	card0,100,17,5,N/A,0;;
2026-08-03T16:58:41Z	card0,100,17,15,N/A,0;;
2026-08-03T16:58:42Z	card0,98,17,2,N/A,0;;
2026-08-03T16:58:43Z	card0,99,17,17,N/A,0;;
2026-08-03T16:58:44Z	card0,100,17,2,N/A,0;;
2026-08-03T16:58:45Z	card0,97,17,12,N/A,0;;
2026-08-03T16:58:47Z	card0,100,17,24,N/A,0;;
2026-08-03T16:58:48Z	card0,99,17,4,N/A,0;;
2026-08-03T16:58:49Z	card0,98,17,2,N/A,0;;
2026-08-03T16:58:50Z	card0,99,17,74,N/A,0;;
2026-08-03T16:58:51Z	card0,100,17,16,N/A,0;;
2026-08-03T16:58:52Z	card0,99,17,23,N/A,0;;
2026-08-03T16:58:53Z	card0,100,17,16,N/A,0;;
2026-08-03T16:58:55Z	card0,99,17,3,N/A,0;;
2026-08-03T16:58:56Z	card0,98,17,15,N/A,0;;
2026-08-03T16:58:57Z	card0,98,17,15,N/A,0;;
2026-08-03T16:58:58Z	card0,98,17,16,N/A,0;;
2026-08-03T16:58:59Z	card0,98,17,71,N/A,0;;
2026-08-03T16:59:00Z	card0,98,17,16,N/A,0;;
2026-08-03T16:59:01Z	card0,98,17,16,N/A,0;;
2026-08-03T16:59:02Z	card0,99,17,15,N/A,0;;
2026-08-03T16:59:04Z	card0,98,17,15,N/A,0;;
2026-08-03T16:59:05Z	card0,90,17,2,N/A,0;;
2026-08-03T16:59:06Z	card0,99,17,1,N/A,0;;
2026-08-03T16:59:07Z	card0,90,17,14,N/A,0;;
2026-08-03T16:59:08Z	card0,99,17,2,N/A,0;;
2026-08-03T16:59:09Z	card0,98,17,2,N/A,0;;
2026-08-03T16:59:10Z	card0,99,17,16,N/A,0;;
2026-08-03T16:59:12Z	card0,100,17,2,N/A,0;;
2026-08-03T16:59:13Z	card0,100,17,66,N/A,0;;
2026-08-03T16:59:14Z	card0,99,17,15,N/A,0;;
2026-08-03T16:59:15Z	card0,100,17,16,N/A,0;;
2026-08-03T16:59:16Z	card0,98,17,17,N/A,0;;
2026-08-03T16:59:17Z	card0,100,17,17,N/A,0;;
2026-08-03T16:59:18Z	card0,100,17,13,N/A,0;;
2026-08-03T16:59:19Z	card0,100,17,2,N/A,0;;
2026-08-03T16:59:21Z	card0,99,17,20,N/A,0;;
2026-08-03T16:59:22Z	card0,100,17,16,N/A,0;;
2026-08-03T16:59:23Z	card0,100,17,10,N/A,0;;
2026-08-03T16:59:24Z	card0,98,17,15,N/A,0;;
2026-08-03T16:59:25Z	card0,99,17,62,N/A,0;;
2026-08-03T16:59:26Z	card0,98,17,45,N/A,0;;
2026-08-03T16:59:27Z	card0,99,17,17,N/A,0;;
2026-08-03T16:59:28Z	card0,99,17,15,N/A,0;;
2026-08-03T16:59:30Z	card0,99,17,16,N/A,0;;
2026-08-03T16:59:31Z	card0,99,17,2,N/A,0;;
2026-08-03T16:59:32Z	card0,99,17,16,N/A,0;;
2026-08-03T16:59:33Z	card0,89,17,23,N/A,0;;
2026-08-03T16:59:34Z	card0,99,17,2,N/A,0;;
2026-08-03T16:59:35Z	card0,89,17,14,N/A,0;;
2026-08-03T16:59:36Z	card0,99,17,17,N/A,0;;
2026-08-03T16:59:38Z	card0,100,17,2,N/A,0;;
2026-08-03T16:59:39Z	card0,99,17,18,N/A,0;;
2026-08-03T16:59:40Z	card0,100,17,16,N/A,0;;
2026-08-03T16:59:41Z	card0,99,17,15,N/A,0;;
2026-08-03T16:59:42Z	card0,99,17,29,N/A,0;;
2026-08-03T16:59:43Z	card0,100,17,11,N/A,0;;
2026-08-03T16:59:44Z	card0,99,17,16,N/A,0;;
2026-08-03T16:59:45Z	card0,100,17,2,N/A,0;;
2026-08-03T16:59:47Z	card0,100,17,19,N/A,0;;
2026-08-03T16:59:48Z	card0,99,17,6,N/A,0;;
2026-08-03T16:59:49Z	card0,100,17,2,N/A,0;;
2026-08-03T16:59:50Z	card0,99,17,15,N/A,0;;
2026-08-03T16:59:51Z	card0,100,17,17,N/A,0;;
2026-08-03T16:59:52Z	card0,99,17,9,N/A,0;;
2026-08-03T16:59:53Z	card0,99,17,15,N/A,0;;
2026-08-03T16:59:55Z	card0,99,17,16,N/A,0;;
2026-08-03T16:59:56Z	card0,100,17,2,N/A,0;;
2026-08-03T16:59:57Z	card0,99,17,15,N/A,0;;
2026-08-03T16:59:58Z	card0,89,17,21,N/A,0;;
2026-08-03T16:59:59Z	card0,100,17,5,N/A,0;;
2026-08-03T17:00:00Z	card0,99,17,10,N/A,0;;
2026-08-03T17:00:01Z	card0,90,17,14,N/A,0;;
2026-08-03T17:00:02Z	card0,100,17,3,N/A,0;;
2026-08-03T17:00:04Z	card0,99,17,53,N/A,0;;
2026-08-03T17:00:05Z	card0,89,17,13,N/A,0;;
2026-08-03T17:00:06Z	card0,99,17,2,N/A,0;;
2026-08-03T17:00:07Z	card0,99,17,15,N/A,0;;
2026-08-03T17:00:08Z	card0,99,17,4,N/A,0;;
2026-08-03T17:00:09Z	card0,98,17,10,N/A,0;;
2026-08-03T17:00:10Z	card0,99,17,15,N/A,0;;
2026-08-03T17:00:11Z	card0,99,17,17,N/A,0;;
2026-08-03T17:00:13Z	card0,99,17,15,N/A,0;;
2026-08-03T17:00:14Z	card0,46,17,2,N/A,0;;
2026-08-03T17:00:15Z	card0,99,17,65,N/A,0;;
2026-08-03T17:00:16Z	card0,99,17,17,N/A,0;;
2026-08-03T17:00:17Z	card0,100,17,15,N/A,0;;
2026-08-03T17:00:18Z	card0,99,17,15,N/A,0;;
2026-08-03T17:00:19Z	card0,99,17,24,N/A,0;;
2026-08-03T17:00:21Z	card0,98,17,1,N/A,0;;
2026-08-03T17:00:22Z	card0,99,17,55,N/A,0;;
2026-08-03T17:00:23Z	card0,99,17,16,N/A,0;;
2026-08-03T17:00:24Z	card0,100,17,4,N/A,0;;
2026-08-03T17:00:25Z	card0,98,17,1,N/A,0;;
2026-08-03T17:00:26Z	card0,98,17,69,N/A,0;;
2026-08-03T17:00:27Z	card0,99,17,15,N/A,0;;
2026-08-03T17:00:28Z	card0,99,17,18,N/A,0;;
2026-08-03T17:00:30Z	card0,100,17,2,N/A,0;;
2026-08-03T17:00:31Z	card0,100,17,83,N/A,0;;
2026-08-03T17:00:32Z	card0,99,17,15,N/A,0;;
2026-08-03T17:00:33Z	card0,98,17,2,N/A,0;;
2026-08-03T17:00:34Z	card0,99,17,15,N/A,0;;
2026-08-03T17:00:35Z	card0,100,17,8,N/A,0;;
2026-08-03T17:00:36Z	card0,100,17,2,N/A,0;;
2026-08-03T17:00:38Z	card0,100,17,15,N/A,0;;
2026-08-03T17:00:39Z	card0,99,17,16,N/A,0;;
2026-08-03T17:00:40Z	card0,99,17,15,N/A,0;;
2026-08-03T17:00:41Z	card0,99,17,28,N/A,0;;
2026-08-03T17:00:42Z	card0,100,17,1,N/A,0;;
2026-08-03T17:00:43Z	card0,100,17,70,N/A,0;;
2026-08-03T17:00:44Z	card0,99,17,15,N/A,0;;
2026-08-03T17:00:45Z	card0,98,17,16,N/A,0;;
2026-08-03T17:00:47Z	card0,100,17,15,N/A,0;;
2026-08-03T17:00:48Z	card0,99,17,16,N/A,0;;
2026-08-03T17:00:49Z	card0,100,17,4,N/A,0;;
2026-08-03T17:00:50Z	card0,100,17,2,N/A,0;;
2026-08-03T17:00:51Z	card0,99,17,16,N/A,0;;
2026-08-03T17:00:52Z	card0,100,17,15,N/A,0;;
2026-08-03T17:00:53Z	card0,100,17,16,N/A,0;;
2026-08-03T17:00:54Z	card0,100,17,2,N/A,0;;
2026-08-03T17:00:56Z	card0,100,17,15,N/A,0;;
2026-08-03T17:00:57Z	card0,99,17,2,N/A,0;;
2026-08-03T17:00:58Z	card0,100,17,2,N/A,0;;
2026-08-03T17:00:59Z	card0,100,17,9,N/A,0;;
2026-08-03T17:01:00Z	card0,100,17,17,N/A,0;;
2026-08-03T17:01:01Z	card0,100,17,3,N/A,0;;
2026-08-03T17:01:02Z	card0,100,17,15,N/A,0;;
2026-08-03T17:01:04Z	card0,99,17,4,N/A,0;;
2026-08-03T17:01:05Z	card0,100,17,37,N/A,0;;
2026-08-03T17:01:06Z	card0,99,17,16,N/A,0;;
2026-08-03T17:01:07Z	card0,100,17,2,N/A,0;;
2026-08-03T17:01:08Z	card0,100,17,15,N/A,0;;
2026-08-03T17:01:09Z	card0,99,17,17,N/A,0;;
2026-08-03T17:01:10Z	card0,100,17,2,N/A,0;;
2026-08-03T17:01:11Z	card0,99,17,16,N/A,0;;
2026-08-03T17:01:13Z	card0,100,17,2,N/A,0;;
2026-08-03T17:01:14Z	card0,100,17,15,N/A,0;;
2026-08-03T17:01:15Z	card0,99,17,2,N/A,0;;
2026-08-03T17:01:16Z	card0,100,17,2,N/A,0;;
2026-08-03T17:01:17Z	card0,100,17,15,N/A,0;;
2026-08-03T17:01:18Z	card0,100,17,17,N/A,0;;
2026-08-03T17:01:19Z	card0,100,17,7,N/A,0;;
2026-08-03T17:01:21Z	card0,100,17,15,N/A,0;;
2026-08-03T17:01:22Z	card0,99,17,2,N/A,0;;
2026-08-03T17:01:23Z	card0,99,17,37,N/A,0;;
2026-08-03T17:01:24Z	card0,98,17,16,N/A,0;;
2026-08-03T17:01:25Z	card0,100,17,2,N/A,0;;
2026-08-03T17:01:26Z	card0,98,17,50,N/A,0;;
2026-08-03T17:01:27Z	card0,99,17,15,N/A,0;;
2026-08-03T17:01:28Z	card0,100,17,2,N/A,0;;
2026-08-03T17:01:30Z	card0,100,17,2,N/A,0;;
2026-08-03T17:01:31Z	card0,99,17,7,N/A,0;;
2026-08-03T17:01:32Z	card0,100,17,2,N/A,0;;
2026-08-03T17:01:33Z	card0,100,17,15,N/A,0;;
2026-08-03T17:01:34Z	card0,99,17,36,N/A,0;;
2026-08-03T17:01:35Z	card0,100,17,15,N/A,0;;
2026-08-03T17:01:36Z	card0,99,17,16,N/A,0;;
2026-08-03T17:01:37Z	card0,100,17,2,N/A,0;;
2026-08-03T17:01:39Z	card0,100,17,16,N/A,0;;
2026-08-03T17:01:40Z	card0,99,17,2,N/A,0;;
2026-08-03T17:01:41Z	card0,100,17,34,N/A,0;;
2026-08-03T17:01:42Z	card0,99,17,15,N/A,0;;
2026-08-03T17:01:43Z	card0,100,17,17,N/A,0;;
2026-08-03T17:01:44Z	card0,100,17,15,N/A,0;;
2026-08-03T17:01:45Z	card0,100,17,15,N/A,0;;
2026-08-03T17:01:47Z	card0,99,17,2,N/A,0;;
2026-08-03T17:01:48Z	card0,100,17,2,N/A,0;;
2026-08-03T17:01:49Z	card0,99,17,16,N/A,0;;
2026-08-03T17:01:50Z	card0,100,17,2,N/A,0;;
2026-08-03T17:01:51Z	card0,99,17,15,N/A,0;;
2026-08-03T17:01:52Z	card0,96,17,0,N/A,0;;
2026-08-03T17:01:53Z	card0,93,17,15,N/A,0;;
2026-08-03T17:01:54Z	card0,97,17,16,N/A,0;;
2026-08-03T17:01:56Z	card0,97,17,1,N/A,0;;
2026-08-03T17:01:57Z	card0,98,17,2,N/A,0;;
2026-08-03T17:01:58Z	card0,97,17,16,N/A,0;;
2026-08-03T17:01:59Z	card0,100,17,3,N/A,0;;
2026-08-03T17:02:00Z	card0,100,17,15,N/A,0;;
2026-08-03T17:02:01Z	card0,99,17,68,N/A,0;;
2026-08-03T17:02:02Z	card0,99,17,16,N/A,0;;
2026-08-03T17:02:03Z	card0,99,17,11,N/A,0;;
2026-08-03T17:02:05Z	card0,99,17,5,N/A,0;;
2026-08-03T17:02:06Z	card0,100,17,34,N/A,0;;
2026-08-03T17:02:07Z	card0,100,17,1,N/A,0;;
2026-08-03T17:02:08Z	card0,99,17,2,N/A,0;;
2026-08-03T17:02:09Z	card0,98,17,15,N/A,0;;
2026-08-03T17:02:10Z	card0,99,17,15,N/A,0;;
2026-08-03T17:02:11Z	card0,100,17,83,N/A,0;;
2026-08-03T17:02:13Z	card0,100,17,5,N/A,0;;
2026-08-03T17:02:14Z	card0,100,17,63,N/A,0;;
2026-08-03T17:02:15Z	card0,99,17,2,N/A,0;;
2026-08-03T17:02:16Z	card0,98,17,25,N/A,0;;
2026-08-03T17:02:17Z	card0,100,17,6,N/A,0;;
2026-08-03T17:02:18Z	card0,100,17,2,N/A,0;;
2026-08-03T17:02:19Z	card0,100,17,15,N/A,0;;
2026-08-03T17:02:20Z	card0,99,17,31,N/A,0;;
2026-08-03T17:02:22Z	card0,99,17,16,N/A,0;;
2026-08-03T17:02:23Z	card0,98,17,15,N/A,0;;
2026-08-03T17:02:24Z	card0,98,17,13,N/A,0;;
2026-08-03T17:02:25Z	card0,99,17,15,N/A,0;;
2026-08-03T17:02:26Z	card0,98,17,2,N/A,0;;
2026-08-03T17:02:27Z	card0,98,17,15,N/A,0;;
2026-08-03T17:02:28Z	card0,98,17,2,N/A,0;;
2026-08-03T17:02:30Z	card0,99,17,1,N/A,0;;
2026-08-03T17:02:31Z	card0,98,17,15,N/A,0;;
2026-08-03T17:02:32Z	card0,99,17,2,N/A,0;;
2026-08-03T17:02:33Z	card0,98,17,32,N/A,0;;
2026-08-03T17:02:34Z	card0,99,17,3,N/A,0;;
2026-08-03T17:02:35Z	card0,99,17,45,N/A,0;;
2026-08-03T17:02:36Z	card0,98,17,15,N/A,0;;
2026-08-03T17:02:37Z	card0,99,17,15,N/A,0;;
2026-08-03T17:02:39Z	card0,100,17,16,N/A,0;;
2026-08-03T17:02:40Z	card0,100,17,4,N/A,0;;
2026-08-03T17:02:41Z	card0,99,17,1,N/A,0;;
2026-08-03T17:02:42Z	card0,100,17,17,N/A,0;;
2026-08-03T17:02:43Z	card0,99,17,15,N/A,0;;
2026-08-03T17:02:44Z	card0,99,17,9,N/A,0;;
2026-08-03T17:02:45Z	card0,98,17,1,N/A,0;;
2026-08-03T17:02:46Z	card0,99,17,2,N/A,0;;
2026-08-03T17:02:48Z	card0,99,17,1,N/A,0;;
2026-08-03T17:02:49Z	card0,100,17,2,N/A,0;;
2026-08-03T17:02:50Z	card0,99,17,27,N/A,0;;
2026-08-03T17:02:51Z	card0,100,17,4,N/A,0;;
2026-08-03T17:02:52Z	card0,100,17,10,N/A,0;;
2026-08-03T17:02:53Z	card0,100,17,15,N/A,0;;
2026-08-03T17:02:54Z	card0,99,17,2,N/A,0;;
2026-08-03T17:02:56Z	card0,99,17,2,N/A,0;;
2026-08-03T17:02:57Z	card0,99,17,16,N/A,0;;
2026-08-03T17:02:58Z	card0,100,17,15,N/A,0;;
2026-08-03T17:02:59Z	card0,100,17,4,N/A,0;;
2026-08-03T17:03:00Z	card0,99,17,16,N/A,0;;
2026-08-03T17:03:01Z	card0,88,17,14,N/A,0;;
2026-08-03T17:03:02Z	card0,99,17,2,N/A,0;;
2026-08-03T17:03:03Z	card0,88,17,32,N/A,0;;
2026-08-03T17:03:05Z	card0,99,17,15,N/A,0;;
2026-08-03T17:03:06Z	card0,99,17,16,N/A,0;;
2026-08-03T17:03:07Z	card0,99,17,16,N/A,0;;
2026-08-03T17:03:08Z	card0,98,17,4,N/A,0;;
2026-08-03T17:03:09Z	card0,99,17,16,N/A,0;;
2026-08-03T17:03:10Z	card0,99,17,16,N/A,0;;
2026-08-03T17:03:11Z	card0,99,17,15,N/A,0;;
2026-08-03T17:03:13Z	card0,99,17,10,N/A,0;;
2026-08-03T17:03:14Z	card0,100,17,15,N/A,0;;
2026-08-03T17:03:15Z	card0,100,17,15,N/A,0;;
2026-08-03T17:03:16Z	card0,99,17,32,N/A,0;;
2026-08-03T17:03:17Z	card0,100,17,16,N/A,0;;
2026-08-03T17:03:18Z	card0,99,17,12,N/A,0;;
2026-08-03T17:03:19Z	card0,100,17,16,N/A,0;;
2026-08-03T17:03:20Z	card0,100,17,45,N/A,0;;
2026-08-03T17:03:22Z	card0,99,17,16,N/A,0;;
2026-08-03T17:03:23Z	card0,100,17,18,N/A,0;;
2026-08-03T17:03:24Z	card0,100,17,2,N/A,0;;
2026-08-03T17:03:25Z	card0,99,17,17,N/A,0;;
2026-08-03T17:03:26Z	card0,99,17,22,N/A,0;;
2026-08-03T17:03:27Z	card0,98,17,4,N/A,0;;
2026-08-03T17:03:28Z	card0,99,17,87,N/A,0;;
2026-08-03T17:03:30Z	card0,96,17,15,N/A,0;;
2026-08-03T17:03:31Z	card0,100,17,2,N/A,0;;
2026-08-03T17:03:32Z	card0,100,17,17,N/A,0;;
2026-08-03T17:03:33Z	card0,100,17,33,N/A,0;;
2026-08-03T17:03:34Z	card0,100,17,10,N/A,0;;
2026-08-03T17:03:35Z	card0,91,17,2,N/A,0;;
2026-08-03T17:03:36Z	card0,99,17,17,N/A,0;;
2026-08-03T17:03:37Z	card0,100,17,15,N/A,0;;
2026-08-03T17:03:39Z	card0,97,17,13,N/A,0;;
2026-08-03T17:03:40Z	card0,99,17,16,N/A,0;;
2026-08-03T17:03:41Z	card0,99,17,3,N/A,0;;
2026-08-03T17:03:42Z	card0,100,17,15,N/A,0;;
2026-08-03T17:03:43Z	card0,99,17,17,N/A,0;;
2026-08-03T17:03:44Z	card0,100,17,15,N/A,0;;
2026-08-03T17:03:45Z	card0,99,17,16,N/A,0;;
2026-08-03T17:03:46Z	card0,100,17,2,N/A,0;;
2026-08-03T17:03:48Z	card0,100,17,15,N/A,0;;
2026-08-03T17:03:49Z	card0,99,17,64,N/A,0;;
2026-08-03T17:03:50Z	card0,100,17,16,N/A,0;;
2026-08-03T17:03:51Z	card0,100,17,16,N/A,0;;
2026-08-03T17:03:52Z	card0,100,17,2,N/A,0;;
2026-08-03T17:03:53Z	card0,100,17,15,N/A,0;;
2026-08-03T17:03:54Z	card0,99,17,8,N/A,0;;
2026-08-03T17:03:56Z	card0,100,17,16,N/A,0;;
2026-08-03T17:03:57Z	card0,100,17,15,N/A,0;;
2026-08-03T17:03:58Z	card0,99,17,16,N/A,0;;
2026-08-03T17:03:59Z	card0,100,17,15,N/A,0;;
2026-08-03T17:04:00Z	card0,100,17,1,N/A,0;;
2026-08-03T17:04:01Z	card0,99,17,17,N/A,0;;
2026-08-03T17:04:02Z	card0,90,17,69,N/A,0;;
2026-08-03T17:04:03Z	card0,100,17,16,N/A,0;;
2026-08-03T17:04:05Z	card0,99,17,16,N/A,0;;
2026-08-03T17:04:06Z	card0,99,17,16,N/A,0;;
2026-08-03T17:04:07Z	card0,90,17,5,N/A,0;;
2026-08-03T17:04:08Z	card0,99,17,15,N/A,0;;
2026-08-03T17:04:09Z	card0,99,17,14,N/A,0;;
2026-08-03T17:04:10Z	card0,99,17,17,N/A,0;;
2026-08-03T17:04:11Z	card0,99,17,15,N/A,0;;
2026-08-03T17:04:12Z	card0,99,17,16,N/A,0;;
2026-08-03T17:04:14Z	card0,100,17,15,N/A,0;;
2026-08-03T17:04:15Z	card0,100,17,2,N/A,0;;
2026-08-03T17:04:16Z	card0,99,17,23,N/A,0;;
2026-08-03T17:04:17Z	card0,88,17,14,N/A,0;;
2026-08-03T17:04:18Z	card0,99,17,1,N/A,0;;
2026-08-03T17:04:19Z	card0,100,17,15,N/A,0;;
2026-08-03T17:04:20Z	card0,99,17,17,N/A,0;;
2026-08-03T17:04:22Z	card0,100,17,17,N/A,0;;
2026-08-03T17:04:23Z	card0,100,17,15,N/A,0;;
2026-08-03T17:04:24Z	card0,99,17,8,N/A,0;;
2026-08-03T17:04:25Z	card0,100,17,2,N/A,0;;
2026-08-03T17:04:26Z	card0,99,17,16,N/A,0;;
2026-08-03T17:04:27Z	card0,100,17,16,N/A,0;;
2026-08-03T17:04:28Z	card0,100,17,16,N/A,0;;
2026-08-03T17:04:29Z	card0,99,17,38,N/A,0;;
2026-08-03T17:04:31Z	card0,100,17,73,N/A,0;;
2026-08-03T17:04:32Z	card0,99,17,12,N/A,0;;
2026-08-03T17:04:33Z	card0,100,17,2,N/A,0;;
2026-08-03T17:04:34Z	card0,100,17,54,N/A,0;;
2026-08-03T17:04:35Z	card0,99,17,16,N/A,0;;
2026-08-03T17:04:36Z	card0,100,17,33,N/A,0;;
2026-08-03T17:04:37Z	card0,100,17,15,N/A,0;;
2026-08-03T17:04:39Z	card0,99,17,27,N/A,0;;
2026-08-03T17:04:40Z	card0,98,17,15,N/A,0;;
2026-08-03T17:04:41Z	card0,99,17,15,N/A,0;;
2026-08-03T17:04:42Z	card0,99,17,71,N/A,0;;
2026-08-03T17:04:43Z	card0,100,17,2,N/A,0;;
2026-08-03T17:04:44Z	card0,99,17,15,N/A,0;;
2026-08-03T17:04:45Z	card0,99,17,17,N/A,0;;
2026-08-03T17:04:46Z	card0,90,17,70,N/A,0;;
2026-08-03T17:04:48Z	card0,100,17,9,N/A,0;;
2026-08-03T17:04:49Z	card0,99,17,15,N/A,0;;
2026-08-03T17:04:50Z	card0,99,17,17,N/A,0;;
2026-08-03T17:04:51Z	card0,100,17,2,N/A,0;;
2026-08-03T17:04:52Z	card0,99,17,16,N/A,0;;
2026-08-03T17:04:53Z	card0,100,17,16,N/A,0;;
2026-08-03T17:04:54Z	card0,100,17,65,N/A,0;;
2026-08-03T17:04:55Z	card0,99,17,15,N/A,0;;
2026-08-03T17:04:57Z	card0,100,17,16,N/A,0;;
2026-08-03T17:04:58Z	card0,100,17,15,N/A,0;;
2026-08-03T17:04:59Z	card0,99,17,8,N/A,0;;
2026-08-03T17:05:00Z	card0,100,17,15,N/A,0;;
2026-08-03T17:05:01Z	card0,100,17,15,N/A,0;;
2026-08-03T17:05:02Z	card0,99,17,2,N/A,0;;
2026-08-03T17:05:03Z	card0,100,17,15,N/A,0;;
2026-08-03T17:05:05Z	card0,99,17,21,N/A,0;;
2026-08-03T17:05:06Z	card0,100,17,2,N/A,0;;
2026-08-03T17:05:07Z	card0,99,17,2,N/A,0;;
2026-08-03T17:05:08Z	card0,99,17,15,N/A,0;;
2026-08-03T17:05:09Z	card0,98,17,2,N/A,0;;
2026-08-03T17:05:10Z	card0,98,17,16,N/A,0;;
2026-08-03T17:05:11Z	card0,98,17,16,N/A,0;;
2026-08-03T17:05:12Z	card0,98,17,15,N/A,0;;
2026-08-03T17:05:14Z	card0,97,17,12,N/A,0;;
2026-08-03T17:05:15Z	card0,99,17,5,N/A,0;;
2026-08-03T17:05:16Z	card0,98,17,15,N/A,0;;
2026-08-03T17:05:17Z	card0,97,17,16,N/A,0;;
2026-08-03T17:05:18Z	card0,98,17,30,N/A,0;;
2026-08-03T17:05:19Z	card0,99,17,2,N/A,0;;
2026-08-03T17:05:20Z	card0,99,17,15,N/A,0;;
2026-08-03T17:05:22Z	card0,98,17,14,N/A,0;;
2026-08-03T17:05:23Z	card0,98,17,15,N/A,0;;
2026-08-03T17:05:24Z	card0,99,17,4,N/A,0;;
2026-08-03T17:05:25Z	card0,99,17,13,N/A,0;;
2026-08-03T17:05:26Z	card0,98,17,30,N/A,0;;
2026-08-03T17:05:27Z	card0,99,17,2,N/A,0;;
2026-08-03T17:05:28Z	card0,95,17,15,N/A,0;;
2026-08-03T17:05:29Z	card0,99,17,17,N/A,0;;
2026-08-03T17:05:31Z	card0,97,17,15,N/A,0;;
2026-08-03T17:05:32Z	card0,98,17,2,N/A,0;;
2026-08-03T17:05:33Z	card0,99,17,15,N/A,0;;
2026-08-03T17:05:34Z	card0,98,17,16,N/A,0;;
2026-08-03T17:05:35Z	card0,99,17,15,N/A,0;;
2026-08-03T17:05:36Z	card0,99,17,16,N/A,0;;
2026-08-03T17:05:37Z	card0,100,17,15,N/A,0;;
2026-08-03T17:05:38Z	card0,100,17,15,N/A,0;;
2026-08-03T17:05:40Z	card0,99,17,16,N/A,0;;
2026-08-03T17:05:41Z	card0,100,17,16,N/A,0;;
2026-08-03T17:05:42Z	card0,99,17,22,N/A,0;;
2026-08-03T17:05:43Z	card0,100,17,2,N/A,0;;
2026-08-03T17:05:44Z	card0,97,17,14,N/A,0;;
2026-08-03T17:05:45Z	card0,92,17,3,N/A,0;;
2026-08-03T17:05:46Z	card0,99,17,15,N/A,0;;
2026-08-03T17:05:48Z	card0,98,17,16,N/A,0;;
2026-08-03T17:05:49Z	card0,100,17,2,N/A,0;;
2026-08-03T17:05:50Z	card0,99,17,55,N/A,0;;
2026-08-03T17:05:51Z	card0,89,17,11,N/A,0;;
2026-08-03T17:05:52Z	card0,99,17,17,N/A,0;;
2026-08-03T17:05:53Z	card0,100,17,15,N/A,0;;
2026-08-03T17:05:54Z	card0,99,17,2,N/A,0;;
2026-08-03T17:05:55Z	card0,98,17,16,N/A,0;;
2026-08-03T17:05:57Z	card0,99,17,2,N/A,0;;
2026-08-03T17:05:58Z	card0,99,17,83,N/A,0;;
2026-08-03T17:05:59Z	card0,100,17,2,N/A,0;;
2026-08-03T17:06:00Z	card0,90,17,2,N/A,0;;
2026-08-03T17:06:01Z	card0,99,17,15,N/A,0;;
2026-08-03T17:06:02Z	card0,100,17,15,N/A,0;;
2026-08-03T17:06:03Z	card0,99,17,2,N/A,0;;
2026-08-03T17:06:05Z	card0,99,17,15,N/A,0;;
2026-08-03T17:06:06Z	card0,99,17,13,N/A,0;;
2026-08-03T17:06:07Z	card0,100,17,1,N/A,0;;
2026-08-03T17:06:08Z	card0,99,17,4,N/A,0;;
2026-08-03T17:06:09Z	card0,91,17,14,N/A,0;;
2026-08-03T17:06:10Z	card0,99,17,2,N/A,0;;
2026-08-03T17:06:11Z	card0,100,17,1,N/A,0;;
2026-08-03T17:06:12Z	card0,100,17,2,N/A,0;;
2026-08-03T17:06:14Z	card0,99,17,16,N/A,0;;
2026-08-03T17:06:15Z	card0,98,17,2,N/A,0;;
2026-08-03T17:06:16Z	card0,100,17,15,N/A,0;;
2026-08-03T17:06:17Z	card0,99,17,15,N/A,0;;
2026-08-03T17:06:18Z	card0,98,17,16,N/A,0;;
2026-08-03T17:06:19Z	card0,97,17,15,N/A,0;;
2026-08-03T17:06:20Z	card0,98,17,15,N/A,0;;
2026-08-03T17:06:21Z	card0,98,17,27,N/A,0;;
2026-08-03T17:06:23Z	card0,98,17,1,N/A,0;;
2026-08-03T17:06:24Z	card0,98,17,3,N/A,0;;
2026-08-03T17:06:25Z	card0,98,17,15,N/A,0;;
2026-08-03T17:06:26Z	card0,98,17,61,N/A,0;;
2026-08-03T17:06:27Z	card0,98,17,2,N/A,0;;
2026-08-03T17:06:28Z	card0,98,17,15,N/A,0;;
2026-08-03T17:06:29Z	card0,99,17,6,N/A,0;;
2026-08-03T17:06:31Z	card0,100,17,15,N/A,0;;
2026-08-03T17:06:32Z	card0,100,17,15,N/A,0;;
2026-08-03T17:06:33Z	card0,99,17,16,N/A,0;;
2026-08-03T17:06:34Z	card0,99,17,2,N/A,0;;
2026-08-03T17:06:35Z	card0,99,17,10,N/A,0;;
2026-08-03T17:06:36Z	card0,99,17,5,N/A,0;;
2026-08-03T17:06:37Z	card0,98,17,1,N/A,0;;
2026-08-03T17:06:38Z	card0,99,17,15,N/A,0;;
2026-08-03T17:06:40Z	card0,98,17,4,N/A,0;;
2026-08-03T17:06:41Z	card0,99,17,1,N/A,0;;
2026-08-03T17:06:42Z	card0,98,17,2,N/A,0;;
2026-08-03T17:06:43Z	card0,99,17,16,N/A,0;;
2026-08-03T17:06:44Z	card0,98,17,2,N/A,0;;
2026-08-03T17:06:45Z	card0,99,17,15,N/A,0;;
2026-08-03T17:06:46Z	card0,98,17,15,N/A,0;;
2026-08-03T17:06:48Z	card0,99,17,67,N/A,0;;
2026-08-03T17:06:49Z	card0,100,17,15,N/A,0;;
2026-08-03T17:06:50Z	card0,99,17,7,N/A,0;;
2026-08-03T17:06:51Z	card0,100,17,15,N/A,0;;
2026-08-03T17:06:52Z	card0,100,17,1,N/A,0;;
2026-08-03T17:06:53Z	card0,99,17,2,N/A,0;;
2026-08-03T17:06:54Z	card0,99,17,2,N/A,0;;
2026-08-03T17:06:55Z	card0,98,17,15,N/A,0;;
2026-08-03T17:06:57Z	card0,99,17,16,N/A,0;;
2026-08-03T17:06:58Z	card0,99,17,2,N/A,0;;
2026-08-03T17:06:59Z	card0,98,17,16,N/A,0;;
2026-08-03T17:07:00Z	card0,99,17,68,N/A,0;;
2026-08-03T17:07:01Z	card0,99,17,2,N/A,0;;
2026-08-03T17:07:02Z	card0,98,17,1,N/A,0;;
2026-08-03T17:07:03Z	card0,100,17,16,N/A,0;;
2026-08-03T17:07:05Z	card0,98,17,2,N/A,0;;
2026-08-03T17:07:06Z	card0,99,17,2,N/A,0;;
2026-08-03T17:07:07Z	card0,99,17,15,N/A,0;;
2026-08-03T17:07:08Z	card0,99,17,16,N/A,0;;
2026-08-03T17:07:09Z	card0,99,17,1,N/A,0;;
2026-08-03T17:07:10Z	card0,99,17,17,N/A,0;;
2026-08-03T17:07:11Z	card0,99,17,15,N/A,0;;
2026-08-03T17:07:12Z	card0,100,17,2,N/A,0;;
2026-08-03T17:07:14Z	card0,99,17,15,N/A,0;;
2026-08-03T17:07:15Z	card0,100,17,2,N/A,0;;
2026-08-03T17:07:16Z	card0,99,17,80,N/A,0;;
2026-08-03T17:07:17Z	card0,90,17,72,N/A,0;;
2026-08-03T17:07:18Z	card0,99,17,16,N/A,0;;
2026-08-03T17:07:19Z	card0,100,17,15,N/A,0;;
2026-08-03T17:07:20Z	card0,99,17,15,N/A,0;;
2026-08-03T17:07:21Z	card0,100,17,16,N/A,0;;
2026-08-03T17:07:23Z	card0,99,17,15,N/A,0;;
2026-08-03T17:07:24Z	card0,100,17,25,N/A,0;;
2026-08-03T17:07:25Z	card0,100,17,15,N/A,0;;
2026-08-03T17:07:26Z	card0,100,17,12,N/A,0;;
2026-08-03T17:07:27Z	card0,99,17,2,N/A,0;;
2026-08-03T17:07:28Z	card0,100,17,15,N/A,0;;
2026-08-03T17:07:29Z	card0,99,17,28,N/A,0;;
2026-08-03T17:07:31Z	card0,100,17,15,N/A,0;;
2026-08-03T17:07:32Z	card0,90,17,2,N/A,0;;
2026-08-03T17:07:33Z	card0,89,17,14,N/A,0;;
2026-08-03T17:07:34Z	card0,100,17,15,N/A,0;;
2026-08-03T17:07:35Z	card0,100,17,15,N/A,0;;
2026-08-03T17:07:36Z	card0,99,17,2,N/A,0;;
2026-08-03T17:07:37Z	card0,99,17,2,N/A,0;;
2026-08-03T17:07:38Z	card0,99,17,16,N/A,0;;
2026-08-03T17:07:40Z	card0,100,17,15,N/A,0;;
2026-08-03T17:07:41Z	card0,100,17,15,N/A,0;;
2026-08-03T17:07:42Z	card0,99,17,35,N/A,0;;
2026-08-03T17:07:43Z	card0,100,17,15,N/A,0;;
2026-08-03T17:07:44Z	card0,100,17,16,N/A,0;;
2026-08-03T17:07:45Z	card0,100,17,46,N/A,0;;
2026-08-03T17:07:46Z	card0,100,17,15,N/A,0;;
2026-08-03T17:07:48Z	card0,100,17,15,N/A,0;;
2026-08-03T17:07:49Z	card0,99,17,53,N/A,0;;
2026-08-03T17:07:50Z	card0,100,17,15,N/A,0;;
2026-08-03T17:07:51Z	card0,99,17,16,N/A,0;;
2026-08-03T17:07:52Z	card0,99,17,16,N/A,0;;
2026-08-03T17:07:53Z	card0,100,17,15,N/A,0;;
2026-08-03T17:07:54Z	card0,99,17,74,N/A,0;;
2026-08-03T17:07:55Z	card0,100,17,2,N/A,0;;
2026-08-03T17:07:57Z	card0,100,17,15,N/A,0;;
2026-08-03T17:07:58Z	card0,98,17,16,N/A,0;;
2026-08-03T17:07:59Z	card0,100,17,10,N/A,0;;
2026-08-03T17:08:00Z	card0,99,17,1,N/A,0;;
2026-08-03T17:08:01Z	card0,99,17,10,N/A,0;;
2026-08-03T17:08:02Z	card0,99,17,15,N/A,0;;
2026-08-03T17:08:03Z	card0,90,17,1,N/A,0;;
2026-08-03T17:08:04Z	card0,99,17,15,N/A,0;;
2026-08-03T17:08:06Z	card0,100,17,17,N/A,0;;
2026-08-03T17:08:07Z	card0,100,17,15,N/A,0;;
2026-08-03T17:08:08Z	card0,100,17,14,N/A,0;;
2026-08-03T17:08:09Z	card0,99,17,17,N/A,0;;
2026-08-03T17:08:10Z	card0,100,17,25,N/A,0;;
2026-08-03T17:08:11Z	card0,100,17,16,N/A,0;;
2026-08-03T17:08:12Z	card0,100,17,2,N/A,0;;
2026-08-03T17:08:14Z	card0,100,17,2,N/A,0;;
2026-08-03T17:08:15Z	card0,99,17,47,N/A,0;;
2026-08-03T17:08:16Z	card0,100,17,16,N/A,0;;
2026-08-03T17:08:17Z	card0,100,17,16,N/A,0;;
2026-08-03T17:08:18Z	card0,100,17,16,N/A,0;;
2026-08-03T17:08:19Z	card0,100,17,15,N/A,0;;
2026-08-03T17:08:20Z	card0,100,17,14,N/A,0;;
2026-08-03T17:08:21Z	card0,99,17,17,N/A,0;;
2026-08-03T17:08:23Z	card0,100,17,2,N/A,0;;
2026-08-03T17:08:24Z	card0,99,17,16,N/A,0;;
2026-08-03T17:08:25Z	card0,98,17,2,N/A,0;;
2026-08-03T17:08:26Z	card0,99,17,35,N/A,0;;
2026-08-03T17:08:27Z	card0,97,17,2,N/A,0;;
2026-08-03T17:08:28Z	card0,99,17,17,N/A,0;;
2026-08-03T17:08:29Z	card0,100,17,53,N/A,0;;
2026-08-03T17:08:30Z	card0,99,17,20,N/A,0;;
2026-08-03T17:08:32Z	card0,100,17,16,N/A,0;;
2026-08-03T17:08:33Z	card0,98,17,15,N/A,0;;
2026-08-03T17:08:34Z	card0,97,17,15,N/A,0;;
2026-08-03T17:08:35Z	card0,90,17,14,N/A,0;;
2026-08-03T17:08:36Z	card0,98,17,4,N/A,0;;
2026-08-03T17:08:37Z	card0,98,17,16,N/A,0;;
2026-08-03T17:08:38Z	card0,99,17,2,N/A,0;;
2026-08-03T17:08:40Z	card0,98,17,66,N/A,0;;
2026-08-03T17:08:41Z	card0,98,17,16,N/A,0;;
2026-08-03T17:08:42Z	card0,100,17,48,N/A,0;;
2026-08-03T17:08:43Z	card0,100,17,78,N/A,0;;
2026-08-03T17:08:44Z	card0,99,17,16,N/A,0;;
2026-08-03T17:08:45Z	card0,100,17,15,N/A,0;;
2026-08-03T17:08:46Z	card0,99,17,33,N/A,0;;
2026-08-03T17:08:47Z	card0,98,17,15,N/A,0;;
2026-08-03T17:08:49Z	card0,98,17,67,N/A,0;;
2026-08-03T17:08:50Z	card0,89,17,14,N/A,0;;
2026-08-03T17:08:51Z	card0,99,17,16,N/A,0;;
2026-08-03T17:08:52Z	card0,89,17,14,N/A,0;;
2026-08-03T17:08:53Z	card0,98,17,14,N/A,0;;
2026-08-03T17:08:54Z	card0,99,17,2,N/A,0;;
2026-08-03T17:08:55Z	card0,100,17,15,N/A,0;;
2026-08-03T17:08:56Z	card0,79,17,0,N/A,0;;
2026-08-03T17:08:58Z	card0,67,17,10,N/A,0;;
2026-08-03T17:08:59Z	card0,99,17,17,N/A,0;;
2026-08-03T17:09:00Z	card0,100,17,26,N/A,0;;
2026-08-03T17:09:01Z	card0,99,17,15,N/A,0;;
2026-08-03T17:09:02Z	card0,97,17,16,N/A,0;;
2026-08-03T17:09:03Z	card0,99,17,2,N/A,0;;
2026-08-03T17:09:04Z	card0,99,17,15,N/A,0;;
2026-08-03T17:09:06Z	card0,98,17,41,N/A,0;;
2026-08-03T17:09:07Z	card0,99,17,2,N/A,0;;
2026-08-03T17:09:08Z	card0,98,17,24,N/A,0;;
2026-08-03T17:09:09Z	card0,99,17,3,N/A,0;;
2026-08-03T17:09:10Z	card0,98,17,2,N/A,0;;
2026-08-03T17:09:11Z	card0,99,17,15,N/A,0;;
2026-08-03T17:09:12Z	card0,98,17,15,N/A,0;;
2026-08-03T17:09:13Z	card0,100,17,2,N/A,0;;
2026-08-03T17:09:15Z	card0,98,17,3,N/A,0;;
2026-08-03T17:09:16Z	card0,99,17,15,N/A,0;;
2026-08-03T17:09:17Z	card0,99,17,1,N/A,0;;
2026-08-03T17:09:18Z	card0,98,17,2,N/A,0;;
2026-08-03T17:09:19Z	card0,99,17,16,N/A,0;;
2026-08-03T17:09:20Z	card0,100,17,2,N/A,0;;
2026-08-03T17:09:21Z	card0,100,17,15,N/A,0;;
2026-08-03T17:09:23Z	card0,99,17,16,N/A,0;;
2026-08-03T17:09:24Z	card0,100,17,2,N/A,0;;
2026-08-03T17:09:25Z	card0,99,17,15,N/A,0;;
2026-08-03T17:09:26Z	card0,99,17,16,N/A,0;;
2026-08-03T17:09:27Z	card0,100,17,5,N/A,0;;
2026-08-03T17:09:28Z	card0,100,17,15,N/A,0;;
2026-08-03T17:09:29Z	card0,99,17,17,N/A,0;;
2026-08-03T17:09:30Z	card0,100,17,15,N/A,0;;
2026-08-03T17:09:32Z	card0,99,17,16,N/A,0;;
2026-08-03T17:09:33Z	card0,97,17,5,N/A,0;;
2026-08-03T17:09:34Z	card0,99,17,52,N/A,0;;
2026-08-03T17:09:35Z	card0,100,17,16,N/A,0;;
2026-08-03T17:09:36Z	card0,99,17,33,N/A,0;;
2026-08-03T17:09:37Z	card0,98,17,15,N/A,0;;
2026-08-03T17:09:38Z	card0,98,17,17,N/A,0;;
2026-08-03T17:09:40Z	card0,100,17,16,N/A,0;;
2026-08-03T17:09:41Z	card0,100,17,5,N/A,0;;
2026-08-03T17:09:42Z	card0,99,17,7,N/A,0;;
2026-08-03T17:09:43Z	card0,100,17,16,N/A,0;;
2026-08-03T17:09:44Z	card0,98,17,2,N/A,0;;
2026-08-03T17:09:45Z	card0,98,17,16,N/A,0;;
2026-08-03T17:09:46Z	card0,100,17,1,N/A,0;;
2026-08-03T17:09:47Z	card0,100,17,16,N/A,0;;
2026-08-03T17:09:49Z	card0,99,17,28,N/A,0;;
2026-08-03T17:09:50Z	card0,100,17,16,N/A,0;;
2026-08-03T17:09:51Z	card0,98,17,15,N/A,0;;
2026-08-03T17:09:52Z	card0,98,17,16,N/A,0;;
2026-08-03T17:09:53Z	card0,97,17,1,N/A,0;;
2026-08-03T17:09:54Z	card0,98,17,15,N/A,0;;
2026-08-03T17:09:55Z	card0,98,17,15,N/A,0;;
2026-08-03T17:09:56Z	card0,97,17,86,N/A,0;;
2026-08-03T17:09:58Z	card0,98,17,16,N/A,0;;
2026-08-03T17:09:59Z	card0,98,17,10,N/A,0;;
2026-08-03T17:10:00Z	card0,98,17,16,N/A,0;;
2026-08-03T17:10:01Z	card0,98,17,3,N/A,0;;
2026-08-03T17:10:02Z	card0,99,17,15,N/A,0;;
2026-08-03T17:10:03Z	card0,98,17,15,N/A,0;;
2026-08-03T17:10:04Z	card0,98,17,16,N/A,0;;
2026-08-03T17:10:06Z	card0,99,17,10,N/A,0;;
2026-08-03T17:10:07Z	card0,95,17,15,N/A,0;;
2026-08-03T17:10:08Z	card0,94,17,80,N/A,0;;
2026-08-03T17:10:09Z	card0,99,17,16,N/A,0;;
2026-08-03T17:10:10Z	card0,90,17,14,N/A,0;;
2026-08-03T17:10:11Z	card0,99,17,10,N/A,0;;
2026-08-03T17:10:12Z	card0,98,17,2,N/A,0;;
2026-08-03T17:10:13Z	card0,99,17,66,N/A,0;;
2026-08-03T17:10:15Z	card0,98,17,15,N/A,0;;
2026-08-03T17:10:16Z	card0,99,17,27,N/A,0;;
2026-08-03T17:10:17Z	card0,99,17,47,N/A,0;;
2026-08-03T17:10:18Z	card0,99,17,12,N/A,0;;
2026-08-03T17:10:19Z	card0,99,17,4,N/A,0;;
2026-08-03T17:10:20Z	card0,99,17,17,N/A,0;;
2026-08-03T17:10:21Z	card0,98,17,15,N/A,0;;
2026-08-03T17:10:23Z	card0,99,17,16,N/A,0;;
2026-08-03T17:10:24Z	card0,99,17,16,N/A,0;;
2026-08-03T17:10:25Z	card0,99,17,15,N/A,0;;
2026-08-03T17:10:26Z	card0,99,17,15,N/A,0;;
2026-08-03T17:10:27Z	card0,99,17,2,N/A,0;;
2026-08-03T17:10:28Z	card0,98,17,15,N/A,0;;
2026-08-03T17:10:29Z	card0,99,17,16,N/A,0;;
2026-08-03T17:10:30Z	card0,99,17,2,N/A,0;;
2026-08-03T17:10:32Z	card0,100,17,2,N/A,0;;
2026-08-03T17:10:33Z	card0,99,17,16,N/A,0;;
2026-08-03T17:10:34Z	card0,100,17,12,N/A,0;;
2026-08-03T17:10:35Z	card0,99,17,15,N/A,0;;
2026-08-03T17:10:36Z	card0,90,17,17,N/A,0;;
2026-08-03T17:10:37Z	card0,100,17,28,N/A,0;;
2026-08-03T17:10:38Z	card0,99,17,15,N/A,0;;
2026-08-03T17:10:40Z	card0,89,17,14,N/A,0;;
2026-08-03T17:10:41Z	card0,99,17,2,N/A,0;;
2026-08-03T17:10:42Z	card0,99,17,90,N/A,0;;
2026-08-03T17:10:43Z	card0,100,17,2,N/A,0;;
2026-08-03T17:10:44Z	card0,99,17,78,N/A,0;;
2026-08-03T17:10:45Z	card0,100,17,17,N/A,0;;
2026-08-03T17:10:46Z	card0,100,17,15,N/A,0;;
2026-08-03T17:10:47Z	card0,99,17,15,N/A,0;;
2026-08-03T17:10:49Z	card0,100,17,17,N/A,0;;
2026-08-03T17:10:50Z	card0,100,17,15,N/A,0;;
2026-08-03T17:10:51Z	card0,100,17,17,N/A,0;;
2026-08-03T17:10:52Z	card0,100,17,15,N/A,0;;
2026-08-03T17:10:53Z	card0,100,17,15,N/A,0;;
2026-08-03T17:10:54Z	card0,99,17,17,N/A,0;;
2026-08-03T17:10:55Z	card0,100,17,4,N/A,0;;
2026-08-03T17:10:56Z	card0,99,17,17,N/A,0;;
2026-08-03T17:10:58Z	card0,100,17,4,N/A,0;;
2026-08-03T17:10:59Z	card0,100,17,16,N/A,0;;
2026-08-03T17:11:00Z	card0,99,17,17,N/A,0;;
2026-08-03T17:11:01Z	card0,100,17,2,N/A,0;;
2026-08-03T17:11:02Z	card0,99,17,15,N/A,0;;
2026-08-03T17:11:03Z	card0,98,17,26,N/A,0;;
2026-08-03T17:11:04Z	card0,100,17,15,N/A,0;;
2026-08-03T17:11:06Z	card0,99,17,15,N/A,0;;
2026-08-03T17:11:07Z	card0,89,17,2,N/A,0;;
2026-08-03T17:11:08Z	card0,99,17,16,N/A,0;;
2026-08-03T17:11:09Z	card0,100,17,2,N/A,0;;
2026-08-03T17:11:10Z	card0,99,17,12,N/A,0;;
2026-08-03T17:11:11Z	card0,98,17,73,N/A,0;;
2026-08-03T17:11:12Z	card0,99,17,19,N/A,0;;
2026-08-03T17:11:13Z	card0,100,17,15,N/A,0;;
2026-08-03T17:11:15Z	card0,99,17,50,N/A,0;;
2026-08-03T17:11:16Z	card0,100,17,2,N/A,0;;
2026-08-03T17:11:17Z	card0,99,17,16,N/A,0;;
2026-08-03T17:11:18Z	card0,100,17,2,N/A,0;;
2026-08-03T17:11:19Z	card0,100,17,15,N/A,0;;
2026-08-03T17:11:20Z	card0,99,17,18,N/A,0;;
2026-08-03T17:11:21Z	card0,98,17,2,N/A,0;;
2026-08-03T17:11:22Z	card0,99,17,22,N/A,0;;
2026-08-03T17:11:24Z	card0,100,17,22,N/A,0;;
2026-08-03T17:11:25Z	card0,100,17,15,N/A,0;;
2026-08-03T17:11:26Z	card0,99,17,15,N/A,0;;
2026-08-03T17:11:27Z	card0,98,17,40,N/A,0;;
2026-08-03T17:11:28Z	card0,100,17,3,N/A,0;;
2026-08-03T17:11:29Z	card0,99,17,68,N/A,0;;
2026-08-03T17:11:30Z	card0,99,17,2,N/A,0;;
2026-08-03T17:11:32Z	card0,99,17,15,N/A,0;;
2026-08-03T17:11:33Z	card0,93,17,3,N/A,0;;
2026-08-03T17:11:34Z	card0,92,17,1,N/A,0;;
2026-08-03T17:11:35Z	card0,99,17,15,N/A,0;;
2026-08-03T17:11:36Z	card0,99,17,15,N/A,0;;
2026-08-03T17:11:37Z	card0,100,17,2,N/A,0;;
2026-08-03T17:11:38Z	card0,100,17,15,N/A,0;;
2026-08-03T17:11:39Z	card0,99,17,16,N/A,0;;
2026-08-03T17:11:41Z	card0,97,17,2,N/A,0;;
2026-08-03T17:11:42Z	card0,97,17,4,N/A,0;;
2026-08-03T17:11:43Z	card0,98,17,14,N/A,0;;
2026-08-03T17:11:44Z	card0,99,17,17,N/A,0;;
2026-08-03T17:11:45Z	card0,97,17,19,N/A,0;;
2026-08-03T17:11:46Z	card0,98,17,13,N/A,0;;
2026-08-03T17:11:47Z	card0,100,17,17,N/A,0;;
2026-08-03T17:11:49Z	card0,100,17,15,N/A,0;;
2026-08-03T17:11:50Z	card0,100,17,15,N/A,0;;
2026-08-03T17:11:51Z	card0,99,17,17,N/A,0;;
2026-08-03T17:11:52Z	card0,99,17,15,N/A,0;;
2026-08-03T17:11:53Z	card0,98,17,21,N/A,0;;
2026-08-03T17:11:54Z	card0,99,17,2,N/A,0;;
2026-08-03T17:11:55Z	card0,100,17,5,N/A,0;;
2026-08-03T17:11:56Z	card0,99,17,15,N/A,0;;
2026-08-03T17:11:58Z	card0,97,17,24,N/A,0;;
2026-08-03T17:11:59Z	card0,98,17,36,N/A,0;;
2026-08-03T17:12:00Z	card0,98,17,15,N/A,0;;
2026-08-03T17:12:01Z	card0,97,17,16,N/A,0;;
2026-08-03T17:12:02Z	card0,97,17,15,N/A,0;;
2026-08-03T17:12:03Z	card0,99,17,15,N/A,0;;
2026-08-03T17:12:04Z	card0,98,17,12,N/A,0;;
2026-08-03T17:12:05Z	card0,98,17,26,N/A,0;;
2026-08-03T17:12:07Z	card0,99,17,2,N/A,0;;
2026-08-03T17:12:08Z	card0,98,17,13,N/A,0;;
2026-08-03T17:12:09Z	card0,99,17,5,N/A,0;;
2026-08-03T17:12:10Z	card0,98,17,15,N/A,0;;
2026-08-03T17:12:11Z	card0,99,17,1,N/A,0;;
2026-08-03T17:12:12Z	card0,98,17,16,N/A,0;;
2026-08-03T17:12:13Z	card0,99,17,2,N/A,0;;
2026-08-03T17:12:15Z	card0,99,17,18,N/A,0;;
2026-08-03T17:12:16Z	card0,100,17,5,N/A,0;;
2026-08-03T17:12:17Z	card0,100,17,15,N/A,0;;
2026-08-03T17:12:18Z	card0,100,17,15,N/A,0;;
2026-08-03T17:12:19Z	card0,99,17,3,N/A,0;;
2026-08-03T17:12:20Z	card0,100,17,15,N/A,0;;
2026-08-03T17:12:21Z	card0,98,17,16,N/A,0;;
2026-08-03T17:12:22Z	card0,99,17,2,N/A,0;;
2026-08-03T17:12:24Z	card0,100,17,2,N/A,0;;
2026-08-03T17:12:25Z	card0,99,17,5,N/A,0;;
2026-08-03T17:12:26Z	card0,100,17,16,N/A,0;;
2026-08-03T17:12:27Z	card0,99,17,29,N/A,0;;
2026-08-03T17:12:28Z	card0,100,17,25,N/A,0;;
2026-08-03T17:12:29Z	card0,100,17,15,N/A,0;;
2026-08-03T17:12:30Z	card0,99,17,2,N/A,0;;
2026-08-03T17:12:32Z	card0,98,17,44,N/A,0;;
2026-08-03T17:12:33Z	card0,100,17,15,N/A,0;;
2026-08-03T17:12:34Z	card0,99,17,81,N/A,0;;
2026-08-03T17:12:35Z	card0,100,17,2,N/A,0;;
2026-08-03T17:12:36Z	card0,100,17,2,N/A,0;;
2026-08-03T17:12:37Z	card0,99,17,1,N/A,0;;
2026-08-03T17:12:38Z	card0,99,17,2,N/A,0;;
2026-08-03T17:12:39Z	card0,99,17,7,N/A,0;;
2026-08-03T17:12:41Z	card0,89,17,2,N/A,0;;
2026-08-03T17:12:42Z	card0,100,17,16,N/A,0;;
2026-08-03T17:12:43Z	card0,100,17,2,N/A,0;;
2026-08-03T17:12:44Z	card0,100,17,15,N/A,0;;
2026-08-03T17:12:45Z	card0,99,17,62,N/A,0;;
2026-08-03T17:12:46Z	card0,100,17,56,N/A,0;;
2026-08-03T17:12:47Z	card0,99,17,18,N/A,0;;
2026-08-03T17:12:48Z	card0,100,17,16,N/A,0;;
2026-08-03T17:12:50Z	card0,100,17,25,N/A,0;;
2026-08-03T17:12:51Z	card0,99,17,3,N/A,0;;
2026-08-03T17:12:52Z	card0,87,17,1,N/A,0;;
2026-08-03T17:12:53Z	card0,97,17,2,N/A,0;;
2026-08-03T17:12:54Z	card0,95,17,16,N/A,0;;
2026-08-03T17:12:55Z	card0,94,17,2,N/A,0;;
2026-08-03T17:12:56Z	card0,97,17,2,N/A,0;;
2026-08-03T17:12:58Z	card0,98,17,64,N/A,0;;
2026-08-03T17:12:59Z	card0,97,17,17,N/A,0;;
2026-08-03T17:13:00Z	card0,100,17,4,N/A,0;;
2026-08-03T17:13:01Z	card0,100,17,15,N/A,0;;
2026-08-03T17:13:02Z	card0,99,17,24,N/A,0;;
2026-08-03T17:13:03Z	card0,100,17,2,N/A,0;;
2026-08-03T17:13:04Z	card0,99,17,16,N/A,0;;
2026-08-03T17:13:05Z	card0,98,17,42,N/A,0;;
2026-08-03T17:13:07Z	card0,98,17,19,N/A,0;;
2026-08-03T17:13:08Z	card0,98,17,15,N/A,0;;
2026-08-03T17:13:09Z	card0,99,17,56,N/A,0;;
2026-08-03T17:13:10Z	card0,100,17,16,N/A,0;;
2026-08-03T17:13:11Z	card0,99,17,65,N/A,0;;
2026-08-03T17:13:12Z	card0,100,17,16,N/A,0;;
2026-08-03T17:13:13Z	card0,99,17,15,N/A,0;;
2026-08-03T17:13:14Z	card0,90,17,19,N/A,0;;
2026-08-03T17:13:16Z	card0,89,17,4,N/A,0;;
2026-08-03T17:13:17Z	card0,99,17,2,N/A,0;;
2026-08-03T17:13:18Z	card0,98,17,15,N/A,0;;
2026-08-03T17:13:19Z	card0,99,17,31,N/A,0;;
2026-08-03T17:13:20Z	card0,98,17,15,N/A,0;;
2026-08-03T17:13:21Z	card0,99,17,16,N/A,0;;
2026-08-03T17:13:22Z	card0,98,17,15,N/A,0;;
2026-08-03T17:13:24Z	card0,99,17,15,N/A,0;;
2026-08-03T17:13:25Z	card0,98,17,3,N/A,0;;
2026-08-03T17:13:26Z	card0,99,17,46,N/A,0;;
2026-08-03T17:13:27Z	card0,100,17,72,N/A,0;;
2026-08-03T17:13:28Z	card0,99,17,16,N/A,0;;
2026-08-03T17:13:29Z	card0,99,17,16,N/A,0;;
2026-08-03T17:13:30Z	card0,100,17,15,N/A,0;;
2026-08-03T17:13:31Z	card0,97,17,12,N/A,0;;
2026-08-03T17:13:33Z	card0,99,17,17,N/A,0;;
2026-08-03T17:13:34Z	card0,100,17,15,N/A,0;;
2026-08-03T17:13:35Z	card0,99,17,16,N/A,0;;
2026-08-03T17:13:36Z	card0,100,17,2,N/A,0;;
2026-08-03T17:13:37Z	card0,97,17,34,N/A,0;;
2026-08-03T17:13:38Z	card0,98,17,12,N/A,0;;
2026-08-03T17:13:39Z	card0,96,17,38,N/A,0;;
2026-08-03T17:13:41Z	card0,97,17,16,N/A,0;;
2026-08-03T17:13:42Z	card0,97,17,2,N/A,0;;
2026-08-03T17:13:43Z	card0,97,17,18,N/A,0;;
2026-08-03T17:13:44Z	card0,99,17,16,N/A,0;;
2026-08-03T17:13:45Z	card0,100,17,15,N/A,0;;
2026-08-03T17:13:46Z	card0,100,17,2,N/A,0;;
2026-08-03T17:13:47Z	card0,99,17,31,N/A,0;;
2026-08-03T17:13:48Z	card0,96,17,2,N/A,0;;
2026-08-03T17:13:50Z	card0,98,17,18,N/A,0;;
2026-08-03T17:13:51Z	card0,99,17,5,N/A,0;;
2026-08-03T17:13:52Z	card0,100,17,2,N/A,0;;
2026-08-03T17:13:53Z	card0,100,17,15,N/A,0;;
2026-08-03T17:13:54Z	card0,99,17,15,N/A,0;;
2026-08-03T17:13:55Z	card0,99,17,16,N/A,0;;
2026-08-03T17:13:56Z	card0,100,17,14,N/A,0;;
2026-08-03T17:13:57Z	card0,99,17,5,N/A,0;;
2026-08-03T17:13:59Z	card0,100,17,15,N/A,0;;
2026-08-03T17:14:00Z	card0,99,17,15,N/A,0;;
2026-08-03T17:14:01Z	card0,99,17,13,N/A,0;;
2026-08-03T17:14:02Z	card0,99,17,13,N/A,0;;
2026-08-03T17:14:03Z	card0,99,17,15,N/A,0;;
2026-08-03T17:14:04Z	card0,100,17,16,N/A,0;;
2026-08-03T17:14:05Z	card0,100,17,8,N/A,0;;
2026-08-03T17:14:07Z	card0,100,17,15,N/A,0;;
2026-08-03T17:14:08Z	card0,99,17,17,N/A,0;;
2026-08-03T17:14:09Z	card0,97,17,29,N/A,0;;
2026-08-03T17:14:10Z	card0,99,17,83,N/A,0;;
2026-08-03T17:14:11Z	card0,100,17,2,N/A,0;;
2026-08-03T17:14:12Z	card0,100,17,4,N/A,0;;
2026-08-03T17:14:13Z	card0,99,17,15,N/A,0;;
2026-08-03T17:14:14Z	card0,96,17,30,N/A,0;;
2026-08-03T17:14:16Z	card0,98,17,1,N/A,0;;
2026-08-03T17:14:17Z	card0,97,17,0,N/A,0;;
2026-08-03T17:14:18Z	card0,99,17,16,N/A,0;;
2026-08-03T17:14:19Z	card0,100,17,12,N/A,0;;
2026-08-03T17:14:20Z	card0,100,17,15,N/A,0;;
2026-08-03T17:14:21Z	card0,99,17,35,N/A,0;;
2026-08-03T17:14:22Z	card0,98,17,2,N/A,0;;
2026-08-03T17:14:24Z	card0,96,17,2,N/A,0;;
2026-08-03T17:14:25Z	card0,99,17,4,N/A,0;;
2026-08-03T17:14:26Z	card0,100,17,15,N/A,0;;
2026-08-03T17:14:27Z	card0,100,17,15,N/A,0;;
2026-08-03T17:14:28Z	card0,99,17,12,N/A,0;;
2026-08-03T17:14:29Z	card0,99,17,2,N/A,0;;
2026-08-03T17:14:30Z	card0,95,17,2,N/A,0;;
2026-08-03T17:14:31Z	card0,97,17,84,N/A,0;;
2026-08-03T17:14:33Z	card0,98,17,16,N/A,0;;
2026-08-03T17:14:34Z	card0,94,17,4,N/A,0;;
2026-08-03T17:14:35Z	card0,99,17,20,N/A,0;;
2026-08-03T17:14:36Z	card0,95,17,15,N/A,0;;
2026-08-03T17:14:37Z	card0,98,17,57,N/A,0;;
2026-08-03T17:14:38Z	card0,99,17,0,N/A,0;;
2026-08-03T17:14:39Z	card0,94,17,17,N/A,0;;
2026-08-03T17:14:40Z	card0,96,17,15,N/A,0;;
2026-08-03T17:14:42Z	card0,98,17,15,N/A,0;;
2026-08-03T17:14:43Z	card0,98,17,17,N/A,0;;
2026-08-03T17:14:44Z	card0,98,17,2,N/A,0;;
2026-08-03T17:14:45Z	card0,98,17,15,N/A,0;;
2026-08-03T17:14:46Z	card0,98,17,15,N/A,0;;
2026-08-03T17:14:47Z	card0,98,17,16,N/A,0;;
2026-08-03T17:14:48Z	card0,98,17,2,N/A,0;;
2026-08-03T17:14:50Z	card0,99,17,15,N/A,0;;
2026-08-03T17:14:51Z	card0,98,17,16,N/A,0;;
2026-08-03T17:14:52Z	card0,98,17,7,N/A,0;;
2026-08-03T17:14:53Z	card0,100,17,15,N/A,0;;
2026-08-03T17:14:54Z	card0,99,17,17,N/A,0;;
2026-08-03T17:14:55Z	card0,100,17,13,N/A,0;;
2026-08-03T17:14:56Z	card0,100,17,12,N/A,0;;
2026-08-03T17:14:57Z	card0,98,17,16,N/A,0;;
2026-08-03T17:14:59Z	card0,99,17,5,N/A,0;;
2026-08-03T17:15:00Z	card0,98,17,15,N/A,0;;
2026-08-03T17:15:01Z	card0,99,17,17,N/A,0;;
2026-08-03T17:15:02Z	card0,99,17,2,N/A,0;;
2026-08-03T17:15:03Z	card0,97,17,37,N/A,0;;
2026-08-03T17:15:04Z	card0,100,17,17,N/A,0;;
2026-08-03T17:15:05Z	card0,98,17,14,N/A,0;;
2026-08-03T17:15:07Z	card0,99,17,2,N/A,0;;
2026-08-03T17:15:08Z	card0,99,17,13,N/A,0;;
2026-08-03T17:15:09Z	card0,90,17,14,N/A,0;;
2026-08-03T17:15:10Z	card0,99,17,16,N/A,0;;
2026-08-03T17:15:11Z	card0,99,17,28,N/A,0;;
2026-08-03T17:15:12Z	card0,90,17,14,N/A,0;;
2026-08-03T17:15:13Z	card0,99,17,14,N/A,0;;
2026-08-03T17:15:14Z	card0,99,17,2,N/A,0;;
2026-08-03T17:15:16Z	card0,99,17,1,N/A,0;;
2026-08-03T17:15:17Z	card0,99,17,15,N/A,0;;
2026-08-03T17:15:18Z	card0,100,17,16,N/A,0;;
2026-08-03T17:15:19Z	card0,99,17,15,N/A,0;;
2026-08-03T17:15:20Z	card0,89,17,2,N/A,0;;
2026-08-03T17:15:21Z	card0,99,17,16,N/A,0;;
2026-08-03T17:15:22Z	card0,99,17,2,N/A,0;;
2026-08-03T17:15:23Z	card0,100,17,16,N/A,0;;
2026-08-03T17:15:25Z	card0,99,17,15,N/A,0;;
2026-08-03T17:15:26Z	card0,100,17,16,N/A,0;;
2026-08-03T17:15:27Z	card0,99,17,16,N/A,0;;
2026-08-03T17:15:28Z	card0,90,17,1,N/A,0;;
2026-08-03T17:15:29Z	card0,99,17,37,N/A,0;;
2026-08-03T17:15:30Z	card0,100,17,15,N/A,0;;
2026-08-03T17:15:31Z	card0,100,17,15,N/A,0;;
2026-08-03T17:15:33Z	card0,99,17,16,N/A,0;;
2026-08-03T17:15:34Z	card0,100,17,16,N/A,0;;
2026-08-03T17:15:35Z	card0,99,17,73,N/A,0;;
2026-08-03T17:15:36Z	card0,100,17,16,N/A,0;;
2026-08-03T17:15:37Z	card0,100,17,15,N/A,0;;
2026-08-03T17:15:38Z	card0,99,17,15,N/A,0;;
2026-08-03T17:15:39Z	card0,99,17,17,N/A,0;;
2026-08-03T17:15:40Z	card0,100,17,15,N/A,0;;
2026-08-03T17:15:42Z	card0,99,17,17,N/A,0;;
2026-08-03T17:15:43Z	card0,100,17,1,N/A,0;;
2026-08-03T17:15:44Z	card0,100,17,15,N/A,0;;
2026-08-03T17:15:45Z	card0,99,17,15,N/A,0;;
2026-08-03T17:15:46Z	card0,100,17,16,N/A,0;;
2026-08-03T17:15:47Z	card0,99,17,54,N/A,0;;
2026-08-03T17:15:48Z	card0,100,17,5,N/A,0;;
2026-08-03T17:15:49Z	card0,100,17,3,N/A,0;;
2026-08-03T17:15:51Z	card0,100,17,5,N/A,0;;
2026-08-03T17:15:52Z	card0,99,17,17,N/A,0;;
2026-08-03T17:15:53Z	card0,100,17,15,N/A,0;;
2026-08-03T17:15:54Z	card0,99,17,13,N/A,0;;
2026-08-03T17:15:55Z	card0,98,17,16,N/A,0;;
2026-08-03T17:15:56Z	card0,100,17,4,N/A,0;;
2026-08-03T17:15:57Z	card0,99,17,15,N/A,0;;
2026-08-03T17:15:59Z	card0,100,17,1,N/A,0;;
2026-08-03T17:16:00Z	card0,100,17,2,N/A,0;;
2026-08-03T17:16:01Z	card0,99,17,12,N/A,0;;
2026-08-03T17:16:02Z	card0,99,17,15,N/A,0;;
2026-08-03T17:16:03Z	card0,100,17,15,N/A,0;;
2026-08-03T17:16:04Z	card0,99,17,16,N/A,0;;
2026-08-03T17:16:05Z	card0,100,17,16,N/A,0;;
2026-08-03T17:16:06Z	card0,99,17,85,N/A,0;;
2026-08-03T17:16:08Z	card0,100,17,2,N/A,0;;
2026-08-03T17:16:09Z	card0,100,17,5,N/A,0;;
2026-08-03T17:16:10Z	card0,99,17,16,N/A,0;;
2026-08-03T17:16:11Z	card0,100,17,11,N/A,0;;
2026-08-03T17:16:12Z	card0,100,17,15,N/A,0;;
2026-08-03T17:16:13Z	card0,99,17,17,N/A,0;;
2026-08-03T17:16:14Z	card0,100,17,24,N/A,0;;
2026-08-03T17:16:16Z	card0,100,17,2,N/A,0;;
2026-08-03T17:16:17Z	card0,99,17,2,N/A,0;;
2026-08-03T17:16:18Z	card0,99,17,15,N/A,0;;
2026-08-03T17:16:19Z	card0,98,17,15,N/A,0;;
2026-08-03T17:16:20Z	card0,99,17,16,N/A,0;;
2026-08-03T17:16:21Z	card0,100,17,58,N/A,0;;
2026-08-03T17:16:22Z	card0,100,17,15,N/A,0;;
2026-08-03T17:16:23Z	card0,99,17,2,N/A,0;;
2026-08-03T17:16:25Z	card0,100,17,15,N/A,0;;
2026-08-03T17:16:26Z	card0,99,17,12,N/A,0;;
2026-08-03T17:16:27Z	card0,100,17,4,N/A,0;;
2026-08-03T17:16:28Z	card0,98,17,15,N/A,0;;
2026-08-03T17:16:29Z	card0,99,17,16,N/A,0;;
2026-08-03T17:16:30Z	card0,99,17,16,N/A,0;;
2026-08-03T17:16:31Z	card0,100,17,15,N/A,0;;
2026-08-03T17:16:32Z	card0,100,17,17,N/A,0;;
2026-08-03T17:16:34Z	card0,90,17,3,N/A,0;;
2026-08-03T17:16:35Z	card0,99,17,1,N/A,0;;
2026-08-03T17:16:36Z	card0,100,17,15,N/A,0;;
2026-08-03T17:16:37Z	card0,99,17,17,N/A,0;;
2026-08-03T17:16:38Z	card0,100,17,16,N/A,0;;
2026-08-03T17:16:39Z	card0,100,17,10,N/A,0;;
2026-08-03T17:16:40Z	card0,100,17,2,N/A,0;;
2026-08-03T17:16:42Z	card0,100,17,15,N/A,0;;
2026-08-03T17:16:43Z	card0,100,17,15,N/A,0;;
2026-08-03T17:16:44Z	card0,100,17,16,N/A,0;;
2026-08-03T17:16:45Z	card0,100,17,2,N/A,0;;
2026-08-03T17:16:46Z	card0,100,17,19,N/A,0;;
2026-08-03T17:16:47Z	card0,100,17,15,N/A,0;;
2026-08-03T17:16:48Z	card0,100,17,15,N/A,0;;
2026-08-03T17:16:49Z	card0,99,17,33,N/A,0;;
2026-08-03T17:16:51Z	card0,100,17,36,N/A,0;;
2026-08-03T17:16:52Z	card0,99,17,11,N/A,0;;
2026-08-03T17:16:53Z	card0,100,17,2,N/A,0;;
2026-08-03T17:16:54Z	card0,100,17,15,N/A,0;;
2026-08-03T17:16:55Z	card0,99,17,4,N/A,0;;
2026-08-03T17:16:56Z	card0,99,17,16,N/A,0;;
2026-08-03T17:16:57Z	card0,98,17,15,N/A,0;;
2026-08-03T17:16:59Z	card0,99,17,16,N/A,0;;
2026-08-03T17:17:00Z	card0,100,17,3,N/A,0;;
2026-08-03T17:17:01Z	card0,100,17,2,N/A,0;;
2026-08-03T17:17:02Z	card0,89,17,13,N/A,0;;
2026-08-03T17:17:03Z	card0,90,17,4,N/A,0;;
2026-08-03T17:17:04Z	card0,99,17,15,N/A,0;;
2026-08-03T17:17:05Z	card0,99,17,2,N/A,0;;
2026-08-03T17:17:06Z	card0,100,17,2,N/A,0;;
2026-08-03T17:17:08Z	card0,100,17,16,N/A,0;;
2026-08-03T17:17:09Z	card0,100,17,2,N/A,0;;
2026-08-03T17:17:10Z	card0,100,17,3,N/A,0;;
2026-08-03T17:17:11Z	card0,99,17,15,N/A,0;;
2026-08-03T17:17:12Z	card0,100,17,2,N/A,0;;
2026-08-03T17:17:13Z	card0,100,17,15,N/A,0;;
2026-08-03T17:17:14Z	card0,100,17,24,N/A,0;;
2026-08-03T17:17:15Z	card0,100,17,7,N/A,0;;
2026-08-03T17:17:17Z	card0,100,17,11,N/A,0;;
2026-08-03T17:17:18Z	card0,99,17,2,N/A,0;;
2026-08-03T17:17:19Z	card0,100,17,15,N/A,0;;
2026-08-03T17:17:20Z	card0,100,17,16,N/A,0;;
2026-08-03T17:17:21Z	card0,100,17,15,N/A,0;;
2026-08-03T17:17:22Z	card0,100,17,2,N/A,0;;
2026-08-03T17:17:23Z	card0,99,17,16,N/A,0;;
2026-08-03T17:17:25Z	card0,100,17,73,N/A,0;;
2026-08-03T17:17:26Z	card0,99,17,13,N/A,0;;
2026-08-03T17:17:27Z	card0,100,17,17,N/A,0;;
2026-08-03T17:17:28Z	card0,100,17,5,N/A,0;;
2026-08-03T17:17:29Z	card0,100,17,16,N/A,0;;
2026-08-03T17:17:30Z	card0,99,17,17,N/A,0;;
2026-08-03T17:17:31Z	card0,100,17,15,N/A,0;;
2026-08-03T17:17:32Z	card0,100,17,6,N/A,0;;
2026-08-03T17:17:34Z	card0,100,17,15,N/A,0;;
2026-08-03T17:17:35Z	card0,100,17,1,N/A,0;;
2026-08-03T17:17:36Z	card0,99,17,6,N/A,0;;
2026-08-03T17:17:37Z	card0,100,17,16,N/A,0;;
2026-08-03T17:17:38Z	card0,99,17,4,N/A,0;;
2026-08-03T17:17:39Z	card0,99,17,4,N/A,0;;
2026-08-03T17:17:40Z	card0,100,17,15,N/A,0;;
2026-08-03T17:17:41Z	card0,46,17,7,N/A,0;;
2026-08-03T17:17:43Z	card0,99,17,4,N/A,0;;
2026-08-03T17:17:44Z	card0,100,17,16,N/A,0;;
2026-08-03T17:17:45Z	card0,99,17,16,N/A,0;;
2026-08-03T17:17:46Z	card0,100,17,2,N/A,0;;
2026-08-03T17:17:47Z	card0,100,17,16,N/A,0;;
2026-08-03T17:17:48Z	card0,100,17,1,N/A,0;;
2026-08-03T17:17:49Z	card0,100,17,16,N/A,0;;
2026-08-03T17:17:51Z	card0,99,17,56,N/A,0;;
2026-08-03T17:17:52Z	card0,100,17,15,N/A,0;;
2026-08-03T17:17:53Z	card0,96,17,1,N/A,0;;
2026-08-03T17:17:54Z	card0,100,17,17,N/A,0;;
2026-08-03T17:17:55Z	card0,100,17,15,N/A,0;;
2026-08-03T17:17:56Z	card0,100,17,15,N/A,0;;
2026-08-03T17:17:57Z	card0,99,17,17,N/A,0;;
2026-08-03T17:17:58Z	card0,91,17,14,N/A,0;;
2026-08-03T17:18:00Z	card0,100,17,15,N/A,0;;
2026-08-03T17:18:01Z	card0,99,17,68,N/A,0;;
2026-08-03T17:18:02Z	card0,100,17,1,N/A,0;;
2026-08-03T17:18:03Z	card0,99,17,15,N/A,0;;
2026-08-03T17:18:04Z	card0,96,17,15,N/A,0;;
2026-08-03T17:18:05Z	card0,99,17,32,N/A,0;;
2026-08-03T17:18:06Z	card0,99,17,2,N/A,0;;
2026-08-03T17:18:08Z	card0,99,17,21,N/A,0;;
2026-08-03T17:18:09Z	card0,100,17,2,N/A,0;;
2026-08-03T17:18:10Z	card0,100,17,2,N/A,0;;
2026-08-03T17:18:11Z	card0,99,17,4,N/A,0;;
2026-08-03T17:18:12Z	card0,100,17,2,N/A,0;;
2026-08-03T17:18:13Z	card0,99,17,15,N/A,0;;
2026-08-03T17:18:14Z	card0,100,17,5,N/A,0;;
2026-08-03T17:18:15Z	card0,100,17,3,N/A,0;;
2026-08-03T17:18:17Z	card0,100,17,4,N/A,0;;
2026-08-03T17:18:18Z	card0,99,17,16,N/A,0;;
2026-08-03T17:18:19Z	card0,100,17,15,N/A,0;;
2026-08-03T17:18:20Z	card0,100,17,22,N/A,0;;
2026-08-03T17:18:21Z	card0,100,17,16,N/A,0;;
2026-08-03T17:18:22Z	card0,100,17,2,N/A,0;;
2026-08-03T17:18:23Z	card0,99,17,15,N/A,0;;
2026-08-03T17:18:24Z	card0,100,17,16,N/A,0;;
2026-08-03T17:18:26Z	card0,99,17,81,N/A,0;;
2026-08-03T17:18:27Z	card0,100,17,3,N/A,0;;
2026-08-03T17:18:28Z	card0,100,17,15,N/A,0;;
2026-08-03T17:18:29Z	card0,100,17,3,N/A,0;;
2026-08-03T17:18:30Z	card0,100,17,2,N/A,0;;
2026-08-03T17:18:31Z	card0,100,17,15,N/A,0;;
2026-08-03T17:18:32Z	card0,100,17,5,N/A,0;;
2026-08-03T17:18:34Z	card0,100,17,29,N/A,0;;
2026-08-03T17:18:35Z	card0,100,17,11,N/A,0;;
2026-08-03T17:18:36Z	card0,99,17,22,N/A,0;;
2026-08-03T17:18:37Z	card0,99,17,11,N/A,0;;
2026-08-03T17:18:38Z	card0,99,17,16,N/A,0;;
2026-08-03T17:18:39Z	card0,100,17,16,N/A,0;;
2026-08-03T17:18:40Z	card0,99,17,37,N/A,0;;
2026-08-03T17:18:41Z	card0,98,17,2,N/A,0;;
2026-08-03T17:18:43Z	card0,100,17,15,N/A,0;;
2026-08-03T17:18:44Z	card0,99,17,16,N/A,0;;
2026-08-03T17:18:45Z	card0,100,17,16,N/A,0;;
2026-08-03T17:18:46Z	card0,99,17,15,N/A,0;;
2026-08-03T17:18:47Z	card0,98,17,18,N/A,0;;
2026-08-03T17:18:48Z	card0,97,17,1,N/A,0;;
2026-08-03T17:18:49Z	card0,98,17,15,N/A,0;;
2026-08-03T17:18:51Z	card0,98,17,2,N/A,0;;
2026-08-03T17:18:52Z	card0,99,17,53,N/A,0;;
2026-08-03T17:18:53Z	card0,100,17,2,N/A,0;;
2026-08-03T17:18:54Z	card0,99,17,10,N/A,0;;
2026-08-03T17:18:55Z	card0,99,17,4,N/A,0;;
2026-08-03T17:18:56Z	card0,97,17,4,N/A,0;;
2026-08-03T17:18:57Z	card0,100,17,15,N/A,0;;
2026-08-03T17:18:58Z	card0,99,17,17,N/A,0;;
2026-08-03T17:19:00Z	card0,100,17,15,N/A,0;;
2026-08-03T17:19:01Z	card0,99,17,8,N/A,0;;
2026-08-03T17:19:02Z	card0,98,17,15,N/A,0;;
2026-08-03T17:19:03Z	card0,100,17,16,N/A,0;;
2026-08-03T17:19:04Z	card0,99,17,15,N/A,0;;
2026-08-03T17:19:05Z	card0,100,17,2,N/A,0;;
2026-08-03T17:19:06Z	card0,100,17,15,N/A,0;;
2026-08-03T17:19:08Z	card0,98,17,16,N/A,0;;
2026-08-03T17:19:09Z	card0,98,17,15,N/A,0;;
2026-08-03T17:19:10Z	card0,100,17,15,N/A,0;;
2026-08-03T17:19:11Z	card0,99,17,16,N/A,0;;
2026-08-03T17:19:12Z	card0,100,17,16,N/A,0;;
2026-08-03T17:19:13Z	card0,99,17,15,N/A,0;;
2026-08-03T17:19:14Z	card0,97,17,16,N/A,0;;
2026-08-03T17:19:15Z	card0,99,17,15,N/A,0;;
2026-08-03T17:19:17Z	card0,98,17,15,N/A,0;;
2026-08-03T17:19:18Z	card0,98,17,55,N/A,0;;
2026-08-03T17:19:19Z	card0,99,17,56,N/A,0;;
2026-08-03T17:19:20Z	card0,95,17,15,N/A,0;;
2026-08-03T17:19:21Z	card0,97,17,38,N/A,0;;
2026-08-03T17:19:22Z	card0,99,17,16,N/A,0;;
2026-08-03T17:19:23Z	card0,100,17,15,N/A,0;;
2026-08-03T17:19:24Z	card0,100,17,15,N/A,0;;
2026-08-03T17:19:26Z	card0,99,17,16,N/A,0;;
2026-08-03T17:19:27Z	card0,98,17,16,N/A,0;;
2026-08-03T17:19:28Z	card0,98,17,2,N/A,0;;
2026-08-03T17:19:29Z	card0,99,17,9,N/A,0;;
2026-08-03T17:19:30Z	card0,98,17,15,N/A,0;;
2026-08-03T17:19:31Z	card0,99,17,2,N/A,0;;
2026-08-03T17:19:32Z	card0,98,17,19,N/A,0;;
2026-08-03T17:19:34Z	card0,99,17,1,N/A,0;;
2026-08-03T17:19:35Z	card0,95,17,15,N/A,0;;
2026-08-03T17:19:36Z	card0,99,17,78,N/A,0;;
2026-08-03T17:19:37Z	card0,97,17,16,N/A,0;;
2026-08-03T17:19:38Z	card0,98,17,15,N/A,0;;
2026-08-03T17:19:39Z	card0,99,17,15,N/A,0;;
2026-08-03T17:19:40Z	card0,98,17,15,N/A,0;;
2026-08-03T17:19:41Z	card0,99,17,16,N/A,0;;
2026-08-03T17:19:43Z	card0,98,17,15,N/A,0;;
2026-08-03T17:19:44Z	card0,99,17,16,N/A,0;;
2026-08-03T17:19:45Z	card0,99,17,0,N/A,0;;
2026-08-03T17:19:46Z	card0,98,17,5,N/A,0;;
2026-08-03T17:19:47Z	card0,100,17,78,N/A,0;;
2026-08-03T17:19:48Z	card0,99,17,2,N/A,0;;
2026-08-03T17:19:49Z	card0,99,17,15,N/A,0;;
2026-08-03T17:19:50Z	card0,99,17,74,N/A,0;;
2026-08-03T17:19:52Z	card0,99,17,2,N/A,0;;
2026-08-03T17:19:53Z	card0,98,17,15,N/A,0;;
2026-08-03T17:19:54Z	card0,99,17,15,N/A,0;;
2026-08-03T17:19:55Z	card0,97,17,16,N/A,0;;
2026-08-03T17:19:56Z	card0,100,17,15,N/A,0;;
2026-08-03T17:19:57Z	card0,99,17,20,N/A,0;;
2026-08-03T17:19:58Z	card0,100,17,1,N/A,0;;
2026-08-03T17:20:00Z	card0,100,17,2,N/A,0;;
2026-08-03T17:20:01Z	card0,98,17,16,N/A,0;;
2026-08-03T17:20:02Z	card0,99,17,1,N/A,0;;
2026-08-03T17:20:03Z	card0,99,17,10,N/A,0;;
2026-08-03T17:20:04Z	card0,100,17,53,N/A,0;;
2026-08-03T17:20:05Z	card0,100,17,7,N/A,0;;
2026-08-03T17:20:06Z	card0,99,17,13,N/A,0;;
2026-08-03T17:20:07Z	card0,99,17,17,N/A,0;;
2026-08-03T17:20:09Z	card0,100,17,15,N/A,0;;
2026-08-03T17:20:10Z	card0,99,17,49,N/A,0;;
2026-08-03T17:20:11Z	card0,100,17,15,N/A,0;;
2026-08-03T17:20:12Z	card0,100,17,4,N/A,0;;
2026-08-03T17:20:13Z	card0,99,17,53,N/A,0;;
2026-08-03T17:20:14Z	card0,100,17,16,N/A,0;;
2026-08-03T17:20:15Z	card0,99,17,16,N/A,0;;
2026-08-03T17:20:17Z	card0,100,17,17,N/A,0;;
2026-08-03T17:20:18Z	card0,100,17,15,N/A,0;;
2026-08-03T17:20:19Z	card0,100,17,15,N/A,0;;
2026-08-03T17:20:20Z	card0,99,17,2,N/A,0;;
2026-08-03T17:20:21Z	card0,100,17,15,N/A,0;;
2026-08-03T17:20:22Z	card0,99,17,20,N/A,0;;
2026-08-03T17:20:23Z	card0,100,17,1,N/A,0;;
2026-08-03T17:20:24Z	card0,100,17,15,N/A,0;;
2026-08-03T17:20:26Z	card0,99,17,16,N/A,0;;
2026-08-03T17:20:27Z	card0,100,17,2,N/A,0;;
2026-08-03T17:20:28Z	card0,100,17,77,N/A,0;;
2026-08-03T17:20:29Z	card0,100,17,16,N/A,0;;
2026-08-03T17:20:30Z	card0,100,17,4,N/A,0;;
2026-08-03T17:20:31Z	card0,99,17,15,N/A,0;;
2026-08-03T17:20:32Z	card0,100,17,16,N/A,0;;
2026-08-03T17:20:33Z	card0,97,17,15,N/A,0;;
2026-08-03T17:20:35Z	card0,98,17,11,N/A,0;;
2026-08-03T17:20:36Z	card0,100,17,16,N/A,0;;
2026-08-03T17:20:37Z	card0,100,17,15,N/A,0;;
2026-08-03T17:20:38Z	card0,90,17,3,N/A,0;;
2026-08-03T17:20:39Z	card0,99,17,15,N/A,0;;
2026-08-03T17:20:40Z	card0,100,17,16,N/A,0;;
2026-08-03T17:20:41Z	card0,99,17,15,N/A,0;;
2026-08-03T17:20:43Z	card0,99,17,11,N/A,0;;
2026-08-03T17:20:44Z	card0,99,17,2,N/A,0;;
2026-08-03T17:20:45Z	card0,100,17,16,N/A,0;;
2026-08-03T17:20:46Z	card0,99,17,16,N/A,0;;
2026-08-03T17:20:47Z	card0,99,17,4,N/A,0;;
2026-08-03T17:20:48Z	card0,100,17,15,N/A,0;;
2026-08-03T17:20:49Z	card0,100,17,66,N/A,0;;
2026-08-03T17:20:50Z	card0,100,17,4,N/A,0;;
2026-08-03T17:20:52Z	card0,89,17,14,N/A,0;;
2026-08-03T17:20:53Z	card0,100,17,15,N/A,0;;
2026-08-03T17:20:54Z	card0,99,17,17,N/A,0;;
2026-08-03T17:20:55Z	card0,100,17,2,N/A,0;;
2026-08-03T17:20:56Z	card0,99,17,16,N/A,0;;
2026-08-03T17:20:57Z	card0,99,17,3,N/A,0;;
2026-08-03T17:20:58Z	card0,100,17,15,N/A,0;;
2026-08-03T17:21:00Z	card0,99,17,86,N/A,0;;
2026-08-03T17:21:01Z	card0,100,17,2,N/A,0;;
2026-08-03T17:21:02Z	card0,99,17,12,N/A,0;;
2026-08-03T17:21:03Z	card0,98,17,3,N/A,0;;
2026-08-03T17:21:04Z	card0,100,17,15,N/A,0;;
2026-08-03T17:21:05Z	card0,100,17,2,N/A,0;;
2026-08-03T17:21:06Z	card0,99,17,25,N/A,0;;
2026-08-03T17:21:07Z	card0,100,17,15,N/A,0;;
2026-08-03T17:21:09Z	card0,99,17,11,N/A,0;;
2026-08-03T17:21:10Z	card0,100,17,2,N/A,0;;
2026-08-03T17:21:11Z	card0,100,17,15,N/A,0;;
2026-08-03T17:21:12Z	card0,99,17,1,N/A,0;;
2026-08-03T17:21:13Z	card0,100,17,16,N/A,0;;
2026-08-03T17:21:14Z	card0,100,17,15,N/A,0;;
2026-08-03T17:21:15Z	card0,99,17,7,N/A,0;;
2026-08-03T17:21:16Z	card0,100,17,15,N/A,0;;
2026-08-03T17:21:18Z	card0,100,17,16,N/A,0;;
2026-08-03T17:21:19Z	card0,99,17,15,N/A,0;;
2026-08-03T17:21:20Z	card0,100,17,15,N/A,0;;
2026-08-03T17:21:21Z	card0,99,17,44,N/A,0;;
2026-08-03T17:21:22Z	card0,100,17,2,N/A,0;;
2026-08-03T17:21:23Z	card0,100,17,2,N/A,0;;
2026-08-03T17:21:24Z	card0,99,17,28,N/A,0;;
2026-08-03T17:21:26Z	card0,99,17,16,N/A,0;;
2026-08-03T17:21:27Z	card0,99,17,11,N/A,0;;
2026-08-03T17:21:28Z	card0,100,17,22,N/A,0;;
2026-08-03T17:21:29Z	card0,100,17,15,N/A,0;;
2026-08-03T17:21:30Z	card0,100,17,4,N/A,0;;
2026-08-03T17:21:31Z	card0,98,17,61,N/A,0;;
2026-08-03T17:21:32Z	card0,100,17,2,N/A,0;;
2026-08-03T17:21:33Z	card0,99,17,44,N/A,0;;
2026-08-03T17:21:35Z	card0,100,17,1,N/A,0;;
2026-08-03T17:21:36Z	card0,100,17,38,N/A,0;;
2026-08-03T17:21:37Z	card0,99,17,15,N/A,0;;
2026-08-03T17:21:38Z	card0,99,17,16,N/A,0;;
2026-08-03T17:21:39Z	card0,89,17,2,N/A,0;;
2026-08-03T17:21:40Z	card0,99,17,15,N/A,0;;
2026-08-03T17:21:41Z	card0,99,17,16,N/A,0;;
2026-08-03T17:21:42Z	card0,99,17,2,N/A,0;;
2026-08-03T17:21:44Z	card0,97,17,15,N/A,0;;
2026-08-03T17:21:45Z	card0,99,17,4,N/A,0;;
2026-08-03T17:21:46Z	card0,100,17,2,N/A,0;;
2026-08-03T17:21:47Z	card0,100,17,2,N/A,0;;
2026-08-03T17:21:48Z	card0,99,17,14,N/A,0;;
2026-08-03T17:21:49Z	card0,84,17,1,N/A,0;;
2026-08-03T17:21:50Z	card0,97,17,16,N/A,0;;
2026-08-03T17:21:52Z	card0,98,17,15,N/A,0;;
2026-08-03T17:21:53Z	card0,97,17,18,N/A,0;;
2026-08-03T17:21:54Z	card0,98,17,15,N/A,0;;
2026-08-03T17:21:55Z	card0,97,17,2,N/A,0;;
2026-08-03T17:21:56Z	card0,99,17,1,N/A,0;;
2026-08-03T17:21:57Z	card0,98,17,1,N/A,0;;
2026-08-03T17:21:58Z	card0,98,17,16,N/A,0;;
2026-08-03T17:21:59Z	card0,97,17,46,N/A,0;;
2026-08-03T17:22:01Z	card0,99,17,15,N/A,0;;
2026-08-03T17:22:02Z	card0,97,17,15,N/A,0;;
2026-08-03T17:22:03Z	card0,98,17,0,N/A,0;;
2026-08-03T17:22:04Z	card0,99,17,19,N/A,0;;
2026-08-03T17:22:05Z	card0,98,17,15,N/A,0;;
2026-08-03T17:22:06Z	card0,95,17,15,N/A,0;;
2026-08-03T17:22:07Z	card0,95,17,16,N/A,0;;
2026-08-03T17:22:09Z	card0,97,17,16,N/A,0;;
2026-08-03T17:22:10Z	card0,100,17,5,N/A,0;;
2026-08-03T17:22:11Z	card0,100,17,3,N/A,0;;
2026-08-03T17:22:12Z	card0,100,17,16,N/A,0;;
2026-08-03T17:22:13Z	card0,99,17,13,N/A,0;;
2026-08-03T17:22:14Z	card0,98,17,15,N/A,0;;
2026-08-03T17:22:15Z	card0,98,17,15,N/A,0;;
2026-08-03T17:22:16Z	card0,100,17,36,N/A,0;;
2026-08-03T17:22:18Z	card0,99,17,15,N/A,0;;
2026-08-03T17:22:19Z	card0,100,17,16,N/A,0;;
2026-08-03T17:22:20Z	card0,99,17,20,N/A,0;;
2026-08-03T17:22:21Z	card0,98,17,3,N/A,0;;
2026-08-03T17:22:22Z	card0,100,17,9,N/A,0;;
2026-08-03T17:22:23Z	card0,100,17,15,N/A,0;;
2026-08-03T17:22:24Z	card0,99,17,17,N/A,0;;
2026-08-03T17:22:25Z	card0,100,17,15,N/A,0;;
2026-08-03T17:22:27Z	card0,97,17,47,N/A,0;;
2026-08-03T17:22:28Z	card0,97,17,16,N/A,0;;
2026-08-03T17:22:29Z	card0,100,17,11,N/A,0;;
2026-08-03T17:22:30Z	card0,100,17,15,N/A,0;;
2026-08-03T17:22:31Z	card0,99,17,17,N/A,0;;
2026-08-03T17:22:32Z	card0,100,17,15,N/A,0;;
2026-08-03T17:22:33Z	card0,99,17,16,N/A,0;;
2026-08-03T17:22:35Z	card0,98,17,15,N/A,0;;
2026-08-03T17:22:36Z	card0,99,17,5,N/A,0;;
2026-08-03T17:22:37Z	card0,98,17,13,N/A,0;;
2026-08-03T17:22:38Z	card0,97,17,22,N/A,0;;
2026-08-03T17:22:39Z	card0,99,17,15,N/A,0;;
2026-08-03T17:22:40Z	card0,99,17,42,N/A,0;;
2026-08-03T17:22:41Z	card0,100,17,2,N/A,0;;
2026-08-03T17:22:42Z	card0,100,17,15,N/A,0;;
2026-08-03T17:22:44Z	card0,99,17,4,N/A,0;;
2026-08-03T17:22:45Z	card0,89,17,11,N/A,0;;
2026-08-03T17:22:46Z	card0,89,17,1,N/A,0;;
2026-08-03T17:22:47Z	card0,99,17,29,N/A,0;;
2026-08-03T17:22:48Z	card0,100,17,16,N/A,0;;
2026-08-03T17:22:49Z	card0,99,17,17,N/A,0;;
2026-08-03T17:22:50Z	card0,100,17,67,N/A,0;;
2026-08-03T17:22:52Z	card0,100,17,5,N/A,0;;
2026-08-03T17:22:53Z	card0,99,17,3,N/A,0;;
2026-08-03T17:22:54Z	card0,98,17,16,N/A,0;;
2026-08-03T17:22:55Z	card0,99,17,2,N/A,0;;
2026-08-03T17:22:56Z	card0,100,17,5,N/A,0;;
2026-08-03T17:22:57Z	card0,100,17,15,N/A,0;;
2026-08-03T17:22:58Z	card0,100,17,15,N/A,0;;
2026-08-03T17:22:59Z	card0,99,17,61,N/A,0;;
2026-08-03T17:23:01Z	card0,100,17,16,N/A,0;;
2026-08-03T17:23:02Z	card0,98,17,17,N/A,0;;
2026-08-03T17:23:03Z	card0,100,17,2,N/A,0;;
2026-08-03T17:23:04Z	card0,100,17,15,N/A,0;;
2026-08-03T17:23:05Z	card0,100,17,3,N/A,0;;
2026-08-03T17:23:06Z	card0,100,17,16,N/A,0;;
2026-08-03T17:23:07Z	card0,100,17,15,N/A,0;;
2026-08-03T17:23:08Z	card0,99,17,8,N/A,0;;
2026-08-03T17:23:10Z	card0,100,17,10,N/A,0;;
2026-08-03T17:23:11Z	card0,100,17,2,N/A,0;;
2026-08-03T17:23:12Z	card0,99,17,2,N/A,0;;
2026-08-03T17:23:13Z	card0,100,17,2,N/A,0;;
2026-08-03T17:23:14Z	card0,99,17,83,N/A,0;;
2026-08-03T17:23:15Z	card0,100,17,3,N/A,0;;
2026-08-03T17:23:16Z	card0,100,17,4,N/A,0;;
2026-08-03T17:23:18Z	card0,99,17,28,N/A,0;;
2026-08-03T17:23:19Z	card0,100,17,16,N/A,0;;
2026-08-03T17:23:20Z	card0,99,17,15,N/A,0;;
2026-08-03T17:23:21Z	card0,99,17,17,N/A,0;;
2026-08-03T17:23:22Z	card0,98,17,15,N/A,0;;
2026-08-03T17:23:23Z	card0,99,17,4,N/A,0;;
2026-08-03T17:23:24Z	card0,99,17,67,N/A,0;;
2026-08-03T17:23:25Z	card0,100,17,16,N/A,0;;
2026-08-03T17:23:27Z	card0,99,17,16,N/A,0;;
2026-08-03T17:23:28Z	card0,100,17,16,N/A,0;;
2026-08-03T17:23:29Z	card0,100,17,42,N/A,0;;
2026-08-03T17:23:30Z	card0,99,17,15,N/A,0;;
2026-08-03T17:23:31Z	card0,98,17,16,N/A,0;;
2026-08-03T17:23:32Z	card0,99,17,15,N/A,0;;
2026-08-03T17:23:33Z	card0,90,17,14,N/A,0;;
2026-08-03T17:23:34Z	card0,99,17,33,N/A,0;;
2026-08-03T17:23:36Z	card0,99,17,16,N/A,0;;
2026-08-03T17:23:37Z	card0,90,17,2,N/A,0;;
2026-08-03T17:23:38Z	card0,100,17,4,N/A,0;;
2026-08-03T17:23:39Z	card0,98,17,2,N/A,0;;
2026-08-03T17:23:40Z	card0,99,17,17,N/A,0;;
2026-08-03T17:23:41Z	card0,99,17,15,N/A,0;;
2026-08-03T17:23:42Z	card0,98,17,16,N/A,0;;
2026-08-03T17:23:44Z	card0,100,17,16,N/A,0;;
2026-08-03T17:23:45Z	card0,99,17,38,N/A,0;;
2026-08-03T17:23:46Z	card0,98,17,15,N/A,0;;
2026-08-03T17:23:47Z	card0,99,17,16,N/A,0;;
2026-08-03T17:23:48Z	card0,99,17,15,N/A,0;;
2026-08-03T17:23:49Z	card0,89,17,14,N/A,0;;
2026-08-03T17:23:50Z	card0,99,17,16,N/A,0;;
2026-08-03T17:23:51Z	card0,99,17,1,N/A,0;;
2026-08-03T17:23:53Z	card0,99,17,15,N/A,0;;
2026-08-03T17:23:54Z	card0,92,17,15,N/A,0;;
2026-08-03T17:23:55Z	card0,99,17,15,N/A,0;;
2026-08-03T17:23:56Z	card0,100,17,2,N/A,0;;
2026-08-03T17:23:57Z	card0,99,17,6,N/A,0;;
2026-08-03T17:23:58Z	card0,90,17,14,N/A,0;;
2026-08-03T17:23:59Z	card0,99,17,17,N/A,0;;
2026-08-03T17:24:01Z	card0,99,17,15,N/A,0;;
2026-08-03T17:24:02Z	card0,98,17,15,N/A,0;;
2026-08-03T17:24:03Z	card0,99,17,15,N/A,0;;
2026-08-03T17:24:04Z	card0,99,17,16,N/A,0;;
2026-08-03T17:24:05Z	card0,99,17,11,N/A,0;;
2026-08-03T17:24:06Z	card0,99,17,17,N/A,0;;
2026-08-03T17:24:07Z	card0,98,17,15,N/A,0;;
2026-08-03T17:24:08Z	card0,99,17,3,N/A,0;;
2026-08-03T17:24:10Z	card0,99,17,16,N/A,0;;
2026-08-03T17:24:11Z	card0,100,17,54,N/A,0;;
2026-08-03T17:24:12Z	card0,99,17,21,N/A,0;;
2026-08-03T17:24:13Z	card0,90,17,3,N/A,0;;
2026-08-03T17:24:14Z	card0,100,17,5,N/A,0;;
2026-08-03T17:24:15Z	card0,99,17,32,N/A,0;;
2026-08-03T17:24:16Z	card0,100,17,10,N/A,0;;
2026-08-03T17:24:17Z	card0,99,17,17,N/A,0;;
2026-08-03T17:24:19Z	card0,100,17,15,N/A,0;;
2026-08-03T17:24:20Z	card0,100,17,67,N/A,0;;
2026-08-03T17:24:21Z	card0,100,17,4,N/A,0;;
2026-08-03T17:24:22Z	card0,100,17,15,N/A,0;;
2026-08-03T17:24:23Z	card0,99,17,37,N/A,0;;
2026-08-03T17:24:24Z	card0,100,17,16,N/A,0;;
2026-08-03T17:24:25Z	card0,100,17,16,N/A,0;;
2026-08-03T17:24:27Z	card0,100,17,17,N/A,0;;
2026-08-03T17:24:28Z	card0,100,17,4,N/A,0;;
2026-08-03T17:24:29Z	card0,100,17,2,N/A,0;;
2026-08-03T17:24:30Z	card0,100,17,16,N/A,0;;
2026-08-03T17:24:31Z	card0,100,17,15,N/A,0;;
2026-08-03T17:24:32Z	card0,100,17,16,N/A,0;;
2026-08-03T17:24:33Z	card0,100,17,15,N/A,0;;
2026-08-03T17:24:34Z	card0,100,17,15,N/A,0;;
2026-08-03T17:24:36Z	card0,99,17,31,N/A,0;;
2026-08-03T17:24:37Z	card0,99,17,15,N/A,0;;
2026-08-03T17:24:38Z	card0,90,17,14,N/A,0;;
2026-08-03T17:24:39Z	card0,99,17,24,N/A,0;;
2026-08-03T17:24:40Z	card0,100,17,28,N/A,0;;
2026-08-03T17:24:41Z	card0,100,17,15,N/A,0;;
2026-08-03T17:24:42Z	card0,99,17,15,N/A,0;;
2026-08-03T17:24:44Z	card0,99,17,2,N/A,0;;
2026-08-03T17:24:45Z	card0,100,17,15,N/A,0;;
2026-08-03T17:24:46Z	card0,99,17,17,N/A,0;;
2026-08-03T17:24:47Z	card0,100,17,15,N/A,0;;
2026-08-03T17:24:48Z	card0,100,17,15,N/A,0;;
2026-08-03T17:24:49Z	card0,99,17,89,N/A,0;;
2026-08-03T17:24:50Z	card0,98,17,2,N/A,0;;
2026-08-03T17:24:51Z	card0,99,17,15,N/A,0;;
2026-08-03T17:24:53Z	card0,100,17,4,N/A,0;;
2026-08-03T17:24:54Z	card0,100,17,26,N/A,0;;
2026-08-03T17:24:55Z	card0,100,17,17,N/A,0;;
2026-08-03T17:24:56Z	card0,99,17,23,N/A,0;;
2026-08-03T17:24:57Z	card0,100,17,15,N/A,0;;
2026-08-03T17:24:58Z	card0,99,17,17,N/A,0;;
2026-08-03T17:24:59Z	card0,100,17,15,N/A,0;;
2026-08-03T17:25:00Z	card0,100,17,2,N/A,0;;
2026-08-03T17:25:02Z	card0,99,17,15,N/A,0;;
2026-08-03T17:25:03Z	card0,100,17,16,N/A,0;;
2026-08-03T17:25:04Z	card0,99,17,16,N/A,0;;
2026-08-03T17:25:05Z	card0,100,17,16,N/A,0;;
2026-08-03T17:25:06Z	card0,100,17,73,N/A,0;;
2026-08-03T17:25:07Z	card0,99,17,15,N/A,0;;
2026-08-03T17:25:08Z	card0,99,17,16,N/A,0;;
2026-08-03T17:25:10Z	card0,100,17,15,N/A,0;;
2026-08-03T17:25:11Z	card0,99,17,6,N/A,0;;
2026-08-03T17:25:12Z	card0,100,17,2,N/A,0;;
2026-08-03T17:25:13Z	card0,100,17,2,N/A,0;;
2026-08-03T17:25:14Z	card0,99,17,16,N/A,0;;
2026-08-03T17:25:15Z	card0,100,17,2,N/A,0;;
2026-08-03T17:25:16Z	card0,99,17,16,N/A,0;;
2026-08-03T17:25:17Z	card0,99,17,2,N/A,0;;
2026-08-03T17:25:19Z	card0,90,17,14,N/A,0;;
2026-08-03T17:25:20Z	card0,99,17,15,N/A,0;;
2026-08-03T17:25:21Z	card0,100,17,15,N/A,0;;
2026-08-03T17:25:22Z	card0,99,17,17,N/A,0;;
2026-08-03T17:25:23Z	card0,100,17,64,N/A,0;;
2026-08-03T17:25:24Z	card0,99,17,16,N/A,0;;
2026-08-03T17:25:25Z	card0,100,17,16,N/A,0;;
2026-08-03T17:25:27Z	card0,100,17,2,N/A,0;;
2026-08-03T17:25:28Z	card0,99,17,6,N/A,0;;
2026-08-03T17:25:29Z	card0,100,17,16,N/A,0;;
2026-08-03T17:25:30Z	card0,99,17,16,N/A,0;;
2026-08-03T17:25:31Z	card0,99,17,16,N/A,0;;
2026-08-03T17:25:32Z	card0,99,17,15,N/A,0;;
2026-08-03T17:25:33Z	card0,100,17,15,N/A,0;;
2026-08-03T17:25:34Z	card0,99,17,2,N/A,0;;
2026-08-03T17:25:36Z	card0,100,17,2,N/A,0;;
2026-08-03T17:25:37Z	card0,99,17,19,N/A,0;;
2026-08-03T17:25:38Z	card0,100,17,16,N/A,0;;
2026-08-03T17:25:39Z	card0,100,17,15,N/A,0;;
2026-08-03T17:25:40Z	card0,99,17,6,N/A,0;;
2026-08-03T17:25:41Z	card0,100,17,16,N/A,0;;
2026-08-03T17:25:42Z	card0,99,17,15,N/A,0;;
2026-08-03T17:25:43Z	card0,100,17,5,N/A,0;;
2026-08-03T17:25:45Z	card0,100,17,15,N/A,0;;
2026-08-03T17:25:46Z	card0,100,17,78,N/A,0;;
2026-08-03T17:25:47Z	card0,99,17,2,N/A,0;;
2026-08-03T17:25:48Z	card0,100,17,38,N/A,0;;
2026-08-03T17:25:49Z	card0,99,17,17,N/A,0;;
2026-08-03T17:25:50Z	card0,100,17,2,N/A,0;;
2026-08-03T17:25:51Z	card0,100,17,15,N/A,0;;
2026-08-03T17:25:53Z	card0,99,17,79,N/A,0;;
2026-08-03T17:25:54Z	card0,100,17,2,N/A,0;;
2026-08-03T17:25:55Z	card0,100,17,16,N/A,0;;
2026-08-03T17:25:56Z	card0,100,17,16,N/A,0;;
2026-08-03T17:25:57Z	card0,100,17,35,N/A,0;;
2026-08-03T17:25:58Z	card0,99,17,6,N/A,0;;
2026-08-03T17:25:59Z	card0,100,17,17,N/A,0;;
2026-08-03T17:26:00Z	card0,100,17,15,N/A,0;;
2026-08-03T17:26:02Z	card0,99,17,3,N/A,0;;
2026-08-03T17:26:03Z	card0,100,17,15,N/A,0;;
2026-08-03T17:26:04Z	card0,89,17,2,N/A,0;;
2026-08-03T17:26:05Z	card0,99,17,2,N/A,0;;
2026-08-03T17:26:06Z	card0,99,17,1,N/A,0;;
2026-08-03T17:26:07Z	card0,100,17,3,N/A,0;;
2026-08-03T17:26:08Z	card0,99,17,15,N/A,0;;
2026-08-03T17:26:10Z	card0,100,17,22,N/A,0;;
2026-08-03T17:26:11Z	card0,98,17,0,N/A,0;;
2026-08-03T17:26:12Z	card0,100,17,2,N/A,0;;
2026-08-03T17:26:13Z	card0,99,17,1,N/A,0;;
2026-08-03T17:26:14Z	card0,100,17,13,N/A,0;;
2026-08-03T17:26:15Z	card0,100,17,16,N/A,0;;
2026-08-03T17:26:16Z	card0,100,17,16,N/A,0;;
2026-08-03T17:26:17Z	card0,100,17,15,N/A,0;;
2026-08-03T17:26:19Z	card0,99,17,16,N/A,0;;
2026-08-03T17:26:20Z	card0,100,17,4,N/A,0;;
2026-08-03T17:26:21Z	card0,100,17,15,N/A,0;;
2026-08-03T17:26:22Z	card0,100,17,48,N/A,0;;
2026-08-03T17:26:23Z	card0,100,17,15,N/A,0;;
2026-08-03T17:26:24Z	card0,45,17,4,N/A,0;;
2026-08-03T17:26:25Z	card0,89,17,24,N/A,0;;
2026-08-03T17:26:26Z	card0,100,17,15,N/A,0;;
2026-08-03T17:26:28Z	card0,100,17,1,N/A,0;;
2026-08-03T17:26:29Z	card0,99,17,17,N/A,0;;
2026-08-03T17:26:30Z	card0,100,17,37,N/A,0;;
2026-08-03T17:26:31Z	card0,99,17,16,N/A,0;;
2026-08-03T17:26:32Z	card0,100,17,4,N/A,0;;
2026-08-03T17:26:33Z	card0,100,17,16,N/A,0;;
2026-08-03T17:26:34Z	card0,99,17,16,N/A,0;;
2026-08-03T17:26:36Z	card0,99,17,2,N/A,0;;
2026-08-03T17:26:37Z	card0,100,17,15,N/A,0;;
2026-08-03T17:26:38Z	card0,90,17,2,N/A,0;;
2026-08-03T17:26:39Z	card0,100,17,16,N/A,0;;
2026-08-03T17:26:40Z	card0,100,17,12,N/A,0;;
2026-08-03T17:26:41Z	card0,99,17,15,N/A,0;;
2026-08-03T17:26:42Z	card0,99,17,13,N/A,0;;
2026-08-03T17:26:43Z	card0,99,17,15,N/A,0;;
2026-08-03T17:26:45Z	card0,100,17,11,N/A,0;;
2026-08-03T17:26:46Z	card0,100,17,16,N/A,0;;
2026-08-03T17:26:47Z	card0,100,17,3,N/A,0;;
2026-08-03T17:26:48Z	card0,99,17,16,N/A,0;;
2026-08-03T17:26:49Z	card0,98,17,16,N/A,0;;
2026-08-03T17:26:50Z	card0,99,17,16,N/A,0;;
2026-08-03T17:26:51Z	card0,100,17,17,N/A,0;;
2026-08-03T17:26:52Z	card0,100,17,25,N/A,0;;
2026-08-03T17:26:54Z	card0,99,17,15,N/A,0;;
2026-08-03T17:26:55Z	card0,99,17,17,N/A,0;;
2026-08-03T17:26:56Z	card0,100,17,15,N/A,0;;
2026-08-03T17:26:57Z	card0,99,17,20,N/A,0;;
2026-08-03T17:26:58Z	card0,100,17,15,N/A,0;;
2026-08-03T17:26:59Z	card0,100,17,15,N/A,0;;
2026-08-03T17:27:00Z	card0,99,17,16,N/A,0;;
2026-08-03T17:27:02Z	card0,100,17,16,N/A,0;;
2026-08-03T17:27:03Z	card0,100,17,16,N/A,0;;
2026-08-03T17:27:04Z	card0,100,17,16,N/A,0;;
2026-08-03T17:27:05Z	card0,100,17,15,N/A,0;;
2026-08-03T17:27:06Z	card0,99,17,9,N/A,0;;
2026-08-03T17:27:07Z	card0,100,17,2,N/A,0;;
2026-08-03T17:27:08Z	card0,100,17,2,N/A,0;;
2026-08-03T17:27:09Z	card0,99,17,16,N/A,0;;
2026-08-03T17:27:11Z	card0,100,17,15,N/A,0;;
2026-08-03T17:27:12Z	card0,100,17,15,N/A,0;;
2026-08-03T17:27:13Z	card0,99,17,54,N/A,0;;
2026-08-03T17:27:14Z	card0,100,17,65,N/A,0;;
2026-08-03T17:27:15Z	card0,99,17,17,N/A,0;;
2026-08-03T17:27:16Z	card0,100,17,16,N/A,0;;
2026-08-03T17:27:17Z	card0,100,17,15,N/A,0;;
2026-08-03T17:27:19Z	card0,99,17,25,N/A,0;;
2026-08-03T17:27:20Z	card0,100,17,73,N/A,0;;
2026-08-03T17:27:21Z	card0,99,17,12,N/A,0;;
2026-08-03T17:27:22Z	card0,100,17,2,N/A,0;;
2026-08-03T17:27:23Z	card0,100,17,21,N/A,0;;
2026-08-03T17:27:24Z	card0,100,17,15,N/A,0;;
2026-08-03T17:27:25Z	card0,99,17,17,N/A,0;;
2026-08-03T17:27:26Z	card0,100,17,1,N/A,0;;
2026-08-03T17:27:28Z	card0,100,17,8,N/A,0;;
2026-08-03T17:27:29Z	card0,99,17,15,N/A,0;;
2026-08-03T17:27:30Z	card0,98,17,2,N/A,0;;
2026-08-03T17:27:31Z	card0,99,17,16,N/A,0;;
2026-08-03T17:27:32Z	card0,100,17,16,N/A,0;;
2026-08-03T17:27:33Z	card0,99,17,15,N/A,0;;
2026-08-03T17:27:34Z	card0,100,17,2,N/A,0;;
2026-08-03T17:27:35Z	card0,100,17,37,N/A,0;;
2026-08-03T17:27:37Z	card0,100,17,15,N/A,0;;
2026-08-03T17:27:38Z	card0,99,17,16,N/A,0;;
2026-08-03T17:27:39Z	card0,100,17,1,N/A,0;;
2026-08-03T17:27:40Z	card0,99,17,26,N/A,0;;
2026-08-03T17:27:41Z	card0,100,17,13,N/A,0;;
2026-08-03T17:27:42Z	card0,100,17,2,N/A,0;;
2026-08-03T17:27:43Z	card0,99,17,25,N/A,0;;
2026-08-03T17:27:45Z	card0,100,17,2,N/A,0;;
2026-08-03T17:27:46Z	card0,99,17,16,N/A,0;;
2026-08-03T17:27:47Z	card0,100,17,2,N/A,0;;
2026-08-03T17:27:48Z	card0,100,17,15,N/A,0;;
2026-08-03T17:27:49Z	card0,99,17,3,N/A,0;;
2026-08-03T17:27:50Z	card0,100,17,43,N/A,0;;
2026-08-03T17:27:51Z	card0,99,17,12,N/A,0;;
2026-08-03T17:27:52Z	card0,100,17,5,N/A,0;;
2026-08-03T17:27:54Z	card0,100,17,8,N/A,0;;
2026-08-03T17:27:55Z	card0,100,17,15,N/A,0;;
2026-08-03T17:27:56Z	card0,99,17,2,N/A,0;;
2026-08-03T17:27:57Z	card0,100,17,15,N/A,0;;
2026-08-03T17:27:58Z	card0,100,17,17,N/A,0;;
2026-08-03T17:27:59Z	card0,99,17,2,N/A,0;;
2026-08-03T17:28:00Z	card0,90,17,14,N/A,0;;
2026-08-03T17:28:02Z	card0,99,17,2,N/A,0;;
2026-08-03T17:28:03Z	card0,99,17,5,N/A,0;;
2026-08-03T17:28:04Z	card0,99,17,2,N/A,0;;
2026-08-03T17:28:05Z	card0,99,17,15,N/A,0;;
2026-08-03T17:28:06Z	card0,100,17,5,N/A,0;;
2026-08-03T17:28:07Z	card0,100,17,15,N/A,0;;
2026-08-03T17:28:08Z	card0,100,17,15,N/A,0;;
2026-08-03T17:28:09Z	card0,99,17,1,N/A,0;;
2026-08-03T17:28:11Z	card0,100,17,2,N/A,0;;
2026-08-03T17:28:12Z	card0,99,17,16,N/A,0;;
2026-08-03T17:28:13Z	card0,100,17,16,N/A,0;;
2026-08-03T17:28:14Z	card0,99,17,15,N/A,0;;
2026-08-03T17:28:15Z	card0,99,17,2,N/A,0;;
2026-08-03T17:28:16Z	card0,99,17,16,N/A,0;;
2026-08-03T17:28:17Z	card0,99,17,16,N/A,0;;
2026-08-03T17:28:18Z	card0,100,17,5,N/A,0;;
2026-08-03T17:28:20Z	card0,88,17,85,N/A,0;;
2026-08-03T17:28:21Z	card0,98,17,4,N/A,0;;
2026-08-03T17:28:22Z	card0,100,17,15,N/A,0;;
2026-08-03T17:28:23Z	card0,99,17,15,N/A,0;;
2026-08-03T17:28:24Z	card0,100,17,17,N/A,0;;
2026-08-03T17:28:25Z	card0,99,17,15,N/A,0;;
2026-08-03T17:28:26Z	card0,97,17,16,N/A,0;;
2026-08-03T17:28:28Z	card0,98,17,5,N/A,0;;
2026-08-03T17:28:29Z	card0,100,17,8,N/A,0;;
2026-08-03T17:28:30Z	card0,100,17,15,N/A,0;;
2026-08-03T17:28:31Z	card0,99,17,2,N/A,0;;
2026-08-03T17:28:32Z	card0,100,17,15,N/A,0;;
2026-08-03T17:28:33Z	card0,97,17,11,N/A,0;;
2026-08-03T17:28:34Z	card0,99,17,16,N/A,0;;
2026-08-03T17:28:35Z	card0,99,17,15,N/A,0;;
2026-08-03T17:28:37Z	card0,99,17,1,N/A,0;;
2026-08-03T17:28:38Z	card0,100,17,2,N/A,0;;
2026-08-03T17:28:39Z	card0,100,17,15,N/A,0;;
2026-08-03T17:28:40Z	card0,100,17,16,N/A,0;;
2026-08-03T17:28:41Z	card0,98,17,15,N/A,0;;
2026-08-03T17:28:42Z	card0,98,17,13,N/A,0;;
2026-08-03T17:28:43Z	card0,98,17,15,N/A,0;;
2026-08-03T17:28:44Z	card0,99,17,21,N/A,0;;
2026-08-03T17:28:46Z	card0,97,17,15,N/A,0;;
2026-08-03T17:28:47Z	card0,98,17,2,N/A,0;;
2026-08-03T17:28:48Z	card0,99,17,17,N/A,0;;
2026-08-03T17:28:49Z	card0,100,17,15,N/A,0;;
2026-08-03T17:28:50Z	card0,100,17,16,N/A,0;;
2026-08-03T17:28:51Z	card0,99,17,17,N/A,0;;
2026-08-03T17:28:52Z	card0,100,17,2,N/A,0;;
2026-08-03T17:28:54Z	card0,100,17,74,N/A,0;;
2026-08-03T17:28:55Z	card0,98,17,66,N/A,0;;
2026-08-03T17:28:56Z	card0,99,17,15,N/A,0;;
2026-08-03T17:28:57Z	card0,100,17,10,N/A,0;;
2026-08-03T17:28:58Z	card0,99,17,17,N/A,0;;
2026-08-03T17:28:59Z	card0,100,17,31,N/A,0;;
2026-08-03T17:29:00Z	card0,99,17,49,N/A,0;;
2026-08-03T17:29:01Z	card0,98,17,15,N/A,0;;
2026-08-03T17:29:03Z	card0,99,17,15,N/A,0;;
2026-08-03T17:29:04Z	card0,98,17,12,N/A,0;;
2026-08-03T17:29:05Z	card0,99,17,2,N/A,0;;
2026-08-03T17:29:06Z	card0,98,17,2,N/A,0;;
2026-08-03T17:29:07Z	card0,99,17,16,N/A,0;;
2026-08-03T17:29:08Z	card0,98,17,38,N/A,0;;
2026-08-03T17:29:09Z	card0,98,17,15,N/A,0;;
2026-08-03T17:29:10Z	card0,99,17,0,N/A,0;;
2026-08-03T17:29:12Z	card0,98,17,15,N/A,0;;
2026-08-03T17:29:13Z	card0,99,17,16,N/A,0;;
2026-08-03T17:29:14Z	card0,98,17,15,N/A,0;;
2026-08-03T17:29:15Z	card0,99,17,16,N/A,0;;
2026-08-03T17:29:16Z	card0,100,17,15,N/A,0;;
2026-08-03T17:29:17Z	card0,98,17,1,N/A,0;;
2026-08-03T17:29:18Z	card0,99,17,15,N/A,0;;
2026-08-03T17:29:20Z	card0,90,17,30,N/A,0;;
2026-08-03T17:29:21Z	card0,100,17,16,N/A,0;;
2026-08-03T17:29:22Z	card0,97,17,2,N/A,0;;
2026-08-03T17:29:23Z	card0,99,17,79,N/A,0;;
2026-08-03T17:29:24Z	card0,91,17,14,N/A,0;;
2026-08-03T17:29:25Z	card0,96,17,5,N/A,0;;
2026-08-03T17:29:26Z	card0,100,17,3,N/A,0;;
2026-08-03T17:29:27Z	card0,89,17,4,N/A,0;;
2026-08-03T17:29:29Z	card0,99,17,16,N/A,0;;
2026-08-03T17:29:30Z	card0,99,17,26,N/A,0;;
2026-08-03T17:29:31Z	card0,89,17,14,N/A,0;;
2026-08-03T17:29:32Z	card0,99,17,2,N/A,0;;
2026-08-03T17:29:33Z	card0,100,17,15,N/A,0;;
2026-08-03T17:29:34Z	card0,99,17,16,N/A,0;;
2026-08-03T17:29:35Z	card0,98,17,2,N/A,0;;
2026-08-03T17:29:37Z	card0,100,17,2,N/A,0;;
2026-08-03T17:29:38Z	card0,97,17,15,N/A,0;;
2026-08-03T17:29:39Z	card0,99,17,2,N/A,0;;
2026-08-03T17:29:40Z	card0,100,17,2,N/A,0;;
2026-08-03T17:29:41Z	card0,99,17,82,N/A,0;;
2026-08-03T17:29:42Z	card0,89,17,11,N/A,0;;
2026-08-03T17:29:43Z	card0,99,17,2,N/A,0;;
2026-08-03T17:29:44Z	card0,100,17,15,N/A,0;;
2026-08-03T17:29:46Z	card0,99,17,15,N/A,0;;
2026-08-03T17:29:47Z	card0,100,17,1,N/A,0;;
2026-08-03T17:29:48Z	card0,90,17,2,N/A,0;;
2026-08-03T17:29:49Z	card0,99,17,2,N/A,0;;
2026-08-03T17:29:50Z	card0,99,17,9,N/A,0;;
2026-08-03T17:29:51Z	card0,100,17,2,N/A,0;;
2026-08-03T17:29:52Z	card0,99,17,15,N/A,0;;
2026-08-03T17:29:53Z	card0,98,17,15,N/A,0;;
2026-08-03T17:29:55Z	card0,100,17,2,N/A,0;;
2026-08-03T17:29:56Z	card0,99,17,15,N/A,0;;
2026-08-03T17:29:57Z	card0,99,17,17,N/A,0;;
2026-08-03T17:29:58Z	card0,100,17,17,N/A,0;;
2026-08-03T17:29:59Z	card0,100,17,2,N/A,0;;
2026-08-03T17:30:00Z	card0,99,17,17,N/A,0;;
2026-08-03T17:30:01Z	card0,100,17,2,N/A,0;;
2026-08-03T17:30:03Z	card0,99,17,16,N/A,0;;
2026-08-03T17:30:04Z	card0,100,17,4,N/A,0;;
2026-08-03T17:30:05Z	card0,100,17,2,N/A,0;;
2026-08-03T17:30:06Z	card0,99,17,74,N/A,0;;
2026-08-03T17:30:07Z	card0,100,17,16,N/A,0;;
2026-08-03T17:30:08Z	card0,99,17,15,N/A,0;;
2026-08-03T17:30:09Z	card0,100,17,10,N/A,0;;
2026-08-03T17:30:10Z	card0,100,17,7,N/A,0;;
2026-08-03T17:30:12Z	card0,100,17,10,N/A,0;;
2026-08-03T17:30:13Z	card0,99,17,17,N/A,0;;
2026-08-03T17:30:14Z	card0,100,17,66,N/A,0;;
2026-08-03T17:30:15Z	card0,99,17,40,N/A,0;;
2026-08-03T17:30:16Z	card0,100,17,16,N/A,0;;
2026-08-03T17:30:17Z	card0,98,17,15,N/A,0;;
2026-08-03T17:30:18Z	card0,99,17,15,N/A,0;;
2026-08-03T17:30:20Z	card0,100,17,16,N/A,0;;
2026-08-03T17:30:21Z	card0,99,17,15,N/A,0;;
2026-08-03T17:30:22Z	card0,100,17,17,N/A,0;;
2026-08-03T17:30:23Z	card0,99,17,15,N/A,0;;
2026-08-03T17:30:24Z	card0,100,17,2,N/A,0;;
2026-08-03T17:30:25Z	card0,99,17,17,N/A,0;;
2026-08-03T17:30:26Z	card0,100,17,15,N/A,0;;
2026-08-03T17:30:27Z	card0,99,17,16,N/A,0;;
2026-08-03T17:30:29Z	card0,100,17,15,N/A,0;;
2026-08-03T17:30:30Z	card0,100,17,2,N/A,0;;
2026-08-03T17:30:31Z	card0,99,17,19,N/A,0;;
2026-08-03T17:30:32Z	card0,99,17,55,N/A,0;;
2026-08-03T17:30:33Z	card0,99,17,12,N/A,0;;
2026-08-03T17:30:34Z	card0,100,17,17,N/A,0;;
2026-08-03T17:30:35Z	card0,100,17,15,N/A,0;;
2026-08-03T17:30:36Z	card0,100,17,15,N/A,0;;
2026-08-03T17:30:38Z	card0,100,17,16,N/A,0;;
2026-08-03T17:30:39Z	card0,100,17,2,N/A,0;;
2026-08-03T17:30:40Z	card0,99,17,16,N/A,0;;
2026-08-03T17:30:41Z	card0,100,17,2,N/A,0;;
2026-08-03T17:30:42Z	card0,100,17,15,N/A,0;;
2026-08-03T17:30:43Z	card0,99,17,17,N/A,0;;
2026-08-03T17:30:44Z	card0,100,17,23,N/A,0;;
2026-08-03T17:30:46Z	card0,97,17,3,N/A,0;;
2026-08-03T17:30:47Z	card0,97,17,18,N/A,0;;
2026-08-03T17:30:48Z	card0,97,17,2,N/A,0;;
2026-08-03T17:30:49Z	card0,97,17,15,N/A,0;;
2026-08-03T17:30:50Z	card0,98,17,4,N/A,0;;
2026-08-03T17:30:51Z	card0,99,17,65,N/A,0;;
2026-08-03T17:30:52Z	card0,100,17,2,N/A,0;;
2026-08-03T17:30:53Z	card0,99,17,16,N/A,0;;
2026-08-03T17:30:55Z	card0,99,17,2,N/A,0;;
2026-08-03T17:30:56Z	card0,100,17,15,N/A,0;;
2026-08-03T17:30:57Z	card0,100,17,16,N/A,0;;
2026-08-03T17:30:58Z	card0,99,17,2,N/A,0;;
2026-08-03T17:30:59Z	card0,100,17,15,N/A,0;;
2026-08-03T17:31:00Z	card0,98,17,58,N/A,0;;
2026-08-03T17:31:01Z	card0,99,17,16,N/A,0;;
2026-08-03T17:31:02Z	card0,100,17,15,N/A,0;;
2026-08-03T17:31:04Z	card0,99,17,7,N/A,0;;
2026-08-03T17:31:05Z	card0,97,17,16,N/A,0;;
2026-08-03T17:31:06Z	card0,98,17,15,N/A,0;;
2026-08-03T17:31:07Z	card0,98,17,15,N/A,0;;
2026-08-03T17:31:08Z	card0,97,17,12,N/A,0;;
2026-08-03T17:31:09Z	card0,100,17,12,N/A,0;;
2026-08-03T17:31:10Z	card0,100,17,16,N/A,0;;
2026-08-03T17:31:12Z	card0,99,17,16,N/A,0;;
2026-08-03T17:31:13Z	card0,100,17,2,N/A,0;;
2026-08-03T17:31:14Z	card0,99,17,16,N/A,0;;
2026-08-03T17:31:15Z	card0,98,17,25,N/A,0;;
2026-08-03T17:31:16Z	card0,99,17,12,N/A,0;;
2026-08-03T17:31:17Z	card0,98,17,4,N/A,0;;
2026-08-03T17:31:18Z	card0,98,17,15,N/A,0;;
2026-08-03T17:31:19Z	card0,99,17,16,N/A,0;;
2026-08-03T17:31:21Z	card0,98,17,15,N/A,0;;
2026-08-03T17:31:22Z	card0,99,17,6,N/A,0;;
2026-08-03T17:31:23Z	card0,100,17,2,N/A,0;;
2026-08-03T17:31:24Z	card0,100,17,16,N/A,0;;
2026-08-03T17:31:25Z	card0,99,17,15,N/A,0;;
2026-08-03T17:31:26Z	card0,99,17,16,N/A,0;;
2026-08-03T17:31:27Z	card0,99,17,15,N/A,0;;
2026-08-03T17:31:29Z	card0,90,17,8,N/A,0;;
2026-08-03T17:31:30Z	card0,96,17,16,N/A,0;;
2026-08-03T17:31:31Z	card0,91,17,38,N/A,0;;
2026-08-03T17:31:32Z	card0,99,17,2,N/A,0;;
2026-08-03T17:31:33Z	card0,100,17,50,N/A,0;;
2026-08-03T17:31:34Z	card0,99,17,3,N/A,0;;
2026-08-03T17:31:35Z	card0,100,17,16,N/A,0;;
2026-08-03T17:31:36Z	card0,100,17,10,N/A,0;;
2026-08-03T17:31:38Z	card0,98,17,16,N/A,0;;
2026-08-03T17:31:39Z	card0,99,17,2,N/A,0;;
2026-08-03T17:31:40Z	card0,98,17,15,N/A,0;;
2026-08-03T17:31:41Z	card0,99,17,15,N/A,0;;
2026-08-03T17:31:42Z	card0,99,17,16,N/A,0;;
2026-08-03T17:31:43Z	card0,89,17,7,N/A,0;;
2026-08-03T17:31:44Z	card0,99,17,2,N/A,0;;
2026-08-03T17:31:45Z	card0,90,17,14,N/A,0;;
2026-08-03T17:31:47Z	card0,99,17,77,N/A,0;;
2026-08-03T17:31:48Z	card0,99,17,17,N/A,0;;
2026-08-03T17:31:49Z	card0,89,17,17,N/A,0;;
2026-08-03T17:31:50Z	card0,100,17,15,N/A,0;;
2026-08-03T17:31:51Z	card0,98,17,15,N/A,0;;
2026-08-03T17:31:52Z	card0,99,17,15,N/A,0;;
2026-08-03T17:31:53Z	card0,99,17,16,N/A,0;;
2026-08-03T17:31:55Z	card0,86,17,34,N/A,0;;
2026-08-03T17:31:56Z	card0,99,17,73,N/A,0;;
2026-08-03T17:31:57Z	card0,99,17,15,N/A,0;;
2026-08-03T17:31:58Z	card0,100,17,2,N/A,0;;
2026-08-03T17:31:59Z	card0,100,17,4,N/A,0;;
2026-08-03T17:32:00Z	card0,100,17,3,N/A,0;;
2026-08-03T17:32:01Z	card0,99,17,2,N/A,0;;
2026-08-03T17:32:02Z	card0,98,17,2,N/A,0;;
2026-08-03T17:32:04Z	card0,99,17,83,N/A,0;;
2026-08-03T17:32:05Z	card0,99,17,2,N/A,0;;
2026-08-03T17:32:06Z	card0,99,17,15,N/A,0;;
2026-08-03T17:32:07Z	card0,99,17,5,N/A,0;;
2026-08-03T17:32:08Z	card0,99,17,16,N/A,0;;
2026-08-03T17:32:09Z	card0,99,17,15,N/A,0;;
2026-08-03T17:32:10Z	card0,99,17,17,N/A,0;;
2026-08-03T17:32:12Z	card0,100,17,15,N/A,0;;
2026-08-03T17:32:13Z	card0,100,17,4,N/A,0;;
2026-08-03T17:32:14Z	card0,99,17,16,N/A,0;;
2026-08-03T17:32:15Z	card0,100,17,2,N/A,0;;
2026-08-03T17:32:16Z	card0,99,17,16,N/A,0;;
2026-08-03T17:32:17Z	card0,100,17,16,N/A,0;;
2026-08-03T17:32:18Z	card0,100,17,15,N/A,0;;
2026-08-03T17:32:19Z	card0,100,17,38,N/A,0;;
2026-08-03T17:32:21Z	card0,100,17,16,N/A,0;;
2026-08-03T17:32:22Z	card0,100,17,2,N/A,0;;
2026-08-03T17:32:23Z	card0,99,17,17,N/A,0;;
2026-08-03T17:32:24Z	card0,100,17,14,N/A,0;;
2026-08-03T17:32:25Z	card0,92,17,15,N/A,0;;
2026-08-03T17:32:26Z	card0,96,17,15,N/A,0;;
2026-08-03T17:32:27Z	card0,99,17,6,N/A,0;;
2026-08-03T17:32:28Z	card0,99,17,16,N/A,0;;
2026-08-03T17:32:30Z	card0,99,17,29,N/A,0;;
2026-08-03T17:32:31Z	card0,98,17,16,N/A,0;;
2026-08-03T17:32:32Z	card0,99,17,4,N/A,0;;
2026-08-03T17:32:33Z	card0,100,17,4,N/A,0;;
2026-08-03T17:32:34Z	card0,99,17,87,N/A,0;;
2026-08-03T17:32:35Z	card0,98,17,16,N/A,0;;
2026-08-03T17:32:36Z	card0,99,17,13,N/A,0;;
2026-08-03T17:32:38Z	card0,100,17,17,N/A,0;;
2026-08-03T17:32:39Z	card0,100,17,9,N/A,0;;
2026-08-03T17:32:40Z	card0,99,17,1,N/A,0;;
2026-08-03T17:32:41Z	card0,99,17,2,N/A,0;;
2026-08-03T17:32:42Z	card0,100,17,2,N/A,0;;
2026-08-03T17:32:43Z	card0,99,17,8,N/A,0;;
2026-08-03T17:32:44Z	card0,100,17,4,N/A,0;;
2026-08-03T17:32:45Z	card0,100,17,2,N/A,0;;
2026-08-03T17:32:47Z	card0,90,17,2,N/A,0;;
2026-08-03T17:32:48Z	card0,99,17,66,N/A,0;;
2026-08-03T17:32:49Z	card0,99,17,3,N/A,0;;
2026-08-03T17:32:50Z	card0,99,17,19,N/A,0;;
2026-08-03T17:32:51Z	card0,100,17,54,N/A,0;;
2026-08-03T17:32:52Z	card0,100,17,3,N/A,0;;
2026-08-03T17:32:53Z	card0,100,17,15,N/A,0;;
2026-08-03T17:32:54Z	card0,99,17,2,N/A,0;;
2026-08-03T17:32:56Z	card0,100,17,2,N/A,0;;
2026-08-03T17:32:57Z	card0,99,17,16,N/A,0;;
2026-08-03T17:32:58Z	card0,100,17,15,N/A,0;;
2026-08-03T17:32:59Z	card0,100,17,15,N/A,0;;
2026-08-03T17:33:00Z	card0,99,17,16,N/A,0;;
2026-08-03T17:33:01Z	card0,100,17,2,N/A,0;;
2026-08-03T17:33:02Z	card0,100,17,56,N/A,0;;
2026-08-03T17:33:04Z	card0,100,17,16,N/A,0;;
2026-08-03T17:33:05Z	card0,100,17,15,N/A,0;;
2026-08-03T17:33:06Z	card0,99,17,5,N/A,0;;
2026-08-03T17:33:07Z	card0,100,17,2,N/A,0;;
2026-08-03T17:33:08Z	card0,99,17,19,N/A,0;;
2026-08-03T17:33:09Z	card0,100,17,5,N/A,0;;
2026-08-03T17:33:10Z	card0,100,17,15,N/A,0;;
2026-08-03T17:33:11Z	card0,99,17,15,N/A,0;;
2026-08-03T17:33:13Z	card0,98,17,73,N/A,0;;
2026-08-03T17:33:14Z	card0,100,17,16,N/A,0;;
2026-08-03T17:33:15Z	card0,99,17,16,N/A,0;;
2026-08-03T17:33:16Z	card0,100,17,3,N/A,0;;
2026-08-03T17:33:17Z	card0,100,17,15,N/A,0;;
2026-08-03T17:33:18Z	card0,99,17,5,N/A,0;;
2026-08-03T17:33:19Z	card0,100,17,2,N/A,0;;
2026-08-03T17:33:21Z	card0,100,17,15,N/A,0;;
2026-08-03T17:33:22Z	card0,100,17,5,N/A,0;;
2026-08-03T17:33:23Z	card0,100,17,23,N/A,0;;
2026-08-03T17:33:24Z	card0,100,17,15,N/A,0;;
2026-08-03T17:33:25Z	card0,99,17,2,N/A,0;;
2026-08-03T17:33:26Z	card0,100,17,15,N/A,0;;
2026-08-03T17:33:27Z	card0,99,17,4,N/A,0;;
2026-08-03T17:33:28Z	card0,100,17,2,N/A,0;;
2026-08-03T17:33:30Z	card0,100,17,15,N/A,0;;
2026-08-03T17:33:31Z	card0,99,17,87,N/A,0;;
2026-08-03T17:33:32Z	card0,100,17,2,N/A,0;;
2026-08-03T17:33:33Z	card0,100,17,16,N/A,0;;
2026-08-03T17:33:34Z	card0,100,17,16,N/A,0;;
2026-08-03T17:33:35Z	card0,100,17,2,N/A,0;;
2026-08-03T17:33:36Z	card0,99,17,2,N/A,0;;
2026-08-03T17:33:38Z	card0,100,17,16,N/A,0;;
2026-08-03T17:33:39Z	card0,99,17,15,N/A,0;;
2026-08-03T17:33:40Z	card0,98,17,16,N/A,0;;
2026-08-03T17:33:41Z	card0,99,17,1,N/A,0;;
2026-08-03T17:33:42Z	card0,100,17,15,N/A,0;;
2026-08-03T17:33:43Z	card0,99,17,16,N/A,0;;
2026-08-03T17:33:44Z	card0,100,17,15,N/A,0;;
2026-08-03T17:33:45Z	card0,99,17,54,N/A,0;;
2026-08-03T17:33:47Z	card0,99,17,14,N/A,0;;
2026-08-03T17:33:48Z	card0,99,17,28,N/A,0;;
2026-08-03T17:33:49Z	card0,100,17,15,N/A,0;;
2026-08-03T17:33:50Z	card0,100,17,15,N/A,0;;
2026-08-03T17:33:51Z	card0,99,17,17,N/A,0;;
2026-08-03T17:33:52Z	card0,100,17,3,N/A,0;;
2026-08-03T17:33:53Z	card0,99,17,34,N/A,0;;
2026-08-03T17:33:54Z	card0,100,17,15,N/A,0;;
2026-08-03T17:33:56Z	card0,100,17,15,N/A,0;;
2026-08-03T17:33:57Z	card0,99,17,17,N/A,0;;
2026-08-03T17:33:58Z	card0,100,17,15,N/A,0;;
2026-08-03T17:33:59Z	card0,99,17,47,N/A,0;;
2026-08-03T17:34:00Z	card0,100,17,2,N/A,0;;
2026-08-03T17:34:01Z	card0,100,17,1,N/A,0;;
2026-08-03T17:34:02Z	card0,99,17,67,N/A,0;;
2026-08-03T17:34:04Z	card0,100,17,2,N/A,0;;
2026-08-03T17:34:05Z	card0,100,17,11,N/A,0;;
2026-08-03T17:34:06Z	card0,100,17,17,N/A,0;;
2026-08-03T17:34:07Z	card0,100,17,8,N/A,0;;
2026-08-03T17:34:08Z	card0,100,17,74,N/A,0;;
2026-08-03T17:34:09Z	card0,99,17,17,N/A,0;;
2026-08-03T17:34:10Z	card0,100,17,15,N/A,0;;
2026-08-03T17:34:11Z	card0,99,17,16,N/A,0;;
2026-08-03T17:34:13Z	card0,100,17,15,N/A,0;;
2026-08-03T17:34:14Z	card0,100,17,15,N/A,0;;
2026-08-03T17:34:15Z	card0,99,17,16,N/A,0;;
2026-08-03T17:34:16Z	card0,100,17,2,N/A,0;;
2026-08-03T17:34:17Z	card0,100,17,16,N/A,0;;
2026-08-03T17:34:18Z	card0,100,17,2,N/A,0;;
2026-08-03T17:34:19Z	card0,100,17,15,N/A,0;;
2026-08-03T17:34:21Z	card0,99,17,63,N/A,0;;
2026-08-03T17:34:22Z	card0,100,17,2,N/A,0;;
2026-08-03T17:34:23Z	card0,99,17,67,N/A,0;;
2026-08-03T17:34:24Z	card0,100,17,5,N/A,0;;
2026-08-03T17:34:25Z	card0,100,17,15,N/A,0;;
2026-08-03T17:34:26Z	card0,100,17,15,N/A,0;;
2026-08-03T17:34:27Z	card0,99,17,3,N/A,0;;
2026-08-03T17:34:28Z	card0,100,17,15,N/A,0;;
2026-08-03T17:34:30Z	card0,99,17,17,N/A,0;;
2026-08-03T17:34:31Z	card0,100,17,15,N/A,0;;
2026-08-03T17:34:32Z	card0,100,17,3,N/A,0;;
2026-08-03T17:34:33Z	card0,99,17,65,N/A,0;;
2026-08-03T17:34:34Z	card0,100,17,2,N/A,0;;
2026-08-03T17:34:35Z	card0,100,17,16,N/A,0;;
2026-08-03T17:34:36Z	card0,100,17,2,N/A,0;;
2026-08-03T17:34:37Z	card0,100,17,2,N/A,0;;
2026-08-03T17:34:39Z	card0,99,17,7,N/A,0;;
2026-08-03T17:34:40Z	card0,100,17,16,N/A,0;;
2026-08-03T17:34:41Z	card0,100,17,15,N/A,0;;
2026-08-03T17:34:42Z	card0,100,17,25,N/A,0;;
2026-08-03T17:34:43Z	card0,100,17,15,N/A,0;;
2026-08-03T17:34:44Z	card0,100,17,8,N/A,0;;
2026-08-03T17:34:45Z	card0,99,17,17,N/A,0;;
2026-08-03T17:34:47Z	card0,100,17,2,N/A,0;;
2026-08-03T17:34:48Z	card0,99,17,16,N/A,0;;
2026-08-03T17:34:49Z	card0,99,17,3,N/A,0;;
2026-08-03T17:34:50Z	card0,90,17,14,N/A,0;;
2026-08-03T17:34:51Z	card0,99,17,15,N/A,0;;
2026-08-03T17:34:52Z	card0,99,17,15,N/A,0;;
2026-08-03T17:34:53Z	card0,100,17,17,N/A,0;;
2026-08-03T17:34:54Z	card0,99,17,52,N/A,0;;
2026-08-03T17:34:56Z	card0,90,17,14,N/A,0;;
2026-08-03T17:34:57Z	card0,99,17,4,N/A,0;;
2026-08-03T17:34:58Z	card0,100,17,7,N/A,0;;
2026-08-03T17:34:59Z	card0,100,17,15,N/A,0;;
2026-08-03T17:35:00Z	card0,99,17,38,N/A,0;;
2026-08-03T17:35:01Z	card0,99,17,2,N/A,0;;
2026-08-03T17:35:02Z	card0,99,17,15,N/A,0;;
2026-08-03T17:35:04Z	card0,100,17,16,N/A,0;;
2026-08-03T17:35:05Z	card0,100,17,4,N/A,0;;
2026-08-03T17:35:06Z	card0,100,17,15,N/A,0;;
2026-08-03T17:35:07Z	card0,8,17,1,N/A,0;;
