v 0.0249189492 -0.0675120428 0.0743505061
v -0.0711636022 0.000643247215 0.146593317
v -0.054161083 -0.0504699349 0.0147287715
v 0.0252177473 0.0260438137 0.0163008682
v 0.0847276375 -0.00992374215 0.0323624685
v 0.0337213129 0.0116139082 0.114640065
v -0.0674300715 -0.0458740778 0.0990921631
v 0.0383309051 -0.0517017655 0.0161636453
v -0.00496723549 0.0433466323 0.0615949966
v 0.0367767252 -0.0314104296 0.121159337
v -0.0422795415 0.00519243348 0.0348726921
v -0.0421998277 -0.0335141942 0.0440125875
v -0.0713857934 0.00213729101 0.0583759211
v 0.0605613142 0.0172521248 0.0777631328
v -0.0358270071 0.0153571451 0.0131243821
v 0.0674992725 -0.00631466974 0.093582049
v -0.0375718921 0.000663471059 0.122971222
v -0.0329081751 -0.0331370756 0.113616534
v -0.039729137 -0.0161784906 0.149434745
v -0.0752702802 -0.062050961 0.124155581
v -0.08041545 0.000891029602 0.11385107
v 0.0598992929 -0.046782326 0.0489605106
v -0.083012417 -0.0282933284 0.083773002
v 0.0180259962 -0.0641799346 0.0334060602
v 0.0608534068 -0.0160340276 0.0158922058
v 0.0506876223 -0.0452778228 0.0991862565
v -0.0849011242 -0.0187903177 0.148158342
v -0.0871620104 -0.0512134433 0.111991011
v -0.0122347325 -0.0543037243 0.0797059163
v -0.0631819963 -0.0432337113 0.0587740652
v -0.0481370054 -0.0380027629 0.151064247
v 0.0251096543 0.0342321135 0.0831827
v 0.0744932964 -0.00831430964 0.0565622114
v -0.0389068276 -0.00282162963 0.14019841
v -0.00179568492 0.0256394986 0.186576784
v -8.30411736e-05 0.00720264157 0.159247443
v -0.00201170985 0.01854554 0.18996495
v 0.00782925915 0.0369423255 0.0353956148
v 0.0453055054 0.0280553624 0.0366717018
v -0.0419749506 0.0234892257 0.0891591981
v -0.0186052993 0.00999996997 0.0333967283
v -0.0573952906 0.00458088983 0.0209166259
v -0.0128296465 -0.0439975522 0.0362342894
v -0.00713150948 -0.0644331872 0.0163273681
v 0.0270860661 -0.00853505544 0.125455275
v -0.053884279 -0.000379425182 0.149381101
v -0.0516330488 0.00509217242 0.136281729
v -0.0634968877 0.0472361557 0.147662342
v -0.0508027449 0.0679436624 0.169384912
v -0.0623551235 0.0580326878 0.172008321
v 0.0707948506 -0.0313160717 0.0520501994
v 0.0853908956 -0.0258373376 0.0341642685
v -0.0200731102 0.0267208032 0.0716347173
v 0.0199713483 -0.0463453941 0.111597478
v -0.0569805652 -0.0532536395 0.0769251063
v -0.0664799809 0.0437103957 0.175055742
v -0.0664107278 0.0155001068 0.0700327978
v -0.0631283522 -0.0631960481 0.109873995
v -0.0304805078 0.0290191341 0.016254412
v 0.000735997979 -0.0657532141 0.0807926357
v 0.00922454335 0.0267369505 0.170031637
v -0.0877821371 -0.0343730897 0.120664522
v 0.0471426547 0.0218275432 0.0883342549
v 0.0027906769 0.0256651398 0.0891544744
v -0.0264832675 -0.0509057418 0.0149665223
v -0.00384097593 -0.0548690781 0.032948155
v -0.0171130262 -0.000217258872 0.117634811
v -0.0343302824 -0.0121139791 0.127158254
v -0.0559598245 -0.0183853041 0.0426242761
v 0.0272604637 -0.045858413 0.0137586705
v 0.0133653367 0.0149314245 0.0186057426
v 0.0605506413 0.005944042 0.0357362553
v 0.0315297879 0.0110592283 0.0139213195
v -0.077700682 -0.00582516659 0.100777343
v 0.0579814054 -0.00766655616 0.108056642
v -0.00871342234 -0.0460571647 0.0190400463
v 0.0642464012 -0.0313983075 0.095607549
v -0.0342698246 -0.050358139 0.0601571202
v -0.0404618643 -0.0379787311 0.0331352651
v -0.00852169748 -0.0626850873 0.0632730946
v -0.0137540428 0.0384768695 0.072116226
v -0.0132120224 0.026204478 0.0301983543
v 0.0614844784 -0.0455626212 0.0789528564
v 0.085604772 -0.00451936014 0.0507078059
v 0.0576259606 -0.0368620716 0.0271129571
v 0.0855997801 -0.0293648168 0.0509071499
v -0.0737650767 -0.0313806571 0.152128547
v -0.0775612071 -0.0215964448 0.062993072
v -0.0634898022 0.00698355865 0.106893852
v -0.0788418502 0.00274389912 0.0789849386
v 0.0290543251 0.0372821614 0.0634255484
v 0.00822665449 0.0245742854 0.173531488
v -0.0526283085 -0.0271037687 0.013620805
v -0.0602949709 -0.0101419128 0.0240456909
v -0.0389796756 -0.0211557038 0.0287138056
v -0.0300912671 -0.0471118093 0.0329510532
v -0.081982933 -0.047521919 0.136279479
v -0.018580623 0.0166823696 0.0181656461
v -0.0144392401 -0.015264716 0.119104661
v -0.0140458671 -0.0358407944 0.111514971
v 0.0104381898 -0.030451702 0.123178288
v -0.020914251 0.0113072786 0.111362733
v 0.0450996161 -0.0598090626 0.069123745
v -0.0692041963 -0.000493794563 0.151739299
v -0.0768564269 -0.0324457623 0.0975606218
v -0.0463008173 -0.00237895781 0.0397294201
v -0.0386556648 0.0137474444 0.0522502922
v -0.00143315759 0.0267719273 0.0126894349
v -0.0674137697 -0.0574888997 0.135462165
v -0.0547225773 -0.03995407 0.025136061
v -0.0194138251 -0.0597141124 0.0200646501
v 0.0133389439 -0.0695529357 0.0577182434
v 0.0518891439 -0.0285171866 0.113420092
v 0.0753553584 0.00274282624 0.0320090614
v -0.0697728246 -0.0459845848 0.0758732483
v -0.0454277061 0.000292468001 0.146475956
v -0.0519926772 -0.00622165063 0.152707577
v -0.0615589358 0.00764413271 0.136779666
v -0.0857732147 -0.0103616929 0.124165125
v -0.0297146849 0.0113749774 0.0288651902
v -0.0266556796 -0.0487594381 0.0915274769
v -0.0160532314 -0.0484209955 0.05967132
v 0.0590352453 0.00674376916 0.098855488
v -0.000669693807 0.0300320964 0.0253480636
v -0.0576069169 0.055002436 0.150925204
v -0.0574094504 0.0638531893 0.158511668
v -0.0212814994 -0.0015730079 0.172712341
v -0.0519169308 -0.0440052226 0.104781449
v -0.04979112 0.00846467447 0.114158988
v -0.000629567949 0.0428111032 0.0744272172
v 0.0818495229 -0.0211004503 0.0589351058
v 0.0304160286 -0.0536810197 0.0248530358
v -0.0643813163 -0.0103171142 0.0145103326
v 0.0229393188 -0.0236223694 0.0136871086
v 0.0260328166 -0.0403270572 0.019498596
v 0.015359452 -0.0118684499 0.0182338823
v -0.0375803672 -0.0120160794 0.14050138
v 0.0443797112 0.00116155716 0.0163108446
v 0.00604312262 -0.0525350198 0.0905652121
v 0.0316275284 0.0200593248 0.103346787
v 0.0670361146 -0.0395641811 0.0316252895
v 0.0640386343 0.0123252301 0.0531493686
v 0.0301826764 -0.0651537925 0.0468309447
v -0.0071882112 0.0384572893 0.0800289586
v -0.0500466824 0.014845755 0.0542781502
v -0.0716389939 0.0373286679 0.16471304
v 0.0675017461 0.00818728004 0.0787615627
v -0.0485372432 -0.0514214225 0.0263051838
v 0.0515547283 -0.0244129784 0.0148008689
v 0.0125686675 0.00869958196 0.118621327
v -0.039707467 -0.01932263 0.0383364968
v -0.0844298601 -0.00905513577 0.106514052
v -0.028942531 0.00528384326 0.173207596
v -0.0138460957 0.0244832523 0.0949262679
v -0.0816907883 -0.0071471734 0.0723084882
v -0.0500371866 -0.0106929457 0.153883129
v -0.0299133286 -0.0472742431 0.0988410041
v -0.041441191 -0.0545028485 0.0746640041
v 0.0416827537 -0.000826388423 0.118544184
v -0.00606812071 0.014803376 0.160357237
v 0.000910770672 -0.0628635064 0.0452162549
v -0.0414238125 0.0227238294 0.0674114227
v 0.0900000036 -0.0137851024 0.044956293
v -0.0670455024 0.0185335763 0.150859967
v -0.04224886 -0.0562896281 0.0195881817
v 0.0630513132 -0.00471585896 0.018526027
v 0.0747833475 -0.0174527541 0.0588613972
v 0.0509936102 0.0170890465 0.0290992931
v -0.0135456892 0.0278406795 0.0814369023
v -0.0755160749 -0.0349866711 0.0654569492
v -0.0113078691 -0.01993444 0.017507324
v 0.009840969 -0.0565693304 0.0277868342
v 0.0336393975 -0.0566388518 0.0916301534
v -0.0710918829 0.0534279831 0.177903816
v -0.0540487505 0.0651408136 0.180678502
v -0.0573629439 0.0677275285 0.180584848
v -0.0575307421 0.00603840221 0.0128515474
v 0.0395833328 0.0139887892 0.0143168913
v -0.0605854541 -0.0629597977 0.11704129
v 0.073483713 -0.020672692 0.0224969834
v -0.00162804686 -0.0539758503 0.0140267843
v -0.0487974174 -0.00414524553 0.029360326
v 0.0354260728 0.0253453143 0.0857620165
v -0.0242962483 0.00692937803 0.0181616768
v -0.0293025896 -0.00952221546 0.0127937188
v -0.026610082 0.0165575948 0.0129926316
v -0.0566254966 0.0206063874 0.162993312
v 0.0131478636 0.0242475923 0.099988237
v -0.0541616715 0.0349865109 0.148544252
v -0.0233369824 0.033108484 0.0128101343
v -0.0844725072 -0.0495411381 0.125063881
v -0.0857087374 -0.0231307745 0.129709899
v -0.0339804143 -0.046867352 0.0499243885
v -0.044575084 -0.0535836034 0.0666284338
v 0.0354517139 0.0271155182 0.0280447565
v -0.0624860674 -0.00456924923 0.153847516
v -0.0187596865 -0.0461035147 0.0136399018
v 0.0323081128 -0.0623146743 0.0371165201
v -0.0447065122 -0.0379718617 0.132864714
v -0.0633288696 -0.0571880639 0.103106037
v 0.0692368075 -0.0300279669 0.0832924545
v 0.00344878342 -0.043789465 0.112321459
v -0.02102964 0.00179563125 0.165513515
v -0.0541684851 0.0136407465 0.104095988
v -0.0661907867 0.0135115711 0.0887711346
v -0.0655833185 -0.0409983583 0.150509566
v -0.05962383 -0.0300456695 0.15424791
v -0.0525078773 -0.0430438109 0.132464409
v 0.0345060751 -0.0368306376 0.0141252745
v 0.0291147288 -0.00826425944 0.0159808267
v 0.0267777201 0.00675337156 0.0185729135
v -0.0858486891 -0.0338625051 0.109251402
v -0.015399524 -0.0189258773 0.0131819956
v -0.0152806481 0.0375019386 0.061605297
v -0.00166254002 -0.0687047169 0.0687775239
v 0.0673077106 -0.0357657485 0.0445063263
v -0.0219906755 0.0207498316 0.0639460087
v 0.0105256299 -0.00513025979 0.123786077
v 0.0600835048 -0.0474010073 0.0649815574
v -0.0838382691 -0.0132573517 0.0861070603
v 0.0156628098 0.0177144315 0.0140305394
v -0.00842712354 0.0215933863 0.177566499
v -0.0810281709 -0.049918741 0.102871716
v -0.0367575213 -0.018587973 0.132890135
v -0.0302274693 -0.0224213302 0.120598972
v 0.00395593559 0.0118215112 0.161866352
v 0.0493514538 -0.0458859317 0.0287119821
v 0.0486959741 0.0265537556 0.0683848485
v 0.0485277474 -0.0537165888 0.0855428278
v -0.0234480798 0.0257663131 0.0271547996
v -0.0806919858 -0.022459954 0.100485198
v 0.0321207345 -0.025367951 0.124500513
v -0.0515301041 0.0280414689 0.156290576
v -0.0522319302 0.0589478575 0.170742527
v 0.0803913623 0.00197861157 0.044288639
v -0.0242292471 0.0130214775 0.159035653
v 0.0301951747 -0.0420325659 0.115544833
v 0.0310299322 -0.048410695 0.098883383
v 0.00619118055 0.0324857272 0.179232895
v 0.00757337641 0.0304795969 0.173052773
v 0.0207660869 0.037945576 0.0480354689
v -0.0554319136 0.00134716602 0.0457135364
v -0.0684047863 -0.0317268223 0.0549818538
v -0.0246239062 -0.052007217 0.078802757
v 0.0462323688 0.0118696308 0.106486373
v 0.0220937803 -0.0221248399 0.125774667
v 0.0339026861 -0.0507878847 0.0141934026
v -0.0683589801 0.0104242424 0.157990128
v -0.00957881007 0.0343115069 0.0426918678
v -0.0221210308 -0.04741152 0.028939005
v -0.0127352867 -0.0586824827 0.0287474953
v -0.0100399349 0.00812188815 0.183312967
v -0.0193811022 0.0132270427 0.0448236875
v -0.0144473398 -0.00303057348 0.158052474
v 0.0764119327 -0.0367291421 0.045785632
v 0.0788376108 -0.0283697173 0.0563451648
v -0.0427989252 -0.0134384539 0.0126181953
v -0.0223746598 -0.0410159566 0.0136508457
v -0.0258374978 -0.0142393615 0.0158757903
v 0.0276968051 -0.0673063695 0.0601153858
v 0.0682534054 0.000883036642 0.0472757593
v -0.0807237402 -0.0564504564 0.108145796
v 0.0503949411 -0.00648681354 0.0143630253
v -0.0865444541 -0.0242140125 0.105637185
v -0.0513571016 0.00750750117 0.019873783
v 0.0831026509 -0.0308708232 0.036052864
v 0.0446496494 0.0282549728 0.0453504734
v 0.0709159821 -0.00050098286 0.0780486315
v 0.0211461559 -0.00666292757 0.0140277492
v 0.0170160364 0.0412923284 0.0709554777
v -0.0602926649 0.0153381545 0.0608916171
v -0.0430082455 -0.000450396445 0.140354291
v -0.0514365509 0.00287221605 0.143234983
v -0.055642359 -0.0459133983 0.145861506
v -0.0376641601 0.0050919042 0.158489138
v -0.0373976566 -0.0535639711 0.0834873989
v -0.00570779294 -0.0638590381 0.0239018165
v 0.0744836926 -0.0342552885 0.0296107363
v -0.0510145836 -0.0509246774 0.115468547
v -0.0380895063 -0.0370425321 0.124869473
v -0.0565424562 -0.035465017 0.0140453447
v -0.0687229559 0.00736952852 0.121289477
v -0.0158488471 -0.0409074873 0.0181747656
v -0.0574741475 -0.0548387691 0.105114795
v 0.0247584991 0.0253405385 0.0879846066
v -0.0394433774 0.0152503392 0.109357834
v -0.0679915175 0.00810000114 0.148300812
v 0.0714449137 -0.00978373084 0.0832129568
v 0.020474799 -0.0648350418 0.0839951932
v -0.06279511 -0.0129458932 0.0459381975
v -0.0727776438 -0.0178581439 0.0550824888
v -0.0646693334 -0.0468121544 0.0900097787
v -0.0528720133 0.0552628785 0.160949573
v 0.0312492289 -0.0590233915 0.0856630951
v -0.0791196749 -0.0349397883 0.0858899057
v -0.0815287307 -0.000816571526 0.120358966
v -0.0441859514 -0.0136367232 0.0389218628
v -0.0221191533 -0.0491908975 0.0463109165
v -0.0855046213 -0.0303822868 0.144586071
v -0.0874034092 -0.011648885 0.116301425
v -0.0690589249 0.0333845876 0.169531032
v 0.0647874549 -0.021652557 0.0982961953
v -0.0113822194 0.0232019071 0.012908088
v -0.0446618795 -0.0427674353 0.104322255
v -0.017382212 0.0329223908 0.0220368244
v -0.0347042345 0.015139618 0.051003173
v -0.00426524784 -0.050652165 0.096857883
v -0.0151779195 -0.00584748248 0.118484423
v 0.000651883951 0.00512870448 0.116853751
v -0.00684488844 0.0164023489 0.106883228
v 0.0809438974 -0.000693297246 0.0349111035
v 0.0505875237 -0.0355321281 0.110307977
v -0.0140439896 -0.00673556188 0.0179854017
v -0.0286915824 0.00239928905 0.0131078595
v -0.0612410381 0.0550247543 0.161539763
v -0.0310342237 0.00643488625 0.119722314
v 0.0604454987 0.0142884459 0.0593303554
v -0.0661686882 -0.0178119559 0.154317334
v -0.0288489759 -0.0326748788 0.0128910299
v 0.00731180748 0.0399554111 0.0797483996
v -0.0468812473 -0.0554425865 0.0151849613
v 0.0584442466 0.000118660901 0.0193520412
v 0.0533525571 0.00650397968 0.0280328467
v 0.0441537648 0.0212518349 0.0277386624
v 0.0406788029 -0.0574217886 0.0783307999
v 0.0331073552 -0.063107267 0.0797207206
v -0.067043893 0.0323405117 0.147487357
v -0.0611653998 0.0459827073 0.146686658
v -0.0154208746 0.0294352528 0.0491411835
v -0.0568197966 -0.0379564129 0.0506684333
v -0.0800723433 -0.0581572503 0.123602293
v -0.0356260054 -0.00493746297 0.166203275
v 0.0410330668 -0.0509997234 0.030224748
v 0.00922717247 -0.0665726811 0.0457868129
v 0.0232328605 -0.06738206 0.0475358292
v 0.0424800664 -0.0574378818 0.0384854116
v -0.0567927063 0.0513399914 0.173673227
v -0.0345540307 -0.00662762951 0.141310334
v -0.0179615691 0.00506164925 0.151079163
v -0.0198480207 -0.0449695289 0.100427687
v 0.0410809703 -0.0175484028 0.121449232
v 0.00916102901 0.0270427223 0.0148186795
v 0.0349030942 0.0198151898 0.0138315195
v 0.010615591 -0.058453206 0.0155398715
v 0.0608822666 0.00895787869 0.0941032544
v 0.00858043786 0.0208202135 0.167220041
v -0.0131332725 -0.0445564687 0.0436019935
v 0.0470402502 0.0281411931 0.0572268628
v -0.0645842552 0.0286598261 0.169805259
v 0.0486525781 -0.0355285332 0.0180848576
v 0.0459514335 -0.0296593774 0.0147331702
v -0.00190672826 0.0177645888 0.176422372
v 0.0893488154 -0.0184937194 0.052251149
v -0.0247321073 -0.0347070806 0.114659913
v 0.033317212 0.0211980287 0.0945858359
v -0.0439117216 -0.0286634732 0.151252747
v -0.055196628 0.00813841075 0.138289317
v -0.0417228229 -0.0437901616 0.115176506
v -0.0495279431 -0.0438497625 0.143814236
v -0.0543089248 -0.0152940061 0.012940919
v -0.0482789986 -0.0240765214 0.0209239218
v -0.0608618818 0.00892869662 0.122655362
v -0.0726412833 0.00310503179 0.135436088
v -0.0777106583 -0.00652313093 0.139294386
v -0.015614422 0.0155329369 0.178396165
v -0.0361205488 -0.0442757495 0.034458451
v 0.00397154596 0.0345939435 0.0852949917
v -0.0454197116 -0.0135344239 0.030109413
v -0.0831665918 -0.0325991325 0.131869614
v -0.0860354304 -0.0318473615 0.139945209
v 0.00125350326 -0.0619865879 0.0850785896
v 0.00520498632 0.028566109 0.0239724126
v 0.0429736972 -0.0480901189 0.0979561955
v -0.0168209877 0.00876765605 0.180863261
v -0.0525804572 0.0676149875 0.164306849
v -0.0424512587 -0.0151863955 0.153428778
v 0.075828284 -0.00496428506 0.025648471
v -0.0282279905 -0.0504070632 0.0242114514
v -0.0730668977 -0.00602230895 0.0575128905
v -0.0236545559 0.0209708996 0.0999108851
v -0.0577243418 -0.00407840498 0.152319297
v 0.0175155178 -0.0672690868 0.0536614545
v -0.0604928657 -0.044810798 0.098710537
v 0.00483693369 -0.0600927882 0.0324069932
v 0.000913935655 0.0419392772 0.0498714931
v -0.00655767741 0.0184125565 0.0182977188
v 0.0108950231 -0.0526752993 0.097487241
v -0.0303098131 -0.0101489937 0.151756793
v -0.0765558034 -0.0464675985 0.142932758
v 0.0827486515 -0.00502517121 0.0540414713
v -0.0622099079 0.0598632954 0.183085844
v -0.0536213703 0.00487260707 0.148792312
v -0.0587433688 0.0127341598 0.160418823
v 0.00370005285 -0.0650065392 0.0559723377
v -0.0655530095 0.0406520329 0.161347941
v -0.0719678327 0.0470830016 0.17095764
v 0.018697245 -0.0533195138 0.0908407271
v 0.0349352285 0.0345765613 0.0549315363
v 0.0201778244 0.0333084129 0.0353810266
v -0.0777750835 -0.0555683821 0.13255851
v -0.0260037947 -0.0510656014 0.0169011466
v -0.0692201257 -0.0444624312 0.0869993716
v -0.0555937029 0.0201686509 0.0737197623
v -0.0541226752 0.0189503916 0.0922915861
v 0.0103577236 -0.0676658377 0.0784109458
v 0.0660453588 -0.0386684872 0.0555789135
v 0.0730900168 -0.0225772206 0.0592290759
v -0.0896650478 -0.0291567855 0.114735231
v -0.070643574 -0.041405037 0.0985207483
v -0.0745372847 -0.00137688487 0.102477327
v -0.0462221205 0.00230900594 0.0286119897
v -0.00734254532 -0.0656180829 0.0718564838
v 0.0207464527 0.0334304534 0.0313685499
v 0.0664467737 0.0108772134 0.072399579
v -0.060178563 -0.0455599912 0.148098364
v -0.0272982828 0.0228979047 0.0710175931
v 0.0576904416 -0.0506734625 0.0763193592
v 0.0705138072 -0.0308969487 0.0671797842
v 0.0241566133 0.0216048658 0.103868321
v 0.0560570806 0.0140009131 0.0371575058
v 0.041151084 -0.0430178493 0.109228984
v -0.0280083716 0.00513219135 0.14830403
v 0.0206685085 -0.0289941896 0.0183713175
v -0.045206476 -0.0515904538 0.0901595503
v 0.00232343609 -0.0476273298 0.0194312185
v -0.0870027915 -0.0466202684 0.10742557
v 0.00586287817 -0.0203676168 0.123919547
v 0.0137140779 -0.0560253784 0.014297043
v -0.0613322333 -0.0483735763 0.0659308434
v -0.00884324126 -0.0628894195 0.0148087014
v -0.0142442435 -0.0539641567 0.0733651742
v 0.0255223922 -0.00174558116 0.12400344
v 0.0317188315 0.0325261205 0.0807488635
v 0.0657690391 -0.0379059352 0.0271099526
v 0.0402234681 -0.0584305674 0.0456774868
v 0.0356253609 -0.0160177201 0.0146330707
v -0.0302981194 0.0204317756 0.0636991337
v -0.0730809495 0.0058196946 0.0670773238
v -0.0672781542 0.015137258 0.0773649886
v -0.0774535984 0.0027795725 0.0890602767
v -0.0598745607 -0.00453851093 0.024357792
v -0.0646596774 -0.0032026642 0.0148662077
v -0.0582589619 -0.0388566703 0.015612076
v -0.042469658 -0.0306707304 0.028777536
v 0.0413886197 0.023799289 0.0238089059
v -0.0148542849 -0.0627053082 0.0156960823
v -0.0362286419 -0.00851375889 0.0125937341
v 0.00444382941 -0.035710495 0.11881455
v -0.0135394121 -0.0279050525 0.115292057
v -0.00688512158 0.0137262009 0.179005563
v -0.0080456594 -0.0514877811 0.0474488176
v -0.0490202531 -0.0091044344 0.0415712409
v -0.0462302752 0.00145128928 0.0433092043
v -0.0176642742 -0.0393398441 0.108142152
v 0.0229201671 -0.0390590169 0.118820772
v 0.0067934976 0.00510520814 0.119444117
v 0.0463248491 -0.0231371056 0.118424125
v 0.0659471378 0.00274625956 0.0902324021
v 0.0188622009 -0.00138734549 0.0187666751
v -0.00238909665 0.0298248157 0.0144380201
v -0.0774842799 -0.00694311084 0.147996441
v -0.0833822414 -0.0267972462 0.14886333
v -0.00682504009 0.0425330661 0.0572813638
v -0.0365281925 -0.00680116843 0.128865644
v -0.0330075771 0.023091292 0.018305013
v 0.0242973212 -0.0307292026 0.124047965
v -0.0567746274 -0.0609167628 0.112608239
v -0.0441329479 -0.0196729247 0.152248815
v -0.0470268391 -0.0454306006 0.0534319654
v 0.0419668518 -0.0614955276 0.0676936954
v -0.0610516742 0.028462844 0.143270925
v 0.00673674187 0.0201149005 0.164382264
v -0.0077413898 0.0172795914 0.163769752
v 0.00185780483 0.0228891615 0.0977035314
v -0.0368259177 -0.0127278836 0.0150510659
v -0.0170661416 -0.0519906394 0.0897225663
v 0.0746645778 -0.0154659888 0.0228382684
v -0.0634633005 0.00715162605 0.159212798
v 0.0682525486 0.00513251312 0.0670707822
v 0.0253456887 0.0344439559 0.0445234925
v -0.00668341946 -0.0625428259 0.0789444894
v -0.0393524505 0.0199740306 0.100538626
v 0.0121014807 0.0257146005 0.0897620469
v -0.0634319782 0.0490047522 0.163278162
v -0.00173571066 0.0211919677 0.190316007
v -0.052989386 0.0116104214 0.052895952
v -0.0659217089 -0.00406735437 0.0509184152
v -0.0406970419 -0.040640071 0.107793674
v -0.085968107 -0.0523258634 0.117629983
v 0.0177458134 0.020893598 0.103457406
v 0.0145946471 0.0383792892 0.0506496578
v -0.0614536852 -0.0564501882 0.133586973
v -0.046474088 -0.0442763418 0.126419902
v 0.0250002202 -0.0166899879 0.0129086245
v -0.0158726647 0.00391763356 0.163289636
v -0.0430499278 -0.0537644923 0.0772219747
v 0.0440716892 -0.0384090617 0.11386276
v 0.0289909169 0.0277169757 0.0269265976
v -0.0385994464 -0.0188354328 0.0348163657
v 0.0533449389 0.000435644295 0.10995575
v -0.0217334516 -0.0245359298 0.119615778
v 0.00913715735 0.0147400228 0.111555852
v 0.064971298 -0.040257372 0.0494376197
v 0.0558093004 -0.0488930643 0.056773033
v -0.0491882674 0.000557738414 0.143816054
v -0.0495347567 -0.00506701367 0.153755575
v 0.0454945453 0.0107456781 0.0232187118
v -0.0397388488 -0.0531197973 0.013974105
v -0.0719044283 -0.0424908474 0.0698269084
v -0.0531288609 0.0178112052 0.145566568
v -0.0334007367 0.023409456 0.0814338997
v -0.0430400036 0.0240232535 0.0774426684
v -0.0174154174 0.0349080302 0.0627866536
v -0.03260573 0.0102618076 0.0347819254
v -0.0177303087 0.00637834519 0.114732444
v -0.0230383463 0.0296731647 0.0245563835
v -0.0802211538 -0.0113354949 0.138635099
v -0.0842746645 -0.0141553013 0.143589035
v -0.0865218192 -0.0405541845 0.121955417
v 0.0472130366 -0.0132696358 0.0136712305
v 0.0817216858 -0.0346972086 0.0452325605
v -0.0694980025 -0.0517091155 0.100457728
v -0.073542133 -0.0577763245 0.108391061
v -0.0691897646 -0.0620008036 0.109727122
v -0.0688510537 -0.0627307892 0.126440823
v 0.056828592 -0.018354889 0.109726802
v -0.05731434 0.0246452577 0.142705411
v -0.0572651476 0.00906495191 0.108418204
v -0.0686873868 0.0095687788 0.144991934
v -0.0658331439 0.00779889617 0.139810562
v -0.0573318824 0.0394758321 0.170053318
v 0.0235449616 -0.0505898818 0.101994097
v 0.0416911207 0.0238054041 0.0905479342
v 0.0537455566 0.0160376746 0.0924683958
v 0.0433235653 0.0271061305 0.0773362368
v -0.0524596497 0.0445563644 0.163107902
v 0.0325941443 -0.0533986911 0.0156413652
v -0.0201946683 -0.0171567462 0.0128977885
v 0.044113636 -0.057123635 0.0443540849
v -0.00720323157 -0.061918404 0.0278159101
v 0.00886539649 0.0250048339 0.0129109854
v -0.0014524695 0.0207269266 0.0136577124
v 0.000958513992 0.000887650065 0.0183672402
v -0.0292845126 -0.0428708643 0.104174092
v -0.0249972157 0.0180898868 0.057104446
v -0.0184230171 0.019663753 0.0504755266
v -0.0587768964 -0.0560520925 0.125880346
v -0.0373921841 -0.0282209627 0.130030155
v 0.0627369583 0.010240457 0.0439356603
v 0.0601757728 0.016103819 0.0528604388
v 0.0420931317 0.0031189255 0.0144483196
v 0.0381734036 -0.00378298666 0.0134191029
v 0.0371912345 -0.00611023139 0.0157236569
v 0.00125350326 0.043199271 0.0586102381
v 0.0646777526 -0.0402477719 0.0809198841
v -0.0282602832 -0.0506525934 0.080913119
v 0.048104655 -0.0580735654 0.0656470656
v -0.0240973365 -0.0303902794 0.0148899183
v -0.0612506419 0.0561598092 0.152285621
v 0.0686172172 0.00601125835 0.032976158
v -0.036141254 0.00289437105 0.166911691
v 0.0342048071 -0.000572383287 0.121866047
v -0.052108977 0.0645666048 0.163243935
v -0.0481160283 0.0190782268 0.0600589514
v -0.0299150459 -0.0055988417 0.167683318
v -0.0331331044 -0.0101768347 0.154064134
v -0.0144247562 -0.000297832419 0.153422982
v -0.0806231573 -0.0185371172 0.0667090043
v -0.0840604678 -0.025285393 0.0792130306
v -0.0402902029 -0.0322324745 0.0132187959
v 0.0352169126 -0.0625934079 0.0707901418
v -0.0223793816 0.0139683513 0.170852616
v -0.00930822827 0.0206453335 0.170342341
v 0.0726792663 -0.0111729 0.0714502931
v 0.0723455399 -0.00620319694 0.0593693033
v 0.0568011813 -0.0333244018 0.0210477319
v -0.00566600403 -0.0623961613 0.0589069948
v -0.00361486594 -0.0535168685 0.0869863927
v -0.0679418966 -0.052061718 0.142540187
v -0.0581553206 -0.0267110933 0.0457210466
v -0.0126867918 -0.0489857607 0.0570918918
v -0.000557899359 0.0164589956 0.108504459
v -0.0191875529 0.0217058249 0.0966167003
v 0.0290544312 -0.0382085405 0.0189809296
v 0.0112998225 -0.0685061216 0.0644536987
v -0.0100761987 0.0404352024 0.0745232403
v -0.0548082441 0.0679221004 0.166279227
v 0.0707328394 -0.0276022851 0.0780242756
v -0.0840524733 -0.0373771116 0.137117624
v -0.0840686187 -0.0150006255 0.0781146139
v -0.0433581658 0.00898968987 0.0490460172
v -0.0546063818 -0.0525329821 0.0688082054
v -0.051363647 -0.0543048494 0.0759165958
v -0.0775459707 -0.0182283949 0.151870519
v 0.0400907546 -0.0526754595 0.0236649234
v -0.00756983599 0.0226513036 0.0997734442
v 0.0870237127 -0.018105818 0.0353917554
v 0.00398468878 -0.0279584285 0.0181371067
v -0.0252763815 -0.051402647 0.0657073632
v -0.0284098443 -0.050196778 0.0555380359
v -0.0441148169 0.000528019562 0.137272865
v 0.0881563574 -0.0075739664 0.0445127636
v 0.0879957452 -0.0255919155 0.0414539725
v 0.0572573692 -0.0472722612 0.0418949276
v 0.0753636211 -0.0334306695 0.0511832014
v -0.0797626004 -0.00477293599 0.134772077
v -0.0565657355 -0.0207538027 0.154339865
v 0.0260840468 -0.058597777 0.0275148582
v -0.0773028582 -0.0319088921 0.100483477
v 0.0136317341 -0.0602691695 0.0884602144
v -0.0321912766 -0.0224907994 0.0139947049
v -0.0616101101 -0.0611139573 0.106504396
v -0.0447264686 0.0118438816 0.0132322069
v -0.0427749455 -0.0225289948 0.0120000001
v 0.00183629349 0.026211774 0.18921715
v -0.00483956235 0.00639025401 0.156003907
v -0.0544914789 -0.0322487801 0.0211271252
v -0.0393192433 -0.0168232936 0.141695291
v -0.0174923968 0.0121825906 0.179586411
v 0.0620814301 -0.0158045907 0.102690294
v 0.060316857 0.0129515799 0.0834019929
v 0.0579183213 0.0195635986 0.0766790956
v 0.03128694 -0.0625102073 0.0433339886
v 0.0200640988 -0.0648870766 0.0409639888
v 0.0602205656 -0.0321844071 0.102117479
v -0.0109350421 0.0351729803 0.0800736994
v -0.0773762912 -0.00594259379 0.0631626919
v 0.013999626 -0.0560704395 0.0265163258
v 0.0227656197 0.0194523949 0.108238816
v 0.0327934846 0.0155387837 0.110872105
v -0.0493601449 0.0201390404 0.0881728902
v -0.0396467932 -0.0256004445 0.0365119502
v 0.0543736219 -0.0488920435 0.0874915048
v -0.0835500956 -0.020103259 0.0762665719
v -0.0365735218 -0.045912005 0.0303968377
v -0.0426293015 -0.0541718118 0.024532672
v -0.0770391971 0.00331896474 0.121354066
v -0.0604018308 0.0333936028 0.170506716
v -0.0553568117 0.0285753366 0.164729029
v -0.0526328124 0.0461743772 0.159516424
v 0.0490522273 0.0114635443 0.103424363
v -0.0645020679 -0.00991478283 0.0178133119
v -0.0362168401 -0.0491616055 0.0575185791
v -0.0390475355 -0.0401596315 0.0455207378
v 0.0340234898 -0.00841982756 0.124077365
v -0.0246609747 -0.00182046846 0.162277907
v -0.0799465477 -0.0578310415 0.117682017
v -0.0223805606 -0.0107335541 0.121608444
v -0.0870506465 -0.0119004222 0.109724864
v -0.0122849969 -0.0465762801 0.0999751464
v 0.0291458424 0.0142419366 0.0137818446
v -0.0402616635 -0.00130467978 0.0126475925
v -0.0204703454 0.0104054129 0.154236108
v -0.0317167938 -0.00147601927 0.143314168
v 0.0089321835 0.0316318721 0.178775311
v -0.0522834286 0.0163121186 0.152838573
v -0.0434867516 0.00484143989 0.0298705883
v 0.0617596172 -0.0386951491 0.0377281718
v -0.00548382849 -0.00744800968 0.120206505
v -0.0102395983 0.00743191643 0.11409279
v -0.0303956438 0.0187764242 0.0560585968
v -0.0258453842 0.0117831025 0.0434766822
v -0.070569925 0.0227026939 0.156409889
v -0.0249713063 -0.0052977372 0.012717437
v 0.0347912461 0.0320327021 0.0385022573
v 0.0313630626 0.0304365214 0.0305799786
v 0.00432795798 0.032364171 0.0278115105
v -0.00381002342 0.0342239588 0.0355211422
v 0.0234316643 -0.0660927817 0.0536833405
v -0.0255991034 0.0107176751 0.115313835
v -0.0297781993 0.0170207582 0.104838848
v -0.000807130127 -0.0116580576 0.0181144699
v 0.0301743615 -0.016529914 0.125608474
v 0.0262229852 -0.0290769618 0.0143181793
v -0.0676125735 0.0594412237 0.180752859
v -0.0591178052 0.0645771697 0.175513327
v -0.0440728664 -0.0366723873 0.140949965
v 0.0830156356 -0.0110827237 0.0576032288
v 0.0317819156 -0.00609612325 0.0144726746
v 0.0750546828 0.00468672998 0.0395160243
v -0.0779287219 0.00171178533 0.0707632154
v 0.0892994106 -0.0227224883 0.0481944717
v -0.0223721936 -0.0175958239 0.0156103596
v -0.0803125575 -0.0102207158 0.0704317987
v -0.00117936707 -0.02120924 0.121817552
v -0.0839237273 -0.0425331183 0.104025602
v 0.0578883849 -0.000632250158 0.105826333
v 0.0484514125 -0.0474455319 0.0329269134
v -0.0381838121 0.00790892076 0.0334584191
v 0.00033141367 -0.066358909 0.0610943921
v 0.0316772014 0.0337080099 0.0523188487
v 0.0147145418 0.0362254232 0.0840400383
v 0.0168984495 0.038691286 0.0792195722
v -0.05437373 -0.0480461307 0.0595463291
v -0.0536695942 -0.0231614057 0.0151028857
v 0.00269100606 0.0116971647 0.163860202
v -0.0377698913 -0.00122367707 0.165995032
v 0.0102373995 -0.0502061658 0.0141272061
v -0.0513062477 0.0693864226 0.175601199
v -0.0134645784 -0.0609035119 0.0143020861
v -0.00948922429 -0.0522340238 0.0141067142
v -0.0360720009 0.0127071766 0.0160274971
v 0.0700455531 -0.0314174034 0.024372384
v 0.0175494757 0.0264102574 0.0149225341
v -0.0399519764 -0.046328444 0.0995940566
v 0.0396951288 -0.027390765 0.0139201395
v 0.0450626016 -0.0178126004 0.0159611925
v -0.0504946113 -0.047115352 0.0278550703
v -0.0279972125 0.00143761002 0.173249215
v -0.0533363558 -0.0283344202 0.15410082
v -0.0187602229 0.0307976529 0.0626259297
v -0.027105432 0.0238444563 0.0264589265
v -0.0693916306 0.00748995971 0.150579199
v -0.0490012653 -0.0529771037 0.0139003983
v -0.0461835526 0.0181579608 0.101923935
v 0.0872644186 -0.00980105717 0.0537432097
v 0.0819688216 -0.0213725865 0.0287953448
v -0.0668091998 0.00594672421 0.056758333
v -0.0742171332 -0.0404490419 0.0858623311
v 0.0120805595 -0.0417005606 0.116568036
v -0.0310449526 -0.0170925874 0.123180002
v -0.0697776526 0.0571323261 0.177960679
v -0.0177109446 0.00127152773 0.175934643
v -0.0727870315 0.00968599133 0.0826829523
v 0.0719890743 -0.0394304469 0.037389569
v -0.0658274516 0.0275653228 0.152321979
v -0.0669205114 0.0059324014 0.131405264
v -0.0511663444 -0.00246779271 0.150041789
v -0.042699147 -0.0519214384 0.0853725597
v -0.0573862791 -0.0495332554 0.0911384523
v 0.0643849075 0.0133321853 0.0678402558
v -0.0720441714 0.00957371388 0.0706092566
v 0.0131830545 0.00421256898 0.121199675
v 0.0196568854 0.0239448249 0.0939845964
v 0.011894092 -0.0637557209 0.0383526981
v -0.00830819365 -0.0217306614 0.119225897
v -0.0548746586 -0.0486715659 0.127316609
v -0.0567858927 0.0145440605 0.14021492
v -0.0420147032 -0.0306543149 0.0424381308
v 0.033846464 -0.0454838164 0.106322326
v -0.0876907781 -0.0232823733 0.126056626
v -0.0698287189 0.0101938937 0.089531377
v 0.049396567 -0.0526696146 0.0554024242
v -0.0554982722 0.0178583041 0.0607668385
v 0.0148056289 0.0400150083 0.0599773042
v 0.0184731204 0.0396337062 0.065256536
v 0.0542723946 0.0207777265 0.0531113893
v 0.0354473144 0.0329853147 0.0482131392
v 0.0436042324 0.0306645613 0.0525337458
v 0.0575231761 0.0200248845 0.066225566
v 0.0525732152 0.023976529 0.0554518811
v 0.069791168 -0.0215172116 0.0865412503
v -0.0309596043 0.0251791775 0.0126242032
v -0.0122820465 0.0324285962 0.0138035165
v -0.0060949428 0.0300799478 0.0278442334
v -0.0111045577 -0.055700779 0.0616091602
v -0.0840257034 -0.022269357 0.0878502801
v -0.0809612796 -0.0533396825 0.130193442
v -0.0521955602 0.0205171779 0.0676895157
v -0.0458576083 -0.0480645858 0.116670288
v -0.0759013444 -0.0157246068 0.0615349188
v -0.0749828517 -0.0287209805 0.0624818429
v -0.064212285 0.015806308 0.140966475
v -0.0487238169 -0.0556226708 0.0175150502
v -0.0561494567 0.000718188123 0.0240410771
v -0.0719710514 -0.0388771072 0.098242119
v 0.0190301612 0.0065743071 0.119016469
v 0.045712769 -0.00621778797 0.117982529
v 0.027478205 0.0121568944 0.0173783638
v 0.0435355678 -0.0552743077 0.0884088203
v 0.0191486608 -0.0136810327 0.0141544575
v 0.00384886167 0.02058037 0.101749375
v -0.00934964232 0.0254878998 0.093293339
v -0.0328001902 0.0163135137 0.108239457
v -0.0293901376 0.0109885251 0.0354162157
v 0.0436252058 -0.0496478379 0.0194380861
v -0.0407533683 -0.0332334191 0.0377699062
v 0.00543013075 0.0165438615 0.0184355844
v 0.00660601119 -0.00443460234 0.0184140187
v -0.0262514707 -0.0489453152 0.042933695
v -0.0300198123 -0.0485122427 0.0435532853
v 0.0745678619 -0.010236863 0.0233427379
v -0.0610497445 0.0190420169 0.16495508
v -0.0327717587 0.00845061895 0.156135231
v -0.0262617171 -0.00251741358 0.121624216
v -0.0270922352 0.00882923976 0.17309697
v -0.0541790016 -0.0449513979 0.0245938264
v -0.0568135194 -0.0465351902 0.0153563013
v 0.0270649847 0.0363493934 0.0767512992
v -0.0863119662 -0.0200432856 0.137582392
v 0.0157207455 -0.0662495792 0.0818437412
v -0.0416059867 0.00305181672 0.126890361
v 0.0532546043 -0.0518982634 0.0728153214
v 0.0827215612 -0.030001251 0.053754583
v -0.0331435129 -0.0504206344 0.013923143
v -0.0551508181 -0.0295129288 0.0145562515
v -0.0155538041 0.0188903101 0.0327524617
v -0.0706104264 -0.0257508103 0.0552629493
v -0.0636976212 -0.0225575864 0.0471573137
v -0.0550235733 0.0196891259 0.0825496987
v -0.083403483 -0.0430319011 0.137008294
v -0.0414861478 -0.0246229954 0.139788136
v 0.000866246002 -0.0565215871 0.0310015157
v 0.00284356996 0.0397365429 0.0428163223
v -0.0565275401 0.0666701496 0.166828334
v -0.0264613274 0.00216137711 0.146490321
v -0.051553119 -0.054003153 0.0816186517
v -0.0631406307 -0.0502739176 0.0831430033
v 0.0690926164 -0.00268542697 0.0865990818
v -0.0293158945 -0.0507032871 0.0750023946
v 0.0715866387 -0.0173746478 0.0805412605
v 0.0125799868 -0.0439384878 0.0192779042
v 0.0373527557 -0.0585379638 0.0395099111
v 0.0196311902 -0.00512441294 0.125010669
v -0.0488415137 -0.0495200045 0.0946230665
v 0.0299897715 -0.0653259903 0.0675974563
v 0.0210463777 -0.0677964613 0.0667647943
v -0.0288057923 0.0212813914 0.0982597172
v -0.0348373279 0.0178102385 0.0597315058
v -0.0165891908 0.0189767312 0.0427873544
v 0.0389357954 -0.0570632331 0.0838237479
v -0.0690451935 0.00643697847 0.110974453
v -0.00968663488 0.0103851352 0.185338467
v 0.0274129212 0.0227288734 0.0908989832
v 0.00810488313 0.0416237451 0.0575789809
v 0.00494642137 0.0426084362 0.0747341737
v 0.0312450454 0.035555087 0.0647606477
v 0.0675877854 0.00295160944 0.083766669
v -0.00862045679 -0.0648033917 0.066885598
v -0.0193235949 -0.051987797 0.0288497396
v -0.0193447303 0.000460266951 0.0182046983
v 0.00784556661 -0.0474350713 0.108250834
v -0.00475979317 -0.0406525172 0.111701444
v -0.0190946423 -0.0322693288 0.114712276
v -0.0141181797 -0.0231324378 0.117978342
v -0.0623590387 -0.00196680985 0.0193208195
v -0.0833187774 -0.00577651104 0.127004728
v -0.0541369431 0.0443385132 0.153577909
v -0.0331160463 0.0126659777 0.0126821389
v -0.0367324129 0.00982246175 0.116709448
v -0.067353256 -0.00588755449 0.152777314
v -0.0743131563 -0.0036387376 0.147158414
v 0.0587319955 -0.037798591 0.097229749
v 0.0516578294 -0.0458175912 0.0945193172
v -0.00952967163 0.0419193767 0.0668792725
v -0.0700248405 0.0176648106 0.159232214
v -0.0685447976 0.0231364071 0.164911419
v 0.0169347655 0.0354020931 0.0384721085
v 0.0491007753 0.0223987475 0.0318237729
v -0.0366041511 -0.0370688178 0.119713627
v 0.0174251273 0.0129072154 0.112781189
v 0.0572404712 0.0061115725 0.0322796404
v -0.0190285519 -0.0258380342 0.0129765384
v 0.0205543526 -0.0555763766 0.0155221689
v -0.0372535139 -0.0549378507 0.0155989872
v -0.000585901609 0.0250670072 0.173288167
v 0.0268728845 0.0221447423 0.0133223291
v -0.0221355148 -0.0551184714 0.0155050028
v -0.00143465959 -0.0598430187 0.014201235
v 0.00471473206 -0.0602426156 0.0158297643
v -0.0074872775 0.0103432396 0.156621248
v -0.0804010704 -0.0168660488 0.0992267057
v -0.0166750215 0.0320840925 0.0126582142
v 0.0359381065 -0.0624679886 0.0493233576
v 0.00270688464 0.0241773184 0.185119599
v -0.0547543876 -0.0137321018 0.0253802501
v -0.0580162741 -0.0181130059 0.0183091983
v 0.00795017276 0.00699267816 0.0188058354
v 0.0695889294 -0.000932335621 0.0551843047
v 0.073732622 -0.0141226854 0.059211053
v -0.0889400989 -0.0169161521 0.113911472
v -0.0205247421 -0.00501610525 0.157919854
v -0.0122004002 0.0188131705 0.102455869
v 0.0641775206 0.00147827237 0.0226687528
v -0.000167262508 -0.0595847219 0.0359914973
v -0.0320268571 0.0237752032 0.077987045
v -0.0411767252 -0.000337368168 0.142240211
v 0.0320115127 -0.0646295846 0.0529768467
v 0.0499295779 0.0248200838 0.0433283001
v -0.00317755854 -0.026792312 0.0179495681
v -0.0136074871 -0.0263067782 0.0172460768
v 0.0249246899 -0.062568143 0.0849032849
v -0.08759588 -0.0353392772 0.115128554
v 0.0692714676 -0.0324453339 0.0546974316
v 0.0641054213 -0.0186613575 0.0178111661
v -0.01486158 0.021722937 0.0335108824
v -0.0416162871 0.0106612956 0.020608386
v 0.00864078756 -0.0586703047 0.0242437441
v 0.0153104747 -0.0256233513 0.124791153
v 0.0688996017 0.00360590732 0.0587074384
v 0.0451758988 -0.0584077686 0.0739172772
v 0.0529369228 -0.0521097817 0.0811221227
v -0.0167913754 0.0166951381 0.165259033
v -0.0324726403 0.00796412025 0.165370181
v -0.0214188285 0.0153356874 0.166232556
v -0.0229936074 -0.0131273717 0.0128578776
v 0.0192746185 0.0271105282 0.0243547875
v 0.0115626249 0.03215909 0.0268398002
v 0.0454765223 0.0155688245 0.0248550735
v -0.0571324341 0.00389681966 0.15343146
v -0.0565710478 0.00854235049 0.155835897
v -0.0541519113 -0.0463674963 0.140057966
v -0.000572490564 0.0267777741 0.0871437863
v 0.0121055571 0.0310286991 0.0872425959
v -0.074136667 -0.0536078513 0.138046309
v -0.0105258981 0.00688109826 0.0182208996
v 8.00907437e-05 0.0168424454 0.0187347028
v -0.0592557751 0.00734705152 0.135094702
v -0.0141016571 -0.0507618114 0.0923004895
v 0.0010744927 -0.0517823398 0.0932837874
v -0.0127998199 -0.0526277162 0.0320025161
v -0.00444329297 -0.0614454783 0.0281997882
v 0.0450015031 -0.0289941896 0.118137665
v -0.0352774784 -0.0522454493 0.0238866899
v -0.0216382332 0.0238479972 0.0667673722
v -0.0412507541 -0.0254416578 0.145479456
v -0.040015921 -0.0186826009 0.147388443
v -0.0433081165 -0.0326866806 0.149009988
v 0.00375954411 0.0299027078 0.186713263
v 0.00222456991 0.0301515087 0.184097245
v -0.0514065623 -0.0492019467 0.110860623
v 0.0379468128 0.0307823643 0.0433073789
v -0.000586813549 0.015114137 0.16881156
v -0.0109691592 0.0107587129 0.174567357
v 0.0114902584 -0.0330213644 0.0185242034
v 0.0156769715 -0.0199242476 0.0180685502
v -0.0543729775 0.0430436507 0.167270899
v -0.0478296243 -0.00896732043 0.029796131
v -0.0685003325 -0.00928526931 0.0519418381
v 0.061373435 -0.0437039584 0.0438242964
v -0.0488285311 0.0103559531 0.0128973592
v -0.0737549365 0.00521533983 0.0932185575
v -0.0526275039 0.00655156234 0.143579811
v -0.0393574387 -0.0438219197 0.0312676989
v -0.0336778089 -0.0261248704 0.125492707
v -0.0174702965 0.0275192969 0.0753751099
v 0.0364209563 -0.0490720198 0.0989907756
v 0.0221387334 -0.0533572249 0.0907978117
v 0.0315403044 -0.0533954203 0.0948726237
v -0.0202420373 0.0237050895 0.0914091393
v -0.0622413419 -0.0604233406 0.123768479
v 0.0491748564 0.0248220153 0.076984331
v -0.00901994482 0.0104048764 0.16767323
v -0.0704560354 0.003039103 0.147266135
v -0.0668012574 -0.0253300779 0.154250711
v -0.0842179134 -0.0392169431 0.128384784
v 0.0419776328 -0.061556682 0.0604500175
v -0.0623260476 -0.00734098954 0.0130711664
v -0.0878946781 -0.0396695919 0.112538934
v 0.00776086282 0.0190259777 0.0139528625
v -0.078780055 -0.033580713 0.0745354742
v -0.0156527776 -0.044731833 0.0341705978
v 0.0406605639 -0.0431034639 0.0143386712
v 0.0243097134 -0.00693248957 0.0131977666
v 0.0328816213 0.00457729585 0.0135749923
v -0.0227955524 -0.0525131859 0.0713827014
v -0.0664623901 0.0343219675 0.146865413
v 0.0538554192 -0.0201544352 0.0145551786
v -0.0665807277 0.0552689955 0.181310654
v -0.0601352714 0.0538088009 0.177847922
v 0.0441959277 -0.0127419382 0.0151910773
v 0.00421530521 -0.06699121 0.0800176933
v 0.0639565066 0.00425881054 0.0404661708
v -0.027483033 -0.0380884334 0.110260345
v -0.0361342281 -0.0354489237 0.112584315
v -0.0268737432 0.0148673197 0.108920529
v 0.0349881761 0.0300312918 0.0815735906
v -0.0258976333 -0.0184331555 0.121577866
v 0.0642077774 -0.00289142062 0.0971237421
v -0.0023389929 -0.0352784954 0.116021402
v -0.0874916017 -0.0475502424 0.118934177
v 0.0343887545 0.0335211679 0.0758821592
v -0.0346145444 -0.00836929493 0.162895352
v -0.0306896679 -0.00842358265 0.160396829
v 0.00231517502 0.00753094396 0.11476849
v 0.0300282352 0.00689139776 0.014650451
v 0.0421447344 -0.0452923626 0.103169337
v -0.0633934066 0.0438718647 0.155508667
v -0.0288894773 0.00561010698 0.013185
v -0.0220282264 0.0129860193 0.0180990193
v -0.0158005133 0.0165938046 0.0347709842
v 0.00141727889 -0.0634313822 0.0478515774
v -0.0463865958 0.00423885463 0.129024968
v -0.0459189229 -0.0140059022 0.0400694162
v 0.0300435238 -0.0240709428 0.014232778
v 0.0136406394 0.0391038097 0.0456455164
v 0.00853532366 -0.0649842769 0.083969444
v -0.0785934255 -0.03594964 0.103060544
v 0.00680765929 0.0271849874 0.0884588137
v -0.0609645583 0.00441142824 0.0530479811
v 0.0249506533 0.0338897035 0.0401163027
v 0.084070228 -0.0149068022 0.0306567978
v 0.000611436204 0.0212665871 0.166605487
v -0.0835107714 -0.00444629695 0.111994445
v -0.0192012861 -0.0395520069 0.015650915
v -0.0217352211 -0.0498615578 0.0518937744
v -0.039775379 -0.0433338657 0.0497069135
v -0.0475198813 -0.0379191861 0.0474295057
v 0.0115068881 0.0366323665 0.0397095717
v 0.00127898424 -0.0284538325 0.121005267
v -0.0242998414 -0.0433650874 0.102530539
v -0.0789337456 -0.0274592154 0.069847405
v -0.034376096 -0.0508534908 0.0889136121
v 0.0182463117 -0.0157349613 0.125783578
v 0.0531177036 -0.0487841144 0.0398430377
v -0.0708899125 -0.0619833693 0.116588958
v -0.0453517437 -0.0246145185 0.0409718193
v -0.0400143117 -0.0251462404 0.0284355003
v -0.071432896 0.0402921885 0.170237198
v -0.0722114295 0.0428784788 0.168223619
v -0.0701095462 0.015565767 0.153178468
v -0.0252342708 -0.0494995639 0.0235635359
v 0.035137251 0.0241078492 0.0192747936
v -0.00798933301 -0.0350858085 0.0181586724
v 0.0439311415 0.0289687626 0.0653612465
v 0.0330757052 0.0338896476 0.0611778609
v -0.0327292196 0.0248869248 0.0136809936
v -0.0809504464 -0.0168245807 0.0714218616
v 0.010928873 -0.066386424 0.0529738441
v 0.0200680681 0.0300089773 0.0869915411
v -0.0421848632 0.00410565641 0.120967716
v 0.0248115007 -0.063419424 0.0338582806
v 0.0554813743 -0.0113418791 0.0144518605
v 0.0233128425 -0.066581957 0.0645709634
v -0.0585093722 -0.0504563637 0.141497657
v -0.0582816526 -0.052858118 0.135342419
v 0.0273485482 -0.0631399378 0.0402918272
v -0.00641809544 -0.0467175804 0.103543237
v -0.0109060202 0.0281074513 0.0310802646
v 0.0283926781 0.021686459 0.0973176137
v 0.0544234551 -0.0439273305 0.0325917415
v 0.0482233167 -0.0399612039 0.0193091258
v -0.0208395254 0.015194389 0.0493737832
v -0.0799489096 -0.039882347 0.145160809
v -0.0631633252 -0.00202158047 0.013573383
v -0.00270388066 -0.0599124879 0.0472419634
v -0.00755712204 -0.0509579889 0.0347786024
v 0.000334632321 0.00987074152 0.158336133
v -0.0188877359 0.000479256996 0.172805473
v -0.011622116 0.0287440475 0.0372209139
v -0.0334036313 -0.00568692526 0.123614416
v 0.0530272052 -0.0399528332 0.104372896
v 0.0624251291 -0.0400817953 0.0863118693
v -0.0884785429 -0.045375403 0.112839557
v -0.0447889641 -0.00567244133 0.159706742
v -0.0604429767 -0.0381418094 0.151982203
v -0.0686758012 0.00702593755 0.0994488969
v 0.019766856 -0.048137702 0.0140023222
v 0.0201764293 -0.0423316844 0.0194102973
v 0.0704215392 -0.0310856681 0.0727754086
v 0.0638263673 -0.0421355106 0.0610071644
v 0.0658713356 -0.0401943959 0.0708358511
v -0.0559103638 -0.0582865328 0.118495367
v -0.051124502 -0.0447260402 0.101545952
v -0.0470068827 -0.0531261265 0.0749115199
v 0.0146059124 0.0176064447 0.107247256
v 0.0195148364 -0.0690774843 0.0604480878
v 0.0395243801 0.0128154308 0.109945342
v -0.0372796915 -0.0524364226 0.0630340576
v 0.0362795517 0.0221554171 0.0161796324
v 0.0217056107 0.011594275 0.0191577412
v -0.0197466332 -0.0509260707 0.0738641694
v 0.0423190258 0.0174360704 0.0969678536
v -0.0478230231 -0.0359479748 0.0134695284
v 0.0128163425 -0.0677306429 0.0697750896
v 0.0372773856 -0.0608716458 0.0803778619
v -0.033935193 0.0192342773 0.100581326
v -0.0135212271 -0.0639632121 0.0202109907
v -0.0222137272 0.0340719856 0.0143245086
v -0.00304677407 0.000411665329 0.118497081
v 0.0154446922 -0.0535323732 0.0138216484
v -0.0736180395 0.00265388424 0.128620595
v 0.00618066639 0.0237257965 0.0981924459
v 0.0117586944 0.0220992509 0.103451073
v -0.0408174731 -0.0255485177 0.0391607918
v -0.0370620564 0.011374387 0.0422639996
v 0.0531254299 0.00954340491 0.103120625
v -0.0840109512 -0.0553883538 0.112575516
v -0.0505058244 0.0203871969 0.0795486271
v 0.0251209196 0.0364509448 0.0530478731
v -0.0536017902 -0.040856149 0.0135489218
v -0.059424486 0.0149577642 0.0937144458
v -0.0429153331 -0.0238994956 0.0237534363
v -0.0493205003 -0.0261805523 0.0205542054
v -0.0527572669 0.0522055924 0.167486116
v -0.0659866184 -0.0446039438 0.0965223908
v 0.0419919565 -0.0238717627 0.015720116
v -0.0419935137 -0.0495479517 0.0284635015
v -0.059339568 -0.0319267027 0.0490965508
v -0.0732622147 0.00773430895 0.0760640129
v 0.0824173465 0.000369125511 0.0412213728
v 0.0279689431 -0.0491471775 0.0986247063
v -0.0502285883 -0.00783612579 0.0126097193
v -0.0268345829 0.0231486913 0.0888799205
v 0.0589742512 0.00373991043 0.101786174
v 0.0706760287 -0.00216534687 0.0703435019
v -0.0148043958 0.0318238139 0.0526230112
v -0.0473959111 -0.0135650011 0.0281606279
v -0.0687429607 -0.00157488545 0.055703368
v -0.0337136425 -0.0109875593 0.0152365668
v 0.0777203143 -0.0277836025 0.0272647701
v -0.0174212661 -0.00429909723 0.156307638
v -0.00398265012 0.0313329697 0.0217243992
v 0.03940529 -0.0343965329 0.117625579
v -0.0534597374 -0.0549461097 0.112954356
v -0.0477099419 -0.0397105254 0.144017115
v -0.0746304095 -0.02332942 0.0604316704
v 0.00802457705 -0.0598423742 0.0881871656
v -0.0471142791 0.0227038208 0.0842250064
v -0.0334493928 0.021152325 0.0667900071
v -0.0364352241 0.0232330207 0.070901081
v -0.0481054597 0.0225221291 0.0751611814
v -0.0393514298 0.00284373085 0.161287099
v -0.0786080137 -0.0452201553 0.101435557
v 0.055214975 -0.0519865081 0.0624133945
v 0.0655835867 -0.0370114185 0.0453331992
v -0.0631071031 0.050509043 0.150758252
v -0.0419166945 -0.0342117809 0.132950425
v -0.0481767543 -0.0514470637 0.087109454
v 0.0020434137 -0.0675598383 0.0693891719
v 0.0465974696 -0.0455170758 0.0198383778
v -0.00710334629 -0.0144234151 0.120385893
v 0.0859660655 -0.0251165219 0.0551756173
v -0.0835310519 -0.0167561304 0.13845776
v 0.0805638805 -0.0149396863 0.0589023829
v 0.0305782482 -0.0659204721 0.0724588037
v -0.059658967 0.0603865944 0.167646721
v -0.0655686259 0.0505204126 0.169769749
v -0.0783453733 -0.00836307183 0.143072233
v -0.00346605689 0.0392050333 0.0457761921
v 0.0288751535 0.0334393606 0.0363072455
v 0.0443428047 0.00732017588 0.112209879
v -0.0830399916 -0.0136381714 0.0911102369
v 0.0373332836 -0.0562995002 0.03408112
v 0.0810325742 -0.0343203582 0.0380459614
v -0.0838724449 -0.0521863326 0.106483899
v -0.0213252734 -0.00531860441 0.120714091
v -0.0555007905 -0.0304394718 0.0170826782
v -0.00587961543 0.0326684415 0.0837951005
v -0.0235183537 0.0175568238 0.0139014712
v -0.0322408415 -0.0504774451 0.0659961775
v -0.059634503 0.0170153398 0.0852575451
v -0.0569366328 0.0171735901 0.0880601332
v -0.0258321334 -0.00394354388 0.146828935
v -0.0105499299 -0.0524279475 0.0843472034
v -0.0107660089 -0.0528332293 0.0897633359
v -0.0389441624 -0.0395204611 0.0391686261
v -0.0457462445 -0.000478935137 0.152356744
v 0.00925404765 0.0421392657 0.071741581
v 0.0124857873 0.0419207178 0.0640571564
v -0.00543485163 0.00936198048 0.113850102
v -0.0783460215 -0.00212983438 0.0937992036
v -0.0123089226 -0.0128517477 0.0177463628
v -0.0227256007 0.0111016603 0.0413883142
v 0.00494588492 -0.0169699565 0.0181572773
v 0.0568898544 -0.0503532588 0.0704500377
v 0.00302644307 0.0192098152 0.172388986
v 0.0182943773 -0.0527713783 0.0942357555
v 0.0430018082 -0.034489017 0.0145104397
v -0.0812151209 -0.00671968283 0.0811675042
v -0.0610419661 0.00847465172 0.115561135
v -0.00967837311 -0.0489065275 0.0339457206
v -0.00688630156 0.00705479831 0.162759095
v 0.0171606615 -0.0324457102 0.123040855
v -0.0466633439 0.0228565466 0.0693533421
v 0.0354223177 -0.0648551583 0.0635643825
v -0.00857882854 -0.0540344305 0.0526675358
v -0.0147216227 0.0335121006 0.0767237246
v -0.0338279046 6.97374198e-05 0.012773334
v -0.0654617622 0.033828225 0.156645268
v 0.0724634528 -0.0187876895 0.0692792013
v -0.0152570987 -0.0244678557 0.0142619601
v -0.0571752414 -0.0526591539 0.0714347363
v -0.0370101854 -0.0528009869 0.0800147951
v 0.0720675588 -0.0270753913 0.0672257021
v -0.0158819463 0.0247195009 0.0480743088
v -0.0268305596 0.0253566317 0.0791288093
v 0.0482449345 0.002928006 0.0193551518
v 0.0457523055 0.00638322672 0.020864699
v -0.0868703425 -0.0186331403 0.105207279
v -0.0574814416 -0.00788826775 0.0263910145
v 0.0351166539 0.0240611788 0.0913818851
v -0.0300007686 -0.0361621752 0.0136152254
v -0.0389620811 0.0038075021 0.151039883
v 0.0728868097 -0.00985615049 0.0623171553
v 0.0404185206 0.0244202726 0.0871831626
v -0.0124578923 -0.0463350415 0.050302472
v -0.0495169461 -0.0345063433 0.0266753267
v -0.0829888135 -0.00823502336 0.075652346
v 0.0577409714 0.00479187258 0.0256872028
v 0.0256394446 0.0137203541 0.113874994
v -0.0578491203 0.0351117179 0.145242453
v 0.0454889648 -0.0236757454 0.0140118711
v -0.0811574534 -0.00695367903 0.132865131
v -0.0834512785 -0.0149925789 0.132469773
v -0.0531930216 0.00750315608 0.0502115972
v -0.0101135345 0.028950952 0.0282515008
v -0.0383060649 0.0232103821 0.080828689
v -0.00474536326 0.0134248286 0.187197134
v -0.00672322372 0.0130232479 0.187494218
v -0.0278034508 0.0175889563 0.0276287999
v -0.030494241 0.0181551706 0.0244172309
v -0.041925706 0.0108838119 0.0125307553
v 0.0583725795 -0.0446751304 0.0880187228
v 0.0197291449 -0.055360835 0.0229472723
v -0.072783336 -0.0379325412 0.0961708128
v -0.0767475814 -0.056848228 0.106167614
v 0.0135273421 -0.0464178696 0.110927358
v 0.0228692591 0.0376954339 0.0721800625
v -0.0870830417 -0.0317336917 0.125397339
v -0.076804392 -0.00229452201 0.0677323192
v 0.0446733609 -0.0083961701 0.0136216627
v -0.00117233966 0.0059325085 0.160671592
v -0.00876406208 -0.000121396748 0.15786171
v -0.0135577051 0.00351524865 0.152411997
v 0.0268804487 0.00606243452 0.120100617
v 0.0370186605 0.00556134433 0.117089249
v -0.0520501845 -0.0421726853 0.0518122353
v -0.00728949113 0.0208594278 0.183002159
v -0.00127372716 -0.0491335504 0.101158857
v 0.0474785231 -0.0497501381 0.0932465568
v 0.0451757908 -0.0568860993 0.0813139528
v 0.0498529188 -0.0558975972 0.074457258
v 0.0727613941 -0.0386072248 0.0424883403
v 0.00256837555 -0.0531478524 0.0138766877
v -0.0387438573 0.0239547491 0.0849131495
v 0.0141004771 0.0277964231 0.0236516204
v 0.0725205839 -0.038421616 0.0333238803
v 0.0434545651 -3.20255676e-05 0.0141516672
v -0.06803298 -0.0176402405 0.051703874
v -0.067733489 -0.0371347442 0.0576000102
v 0.0201353375 -0.0551142842 0.0254641492
v 0.0236706492 0.0313884914 0.0286265798
v -0.0184409339 -0.0131700188 0.0129634496
v -0.0349001437 0.0120202629 0.0210768078
v -0.0349582955 0.00922894292 0.0294754468
v -0.0102433534 -0.0408045426 0.107269466
v 0.029702669 -0.0585196167 0.0289896447
v 0.0361211933 -0.0523532219 0.0275271963
v -0.0468313061 -0.00231753523 0.0125435228
v -0.0485436805 -0.00421101367 0.0425535738
v -0.0631809756 0.0111565385 0.0980583355
v 0.0728215799 0.00372333429 0.0427343547
v -0.0798061565 -0.0113758361 0.0659051985
v 0.0669273213 0.00357361347 0.0492413901
v 0.0516317077 -0.052234292 0.045998171
v 0.00228792382 -0.0533616245 0.0890125334
v 0.0522287115 0.0229220986 0.0714686364
v 0.0147958128 -0.0667151585 0.0468121693
v -0.0522548892 -0.0501658805 0.121414147
v -0.0444996618 0.0144068925 0.0535657555
v -0.0441846102 0.0202971287 0.0619728677
v -0.0412879847 0.0157878008 0.0556556247
v 0.0836419836 -0.00528920768 0.034016747
v -0.0806458518 -0.00398066547 0.0864532739
v 0.00768200587 0.039903108 0.0520308875
v -0.0518607125 0.0206491426 0.15234226
v -0.0791620016 -0.0124857333 0.149756506
v 0.0560532212 0.0194875859 0.0450142287
v -0.0381335989 -0.00758083304 0.136236131
v -0.039238885 -0.00336359651 0.132339314
v 0.0684973225 -0.0250974242 0.0210595336
v 0.060604874 0.0116278557 0.0896695629
v -0.0169018283 0.0299341436 0.0265990458
v -0.0358069465 -0.0541771762 0.0751463771
v -0.0459398441 -0.0137120932 0.15453276
v -0.0525563695 -0.0513669178 0.0213337634
v 0.0497619919 -0.0159295816 0.116238236
v -0.0451161414 0.00653568329 0.116892584
v -0.0246007852 -0.0281541757 0.118439794
v -0.0741509348 -0.000717115239 0.141639069
v -0.0551175587 0.0179835632 0.142133027
v -0.0528030805 0.0261851121 0.148317769
v -0.0431744903 -0.0184868537 0.0125989905
v -0.0654672384 -0.0266370643 0.0512889884
v -0.0599314794 -0.0507202931 0.0801391453
v -0.0525024049 0.032505095 0.161579996
v -0.0515313931 0.0366727635 0.158424541
v -0.0629942939 0.0377776697 0.145102769
v -0.061568968 0.00791321229 0.127897039
v -0.055354774 0.00720398268 0.131050885
v -0.053578455 0.00830181036 0.117879428
v -0.0710893571 0.0474795401 0.174736664
v 0.0395491607 0.0322682559 0.0560671799
v -0.0137817226 0.00671968283 0.182302207
v -0.0232536737 -0.00168952311 0.160154253
v -0.00037212958 -0.0365933143 0.0184850432
v 0.0702686012 0.00193124369 0.0724859461
v 0.0590357296 -0.0381010398 0.0318512395
v 0.0636853874 -0.0379869901 0.0384199657
v 0.00572892884 -0.0121982004 0.123575471
v -0.0253927894 -0.0471394919 0.0344935358
v 0.0544079542 -0.0499930382 0.0497613102
v -0.019777853 0.0252313204 0.0597441681
v -0.021812791 0.0197642818 0.058855176
v -0.0317553096 -0.0502149649 0.0932455957
v 0.00466564763 -0.0613549799 0.0384987183
v 0.00917830225 -0.0614754632 0.033616133
v 0.0205453411 -0.0609550625 0.030315835
v -0.0239482578 -0.032689631 0.0133623471
v 0.0680186599 -0.0356670953 0.0666693076
v 0.0135810943 -0.0373892859 0.119880244
v -0.030218726 -0.00946449395 0.123014778
v -0.0561914071 -0.00759419007 0.0440180562
v -0.0333048739 -0.0307914298 0.117239237
v -0.00699015707 -0.0539716668 0.0847971737
v -0.0579039417 0.0467273407 0.172506034
v 0.0252841599 -0.0334291123 0.0189829692
v 0.0378957428 -0.0618405119 0.0534384027
v -0.0708417892 -0.0472334735 0.145702824
v -0.0878514424 -0.0274959616 0.108395137
v -0.044381965 0.00229940354 0.036469467
v 0.0193462335 -0.0194808263 0.0142086381
v 0.0343944952 -0.0272178706 0.0136834616
v -0.00906178728 -0.0582546145 0.0304856729
v -0.0682654232 0.0187367816 0.146896303
v -0.0360909365 0.0167934671 0.105546527
v -0.0217075422 -0.0503452644 0.0572008975
v -0.021489853 0.00998725649 0.0357859321
v -0.0318919942 0.0137015246 0.0461835638
v -0.0124479141 -0.0433956645 0.0187344886
v -0.0349552892 -0.0524695739 0.0684402063
v -0.0430862457 -0.0506369844 0.0610424653
v -0.0107945474 0.0383130386 0.0536465421
v -0.0612702221 -0.0151860202 0.0148553718
v -0.052369047 -0.0192304142 0.0223248936
v 0.0426208265 -0.0551418588 0.0348678641
v 0.0219419673 0.0348025672 0.0834833235
v -0.0685919523 -0.0557590872 0.10268911
v -0.0640661567 0.0132799353 0.0624791607
v -0.0153026422 -0.0500382073 0.0640318394
v -0.0790726319 -0.0585524477 0.111403719
v -0.08210814 -0.0550512001 0.121890932
v -0.053815078 0.0680141523 0.180206433
v -0.0485323071 -0.0284223966 0.0435803197
v -0.0320376381 -0.0535785072 0.0161132198
v -0.0717725679 0.033697281 0.164368212
v -0.0712042674 0.0284918118 0.160291582
v -0.0805031583 -0.022285128 0.0973901451
v -0.0829286277 -0.0187743865 0.0932726339
v -0.0584513284 0.0617530718 0.182502627
v 0.0253415592 -0.0127860876 0.0132172937
v -0.0413823985 -0.0500823557 0.05911256
v -0.0635642111 0.0244862027 0.143147975
v -0.0157696158 -0.0490905829 0.0137806647
v -0.0123497453 0.0142488563 0.108996592
v 0.00897499081 0.0115599427 0.114547692
v -0.0222243499 -0.0230760034 0.0147039881
v -0.0268168263 0.0320493318 0.0131974453
v -0.0481750928 0.0136722885 0.108208671
v -0.00172412349 0.019493755 0.1053975
v -0.000399005308 0.0344501249 0.0326758586
v 0.0349798612 -0.0386226214 0.117312081
v -0.00379988458 0.0246581845 0.181717694
v -0.0604655594 -0.0460418761 0.100651167
v -0.0380559228 -0.0204072613 0.0356469937
v -0.0494672172 0.00138739916 0.139814422
v 0.00442349818 0.0289416183 0.0201527327
v 0.0672101304 -0.0270510372 0.090512529
v -0.0752159357 -0.0618035533 0.118694603
v 0.0208271332 -0.0249276944 0.0151571734
v -0.0446457863 -0.0119978404 0.0356682353
v -0.0659681633 -0.00087541918 0.154366896
v -0.00149195164 -0.0524092242 0.0892676637
v -0.0504984744 0.0186202656 0.0965459943
v -0.000396430405 0.0401659086 0.0795666501
v 0.0473118499 -0.0567578897 0.0581419244
v 0.0505565181 -0.0552259199 0.0644944683
v 0.0245599095 -0.0505745411 0.0953159332
v -0.0573364943 -0.0129425135 0.153661057
v -0.062746942 -0.00972633157 0.153670818
v -0.0400714427 -0.0415900014 0.118193351
v -0.00610996317 0.0193607695 0.187213764
v -0.0207514409 -0.0468125306 0.0408536941
v 0.0379983112 0.0286806393 0.0328469835
v 0.0403452404 0.0307562929 0.0373042747
v 0.0845554397 -0.0321033522 0.0460170545
v -0.0532330386 0.0375687815 0.151549399
v -0.0155468304 -0.0338930301 0.0174785722
v 0.0475843064 0.0257412083 0.0495547801
v -0.0692151412 0.00850152783 0.154056296
v 0.0708228573 0.00259203254 0.0279012043
v 0.067023024 0.00263237301 0.0262341574
v -0.0467560403 -0.0461077504 0.0136682261
v -0.0673925802 0.00559862703 0.137965411
v -0.0201840475 0.0258175433 0.0126122944
v -0.0360282809 -0.0466971397 0.0999490768
v 0.0471015647 0.0155751016 0.0984766483
v -0.022662729 -0.0390656665 0.10764648
v -0.0774081051 -0.0284048542 0.0665136352
v -0.0792520717 -0.0235797223 0.151391149
v 0.0375651866 0.0174693298 0.103438951
v 0.0492035039 0.0227680337 0.0378880315
v 0.0533567406 0.0211361237 0.0454650559
v -0.0421610437 -0.0279608965 0.142444372
v -0.0858395696 -0.0227662623 0.134230703
v 0.0127698872 -0.052704107 0.0908323601
v 0.0171941351 -0.0478730202 0.014148985
v 0.0261883307 -0.0478978045 0.107048668
v -0.0642898008 0.0383075699 0.172810405
v -0.0603494197 0.0183562823 0.0689486489
v -0.0436263345 -0.0235497355 0.012683427
v 0.0277255587 0.0355330929 0.0489422716
v -0.0682767406 -0.0601203591 0.105752625
v 0.0407810472 0.0303937122 0.0718666762
v 0.0384561084 0.0307694897 0.0764096901
v -0.0156786349 0.018110808 0.104803555
v -0.0311900061 0.0135909645 0.112829581
v -0.0619639494 -0.00022439356 0.0169058666
v 0.00441234 0.0230698884 0.177838042
v -0.0110950088 0.0261762608 0.0866147429
v -0.0613529943 -0.000905513531 0.0489581488
v 0.0370493978 0.00704482011 0.0138169276
v 0.0569506884 -0.0304767005 0.107767604
v -0.0417845696 -0.040919397 0.0308674052
v 0.0619335845 -0.0310397483 0.0203868356
v -0.00908732228 -0.0315200798 0.115374453
v -0.0249654055 0.0197783355 0.063090384
v 0.0284961034 0.0252985358 0.0211099591
v -0.0412451774 -0.0318329856 0.0325715728
v -0.0615786761 0.0149349114 0.139870316
v 0.0636264905 -0.00885279011 0.0177437887
v -0.0357614569 -0.000923377054 0.122830354
v 0.0171371661 -0.0514103696 0.100782596
v -0.00425215857 -0.0621270798 0.0540443659
v 0.0683599412 0.00266750995 0.0433696061
v -0.0642243028 -0.0584646314 0.132375151
v 0.00800864492 0.0396695398 0.0469767489
v -0.0489484258 -0.0402006172 0.136892319
v -0.02804281 -0.0518411323 0.0637882948
v -0.0830700323 -0.0155227445 0.0741080344
v 0.0047023939 0.042115286 0.0546438955
v 0.0189585462 0.0250590146 0.0894775167
v -0.0525806174 0.0664809495 0.179217875
v -0.0101399282 0.0282578692 0.0126088616
v -0.00606581429 -0.00661963644 0.0181098562
v 0.00414841063 -0.00206696335 0.121417582
v -0.0104551408 0.0316917412 0.023737343
v -0.0252901129 -0.00777963828 0.155637085
v 0.0772683099 -0.00589704979 0.0552456751
v -0.0513047986 -0.0248472281 0.0171457622
v -0.0171441399 0.0143040568 0.0402764827
v -0.0242041945 -0.00410656817 0.16869022
v 0.00617197622 0.029658787 0.185027003
v 0.0144934198 -0.00216486398 0.0186878182
v -0.0372888669 -0.00710989069 0.139306724
v -0.0541606545 -0.0460676812 0.136255875
v 0.0732057244 -0.0275604948 0.0551407486
v -0.0154525246 0.00142854417 0.160797328
v 0.0664951652 -0.012444213 0.0960722119
v -0.0195110813 0.0340453796 0.0147345653
v 0.0303352401 0.0358885936 0.056293238
v 0.0194349606 -0.0346614271 0.0189681631
v 0.00682622055 0.0173072182 0.166834339
v 0.00496058352 -0.0571221858 0.0286242198
v 0.0543256104 -0.0419920646 0.0992519185
v 0.00414637243 0.0151583934 0.110474601
v 0.00740632834 0.0181765743 0.105829015
v 0.00115152565 -0.0653959438 0.0551175736
v -0.0854768828 -0.0192300938 0.141992792
v -0.00047560918 -0.0621652752 0.0228139125
v 0.0215421021 0.0216086749 0.0987448692
v -0.037598338 -0.0147780562 0.145717964
v -0.056638103 -0.0446861275 0.0196107123
v -0.0819852427 -0.0138053261 0.101971142
v -0.0642411411 0.0179757848 0.164786741
v 0.0424458385 -0.00963127427 0.0153479325
v -0.0120594772 -0.0539408214 0.0827932432
v -0.0637773871 0.0618010834 0.183170378
v -0.0760344416 8.41140572e-05 0.106210425
v 0.0416413918 -0.0477016829 0.0157513358
v -0.0280702766 0.0229447372 0.0743256211
v -0.02238952 0.024158543 0.071972996
v -0.0173196103 0.0199774094 0.0309476573
v -0.0157448854 -0.0520221815 0.0740168393
v 0.0311024599 0.032697998 0.043772798
v -0.0571762063 -0.0357841477 0.0182111356
v -0.0698691681 -0.0106706833 0.0538098365
v -0.0744672269 0.00358219654 0.11366868
v 0.0396529101 0.0168339685 0.0156276338
v 0.0399496146 0.0251497272 0.0298668332
v -0.0651992261 0.0610282868 0.1795111
v 0.0513541512 0.0212687328 0.0837015435
v -0.058980152 0.0447651446 0.147361502
v 0.0260088388 0.000246548589 0.0139994258
v 0.00266289641 0.0425977074 0.0636189952
v 0.00221722084 0.043738395 0.0676684827
v -0.0115253422 0.0215291213 0.0141129363
v -0.0136343623 0.0182022713 0.0186215136
v -0.0473428033 0.00440778024 0.13421987
v -0.0554897934 0.0150776049 0.0973167568
v -0.00992299058 0.0316858403 0.0145691261
v -0.0420790203 0.00724013848 0.0261126012
v 0.0160651412 -0.0698008761 0.0624146797
v -0.0224131774 -0.00384778879 0.150294021
v 0.0692641661 -0.00513111847 0.0217383467
v 0.0522507615 0.020299973 0.03428014
v 0.0329650901 -0.0614584051 0.0447604917
v 0.0470067225 -0.040688511 0.107701406
v 0.00836151652 -0.0691106915 0.0659824461
v -0.0761608258 -0.0588095635 0.11530751
v 0.0297608189 -0.00417517917 0.0132992622
v 0.0074102981 -0.0565219074 0.0140241021
v -0.0797812715 -0.00370750926 0.0804502815
v -0.0552529544 0.0580846705 0.176484823
v 0.01004015 -0.0184705444 0.0182096343
v -0.00891287159 0.0275834017 0.0843287557
v -0.0820130259 -0.00392573373 0.124007307
v -0.0797582045 -0.00258629257 0.107916631
v -0.0811357871 -0.0275952574 0.0733858794
v -0.0171900056 0.0286069866 0.0556443594
v -0.0622728318 0.0170441996 0.0785993412
v 0.0692526326 0.00428198464 0.075171262
v 0.0249604173 -0.067825377 0.0714992136
v -0.0270889103 -0.0474323332 0.0138303386
v -0.0222947299 -0.00913350936 0.0128852362
v 0.028925579 0.0241779629 0.0880961865
v -0.00254917075 0.023947401 0.0978118926
v -0.013987395 0.0246792678 0.0404285118
v -0.0527628995 -0.0298976656 0.0184774268
v -0.0149116842 0.0182905681 0.171213105
v 0.0103600835 0.0417223424 0.0627044663
v -0.0232343618 0.00552078942 0.118243024
v 0.018409444 -0.0653990507 0.0365331955
v 0.0156390443 -0.0640401393 0.0421373993
v 0.0177930202 -0.0673200488 0.0457734019
v -0.0202978794 -0.0551591851 0.01426432
v -0.0713933036 0.0513571016 0.173821062
v -0.027243996 -0.00451646326 0.15814431
v 0.0708856732 0.00017278787 0.0654050186
v 0.0766889527 0.000872146862 0.0478351638
v -0.0313146748 -0.0427574068 0.0138677824
v -0.0539036989 0.0638558716 0.15904811
v -0.0680083558 -0.0339894257 0.152721629
v -0.0663768277 0.0459949374 0.166721255
v 0.0236957017 -0.0597538091 0.0875744373
v 0.055132363 0.0221258588 0.0608758442
v 0.023515135 0.0386945568 0.0606140606
v -0.0284708906 0.0253597982 0.0218617283
v -0.073924236 -0.0407496653 0.0783502162
v 0.0521020032 -0.00806523953 0.113577485
v -0.0106138736 0.000447982457 0.117032386
v -0.064656347 0.00777931605 0.1385158
v -0.0606790632 -0.0160172898 0.0445914082
v -0.0733002499 -0.0402426198 0.148983493
v 0.0144174062 0.0277593546 0.0193508603
v 0.0406487621 -0.0521453507 0.0950319469
v -0.0316831581 -0.0247601084 0.119696677
v -0.0684896037 0.00420420058 0.105472386
v -0.0154023133 0.0260841548 0.0831980407
v 0.0109134763 -0.0599902198 0.0307148416
v -0.0389777459 0.0130281299 0.0128927464
v -0.0171336792 -0.0469403639 0.0983656049
v -0.0247538872 -0.0462043658 0.0960895941
v -0.0751216859 -0.00145102106 0.0629437193
v 0.00534644583 -0.0675786659 0.0747260153
v 0.0425144508 0.0153748477 0.103957906
v 0.0388969555 0.0188613422 0.0965174586
v -0.0583897457 0.0636061579 0.160547778
v -0.0268764794 -0.0129421381 0.0148466816
v -0.0793899894 -0.00955944415 0.0997959748
v -0.0717285797 -0.0596942641 0.131898254
v -0.0724835172 0.00366003416 0.061117135
v 0.0620111562 -0.00613984326 0.102199018
v 0.0373422429 0.0322494246 0.0609264858
v 0.00516346563 0.0346397012 0.0323686898
v 0.0179076567 0.0234949123 0.013092624
v 0.0784540549 -0.0241080653 0.0581698194
v -0.00583519787 0.0223829746 0.172883153
v -0.0353560112 -0.0538581535 0.0716593936
v -0.00953578763 -0.0236539133 0.0177216865
v -0.0484672897 -0.0487819687 0.0578078292
v 0.0373097323 -0.0416498668 0.11255385
v -0.017209854 0.0197605807 0.09980499
v -0.0874034092 -0.0155518735 0.124784395
v -0.0702587292 0.0121505111 0.0757437572
v 0.0619732812 -0.0441287644 0.0564390421
v -0.0541649461 0.00777829718 0.0130037898
v -0.0494774655 -0.0296693016 0.0235267375
v -0.0222387258 -0.054882437 0.0215664711
v -0.0418130532 0.0230223071 0.0726624355
v -0.0714308023 -0.00371818454 0.15031451
v 0.061188899 -0.0453272834 0.0702532753
v 0.00427168515 0.0377168395 0.0389463231
v 0.0568786971 -0.048442401 0.0539645441
v -0.0514126234 0.0103114815 0.110284805
v -0.0182150919 0.032263428 0.069251202
v -0.0617361739 0.00269057695 0.156374261
v -0.0754182786 -0.00205328409 0.136418521
v -0.015170034 0.0108692199 0.155276924
v 0.0480023026 -0.051733952 0.0383369252
v -0.0631574243 -0.04949506 0.0733944625
v 0.053494662 -0.00324418466 0.0162188988
v -0.0232746489 0.0320175216 0.0200494155
v -0.0359407328 -0.0126114218 0.154720098
v 0.0223700479 -0.0467686467 0.0138748633
v 0.0249343459 -0.0448962003 0.0141691556
v 0.0234949645 -0.0418831669 0.0195467696
v -0.0839129984 -0.0211628918 0.0840142891
v -0.0195806567 -0.0553843305 0.0252313334
v -0.0237018708 -0.00194057776 0.172696143
v -0.0495726839 -0.0407092161 0.0284162946
v 0.044220604 0.0264736116 0.0330643468
v -0.0180089902 -0.0448742062 0.0337154791
v -0.000590675918 0.0200926904 0.182819769
v -0.0501350872 -0.0435136817 0.138878331
v 0.0531165227 -0.0360876657 0.0214622952
v -0.0024038488 -0.0588968955 0.0404707827
v 0.0604908802 0.0185778867 0.0698555559
v -0.054507304 0.025354648 0.144891515
v -0.0776985884 -0.0332181305 0.068499431
v -0.0515597165 -0.0228901263 0.0131118288
v -0.0802633688 -0.0327834524 0.0777084157
v 0.0302427579 -0.0337476544 0.122040391
v -0.0740501955 -0.0461588204 0.100444749
v 0.0251579881 0.0152299013 0.111884043
v -0.0705039427 0.0283383895 0.164406091
v -0.0245529357 0.0111637264 0.0314983688
v -0.0472882465 -0.0546355657 0.022401711
v -0.0568206534 -0.0419461466 0.0143267624
v -0.0487371199 0.000892478041 0.044173412
v 0.0163603444 0.00739077153 0.0190819949
v -0.0438968092 -0.0446734689 0.0304769818
v 0.0636398494 0.0152249662 0.0729677752
v -0.0900000036 -0.0258727968 0.118859828
v 0.071126692 -0.00382499001 0.0529547483
v -0.0259521361 -0.00556349009 0.165630892
v 0.0201523975 0.0150623703 0.0174899437
v -0.0494815931 -0.0518709049 0.0681263879
v -0.0128728841 0.0053107189 0.179742098
v 0.0379502438 0.0273467228 0.0812141746
v 0.00279373466 -0.0513664894 0.0981412679
v -0.0800178424 -0.00196906272 0.0737311319
v -0.0360038206 0.0130535569 0.0474036485
v -0.0696442947 -0.0406617969 0.0643892139
v 0.00390282786 -0.0646231472 0.0453824438
v 0.0034235171 0.0279301573 0.0141298883
v -0.0222794954 0.0162567571 0.0526059531
v -0.065595232 0.054528866 0.173108459
v -0.040621724 -0.0490876846 0.0931622311
v 0.0464557409 -0.00325598638 0.0144241797
v 0.0124737713 0.0249104742 0.0934865624
v -0.0388787165 -0.0223933291 0.136353299
v 0.0220130458 0.0366270021 0.052984789
v 0.00708660902 -0.0512027666 0.101058118
v 0.0469156876 -0.04812783 0.0238016099
v 0.0500954986 0.0235852487 0.0485532433
v -0.0343394019 -0.0338039808 0.0129305115
v -0.0168834291 0.00550920237 0.169697538
v -0.0136829102 0.0392577127 0.0659496188
v 0.0164916646 -0.0568131432 0.0159218181
v 0.0260006841 -0.0218108073 0.0134356255
v -0.0423498712 0.0202778168 0.0957567841
v -0.0420232303 -0.00920807477 0.159584016
v 0.00813985895 0.0247846246 0.167186886
v -0.00912031345 -0.0627727956 0.0744846165
v -0.0614180639 0.0108665917 0.0575934649
v -0.0438133366 -0.0016739663 0.159586698
v -0.0412832648 -0.0448986143 0.0137909641
v 0.00532058952 0.026063608 0.0921708867
v -0.0575978495 0.00843517017 0.110415593
v 0.0211872999 -0.0638086647 0.0362822488
v -0.0322664306 0.0232171416 0.0869287774
v 0.0321289934 0.0243463516 0.0158301927
v 0.000187861879 0.0250294022 0.0927532464
v -0.0166151002 -0.0460766926 0.0473475382
v -0.0679389462 0.0155739207 0.161586761
v -0.0660353824 -0.0626525283 0.121715516
v -0.0663469955 -0.0638136566 0.113876067
v -0.0108330101 -0.0477074198 0.015987156
v -0.0125149162 -0.0574125089 0.0672339648
v -0.0166213773 -0.0601987354 0.023775002
v -0.071390301 -0.0351993702 0.0613695867
v 0.0795902386 -0.034111198 0.0495235585
v -0.0588847212 0.000484245887 0.0209232774
v 0.0685077831 0.00596480211 0.0365928449
v 0.0260375384 -0.0651278794 0.0787657425
v 0.0065844995 -0.0464451723 0.0194325075
v -0.0341142043 0.000709658663 0.143483356
v -0.0197182018 -0.0168287121 0.120749496
v 0.0115302773 -0.0522966273 0.0916784331
v -0.0769141465 0.00364662311 0.0856562331
v 0.0345235616 -0.0634819195 0.0767751187
v -0.0462863334 -0.0537297837 0.0828786418
v 0.00629685959 -0.0514463112 0.0141211981
v 0.0166918114 -0.0427364297 0.0193713531
v 0.0599894151 0.0126042869 0.0419250764
v -0.067228049 0.0310667865 0.158208892
v 0.0122855334 -0.049261976 0.105359092
v -0.0559134223 -0.0506739989 0.0855716914
v 0.0407838896 -0.0264177136 0.120414861
v -0.0894319117 -0.0221207626 0.111879647
v 0.018992288 -0.0591607727 0.089009203
v -0.0222799256 0.00815525465 0.17750223
v -0.0684832707 0.0182012506 0.148170784
v -0.0249610599 0.021645315 0.09396936
v 0.0866411254 -0.0171424225 0.0567968488
v 0.0151012624 -0.0680672601 0.0720000342
v -0.00590413064 -0.0539386757 0.0323415473
v -0.0142233754 -0.0512086675 0.0140575757
v 0.0385496654 -0.0606410317 0.0729841888
v -0.0180966444 0.0210279766 0.0140163768
v -0.0428460799 -0.0352130495 0.0303487722
v -0.0568745136 -0.0454001315 0.102121554
v -0.0621426925 -0.0107059814 0.0214880444
v -0.0643064827 0.00169300998 0.0541097075
v -0.0313233659 -0.0483508296 0.0284631811
v -0.0754206926 -0.0367279612 0.101511195
v 0.0313423015 -0.0538996756 0.0206892826
v 0.0206269864 0.0253127515 0.0140783899
v -0.023960758 -0.0153148733 0.0151005257
v -0.0576863624 -0.0170003194 0.0135163059
v -0.0507673398 0.00705023855 0.124461353
v -0.0198532771 -0.0528724976 0.085278146
v 0.0657901689 0.00727924518 0.0491766967
v -0.0537040345 0.0135577591 0.142016724
v -0.0307845641 -0.0283915512 0.117200077
v -0.0439817794 -0.033722546 0.144915864
v 0.0487419479 0.0193140991 0.091573827
v -0.0647496879 0.03285335 0.144958779
v -0.0154655064 -0.0616972819 0.0213849396
v 0.0263879411 0.028898865 0.0272384845
v -0.0471083224 -0.00385143654 0.0329966508
v -0.000404691586 -0.0475093685 0.0193515047
v 0.000365960499 -0.0522248484 0.0141232358
v -0.0380105935 -0.0522324145 0.0883117244
v 0.0638051257 -0.000596576778 0.0953695774
v -0.017228093 0.00314826891 0.178630695
v 0.029605573 0.0355679616 0.0699774325
v -0.0480833612 0.0105895195 0.0513874777
v -0.0364604369 -0.0134467687 0.131836772
v -0.00731395325 -0.0586970188 0.0819670111
v -0.0339895897 0.0187110323 0.0179435592
v 0.0306188036 0.0174360182 0.107626304
v 0.0186208561 0.0377896875 0.0461541675
v 0.054495234 0.0113069564 0.0318991952
v -0.0835423172 -0.00573853124 0.118619069
v -0.0810904577 -0.0290695056 0.103556864
v -0.0616409034 -0.0502383523 0.143823892
v 0.0402053371 -0.0073468904 0.0149994604
v -0.0401969142 -0.00305761024 0.13475877
v 0.00284829061 -0.0602158457 0.0360237882
v 0.0512256734 -0.0435296148 0.0259952266
v 0.0512335077 0.00990062114 0.0273187365
v -0.0422160812 -0.0318788514 0.138163462
v -0.0863566995 -0.0267012231 0.141051665
v -0.0174342468 0.0124932434 0.0330334492
v 0.0152196018 0.0394067355 0.0556513332
v 0.0290254112 -0.0613487028 0.0331598334
v -0.0571712703 0.0656067133 0.182667524
v -0.0563580245 0.0589819215 0.154069498
v -0.0576930679 0.0512237959 0.149643108
v -0.0809193328 -0.00989777781 0.0942076519
v -0.0827649012 -0.0108822556 0.0812877715
v -0.0607854947 0.00350795314 0.0132134315
v -0.019189002 0.0289168879 0.0663092509
v 0.0106259435 -0.0455393381 0.0194578264
v -0.0533570088 -0.02512886 0.0434949212
v -0.00932126399 0.0363706909 0.0485183746
v 0.0135913938 0.0414456464 0.0674269795
v -0.0712751821 -0.0137735689 0.152987391
v 0.0383807383 -0.0617815591 0.0584604628
v 0.0502594337 -0.025950687 0.114985533
v -0.016329607 -0.0441261381 0.0375116654
v -0.0839622393 -0.0359589718 0.141041577
v 0.0544131584 0.0128055606 0.0970742851
v -0.00512768514 0.00303218281 0.157538772
v 0.0584864132 -0.0253279861 0.0170542467
v -0.00900546089 0.000789642159 0.159652352
v -0.0543891229 -0.0496399514 0.0628020987
v 0.0338537619 0.0268506762 0.0245977957
v 0.0249556955 0.0321870372 0.0334853455
v 0.0343900956 0.033403419 0.0694635212
v -0.053794533 0.0144435316 0.155323476
v 0.0465428606 -0.0541801788 0.0511055253
v 0.0251612607 0.037668936 0.0646310449
v -0.0414368995 0.0122660073 0.0152360303
v -0.0469756611 0.0109950695 0.0127081033
v -0.0222384036 -0.0266347583 0.0144933807
v 0.0478948541 0.00408661272 0.112117931
v 0.0274402797 -0.0456998944 0.110049844
v -0.0211256091 -0.0501331575 0.0640456751
v -0.0293715764 -0.0504276082 0.0684095249
v -0.0519632809 0.0698008761 0.171789348
v -0.0550268441 -0.0344442241 0.152949736
v -0.0685092881 0.00626756996 0.127001077
v -0.0209633894 0.025485646 0.0828651264
v -0.0318229534 -0.0506823659 0.0566689633
v -0.0206608903 0.0180920847 0.104896568
v -0.00992738921 -0.0479001105 0.0416381881
v -0.0104342736 0.0160833262 0.183877736
v -0.000484621414 -0.0617964193 0.0153448209
v -0.0539664067 -0.041999843 0.150135666
v -0.082334891 -0.0269173551 0.0907274261
v -0.0591614693 0.017546149 0.0792466104
v 0.00660032453 -0.0650351346 0.052003637
v 0.0137969581 0.0201149527 0.0132324211
v -0.034351632 -0.0104247248 0.143648371
v 0.0133146429 -0.0485629924 0.0143488636
v 0.00103527878 -0.0453471318 0.107947744
v -0.0812598616 -0.0116251735 0.146253109
v -0.0144044245 -0.0526924655 0.0777562708
v -0.0774710849 -0.000587510935 0.129128605
v -0.0394060388 -0.0126850754 0.156547219
v 0.0495759025 -0.0150192939 0.0136930095
v -0.0866735801 -0.0391412526 0.108048812
v 0.0234621353 -0.053176228 0.0141687263
v -0.0865255222 -0.0218463726 0.145725578
v -0.00572662195 -0.0291741658 0.117230654
v -0.0496865138 0.0016458031 0.0266102031
v 0.0675005093 -0.0353751108 0.0766523778
v -0.045138564 -0.0433084369 0.106974207
v -0.0451192521 -0.0455272682 0.110607207
v 0.0277127922 0.0290998146 0.0856292993
v -0.0833717287 -0.0343372039 0.106379725
v 0.00957559142 0.0293811243 0.174181446
v -0.0343235768 -0.0453380644 0.0409359857
v -0.0463917963 -0.0078131659 0.0391978063
v -0.0305727758 -0.00787694845 0.155795336
v -0.0363981575 -0.042513486 0.104486942
v 0.0600055605 0.0151852155 0.0620004423
v -0.0171385612 -0.0298174135 0.0139229288
v 0.0565537214 0.0197072048 0.0573903695
v 0.0319381803 0.0158453602 0.0133506525
v -0.00365713751 0.0205915291 0.102959372
v -0.0807508305 -0.0223216061 0.0713700354
v -0.0486950651 -0.0419306941 0.1476513
v 0.0309621263 -0.0436067544 0.0139584411
v 0.015854802 0.0397142246 0.0756002069
v 0.0316518843 -0.0331413671 0.0141229145
v -0.0335886516 -0.0519603826 0.0833485648
v -0.0275944527 -0.0502127632 0.0857487172
v -0.0868135393 -0.0237576067 0.137889981
v -0.0377977341 -0.0482861362 0.0940328762
v 0.0225144029 -0.0669285581 0.0607713461
v 0.0693120211 -0.0102713024 0.0896491781
v 0.0454118252 0.0235973727 0.0832192823
v 0.00249638502 -0.0672453269 0.064061664
v 0.0266407672 -0.0095563326 0.014379655
v 0.0174205136 -0.0245355554 0.0182199348
v 0.0717484877 -0.00544751156 0.0783193186
v 0.0405114852 0.0312937535 0.0495900773
v -0.0586236343 0.0262317825 0.166738108
v -0.0654187426 0.0399215594 0.148357466
v -0.0299601071 0.0065627736 0.150465786
v -0.0562976226 -0.0455974899 0.0996180922
v -0.070120655 0.00298792659 0.10238602
v -0.0752649158 -0.000817161577 0.0999959633
v -0.0163231697 0.0108030234 0.111629345
v -0.0157241784 0.00623146724 0.167155132
v 0.000287961884 0.0224032532 0.012959158
v 0.0419244207 0.00636225194 0.0161576383
v -0.0356710106 -0.0390696898 0.107997201
v -0.03700836 -0.0377226844 0.111172296
v 0.0252761655 -0.0546485484 0.0152863488
v -0.0436195731 0.0115211038 0.11259301
v 0.00679280004 0.0167676117 0.163959652
v -0.0466806181 -0.0288032703 0.152636454
v -0.0345260315 0.018806519 0.0142488712
v -0.0128841493 0.0310771931 0.0443238281
v -0.0714893267 -0.0634832084 0.121050119
v -0.0595996901 0.0604342856 0.155628711
v -0.0415413454 -0.0277252365 0.0126631493
v 0.000625866523 -0.0600806624 0.0272526462
v 0.0422808304 0.0297208 0.0617027171
v 0.0194705799 -0.00449725892 0.0174718127
v -0.0680978373 0.00375573547 0.15436776
v -0.044428423 -0.0360112227 0.136987805
v -0.0655058622 0.00976458006 0.0603196621
v -0.0397311226 -0.0529307015 0.0684468597
v -0.0307174008 0.0212005507 0.0233587231
v 0.0537843928 0.0210991632 0.078908436
v 0.0819541812 -0.00124728051 0.0477026626
v -0.0373288319 -0.0376603529 0.013748263
v -0.00580429891 -0.0528514683 0.0913079679
v 0.0375222191 -0.014350405 0.123145349
v -0.067369245 0.0113520715 0.0663183704
v -0.0637191832 0.0527741648 0.179110378
v -0.0698481426 0.0564792082 0.17995216
v 0.0297228917 -0.0406543948 0.0174971316
v 0.0225458927 0.0351283997 0.0395328701
v -0.0845210552 -0.00936482288 0.128788173
v 0.046258118 0.0278663207 0.0422720462
v -0.0741794258 -0.0541735813 0.103054963
v -0.0691076368 0.00669087609 0.116043076
v 0.04260334 -0.0497121587 0.0295440033
v -0.0756077543 -0.0381793603 0.0707946494
v -0.00156286918 -0.0669708773 0.0752044171
v -0.0515885241 -0.0325510651 0.0462299138
v 0.0227078982 0.0261626355 0.0226499774
v -0.084314093 -0.0294082686 0.135142758
v -0.0593548566 0.0051944186 0.0166850667
v -0.0416303426 -0.037877772 0.0463436395
v -0.0676524863 0.0129050165 0.149048835
v -0.0226005018 -0.0375178196 0.0135624399
v -0.00367671764 0.0432130583 0.0702603534
v 0.0430516452 0.0215041228 0.0235889647
v -0.0350859687 0.0228895899 0.0923499539
v -0.0846590772 -0.0445100144 0.127149463
v 0.0317011289 -0.0654618144 0.062307179
v -0.0621550307 0.0503952615 0.157535449
v -0.0533551313 -0.0480086878 0.125946656
v 0.0060229525 0.0373472832 0.0832902044
v -0.0397467874 -0.0456795096 0.0539161563
v 0.0509541258 -0.0314262025 0.0174778197
v 0.0232542641 0.016713215 0.0135718817
v -0.0208833534 0.022561932 0.0632000342
v -0.006753908 0.0111094387 0.18479237
v 0.0722544044 -0.00666968664 0.069135651
v 0.0177008584 0.0325737037 0.0287421308
v -0.0519749746 0.00893073436 0.0128623834
v 0.0476781838 -0.0539878644 0.0444991402
v -0.0669363886 0.023156954 0.153699249
v -0.0540580861 -0.0370984823 0.0245432947
v -0.00793472305 0.0126601309 0.171588287
v 0.00922325626 -0.0681502447 0.0728748664
v -0.0263449717 -0.0521603152 0.0698778704
v -0.0480446815 -0.0197515134 0.153559014
v -0.0611635223 0.0648237169 0.182700142
v -0.00220338046 0.0367553197 0.0828505307
v -0.0449225903 0.00545577286 0.0461113602
v -0.0521705635 -0.0506841354 0.0901479647
v -0.0261827521 0.0110161519 0.0146436915
v -0.0532247759 0.00460653193 0.047514908
v -0.0203138664 -0.000301694789 0.149344727
v -0.00328538334 -0.0609564036 0.0836907104
v -0.0144030303 0.0147808455 0.159851909
v -0.0216629095 0.0133598121 0.0306639858
v -0.0886157677 -0.0198022071 0.121573575
v -0.0541805029 -0.0453590937 0.103801906
v 0.0146038737 -0.0441409945 0.0191493724
v 0.0404571965 -0.00424282439 0.0135756368
v -0.0671046153 0.0402805991 0.163335234
v -0.0291685872 0.0107984096 0.162007764
v 0.00260919868 0.0189201906 0.163680598
v -0.0519721843 0.00310133025 0.0123891346
v 0.043494422 -0.0584592149 0.0539545678
v 0.00297435443 0.014658859 0.16067782
v -0.0572206229 -0.00572056044 0.0125631569
v -0.0535281338 0.00673540076 0.139564544
v -0.00996891037 0.0133816451 0.185417861
v -0.0177863669 -0.0496804528 0.0687308535
v -0.0550744273 -0.0561754219 0.108989403
v -0.064275153 0.013424024 0.140083715
v -0.0646213219 0.0372611322 0.152685478
v -0.0217349529 -0.0534257814 0.0807415694
v -0.0161190536 -0.0529596135 0.0814833567
v -0.0836300254 -0.0350490063 0.134107322
v 0.0788081065 -0.00313507253 0.0295705032
v -0.0182410013 0.0158022307 0.0448243283
v -0.0530160479 0.0237047132 0.159694836
v -0.0384479538 0.00512521761 0.119911037
v -0.0643072873 -0.00630973419 0.0161971189
v -0.00502366899 0.0263994206 0.0869037807
v -0.0696699321 0.00339374458 0.142988652
v -0.044091858 0.0233150423 0.0844462365
v 0.0640264079 -0.0351551138 0.0904950425
v -0.0406495109 0.0207097065 0.0643439367
v 0.0527714826 0.019399019 0.0403911769
v 0.020030411 -0.0669774786 0.0762138888
v -0.0721535534 0.00524130324 0.120994434
v 0.0677902922 -0.0339695252 0.050436046
v 0.00784213375 -0.067506142 0.0601248257
v -0.0603096709 0.020162696 0.140974849
v -0.0302800946 -0.0513787754 0.0721582845
v -0.000887810951 0.0241564512 0.189421117
v -0.0221130922 -0.00661582779 0.155995533
v -0.0402663834 0.0168765094 0.0582871921
v 0.0295958631 0.00849975739 0.117258869
v 0.0256349389 -0.0559083261 0.0897115171
v -0.0136188054 0.0248929858 0.0314231589
v -0.058851622 -0.06226575 0.110568687
v 0.073873058 -0.0230714437 0.0572276115
v -0.0787590221 -0.0539692529 0.103983656
v -0.001440775 -0.0563682728 0.0307536796
v -0.0613270849 -0.00568848103 0.0469486378
v -0.0771867707 0.00388196018 0.0755730569
v 0.00993543584 -0.0660760403 0.0428963564
v -0.00898132101 0.00320196664 0.154628471
v -0.0188167654 0.0110929161 0.0399603061
v 0.0639043152 0.0106621534 0.0629991889
v -0.0626520962 0.0459474102 0.175138995
v -0.0808256641 -0.0335079171 0.148043543
v 0.0548542179 0.0211215317 0.0679875612
v 0.0241140183 -0.0668463707 0.044804696
v 0.00690378994 0.032167349 0.182765588
v -0.0494697914 -0.0254197177 0.0182880629
v -0.00432146667 0.00648820819 0.0184403043
v -0.07544934 -0.00936535932 0.0594868883
v 0.0186640937 -0.0498438552 0.105871178
v 0.0148746157 0.0344193317 0.0333228074
v -0.0738573447 -0.0207699481 0.0571063757
v 0.00309854071 0.0276144613 0.1877148
v -0.081931971 -0.00660171965 0.0861607045
v -0.041186437 -0.0527220778 0.080045484
v -0.0620359406 -0.00655531744 0.0206045248
v 0.0771111324 -0.0366406292 0.0382034592
v 0.0104946233 0.0127330869 0.0190268494
v -0.0287974775 -0.00696226209 0.146559417
v -0.0308991484 0.0284413323 0.0135675902
f 1677 1 326
f 326 1 1683
f 1126 1 1514
f 1126 1683 1
f 1514 1 1698
f 1960 1 1677
f 1960 1698 1
f 842 2 1271
f 842 1582 2
f 2 1582 944
f 1955 2 944
f 1271 2 1955
f 764 3 714
f 3 1081 714
f 764 1267 3
f 3 788 1081
f 1267 788 3
f 704 1546 4
f 704 4 1710
f 857 4 1664
f 857 1710 4
f 1419 1664 4
f 1890 1419 4
f 1890 4 1546
f 597 5 163
f 602 163 5
f 782 377 5
f 1949 5 377
f 5 597 992
f 5 1254 602
f 5 992 782
f 5 1949 1254
f 1058 630 6
f 6 630 1191
f 1058 6 1217
f 6 1191 1969
f 1217 6 1969
f 7 1086 383
f 1355 7 383
f 409 1086 7
f 1615 409 7
f 522 7 1355
f 1615 7 522
f 537 247 8
f 247 1471 8
f 8 595 537
f 595 8 776
f 1471 776 8
f 554 463 9
f 9 463 845
f 554 9 1486
f 1896 9 845
f 1486 9 1896
f 10 232 1614
f 1691 232 10
f 1353 1104 10
f 1691 10 1104
f 1353 10 1614
f 1076 11 591
f 1312 591 11
f 11 689 657
f 1312 11 657
f 11 1076 689
f 12 1147 644
f 12 644 1893
f 12 739 1147
f 12 1335 739
f 12 998 1335
f 12 1893 998
f 13 1563 718
f 718 1706 13
f 1555 13 1099
f 1099 13 1706
f 1555 1563 13
f 14 621 147
f 1624 14 147
f 14 1483 621
f 14 622 1483
f 14 1609 622
f 1624 1609 14
f 702 15 1552
f 15 702 1859
f 15 753 839
f 15 1017 753
f 15 839 1552
f 15 1859 1017
f 458 16 809
f 16 458 969
f 16 1836 809
f 969 1564 16
f 1450 16 1564
f 1450 1836 16
f 1041 17 464
f 1261 464 17
f 17 1021 792
f 1261 17 792
f 17 1952 1021
f 1041 1423 17
f 1423 1952 17
f 18 964 354
f 354 1270 18
f 18 1853 964
f 18 1305 965
f 18 965 1853
f 1717 18 1270
f 1717 1305 18
f 468 19 376
f 376 19 1804
f 468 917 19
f 917 1463 19
f 1463 1595 19
f 1595 1804 19
f 331 20 400
f 331 1360 20
f 1562 400 20
f 1562 20 525
f 1861 525 20
f 1861 20 1360
f 21 296 637
f 21 994 296
f 21 637 1961
f 994 21 1509
f 21 1479 1470
f 1509 21 1470
f 1479 21 1961
f 503 406 22
f 1577 22 406
f 503 22 930
f 22 604 930
f 22 1293 604
f 1585 1293 22
f 1577 1585 22
f 295 23 1613
f 295 1794 23
f 23 1599 569
f 1613 23 569
f 23 757 1599
f 1794 757 23
f 24 735 1298
f 24 1524 735
f 1551 24 1298
f 24 1299 1524
f 1551 1299 24
f 885 958 25
f 885 25 1422
f 958 1023 25
f 1023 1422 25
f 844 26 373
f 977 373 26
f 844 1456 26
f 1042 977 26
f 1042 26 1456
f 27 462 1391
f 27 1808 462
f 1801 518 27
f 27 518 1808
f 1258 27 594
f 594 27 1391
f 1258 1801 27
f 1044 426 28
f 1136 28 426
f 489 971 28
f 1078 489 28
f 1044 28 971
f 1078 28 1136
f 29 431 1656
f 29 1802 431
f 1306 1145 29
f 1145 1468 29
f 1306 29 1732
f 29 1468 1802
f 29 1656 1732
f 1218 30 330
f 330 30 1231
f 429 509 30
f 30 1770 429
f 1635 30 509
f 1218 694 30
f 30 694 1770
f 30 1635 1231
f 918 356 31
f 1858 31 356
f 1785 31 710
f 1858 710 31
f 1827 918 31
f 1793 31 1785
f 1793 1827 31
f 789 32 433
f 1814 433 32
f 789 1328 32
f 32 1328 1814
f 870 167 33
f 1125 33 167
f 870 33 575
f 1626 575 33
f 33 1125 678
f 33 678 1440
f 1626 33 1440
f 34 272 877
f 34 1741 272
f 338 34 654
f 34 338 1446
f 1679 654 34
f 34 877 1679
f 1260 34 1446
f 1260 1741 34
f 35 615 920
f 615 35 1966
f 920 1354 35
f 1354 1219 35
f 35 1219 1373
f 1966 35 1373
f 1038 36 616
f 1767 616 36
f 1038 1213 36
f 1767 36 1213
f 615 485 37
f 485 1373 37
f 615 37 865
f 37 1199 865
f 1200 1199 37
f 1200 37 1373
f 999 848 38
f 1991 38 848
f 999 38 1584
f 38 1566 1584
f 38 1991 1566
f 1393 39 879
f 879 39 1883
f 1376 39 1603
f 1376 1883 39
f 1603 39 1393
f 631 1653 40
f 631 40 1956
f 1226 40 1898
f 1226 1956 40
f 1898 40 1653
f 1319 41 1618
f 1980 41 1319
f 1618 41 1928
f 41 1747 1928
f 1980 1747 41
f 265 42 887
f 42 265 1892
f 1493 42 411
f 1810 411 42
f 42 1675 765
f 1810 42 765
f 1493 887 42
f 1892 1675 42
f 1764 43 347
f 1790 347 43
f 1162 43 952
f 952 43 1604
f 1162 1037 43
f 1790 43 1037
f 1764 1604 43
f 277 1068 44
f 277 44 1461
f 446 430 44
f 44 430 1792
f 1068 446 44
f 44 1792 1461
f 562 432 45
f 432 814 45
f 562 45 645
f 45 673 645
f 45 1004 673
f 45 814 1004
f 381 117 46
f 728 46 117
f 392 46 273
f 46 728 273
f 46 900 381
f 46 392 900
f 1281 357 47
f 357 1940 47
f 1490 1281 47
f 1490 47 1357
f 47 1940 1357
f 48 559 125
f 1752 48 125
f 1279 48 328
f 1752 328 48
f 1117 559 48
f 1279 957 48
f 48 957 1844
f 48 1844 1117
f 563 49 234
f 699 234 49
f 563 375 49
f 375 1784 49
f 1784 699 49
f 315 484 50
f 315 50 1127
f 1128 50 484
f 1127 50 676
f 50 1482 676
f 1128 1639 50
f 1639 1482 50
f 605 51 216
f 51 1962 216
f 605 1448 51
f 51 1448 884
f 51 884 1962
f 52 603 266
f 1101 52 266
f 52 597 603
f 717 597 52
f 1101 717 52
f 53 915 1473
f 53 1756 915
f 936 1587 53
f 936 53 1787
f 1473 1177 53
f 1177 1787 53
f 53 1587 1756
f 455 1302 54
f 455 54 1781
f 1399 54 532
f 1990 532 54
f 720 1208 54
f 1302 720 54
f 54 1208 1689
f 1399 1781 54
f 54 1689 1990
f 593 807 55
f 593 55 1173
f 807 1690 55
f 55 1592 1173
f 55 1276 1592
f 1276 55 1690
f 56 1009 301
f 1400 56 301
f 56 959 1283
f 56 1878 959
f 56 1283 1009
f 1400 1982 56
f 1982 1878 56
f 57 439 1401
f 1576 439 57
f 732 1576 57
f 732 57 1877
f 1401 1330 57
f 57 1330 1877
f 58 524 612
f 58 1669 524
f 1972 58 612
f 58 1972 1669
f 1539 516 59
f 1594 59 516
f 59 1017 1539
f 59 2000 1017
f 1594 1349 59
f 59 1349 2000
f 962 371 60
f 60 371 1926
f 481 412 60
f 1888 60 412
f 60 1926 481
f 962 60 1888
f 61 92 346
f 61 1816 92
f 1655 240 61
f 61 240 1816
f 61 346 1655
f 883 62 408
f 62 1625 408
f 883 519 62
f 62 519 1210
f 62 1210 1625
f 533 1719 63
f 63 1837 533
f 1483 63 1719
f 63 1483 1837
f 64 483 989
f 64 1660 483
f 64 989 903
f 64 903 1665
f 64 1665 1660
f 1515 258 65
f 65 258 1527
f 65 858 401
f 65 401 1336
f 65 1336 795
f 65 795 1515
f 65 1527 858
f 803 875 66
f 803 66 1975
f 875 1608 66
f 1608 1037 66
f 1699 66 1037
f 1699 1975 66
f 308 67 1137
f 308 1542 67
f 67 515 1523
f 67 1542 515
f 785 1137 67
f 785 67 1523
f 1041 464 68
f 464 1731 68
f 68 721 1303
f 68 1731 721
f 1041 68 1303
f 984 69 452
f 1304 452 69
f 580 799 69
f 1758 580 69
f 799 1544 69
f 1007 69 984
f 1007 1758 69
f 1304 69 1544
f 584 70 135
f 1597 135 70
f 70 247 1807
f 70 1828 247
f 1880 70 584
f 1597 70 1596
f 1807 1596 70
f 1880 1828 70
f 950 221 71
f 221 1628 71
f 71 778 950
f 1998 778 71
f 1061 71 1628
f 71 1061 1998
f 549 963 72
f 1687 549 72
f 560 1190 72
f 72 1676 560
f 852 72 1190
f 1687 72 852
f 963 1676 72
f 769 73 211
f 976 211 73
f 73 769 651
f 73 651 1824
f 976 73 955
f 73 1824 955
f 74 1465 152
f 74 152 1509
f 74 1509 410
f 74 410 1848
f 74 1152 1561
f 74 1848 1152
f 1561 1465 74
f 500 75 687
f 500 1541 75
f 75 526 620
f 75 1541 526
f 75 620 1564
f 75 1564 687
f 701 76 181
f 1724 181 76
f 1670 76 701
f 76 1014 1287
f 76 1321 1014
f 76 1287 1724
f 76 1670 1321
f 625 77 302
f 77 1359 302
f 625 843 77
f 77 843 1957
f 77 1957 1359
f 78 1059 643
f 1788 78 643
f 1141 1059 78
f 78 1788 1141
f 366 79 934
f 366 1147 79
f 777 79 1147
f 1420 79 777
f 1415 934 79
f 1703 1415 79
f 1420 1703 79
f 690 80 577
f 756 577 80
f 690 829 80
f 1671 756 80
f 1671 80 829
f 214 513 81
f 1650 214 81
f 1587 81 513
f 586 81 626
f 586 845 81
f 1168 626 81
f 845 1650 81
f 1587 1168 81
f 1264 230 82
f 1474 82 230
f 82 1029 1197
f 1971 1029 82
f 1264 82 1197
f 1971 82 1474
f 83 1204 417
f 417 1583 83
f 83 555 1204
f 1583 555 83
f 716 84 390
f 390 84 1873
f 716 602 84
f 1091 84 602
f 1091 1873 84
f 576 434 85
f 85 434 1289
f 576 85 1607
f 85 1289 1607
f 1377 86 521
f 1674 521 86
f 86 682 1123
f 86 1377 682
f 86 1123 794
f 86 794 1674
f 1391 462 87
f 1983 87 462
f 945 594 87
f 1391 87 594
f 87 1534 945
f 87 1545 1534
f 1983 1545 87
f 568 761 88
f 88 1390 568
f 1107 88 761
f 1107 762 88
f 88 762 1390
f 528 204 89
f 1242 89 204
f 1661 528 89
f 822 89 1549
f 89 822 1661
f 1047 89 1242
f 1047 1549 89
f 90 1682 724
f 90 724 1977
f 1255 90 1504
f 1255 1682 90
f 1504 90 1633
f 1977 1633 90
f 91 827 1452
f 827 91 1729
f 1729 91 1209
f 1776 1209 91
f 1538 91 1452
f 1538 1776 91
f 92 1454 346
f 655 1444 92
f 1816 655 92
f 1410 92 865
f 865 92 1444
f 1410 1157 92
f 92 1157 1454
f 281 796 93
f 281 93 1081
f 1441 695 93
f 695 1612 93
f 1441 93 796
f 1064 1081 93
f 93 1612 1064
f 1705 94 642
f 94 1996 642
f 866 1181 94
f 866 94 1705
f 1181 1996 94
f 95 368 1083
f 368 95 1362
f 1356 499 95
f 499 1362 95
f 1083 1008 95
f 1008 1356 95
f 250 96 1012
f 1292 96 250
f 635 96 366
f 96 781 366
f 1012 96 378
f 1707 378 96
f 96 635 1707
f 96 1292 781
f 758 97 191
f 191 97 1899
f 97 400 389
f 389 1034 97
f 758 400 97
f 801 97 1034
f 97 801 1899
f 980 98 184
f 1489 184 98
f 98 980 1140
f 98 1140 1702
f 98 1702 1489
f 308 99 1542
f 308 1680 99
f 1122 659 99
f 1542 99 659
f 99 835 736
f 99 736 1122
f 99 1680 835
f 834 100 449
f 1417 449 100
f 834 454 100
f 1237 100 454
f 1237 833 100
f 1417 100 833
f 889 427 101
f 1000 101 427
f 448 101 1000
f 448 1302 101
f 1164 889 101
f 1302 1164 101
f 515 102 1523
f 515 1849 102
f 102 966 670
f 102 670 1523
f 1789 966 102
f 1346 1407 102
f 1849 1346 102
f 1789 102 1407
f 103 891 470
f 470 1367 103
f 103 557 891
f 557 103 1367
f 841 1363 104
f 841 104 1582
f 104 944 1582
f 104 1867 944
f 1363 1867 104
f 609 231 105
f 1339 105 231
f 295 1206 105
f 295 105 1794
f 609 105 766
f 105 1206 766
f 105 1339 1794
f 1241 453 106
f 453 1312 106
f 1241 106 1818
f 1723 106 1312
f 106 1723 1818
f 819 306 107
f 306 1320 107
f 591 1251 107
f 1634 591 107
f 107 1253 819
f 1253 107 1251
f 1320 1634 107
f 1435 460 108
f 1637 108 460
f 1637 541 108
f 1851 108 541
f 108 1851 1435
f 1427 109 525
f 1562 525 109
f 109 579 1562
f 579 109 1739
f 1427 1739 109
f 1464 110 443
f 110 1914 443
f 787 708 110
f 1602 110 708
f 787 110 1464
f 1602 1188 110
f 1914 110 1188
f 111 858 446
f 1721 111 446
f 111 1580 858
f 111 1600 1580
f 111 1672 1600
f 1721 1672 111
f 112 1019 382
f 382 1057 112
f 1019 112 394
f 1963 394 112
f 585 112 1494
f 1963 112 585
f 1057 1494 112
f 312 113 497
f 1414 113 312
f 913 113 457
f 1763 457 113
f 913 497 113
f 526 113 1414
f 526 1763 113
f 311 114 1091
f 114 311 1949
f 680 114 560
f 114 1382 560
f 680 1091 114
f 114 1949 1382
f 402 115 808
f 402 1540 115
f 509 429 115
f 1592 115 429
f 509 115 1887
f 808 115 1592
f 1540 1887 115
f 272 505 116
f 272 116 877
f 505 728 116
f 116 728 1148
f 116 1184 877
f 1184 116 1148
f 506 117 156
f 156 117 1370
f 117 381 1370
f 728 117 506
f 357 118 738
f 357 908 118
f 727 118 908
f 727 1385 118
f 1421 738 118
f 118 1385 1543
f 118 1543 1421
f 119 300 1575
f 119 1737 300
f 119 837 1508
f 1882 837 119
f 119 1508 1737
f 1882 119 1575
f 514 775 120
f 514 120 1236
f 775 1618 120
f 120 1201 1202
f 120 1928 1201
f 120 1202 1235
f 120 1235 1236
f 1618 1928 120
f 157 1296 121
f 1554 157 121
f 121 1296 1832
f 1554 121 1553
f 1714 1553 121
f 1832 1714 121
f 122 1187 581
f 122 581 1331
f 1318 996 122
f 1666 122 996
f 122 1666 1187
f 122 1782 1318
f 1331 1942 122
f 122 1942 1782
f 123 1727 345
f 123 345 1766
f 1095 969 123
f 1727 123 969
f 123 1077 1095
f 1077 123 1766
f 372 124 667
f 1358 124 372
f 1352 667 124
f 1352 124 755
f 755 124 1438
f 1358 1103 124
f 1103 1438 124
f 293 125 1751
f 125 293 1752
f 559 1751 125
f 375 126 587
f 375 1533 126
f 587 126 805
f 1559 805 126
f 1751 126 1533
f 1862 1559 126
f 1862 126 1751
f 127 1039 723
f 1601 127 723
f 1039 127 1627
f 1601 1443 127
f 1443 1627 127
f 128 1054 304
f 128 304 1812
f 128 1812 921
f 921 1930 128
f 128 1930 1054
f 528 129 1586
f 1661 129 528
f 1269 129 1713
f 1269 1856 129
f 1661 1282 129
f 1282 1713 129
f 1586 129 1856
f 130 586 144
f 130 144 1366
f 1896 586 130
f 826 130 1366
f 826 1487 130
f 1487 1896 130
f 1125 167 131
f 1568 131 167
f 1123 131 256
f 1568 256 131
f 1125 131 678
f 1697 678 131
f 1123 1697 131
f 1239 132 595
f 1709 595 132
f 132 608 1232
f 1238 608 132
f 132 1232 1205
f 1709 132 1205
f 1239 1238 132
f 1325 642 133
f 642 1953 133
f 948 133 1035
f 948 1712 133
f 1953 1035 133
f 1325 133 1712
f 1313 494 134
f 1652 134 494
f 674 1361 134
f 674 134 1652
f 134 1361 1313
f 135 1308 584
f 1453 135 1049
f 1598 1049 135
f 135 1453 1308
f 1598 135 1597
f 771 136 269
f 269 136 1866
f 1445 459 136
f 1866 136 459
f 771 1313 136
f 926 136 1313
f 1506 136 926
f 136 1506 1445
f 618 137 1463
f 618 1643 137
f 1260 1446 137
f 1260 137 1731
f 1446 1798 137
f 1463 137 1798
f 1731 137 1643
f 1229 551 138
f 138 551 1852
f 138 1179 1178
f 138 1178 1641
f 138 1852 1179
f 138 1641 1229
f 387 1645 139
f 387 139 1681
f 1247 139 910
f 139 1632 910
f 1247 1108 139
f 1108 1681 139
f 1632 139 1645
f 355 1030 140
f 355 140 1392
f 419 629 140
f 419 140 1030
f 1734 140 629
f 1392 140 1734
f 141 434 1228
f 434 141 1289
f 1228 725 141
f 725 1290 141
f 1289 141 1290
f 550 317 142
f 1981 142 317
f 890 142 479
f 1981 479 142
f 549 1687 142
f 1715 549 142
f 550 142 1687
f 1715 142 890
f 335 143 669
f 335 1985 143
f 623 143 1027
f 1498 143 623
f 669 143 878
f 878 143 1498
f 1027 143 1985
f 586 626 144
f 1139 144 626
f 1139 1920 144
f 1920 1366 144
f 145 486 744
f 1730 486 145
f 145 744 564
f 145 564 1251
f 1730 145 1251
f 146 1009 1010
f 1337 1009 146
f 1933 146 1010
f 146 1338 1337
f 146 1688 1338
f 1933 1688 146
f 414 147 1513
f 414 1624 147
f 621 828 147
f 147 828 1513
f 1088 148 636
f 636 148 1619
f 1088 708 148
f 708 1267 148
f 1619 148 1267
f 351 1193 149
f 351 149 1905
f 1768 149 958
f 958 149 1805
f 1193 1805 149
f 1768 1416 149
f 1905 149 1416
f 150 456 733
f 150 1347 456
f 150 733 767
f 150 767 851
f 150 851 1347
f 499 151 297
f 297 151 1007
f 1356 151 499
f 1075 1007 151
f 1356 1075 151
f 152 649 994
f 649 152 1180
f 152 994 1509
f 1465 1180 152
f 561 697 153
f 153 786 561
f 709 153 697
f 709 1694 153
f 786 153 1694
f 940 583 154
f 154 583 1574
f 596 773 154
f 873 596 154
f 1411 154 773
f 873 154 1574
f 1411 940 154
f 155 681 1211
f 155 1633 681
f 684 1189 155
f 684 155 1211
f 1189 1633 155
f 506 156 1045
f 1370 607 156
f 1918 156 607
f 156 1266 1045
f 156 1918 1266
f 157 1001 544
f 157 544 1820
f 157 1554 1001
f 1387 1296 157
f 1387 157 1820
f 158 1055 194
f 1870 158 194
f 496 1055 158
f 1995 496 158
f 1174 158 1265
f 1995 158 1174
f 1570 1265 158
f 1870 1570 158
f 562 645 159
f 1217 562 159
f 768 159 645
f 1780 159 768
f 1217 159 1132
f 1132 159 1780
f 473 993 160
f 160 1927 473
f 861 1590 160
f 160 1935 861
f 1935 160 993
f 1927 160 1590
f 875 161 1608
f 875 1742 161
f 161 982 1036
f 161 1636 982
f 161 1036 1608
f 1636 161 1297
f 1297 161 1742
f 1111 1110 162
f 1958 162 1110
f 162 1165 1111
f 1165 162 1252
f 1958 1252 162
f 682 163 353
f 716 353 163
f 597 163 603
f 716 163 602
f 603 163 682
f 726 327 164
f 164 327 1695
f 164 1011 663
f 164 663 1913
f 1913 726 164
f 164 1894 1011
f 164 1695 1894
f 165 764 321
f 855 165 321
f 914 636 165
f 165 636 1619
f 165 1619 764
f 914 165 855
f 322 874 166
f 322 166 1593
f 1422 166 782
f 1496 782 166
f 874 1496 166
f 166 1422 1593
f 870 407 167
f 1973 167 407
f 1973 1568 167
f 324 849 168
f 324 168 899
f 1497 420 168
f 1736 168 420
f 168 849 1497
f 899 168 1744
f 1736 1744 168
f 169 626 1168
f 1507 626 169
f 936 169 1168
f 936 1550 169
f 1507 169 1550
f 1635 509 170
f 1887 170 509
f 170 1390 762
f 170 762 1673
f 170 1611 1390
f 170 1887 1611
f 170 1673 1635
f 171 213 1153
f 171 1172 213
f 881 1172 171
f 1571 881 171
f 1571 171 1153
f 888 628 172
f 1551 172 628
f 1455 888 172
f 1455 172 1551
f 294 821 173
f 1970 294 173
f 770 173 821
f 770 1547 173
f 939 173 937
f 1547 937 173
f 1970 173 939
f 174 722 1528
f 1879 722 174
f 959 174 1283
f 959 1879 174
f 174 1528 1283
f 175 1434 1334
f 175 1334 1750
f 175 1341 1505
f 175 1750 1341
f 175 1505 1434
f 805 176 587
f 176 1784 587
f 805 676 176
f 676 1482 176
f 699 176 1334
f 1784 176 699
f 1334 176 1750
f 1919 176 1482
f 1919 1750 176
f 1093 177 1936
f 1093 1939 177
f 1892 1578 177
f 177 1578 1936
f 177 1755 1892
f 177 1939 1755
f 343 1480 178
f 343 178 1824
f 178 1480 507
f 178 507 1852
f 178 551 1413
f 178 1852 551
f 178 1413 1824
f 1053 179 467
f 179 1972 467
f 941 179 547
f 1053 547 179
f 941 1668 179
f 179 1668 1669
f 179 1669 1972
f 477 717 180
f 477 180 885
f 1101 180 717
f 180 1262 885
f 1101 1262 180
f 701 181 859
f 181 1225 859
f 1725 1225 181
f 1725 181 1724
f 182 1723 411
f 182 411 1810
f 765 441 182
f 1181 182 441
f 182 1810 765
f 928 182 1181
f 928 1723 182
f 1186 535 183
f 1631 183 535
f 967 183 1631
f 967 1814 183
f 1182 1186 183
f 1182 183 1517
f 1814 1517 183
f 314 184 831
f 314 979 184
f 184 906 831
f 906 184 1489
f 1923 184 979
f 1923 980 184
f 185 447 664
f 447 185 1100
f 185 664 896
f 185 896 1560
f 185 1560 1100
f 186 839 753
f 1386 186 753
f 839 186 979
f 1923 979 186
f 1386 1140 186
f 1923 186 1140
f 783 393 187
f 187 393 1774
f 1843 187 639
f 187 1951 639
f 1843 783 187
f 187 1774 1951
f 188 1074 490
f 188 490 1462
f 188 1462 734
f 1642 188 734
f 188 1073 1074
f 1642 1073 188
f 1192 1484 189
f 1610 1192 189
f 1378 1273 189
f 1610 189 1273
f 189 1484 1378
f 1386 190 863
f 863 190 1451
f 1069 190 1349
f 1069 1451 190
f 190 1386 1349
f 191 971 489
f 1333 191 489
f 1333 758 191
f 191 1899 971
f 369 192 1210
f 1891 192 369
f 1210 192 741
f 192 1575 741
f 192 1396 1195
f 192 1195 1575
f 1891 1396 192
f 781 600 193
f 1788 193 600
f 1788 643 193
f 643 1904 193
f 1817 193 644
f 193 1904 644
f 781 193 1817
f 1055 1629 194
f 1323 194 1572
f 1323 1870 194
f 1572 194 1770
f 1629 1770 194
f 445 195 1481
f 445 1771 195
f 666 195 498
f 498 195 1771
f 666 1375 195
f 1481 195 1375
f 196 1371 381
f 196 381 1588
f 196 478 1363
f 196 1588 478
f 196 1363 841
f 196 841 1371
f 995 197 258
f 197 1527 258
f 197 995 283
f 197 283 1321
f 197 1321 1345
f 197 1345 1527
f 623 1027 198
f 623 198 1498
f 198 1134 813
f 813 1498 198
f 1027 1749 198
f 1134 198 1239
f 1239 198 1238
f 198 1749 1238
f 199 208 493
f 199 1429 208
f 1118 199 493
f 1118 1868 199
f 1868 1429 199
f 284 612 200
f 1355 284 200
f 200 612 1404
f 1355 200 1329
f 200 1404 1329
f 201 555 1811
f 201 1957 555
f 201 588 752
f 201 1811 588
f 201 752 1359
f 201 1359 1957
f 448 202 720
f 448 970 202
f 202 832 720
f 202 1800 832
f 202 970 833
f 202 833 1800
f 646 1286 203
f 646 203 1627
f 1039 1627 203
f 203 1649 1039
f 203 1286 1850
f 1850 1649 203
f 528 1586 204
f 1350 715 204
f 204 715 1365
f 204 1491 1242
f 1586 1350 204
f 204 1365 1491
f 205 439 724
f 205 1512 439
f 742 205 724
f 742 1242 205
f 205 1082 1142
f 205 1242 1082
f 205 1142 1512
f 1046 206 415
f 1310 415 206
f 1534 206 1046
f 1545 1310 206
f 1534 1545 206
f 710 607 207
f 607 945 207
f 710 207 1785
f 1534 207 945
f 1534 1046 207
f 207 1046 1785
f 208 1902 493
f 208 1447 737
f 208 737 1902
f 208 1429 1447
f 209 584 1830
f 209 1880 584
f 953 209 1159
f 953 1828 209
f 1159 209 1314
f 1830 1314 209
f 209 1828 1880
f 679 436 210
f 1839 210 436
f 679 210 1502
f 1839 1502 210
f 211 459 1061
f 459 211 1866
f 1061 769 211
f 1485 211 976
f 1485 1866 211
f 1806 212 686
f 1815 686 212
f 212 883 1311
f 212 1806 883
f 1815 212 1311
f 853 538 213
f 538 1234 213
f 1172 853 213
f 1153 213 1234
f 463 1324 214
f 214 1650 463
f 214 1324 513
f 412 829 215
f 1888 412 215
f 690 215 829
f 1838 215 690
f 1838 1120 215
f 1120 1888 215
f 216 1224 605
f 1116 1290 216
f 1962 1116 216
f 1224 216 1290
f 416 915 217
f 416 217 1418
f 217 915 1907
f 1418 217 1295
f 217 1907 1295
f 733 456 218
f 1437 218 456
f 1291 218 659
f 1437 659 218
f 733 218 814
f 218 1291 814
f 1115 504 219
f 504 1585 219
f 1051 1052 219
f 1051 219 1577
f 1583 219 1052
f 219 1156 1115
f 219 1583 1156
f 1577 219 1585
f 757 1340 220
f 757 220 1599
f 1133 220 1340
f 1133 1994 220
f 1599 220 1754
f 220 1994 1754
f 950 1797 221
f 221 1906 1628
f 221 1797 1906
f 365 222 572
f 365 1219 222
f 1521 572 222
f 1521 222 573
f 573 222 1569
f 856 222 920
f 1569 222 856
f 1354 920 222
f 1354 222 1219
f 426 686 223
f 1136 426 223
f 1615 522 223
f 1884 223 522
f 1114 223 686
f 1615 223 1114
f 1974 1136 223
f 1884 1974 223
f 224 548 935
f 1643 548 224
f 224 935 1731
f 224 1731 1643
f 968 225 501
f 225 1270 501
f 935 225 721
f 968 721 225
f 935 1548 225
f 1717 1270 225
f 1717 225 1548
f 696 1213 226
f 226 1454 696
f 1213 1038 226
f 226 1038 1938
f 226 1857 1454
f 226 1938 1857
f 227 1031 688
f 227 688 1886
f 1743 1031 227
f 1743 227 1646
f 227 1886 1646
f 1015 228 348
f 228 1984 348
f 228 535 942
f 1405 535 228
f 228 942 1248
f 1405 228 1015
f 228 1248 1984
f 1221 770 229
f 1222 229 770
f 892 1221 229
f 229 1223 892
f 1222 1223 229
f 1264 516 230
f 230 516 1539
f 230 712 1474
f 712 230 1539
f 231 264 1180
f 231 1738 264
f 609 1738 231
f 231 862 1339
f 231 1465 862
f 231 1180 1465
f 232 246 466
f 232 673 246
f 1691 341 232
f 1876 232 341
f 1614 232 466
f 1876 673 232
f 1257 233 656
f 233 1951 656
f 233 1257 1273
f 233 1273 1278
f 1278 1277 233
f 1951 233 1277
f 293 563 234
f 1085 293 234
f 337 1085 234
f 337 234 1505
f 699 1434 234
f 1434 1505 234
f 1531 390 235
f 1873 235 390
f 680 235 1091
f 680 1243 235
f 1091 235 1873
f 1531 235 1243
f 653 1845 236
f 236 1927 653
f 1845 784 236
f 1934 236 784
f 893 236 895
f 1927 236 893
f 236 1934 895
f 740 421 237
f 1573 237 421
f 237 1614 455
f 237 455 1781
f 1781 740 237
f 1353 237 1573
f 237 1353 1614
f 238 740 532
f 1092 238 532
f 238 937 740
f 939 937 238
f 939 238 1970
f 1369 238 1092
f 1369 1970 238
f 239 655 240
f 239 240 856
f 239 1986 655
f 239 856 920
f 239 920 1986
f 240 655 1816
f 856 240 993
f 1655 993 240
f 1403 480 241
f 1881 241 480
f 241 491 1644
f 241 1735 491
f 1735 241 848
f 1881 848 241
f 1403 241 1644
f 1412 990 242
f 1924 242 990
f 1241 1304 242
f 1241 242 1621
f 1304 1976 242
f 1412 242 1976
f 1924 1621 242
f 1089 330 243
f 1231 243 330
f 243 762 798
f 1673 762 243
f 243 798 1275
f 243 1275 1089
f 1231 1673 243
f 810 244 556
f 244 1946 556
f 810 1917 244
f 956 1062 244
f 956 244 1917
f 1062 1946 244
f 1557 245 641
f 1780 641 245
f 1058 1132 245
f 1557 1058 245
f 1132 1780 245
f 466 246 889
f 673 1004 246
f 1004 889 246
f 247 537 1807
f 247 953 1471
f 247 1828 953
f 248 478 1667
f 1867 478 248
f 248 846 1381
f 1667 846 248
f 1867 248 1381
f 1040 249 668
f 249 1130 668
f 1040 1860 249
f 249 1759 1130
f 1860 1759 249
f 830 250 1012
f 1604 250 830
f 1604 1292 250
f 540 1315 251
f 540 251 1721
f 251 1315 911
f 251 911 1600
f 251 1600 1672
f 1721 251 1672
f 252 1630 450
f 252 450 1908
f 1285 252 823
f 252 1908 823
f 252 1285 1630
f 253 1033 1950
f 253 1980 1033
f 253 1950 1442
f 253 1442 1980
f 872 1102 254
f 872 254 1286
f 254 1102 1214
f 254 1214 1769
f 1449 1286 254
f 254 1769 1449
f 255 1224 521
f 1674 255 521
f 255 605 1224
f 605 255 1674
f 605 794 256
f 605 256 1448
f 256 794 1123
f 1448 256 1973
f 1568 1973 256
f 257 447 475
f 257 652 447
f 475 611 257
f 1274 257 611
f 257 1240 652
f 257 1274 1240
f 995 258 1822
f 258 1515 1895
f 1895 1822 258
f 259 611 1560
f 1711 611 259
f 259 1560 896
f 1711 259 896
f 669 878 260
f 1835 669 260
f 1024 260 816
f 260 1900 816
f 878 1900 260
f 1024 1835 260
f 1245 869 261
f 1626 261 869
f 1245 261 963
f 1426 963 261
f 261 1626 1426
f 1078 1136 262
f 1078 262 1332
f 1974 262 1136
f 1207 1332 262
f 1207 262 1974
f 263 520 1212
f 520 263 1805
f 1593 1023 263
f 1023 1805 263
f 1641 263 1212
f 1593 263 1641
f 264 1311 1180
f 1815 1311 264
f 1815 264 1738
f 887 1778 265
f 1578 265 931
f 265 1778 931
f 1578 1892 265
f 1101 266 278
f 266 1135 278
f 1377 266 603
f 1377 1135 266
f 749 1380 267
f 749 267 1842
f 1842 267 922
f 267 1883 922
f 267 1380 1883
f 809 268 828
f 1841 268 809
f 1513 828 268
f 1288 1513 268
f 268 1841 1288
f 269 954 771
f 1485 954 269
f 1485 269 1866
f 270 1209 746
f 270 746 1760
f 270 1760 1149
f 270 1149 1829
f 270 1829 1209
f 744 486 271
f 1657 271 486
f 1401 744 271
f 1401 271 1330
f 1657 1330 271
f 272 1357 505
f 272 601 1357
f 1741 601 272
f 273 933 392
f 505 273 728
f 273 505 1357
f 273 1940 933
f 273 1357 1940
f 274 902 359
f 274 359 1827
f 274 415 1739
f 1793 415 274
f 274 1025 902
f 274 1739 1025
f 1793 274 1827
f 1184 275 784
f 784 275 1934
f 275 1113 894
f 894 1934 275
f 275 1148 1113
f 275 1184 1148
f 729 1174 276
f 729 276 1726
f 1726 276 1003
f 1831 1003 276
f 1831 276 1174
f 912 540 277
f 540 1068 277
f 912 277 1864
f 1461 1864 277
f 703 278 434
f 278 1228 434
f 1101 278 703
f 278 1135 1228
f 921 760 279
f 760 1250 279
f 921 279 1105
f 279 1053 1105
f 279 1250 1053
f 1118 493 280
f 280 493 1372
f 935 548 280
f 548 1118 280
f 1305 280 850
f 280 1372 850
f 935 280 1305
f 1477 281 443
f 1620 443 281
f 796 281 1138
f 1081 1620 281
f 1477 1138 281
f 362 282 1280
f 282 362 1885
f 1786 1280 282
f 282 1961 1786
f 282 1885 1961
f 1379 283 995
f 283 1379 1321
f 612 284 1972
f 1355 1704 284
f 1704 1930 284
f 284 1930 1943
f 1943 1972 284
f 1433 824 285
f 824 1517 285
f 1433 285 1020
f 1020 285 1814
f 1814 285 1517
f 715 286 482
f 1317 482 286
f 1350 286 715
f 774 1317 286
f 774 286 1408
f 1408 286 840
f 840 286 1856
f 1350 1856 286
f 529 944 287
f 1695 529 287
f 713 287 944
f 713 1894 287
f 1894 1695 287
f 574 288 811
f 574 1841 288
f 811 288 752
f 1836 752 288
f 288 809 1836
f 1841 809 288
f 791 289 610
f 289 1693 610
f 289 791 1677
f 882 1536 289
f 1677 882 289
f 289 1536 1693
f 929 487 290
f 1976 290 487
f 1230 929 290
f 1230 290 1544
f 1304 1544 290
f 1304 290 1976
f 1478 291 379
f 1989 379 291
f 1989 291 761
f 1992 761 291
f 1230 798 291
f 1992 291 798
f 1478 1230 291
f 1086 292 383
f 383 292 1846
f 402 808 292
f 402 292 1086
f 730 292 808
f 292 730 1846
f 293 1533 563
f 640 838 293
f 1085 640 293
f 1752 293 838
f 293 1751 1533
f 326 1066 294
f 1677 326 294
f 294 1066 821
f 1677 294 882
f 294 1970 882
f 719 1206 295
f 719 295 1540
f 295 1613 1540
f 637 296 1803
f 1737 296 994
f 1508 296 1737
f 1508 1803 296
f 499 297 1362
f 297 1007 984
f 297 984 1818
f 1362 297 1723
f 1818 1723 297
f 298 996 780
f 298 780 1374
f 1666 996 298
f 1374 1666 298
f 299 370 1765
f 299 1808 370
f 462 1808 299
f 1983 462 299
f 1765 1034 299
f 1983 299 1034
f 649 871 300
f 649 300 1737
f 300 871 1575
f 301 847 349
f 1400 301 349
f 301 1617 847
f 301 1009 1617
f 526 302 620
f 526 1414 302
f 1450 620 302
f 1414 625 302
f 1359 752 302
f 1450 302 752
f 1488 303 542
f 542 303 1851
f 1386 1435 303
f 1386 303 1702
f 303 1435 1851
f 1702 303 1488
f 488 1812 304
f 1820 488 304
f 304 1054 705
f 705 1387 304
f 1820 304 1387
f 1264 305 516
f 305 1594 516
f 1438 754 305
f 305 754 1451
f 1264 1438 305
f 305 1451 1594
f 819 661 306
f 1320 306 661
f 910 1220 307
f 910 307 1364
f 307 1028 1146
f 307 1800 1028
f 1875 307 1146
f 1220 1800 307
f 307 1875 1364
f 308 1137 648
f 308 648 1680
f 309 456 975
f 309 1437 456
f 309 975 1151
f 309 1151 1070
f 309 1070 1437
f 582 310 975
f 582 1351 310
f 873 1346 310
f 873 310 1825
f 310 1151 975
f 310 1346 1151
f 1825 310 1351
f 1091 1254 311
f 1254 1949 311
f 312 497 1499
f 1414 312 1042
f 1042 312 1499
f 313 831 906
f 313 1516 831
f 313 906 1436
f 313 1153 1234
f 313 1436 1153
f 313 1234 1516
f 664 314 831
f 664 1169 314
f 1169 979 314
f 484 315 1901
f 315 1862 559
f 1901 315 559
f 315 1127 1559
f 315 1559 1862
f 1408 316 670
f 316 1523 670
f 1423 785 316
f 785 1523 316
f 1408 840 316
f 316 840 1952
f 1423 316 1952
f 1823 317 550
f 1821 317 1823
f 1821 1981 317
f 594 945 318
f 1761 594 318
f 607 318 945
f 607 1370 318
f 1371 318 1370
f 1371 1761 318
f 558 319 611
f 558 1300 319
f 319 1648 611
f 1300 1183 319
f 319 1183 1648
f 693 320 692
f 320 1903 692
f 693 1829 320
f 320 1149 826
f 320 826 1366
f 320 1829 1149
f 320 1366 1903
f 508 321 714
f 855 321 508
f 764 714 321
f 1190 874 322
f 1190 322 1178
f 1178 322 1593
f 323 852 1190
f 323 1744 852
f 323 1178 1179
f 1190 1178 323
f 1744 323 1179
f 445 1481 324
f 445 324 1897
f 324 1603 849
f 1897 324 899
f 1481 1603 324
f 891 325 470
f 1701 470 325
f 821 325 770
f 1222 770 325
f 821 1066 325
f 1222 325 891
f 1701 325 1066
f 1683 1066 326
f 1945 327 726
f 1720 327 957
f 957 327 1844
f 1316 327 1344
f 1316 1695 327
f 1720 1344 327
f 1945 1844 327
f 1279 328 1192
f 1484 1192 328
f 1752 1484 328
f 1097 329 1511
f 329 1097 1860
f 1511 329 1176
f 329 1860 1176
f 1218 330 998
f 330 1889 998
f 330 1089 1889
f 758 331 400
f 647 331 1333
f 647 1360 331
f 1333 331 758
f 332 565 709
f 332 973 565
f 332 709 697
f 697 1045 332
f 1654 973 332
f 1654 332 1045
f 1327 333 688
f 1886 688 333
f 1134 1239 333
f 1327 1134 333
f 1239 1886 333
f 1249 1019 334
f 334 1019 1796
f 1978 1249 334
f 334 1796 1636
f 1978 334 1636
f 335 669 1526
f 335 1526 1985
f 435 336 539
f 435 813 336
f 1912 539 336
f 813 1134 336
f 1327 336 1134
f 1327 1591 336
f 1912 336 1591
f 1085 337 927
f 1307 927 337
f 337 1505 960
f 337 960 1982
f 337 1982 1307
f 1144 338 654
f 1144 1999 338
f 338 1798 1446
f 1999 1798 338
f 339 806 1590
f 1925 806 339
f 861 1215 339
f 861 339 1590
f 1925 339 1215
f 340 1237 454
f 340 454 1389
f 340 1389 1001
f 1554 340 1001
f 340 1553 1237
f 340 1554 1553
f 341 457 1268
f 1691 457 341
f 768 341 1268
f 768 1876 341
f 704 541 342
f 1637 342 541
f 704 342 1546
f 1546 342 1358
f 1358 342 1637
f 343 857 1664
f 343 1824 857
f 1060 1480 343
f 1060 343 1664
f 428 344 1503
f 428 1651 344
f 860 859 344
f 1503 344 859
f 888 860 344
f 344 1205 888
f 1651 1205 344
f 458 1263 345
f 458 345 1727
f 1766 345 1263
f 346 472 1655
f 1857 472 346
f 1454 1857 346
f 347 1187 1666
f 1790 1187 347
f 1764 347 1666
f 749 1284 348
f 749 348 1380
f 348 1537 751
f 751 1647 348
f 1865 1015 348
f 1284 1865 348
f 1380 348 1647
f 1537 348 1984
f 1400 349 638
f 349 1843 638
f 349 1466 783
f 349 783 1843
f 349 847 1466
f 351 350 1159
f 351 1905 350
f 1607 350 576
f 1905 576 350
f 1032 953 350
f 1159 350 953
f 350 1607 1032
f 351 1159 1193
f 450 924 352
f 450 352 1605
f 1915 352 924
f 1410 352 1157
f 352 1915 1157
f 1410 1605 352
f 1123 682 353
f 716 1697 353
f 1123 353 1697
f 354 454 834
f 354 964 454
f 354 834 1270
f 824 1030 355
f 824 355 1517
f 1182 1517 355
f 1558 1182 355
f 355 1392 1558
f 468 356 917
f 1858 356 468
f 356 918 917
f 357 738 1716
f 1281 908 357
f 357 1716 1940
f 1372 760 358
f 358 760 1813
f 1372 358 1854
f 358 1813 1812
f 1854 358 1812
f 359 902 1606
f 359 1606 1106
f 1106 1718 359
f 1827 359 1718
f 360 1093 1612
f 1939 1093 360
f 1712 360 1612
f 360 1712 1939
f 1083 361 1084
f 1083 1098 361
f 1987 1084 361
f 1326 361 1098
f 1441 361 1326
f 1441 1987 361
f 1282 1161 362
f 1161 1885 362
f 1280 1281 362
f 1713 362 1281
f 1282 362 1713
f 727 1072 363
f 727 363 1385
f 1589 363 1072
f 1271 1385 363
f 1271 363 1589
f 517 364 606
f 517 1129 364
f 606 364 1589
f 364 1129 1271
f 1271 1589 364
f 572 786 365
f 365 786 619
f 365 619 1791
f 365 1791 1219
f 366 934 635
f 1817 366 781
f 366 1817 1147
f 367 903 989
f 367 1920 903
f 904 367 989
f 904 1903 367
f 367 1903 1366
f 367 1366 1920
f 1098 368 928
f 368 1362 928
f 1098 1083 368
f 946 369 519
f 1210 519 369
f 946 1948 369
f 1948 1891 369
f 589 1765 370
f 589 370 1948
f 1746 370 1808
f 1746 1891 370
f 1948 370 1891
f 371 962 1108
f 371 1108 1247
f 371 1247 1926
f 372 667 898
f 372 898 1227
f 1546 372 1227
f 1546 1358 372
f 1221 844 373
f 977 937 373
f 373 937 1547
f 1221 373 1547
f 1694 374 619
f 1941 619 374
f 1694 709 374
f 1728 374 709
f 1285 823 374
f 1941 374 823
f 1728 1285 374
f 563 1533 375
f 587 1784 375
f 468 376 1918
f 376 1804 1266
f 1266 1918 376
f 377 782 1496
f 1382 377 1496
f 1382 1949 377
f 401 1012 378
f 401 378 1336
f 378 914 1336
f 1707 914 378
f 1555 379 627
f 627 379 1989
f 379 1099 1478
f 1555 1099 379
f 1696 380 583
f 380 1789 583
f 671 380 818
f 671 966 380
f 1696 818 380
f 1789 380 966
f 900 1588 381
f 1371 1370 381
f 669 1057 382
f 669 382 1526
f 382 1019 1526
f 1355 383 1704
f 1704 383 1846
f 803 1455 384
f 803 384 1742
f 1298 1297 384
f 1297 1742 384
f 1551 1298 384
f 1455 1551 384
f 385 1130 463
f 385 463 1432
f 804 1130 385
f 804 385 1428
f 385 1256 1428
f 385 1432 1256
f 907 386 542
f 1488 542 386
f 906 1489 386
f 1988 906 386
f 907 1988 386
f 1488 386 1489
f 387 1158 1424
f 387 1681 1158
f 1689 387 1424
f 1689 1645 387
f 1595 388 566
f 1819 566 388
f 388 1439 1819
f 388 1967 1439
f 1595 1463 388
f 388 1463 1798
f 1999 388 1798
f 388 1999 1967
f 905 389 400
f 905 1310 389
f 389 1545 1034
f 1545 389 1310
f 716 390 678
f 1440 678 390
f 1531 1440 390
f 959 391 1469
f 1878 391 959
f 391 1341 1469
f 391 1878 1341
f 392 1774 900
f 392 933 1774
f 393 783 478
f 478 1588 393
f 901 393 1588
f 393 901 1774
f 394 690 1459
f 394 1963 690
f 394 1459 982
f 394 982 1796
f 1796 1019 394
f 395 484 978
f 484 395 1128
f 395 978 1170
f 1535 1128 395
f 1170 1688 395
f 395 1933 1535
f 1933 395 1688
f 1010 1009 396
f 1009 1283 396
f 1535 1010 396
f 1128 396 1528
f 1128 1535 396
f 1528 396 1283
f 397 938 1158
f 1693 938 397
f 1158 1397 397
f 397 1397 1693
f 691 398 748
f 1452 398 691
f 748 398 1842
f 398 1016 1284
f 1452 1016 398
f 398 1284 1842
f 399 1772 413
f 399 413 1991
f 848 1881 399
f 848 399 1991
f 399 991 1772
f 399 1881 991
f 905 400 1562
f 401 858 1580
f 401 1580 1012
f 719 402 1206
f 719 1540 402
f 1086 766 402
f 1206 402 766
f 403 800 759
f 403 759 1401
f 403 1795 800
f 1401 1512 403
f 403 1512 1795
f 631 1143 404
f 631 404 1365
f 404 1143 1082
f 404 1082 1491
f 404 1491 1365
f 791 987 405
f 1698 791 405
f 962 405 987
f 1556 405 962
f 1698 405 1065
f 1916 1065 405
f 1556 1916 405
f 503 1116 406
f 1301 406 884
f 1962 884 406
f 1051 406 1052
f 1051 1577 406
f 1301 1052 406
f 1962 406 1116
f 1171 407 574
f 1185 574 407
f 1185 407 870
f 407 1175 884
f 1973 407 884
f 1175 407 1171
f 408 1311 883
f 1311 408 1692
f 408 1625 1692
f 409 766 1086
f 1708 766 409
f 1615 1114 409
f 1708 409 1114
f 1847 1047 410
f 1848 410 1047
f 410 1509 1470
f 410 1470 1549
f 410 1549 1847
f 411 1312 657
f 657 1493 411
f 1723 1312 411
f 481 1656 412
f 412 1656 829
f 1772 1233 413
f 1233 1910 413
f 1991 413 1910
f 414 1288 731
f 414 731 1624
f 414 1513 1288
f 1310 579 415
f 1739 415 579
f 1793 1046 415
f 416 437 1110
f 416 1418 437
f 416 1473 915
f 1111 416 1110
f 1111 1472 416
f 416 1472 1473
f 892 417 633
f 633 417 1204
f 793 417 892
f 793 1156 417
f 417 1156 1583
f 418 884 1175
f 418 1301 884
f 1175 1050 418
f 418 1050 1301
f 629 419 490
f 1462 490 419
f 1462 419 1030
f 420 1687 852
f 420 852 1736
f 420 1259 1687
f 420 1959 1259
f 420 1497 1959
f 421 1499 497
f 421 497 1573
f 740 937 421
f 977 421 937
f 421 977 1499
f 653 1590 422
f 653 422 1845
f 806 422 1590
f 1679 422 806
f 1679 1845 422
f 674 1308 423
f 674 423 1361
f 1308 1453 423
f 1840 1361 423
f 1840 423 1453
f 815 424 705
f 1640 705 424
f 729 424 1119
f 729 1640 424
f 815 1922 424
f 424 1922 1119
f 425 1685 1225
f 1725 425 1225
f 425 1287 1678
f 425 1724 1287
f 425 1678 1685
f 1725 1724 425
f 1806 686 426
f 1044 949 426
f 1806 426 949
f 659 1122 427
f 1291 659 427
f 1000 427 685
f 685 427 1122
f 1004 427 889
f 1004 1291 427
f 1071 854 428
f 428 854 1651
f 428 1503 1071
f 592 1173 429
f 592 429 1770
f 1592 429 1173
f 446 700 430
f 430 700 859
f 859 1792 430
f 1656 431 829
f 1671 829 431
f 431 1475 1671
f 1475 431 1802
f 1216 432 562
f 767 814 432
f 1216 767 432
f 789 433 972
f 967 1406 433
f 967 433 1814
f 972 433 1406
f 1416 434 576
f 703 434 1416
f 1775 435 539
f 435 1498 813
f 1309 864 435
f 864 1498 435
f 1309 435 1937
f 1775 1937 435
f 494 1342 436
f 494 436 1652
f 679 553 436
f 553 1740 436
f 436 1087 706
f 436 706 1314
f 707 436 961
f 707 1087 436
f 436 1467 961
f 436 1314 985
f 436 985 1652
f 1839 436 1342
f 1740 1467 436
f 545 661 437
f 1418 545 437
f 819 437 661
f 819 1110 437
f 681 1090 438
f 681 438 1211
f 438 1090 732
f 438 732 1877
f 438 1563 1211
f 438 1877 1563
f 1576 724 439
f 1512 1401 439
f 932 1682 440
f 932 440 1848
f 1682 1152 440
f 1152 1848 440
f 441 765 836
f 836 1953 441
f 441 1996 1181
f 1996 441 1953
f 836 1409 442
f 1953 836 442
f 1035 442 1409
f 1953 442 1035
f 1464 443 788
f 788 443 1620
f 1477 443 1914
f 444 1008 1083
f 1420 1008 444
f 444 1083 1579
f 1420 444 1703
f 444 1579 1703
f 445 1013 1771
f 445 1897 1013
f 446 858 700
f 1721 446 1068
f 475 447 1100
f 447 652 1169
f 1169 664 447
f 448 720 1302
f 448 1000 970
f 834 449 501
f 835 501 449
f 835 449 736
f 1809 736 449
f 1809 449 1417
f 924 450 1630
f 450 1605 1199
f 450 1199 1908
f 1036 1167 451
f 1036 451 1608
f 1608 451 1037
f 1790 1037 451
f 1167 1187 451
f 451 1187 1790
f 1818 984 452
f 1241 452 1304
f 1241 1818 452
f 1241 1621 453
f 453 1921 1312
f 453 1621 1921
f 1389 454 964
f 455 466 1164
f 455 1614 466
f 455 1164 1302
f 1347 975 456
f 913 457 1691
f 1763 1268 457
f 458 828 621
f 458 621 1263
f 458 809 828
f 1727 969 458
f 1622 1061 459
f 1622 459 1445
f 1358 460 1103
f 1492 1103 460
f 1358 1637 460
f 1435 1492 460
f 842 1129 461
f 842 461 1582
f 461 1129 1801
f 1582 461 1258
f 461 1801 1258
f 554 1432 463
f 845 463 1650
f 1130 1324 463
f 1260 464 1261
f 1260 1731 464
f 1539 465 712
f 1871 712 465
f 465 1539 1017
f 465 1017 1859
f 1733 1202 465
f 1871 465 1202
f 465 1859 1733
f 1164 466 889
f 1105 1053 467
f 1943 1105 467
f 1943 467 1972
f 1918 1858 468
f 469 1218 997
f 1904 469 997
f 1218 469 1572
f 1343 1323 469
f 1323 1572 469
f 1343 469 1904
f 947 470 1166
f 947 1367 470
f 470 1701 1166
f 527 471 1192
f 1964 471 527
f 471 1279 1192
f 1720 1279 471
f 1720 471 1344
f 1964 1344 471
f 1655 472 1935
f 1938 472 1857
f 1938 1935 472
f 473 893 573
f 993 473 573
f 473 1927 893
f 1073 474 772
f 772 474 1825
f 474 1073 1665
f 1518 474 1665
f 1825 474 1518
f 475 1100 611
f 909 650 476
f 1553 476 650
f 476 1145 909
f 476 1468 1145
f 476 1714 1468
f 1714 476 1553
f 992 717 477
f 992 477 782
f 477 1422 782
f 477 885 1422
f 1466 478 783
f 1363 478 1867
f 1466 1667 478
f 479 731 1288
f 1981 731 479
f 1530 890 479
f 479 1288 1096
f 1530 479 1096
f 991 480 1476
f 991 1881 480
f 1403 1476 480
f 481 1732 1656
f 1926 1732 481
f 715 482 1653
f 1317 1067 482
f 482 1067 1653
f 1433 483 734
f 1642 734 483
f 483 904 989
f 483 1433 904
f 483 1660 1642
f 978 484 1901
f 615 1966 485
f 485 1966 1373
f 1196 990 486
f 990 1657 486
f 1730 1196 486
f 1099 487 929
f 487 1099 1412
f 1412 1976 487
f 488 1854 1812
f 1853 488 1820
f 1853 1854 488
f 489 1078 1333
f 629 490 1056
f 1056 490 1074
f 986 1428 491
f 986 491 1735
f 1428 1256 491
f 1748 491 1256
f 1748 1644 491
f 547 492 941
f 547 1026 492
f 1427 941 492
f 1025 492 1026
f 1739 492 1025
f 492 1739 1427
f 760 493 1250
f 1372 493 760
f 1250 493 1902
f 494 771 954
f 494 1313 771
f 494 954 1342
f 1163 943 495
f 1850 495 943
f 495 1449 1163
f 1449 495 1286
f 495 1850 1286
f 1055 496 807
f 1684 807 496
f 1995 1684 496
f 913 1104 497
f 497 1104 1573
f 666 498 1722
f 498 1771 1419
f 498 1419 1890
f 498 1890 1722
f 1077 500 687
f 1077 1780 500
f 1780 1541 500
f 1270 834 501
f 1680 501 835
f 968 501 1680
f 502 1347 1056
f 502 1056 1458
f 1457 1347 502
f 1457 502 1458
f 1116 503 930
f 504 1115 743
f 504 743 1293
f 504 1293 1585
f 506 1148 728
f 506 1045 1658
f 506 1658 1148
f 899 1744 507
f 899 507 1897
f 1744 1179 507
f 1852 507 1179
f 1480 1897 507
f 508 714 1659
f 795 855 508
f 795 508 1659
f 656 933 510
f 510 1257 656
f 1716 510 933
f 510 1273 1257
f 510 1272 1610
f 1716 1272 510
f 510 1610 1273
f 1177 876 511
f 1198 511 876
f 1663 1177 511
f 1198 1226 511
f 1226 1663 511
f 1112 1109 512
f 1109 1956 512
f 1112 512 1581
f 1198 1581 512
f 1198 512 1956
f 1097 711 513
f 1587 513 711
f 1097 513 1324
f 1076 514 689
f 514 1236 689
f 775 514 1320
f 1076 1634 514
f 1320 514 1634
f 660 515 1542
f 660 1849 515
f 1124 518 517
f 517 518 1129
f 517 606 1194
f 1124 517 1195
f 517 1194 1195
f 1460 518 1124
f 1801 1129 518
f 1460 1808 518
f 949 519 883
f 946 519 1899
f 949 1044 519
f 1044 971 519
f 971 1899 519
f 707 961 520
f 707 520 1805
f 961 1467 520
f 1212 520 1467
f 1377 521 1135
f 521 1997 1135
f 1997 521 1224
f 522 1355 1329
f 522 1329 1884
f 1006 523 524
f 524 523 1404
f 1006 1501 523
f 523 1332 1207
f 523 1207 1884
f 523 1329 1404
f 523 1884 1329
f 523 1501 1332
f 612 524 1404
f 1669 1006 524
f 1427 525 1668
f 1668 525 1861
f 1541 1268 526
f 526 1268 1763
f 1272 738 527
f 1964 527 738
f 527 1192 1610
f 527 1610 1272
f 530 529 1944
f 529 530 1955
f 529 1316 763
f 1944 529 763
f 529 1955 944
f 1695 1316 529
f 1385 530 1543
f 1385 1955 530
f 530 1421 1543
f 530 1944 1421
f 531 1400 638
f 638 1843 531
f 531 639 927
f 531 1843 639
f 927 1307 531
f 531 1307 1982
f 531 1982 1400
f 1399 532 740
f 1369 1092 532
f 1424 1369 532
f 1990 1424 532
f 533 1558 1063
f 533 1063 1719
f 533 1186 1182
f 533 1182 1558
f 1186 533 1837
f 534 1263 621
f 534 621 1719
f 534 1766 1263
f 534 1719 1766
f 942 535 1483
f 1837 535 1186
f 1406 535 1405
f 1406 1631 535
f 1837 1483 535
f 536 640 1085
f 1278 640 536
f 927 536 1085
f 927 1277 536
f 1278 536 1277
f 1709 537 595
f 1855 537 1709
f 1855 1807 537
f 538 1348 683
f 683 1711 538
f 853 1779 538
f 896 1516 538
f 1711 896 538
f 1234 538 1516
f 1348 538 1779
f 1912 1775 539
f 912 1315 540
f 540 1721 1068
f 704 1567 541
f 1797 541 1567
f 541 1797 1851
f 907 542 778
f 950 778 542
f 1851 950 542
f 543 779 672
f 543 672 1436
f 543 868 779
f 868 543 907
f 1988 907 543
f 543 1436 1988
f 544 1001 964
f 544 964 1853
f 544 1853 1820
f 545 662 661
f 1638 662 545
f 1418 1295 545
f 545 1295 1638
f 820 546 1176
f 1950 546 820
f 546 1033 1638
f 1950 1033 546
f 546 1294 1176
f 1295 1294 546
f 1295 546 1638
f 737 1026 547
f 1250 737 547
f 1250 547 1053
f 1643 1118 548
f 1715 963 549
f 550 1259 747
f 1823 550 747
f 1259 550 1687
f 551 552 1413
f 552 551 1932
f 1229 1932 551
f 679 552 553
f 553 552 1740
f 679 1502 552
f 955 1413 552
f 955 552 1502
f 552 1932 1740
f 825 1432 554
f 825 554 1522
f 1486 1522 554
f 1043 1204 555
f 1043 555 1957
f 1583 1052 555
f 1811 555 1052
f 810 556 1174
f 1831 1174 556
f 1831 556 1832
f 1832 556 1946
f 557 1368 891
f 1368 557 1367
f 1779 558 611
f 558 1779 1300
f 559 1117 1901
f 559 1862 1751
f 680 560 1676
f 1383 1190 560
f 1382 1383 560
f 1658 697 561
f 894 561 786
f 561 894 1113
f 1658 561 1113
f 562 1217 1216
f 759 564 744
f 759 1165 564
f 1252 564 1165
f 564 1253 1251
f 564 1252 1253
f 1601 709 565
f 973 974 565
f 565 974 1627
f 1601 565 1443
f 1443 565 1627
f 1595 566 974
f 1819 974 566
f 567 1214 1102
f 1102 1495 567
f 567 1979 1214
f 1925 1215 567
f 567 1215 1979
f 1925 567 1495
f 1018 684 568
f 1244 568 684
f 568 1244 761
f 1826 1018 568
f 1826 568 1390
f 634 569 590
f 1599 590 569
f 1510 569 634
f 1613 569 1510
f 570 611 1648
f 1863 611 570
f 1863 570 1064
f 1874 1064 570
f 1648 1874 570
f 816 571 1126
f 816 1900 571
f 1126 571 1683
f 571 1166 1701
f 1166 571 1900
f 571 1701 1683
f 786 572 894
f 1934 894 572
f 572 1521 895
f 1934 572 895
f 893 1521 573
f 993 573 1569
f 574 811 1171
f 1185 1909 574
f 574 1909 1841
f 869 890 575
f 1626 869 575
f 870 575 1185
f 1530 575 890
f 1185 575 1909
f 1530 1909 575
f 576 1905 1416
f 577 1425 690
f 756 1167 577
f 577 1167 1425
f 1306 578 1146
f 1875 1146 578
f 1247 1364 578
f 1247 578 1926
f 1306 1926 578
f 1875 578 1364
f 905 579 1310
f 905 1562 579
f 580 1089 799
f 1889 1089 580
f 1889 580 1758
f 756 581 1167
f 1331 581 756
f 1167 581 1187
f 772 1351 582
f 1458 772 582
f 1457 582 975
f 1457 1458 582
f 1696 583 940
f 1574 583 1789
f 1308 1830 584
f 1065 585 1494
f 1065 1916 585
f 1500 585 1916
f 1963 585 1500
f 1896 845 586
f 811 752 588
f 588 1175 811
f 1175 588 1050
f 588 1811 1050
f 589 801 1765
f 801 589 1899
f 946 1899 589
f 589 1948 946
f 634 590 1431
f 1431 590 1189
f 590 1754 1189
f 1599 1754 590
f 591 1634 1076
f 1730 1251 591
f 1921 591 1312
f 591 1921 1730
f 593 592 1055
f 1173 592 593
f 1629 1055 592
f 592 1770 1629
f 593 1055 807
f 1761 1258 594
f 1646 595 776
f 1239 595 1886
f 1646 1886 595
f 1665 773 596
f 873 1825 596
f 1665 596 1518
f 1825 1518 596
f 992 597 717
f 1155 598 880
f 880 598 1287
f 1506 925 598
f 925 1678 598
f 1506 598 1155
f 1287 598 1678
f 599 1782 956
f 599 956 1917
f 599 1430 1782
f 599 1783 1430
f 599 1917 1783
f 781 780 600
f 996 600 780
f 996 1318 600
f 600 1318 1782
f 1430 600 1782
f 1430 1788 600
f 1490 1357 601
f 601 1741 1490
f 1091 602 1254
f 603 682 1377
f 604 1031 930
f 1005 1031 604
f 1005 604 1293
f 605 1674 794
f 837 1194 606
f 1803 837 606
f 1803 606 1589
f 1918 607 710
f 608 1238 1022
f 1022 1299 608
f 608 1299 1232
f 609 766 1708
f 609 1708 988
f 609 988 1738
f 791 610 987
f 987 610 1108
f 610 1397 1108
f 610 1693 1397
f 614 1274 611
f 614 611 1863
f 1348 611 683
f 1711 683 611
f 1560 611 1100
f 611 1348 1779
f 1203 613 1777
f 1203 1778 613
f 613 1778 1777
f 614 1402 1274
f 1402 614 1863
f 1993 615 865
f 919 920 615
f 919 615 1993
f 1038 616 861
f 861 616 1215
f 1979 1215 616
f 1767 1979 616
f 617 1084 1520
f 1579 1084 617
f 1579 617 1188
f 1914 1188 617
f 1477 617 1520
f 1477 1914 617
f 802 618 916
f 618 802 1643
f 917 916 618
f 917 618 1463
f 1694 619 786
f 1941 1791 619
f 1450 1564 620
f 621 1483 1719
f 1609 750 622
f 1984 622 750
f 1872 622 1248
f 1248 622 1984
f 1872 1483 622
f 1524 624 735
f 1525 735 624
f 1027 624 1662
f 1027 1985 624
f 1524 1662 624
f 1525 624 1526
f 1985 1526 624
f 625 1042 843
f 1414 1042 625
f 1507 1139 626
f 627 1244 1211
f 1555 627 1211
f 627 1989 1244
f 628 888 1205
f 1232 628 1205
f 1232 1299 628
f 1551 628 1299
f 629 1056 851
f 629 851 1616
f 629 1616 1734
f 1392 630 1058
f 630 1734 1191
f 1392 1734 630
f 631 1079 800
f 631 800 1143
f 631 1109 1079
f 631 1956 1109
f 631 1365 1653
f 777 1075 632
f 1420 777 632
f 1008 632 1356
f 1420 632 1008
f 1356 632 1075
f 1204 844 633
f 633 844 1221
f 892 633 1221
f 634 1431 1018
f 634 1018 1826
f 1510 634 1826
f 635 1088 914
f 1707 635 914
f 635 934 1088
f 1088 636 914
f 1072 637 1803
f 1072 1961 637
f 1277 927 639
f 1951 1277 639
f 1278 838 640
f 641 1077 1388
f 1077 641 1780
f 1388 1557 641
f 1325 1705 642
f 642 1996 1953
f 1343 643 1059
f 1343 1904 643
f 997 1893 644
f 997 644 1904
f 1817 644 1147
f 1876 645 673
f 768 645 1876
f 1529 1286 646
f 1529 646 1627
f 1078 1332 647
f 647 1333 1078
f 1501 647 1332
f 1501 1360 647
f 968 648 721
f 1303 721 648
f 968 1680 648
f 1303 648 1137
f 1180 871 649
f 649 1737 994
f 909 1146 650
f 650 1146 1028
f 650 1028 1237
f 650 1237 1553
f 1906 651 769
f 651 1906 1824
f 1169 652 839
f 652 1203 839
f 652 1240 1203
f 1590 653 1927
f 1144 654 806
f 654 1679 806
f 1444 655 1986
f 656 1774 933
f 1774 656 1951
f 657 689 1493
f 658 1116 930
f 658 930 1289
f 658 1290 1116
f 658 1289 1290
f 1437 1070 659
f 659 1070 1542
f 1151 660 1070
f 1070 660 1542
f 1151 1346 660
f 660 1346 1849
f 1320 661 662
f 662 1154 775
f 775 1320 662
f 662 1033 1154
f 1033 662 1638
f 846 663 1011
f 846 1338 663
f 1338 1688 663
f 663 1688 1913
f 1516 664 831
f 1516 896 664
f 665 666 1131
f 665 1375 666
f 665 922 1376
f 665 1476 922
f 665 1131 1476
f 665 1376 1375
f 666 1722 1131
f 1566 898 667
f 1566 667 1352
f 1029 668 755
f 755 668 1352
f 804 668 1130
f 804 1352 668
f 1029 1040 668
f 669 1835 1057
f 966 1408 670
f 671 774 966
f 774 671 1317
f 671 818 1067
f 671 1067 1317
f 1155 672 779
f 1155 880 672
f 672 880 1436
f 674 1830 1308
f 674 1652 1830
f 675 1482 722
f 1879 675 722
f 959 1469 675
f 959 675 1879
f 1469 1482 675
f 1127 676 805
f 677 1106 1429
f 677 1718 1106
f 1868 677 1429
f 1718 677 1745
f 1745 677 1868
f 716 678 1697
f 1676 1243 680
f 681 1977 1090
f 681 1633 1977
f 684 1018 1431
f 684 1431 1189
f 684 1211 1244
f 685 736 1000
f 1122 736 685
f 988 1114 686
f 1815 988 686
f 1077 687 1095
f 1095 687 1564
f 1005 688 1031
f 1005 1591 688
f 1327 688 1591
f 1236 1493 689
f 1459 690 1425
f 1838 690 1500
f 1963 1500 690
f 1403 691 748
f 1403 1080 691
f 1452 691 1080
f 693 692 1328
f 692 904 1020
f 692 1903 904
f 692 1020 1328
f 693 789 1209
f 693 1328 789
f 693 1209 1829
f 1218 1572 694
f 694 1572 1770
f 867 1325 695
f 695 1326 867
f 1712 695 1325
f 1441 1326 695
f 1712 1612 695
f 696 923 1163
f 696 1454 923
f 696 1163 1213
f 697 1658 1045
f 698 1071 1503
f 698 1799 1071
f 698 1503 1685
f 698 1685 1678
f 698 1678 1757
f 698 1757 1799
f 699 1334 1434
f 701 859 700
f 700 1700 701
f 1527 700 858
f 700 1527 1700
f 1700 1670 701
f 1235 702 887
f 702 1777 887
f 1235 1733 702
f 702 1552 1777
f 1733 1859 702
f 1101 703 1262
f 1262 703 1416
f 704 1710 1567
f 705 1054 815
f 705 1834 1387
f 705 1640 1834
f 706 1087 1193
f 706 1193 1159
f 706 1159 1314
f 1193 1087 707
f 1193 707 1805
f 787 1267 708
f 1623 708 1088
f 1623 1602 708
f 1601 1728 709
f 1918 710 1858
f 1511 711 1097
f 711 1511 1294
f 1294 1907 711
f 1587 711 1756
f 1756 711 1907
f 1201 1474 712
f 1871 1201 712
f 713 944 1381
f 1011 713 1381
f 1011 1894 713
f 1384 714 1081
f 1384 1659 714
f 715 1653 1365
f 990 1706 718
f 990 718 1869
f 1563 1869 718
f 720 832 1208
f 721 1731 935
f 1639 722 1482
f 1639 1528 722
f 723 1039 1630
f 1601 723 1728
f 1728 723 1630
f 742 724 1682
f 1090 724 1576
f 1090 1977 724
f 725 1224 1290
f 1997 1224 725
f 1228 1997 725
f 726 1913 1170
f 1945 726 1170
f 727 908 1280
f 727 1786 1072
f 727 1280 1786
f 729 1119 1684
f 729 1995 1174
f 729 1726 1640
f 729 1684 1995
f 730 808 1690
f 1846 730 815
f 1922 815 730
f 1690 1922 730
f 1609 731 750
f 1821 750 731
f 1624 731 1609
f 731 1981 1821
f 1090 1576 732
f 733 814 767
f 734 1030 824
f 1433 734 824
f 1462 1030 734
f 1525 1249 735
f 1978 735 1249
f 1298 735 1297
f 1297 735 1636
f 1978 1636 735
f 1809 1000 736
f 1447 1026 737
f 1250 1902 737
f 1716 738 1272
f 1421 1964 738
f 777 739 1075
f 777 1147 739
f 739 1007 1075
f 739 1335 1007
f 740 1781 1399
f 1210 741 1625
f 1929 741 1575
f 1929 1625 741
f 742 932 1047
f 742 1682 932
f 742 1047 1242
f 1115 1368 743
f 743 1775 1293
f 1368 1367 743
f 743 1367 1937
f 743 1937 1775
f 1401 759 744
f 746 745 1150
f 1538 745 746
f 745 1256 825
f 745 825 1522
f 745 1522 1150
f 745 1748 1256
f 1538 1748 745
f 746 1150 1760
f 1776 746 1209
f 1538 746 1776
f 747 1647 751
f 1823 747 751
f 1259 1394 747
f 1647 747 1394
f 748 922 1476
f 748 1842 922
f 1403 748 1476
f 749 1842 1284
f 1821 1537 750
f 1537 1984 750
f 1537 1823 751
f 1450 752 1836
f 2000 753 1017
f 1386 753 1349
f 2000 1349 753
f 1435 863 754
f 863 1451 754
f 1435 754 1492
f 1438 1492 754
f 1197 1029 755
f 1197 755 1438
f 1331 756 1671
f 1794 1340 757
f 1079 759 800
f 759 1079 1112
f 759 1112 1165
f 921 1813 760
f 1992 1107 761
f 761 1244 1989
f 1107 798 762
f 763 1316 1344
f 763 1344 1964
f 1944 763 1421
f 1421 763 1964
f 764 1619 1267
f 1675 836 765
f 1191 851 767
f 1216 1191 767
f 768 1268 1541
f 1780 768 1541
f 1061 1628 769
f 1628 1906 769
f 1221 1547 770
f 1073 772 1074
f 1458 1074 772
f 772 1825 1351
f 1411 773 1954
f 1665 1954 773
f 966 774 1408
f 1319 775 1154
f 1319 1618 775
f 1121 776 1471
f 1121 1646 776
f 778 868 907
f 868 778 1998
f 868 1622 779
f 1506 1155 779
f 779 1445 1506
f 1445 779 1622
f 780 781 1292
f 1374 780 1292
f 1845 1184 784
f 1041 1303 785
f 1041 785 1423
f 1303 1137 785
f 787 1464 1267
f 788 1620 1081
f 1267 1464 788
f 1729 789 972
f 1729 1209 789
f 1396 790 1124
f 1460 1124 790
f 1396 1833 790
f 1460 790 1833
f 1960 1677 791
f 1960 791 1698
f 983 792 1713
f 1741 792 983
f 1021 1713 792
f 1741 1261 792
f 793 892 1223
f 1115 1156 793
f 1115 793 1368
f 1368 793 1223
f 795 1336 855
f 1532 1515 795
f 1532 795 1874
f 1659 1874 795
f 796 1138 1520
f 1441 796 1520
f 981 886 797
f 886 1474 797
f 1747 981 797
f 1474 1928 797
f 1747 797 1928
f 1992 798 1107
f 1230 1275 798
f 1275 799 1089
f 1230 799 1275
f 1230 1544 799
f 800 1142 1143
f 1795 1142 800
f 801 1034 1765
f 802 916 1395
f 802 1118 1643
f 802 1745 1118
f 802 1395 1745
f 803 1742 875
f 1455 803 888
f 1864 888 803
f 803 1975 1864
f 1584 1352 804
f 1584 804 1428
f 1127 805 1559
f 1144 806 1925
f 807 1684 1119
f 807 1119 1690
f 1276 808 1592
f 1690 808 1276
f 810 1174 1265
f 810 1265 1965
f 810 1783 1917
f 1965 1783 810
f 1171 811 1175
f 1686 812 925
f 1757 925 812
f 1686 1931 812
f 1757 812 1799
f 1799 812 1931
f 1004 814 1291
f 1846 815 1054
f 1024 816 1514
f 816 1126 1514
f 817 1057 1024
f 817 1024 1514
f 817 1494 1057
f 1065 1494 817
f 1698 1065 817
f 817 1514 1698
f 818 1898 1067
f 1696 1094 818
f 1898 818 1094
f 1958 1110 819
f 1958 819 1252
f 1968 1252 819
f 1968 819 1253
f 981 820 886
f 886 820 1519
f 981 1442 820
f 820 1176 1519
f 1950 820 1442
f 1161 1661 822
f 1885 1161 822
f 1479 822 1470
f 1549 1470 822
f 1479 1885 822
f 1200 823 1908
f 1941 823 1200
f 825 1256 1432
f 826 1149 1487
f 1565 827 1015
f 1773 1015 827
f 1016 1452 827
f 1565 1016 827
f 1729 1773 827
f 952 830 911
f 1600 911 830
f 1604 830 952
f 1012 1580 830
f 1600 830 1580
f 1689 1208 832
f 1645 832 1220
f 1800 1220 832
f 1689 832 1645
f 1417 833 970
f 1237 1028 833
f 1800 833 1028
f 836 1675 1409
f 1882 1194 837
f 1803 1508 837
f 1278 1378 838
f 838 1378 1484
f 838 1484 1752
f 1169 839 979
f 1552 839 1203
f 1269 840 1856
f 1269 1952 840
f 1582 1258 841
f 1761 841 1258
f 1371 841 1761
f 842 1271 1129
f 1042 1456 843
f 1204 843 1456
f 843 1204 1957
f 1204 1456 844
f 846 847 1617
f 846 1667 847
f 1011 1381 846
f 846 1617 1338
f 1466 847 1667
f 986 848 999
f 986 1735 848
f 849 1393 1497
f 1603 1393 849
f 1305 850 965
f 1372 965 850
f 1347 851 1056
f 1191 1616 851
f 1736 852 1744
f 1822 853 1172
f 1779 853 1300
f 1300 853 1895
f 1822 1895 853
f 1807 854 1071
f 854 1205 1651
f 1855 1205 854
f 1855 854 1807
f 914 855 1336
f 993 1569 856
f 857 1567 1710
f 857 1906 1567
f 857 1824 1906
f 860 1792 859
f 1503 859 1225
f 860 888 1461
f 860 1461 1792
f 1938 1038 861
f 1938 861 1935
f 862 1133 1340
f 862 1753 1133
f 1339 862 1340
f 862 1465 1561
f 862 1561 1753
f 1386 863 1435
f 1309 878 864
f 864 878 1498
f 1605 865 1199
f 1410 865 1605
f 1444 1993 865
f 1325 867 866
f 866 867 1326
f 1098 928 866
f 866 928 1181
f 1098 866 1326
f 1325 866 1705
f 868 1998 1622
f 890 869 1715
f 1245 1715 869
f 1180 1692 871
f 1929 1575 871
f 1692 1625 871
f 1929 871 1625
f 872 1967 1102
f 1529 872 1286
f 1529 1967 872
f 1346 873 1407
f 873 1789 1407
f 1574 1789 873
f 1190 1383 874
f 874 1383 1496
f 1198 876 1111
f 1111 876 1472
f 1177 1472 876
f 1184 1845 877
f 1679 877 1845
f 878 1309 1900
f 1393 879 1959
f 879 1647 1394
f 879 1394 1959
f 879 1883 1647
f 880 1287 1014
f 1571 880 1014
f 1571 1436 880
f 1822 1172 881
f 881 1571 1379
f 1822 881 1379
f 1536 882 1970
f 949 883 1806
f 1448 1973 884
f 1768 958 885
f 1262 1768 885
f 886 1971 1474
f 886 1519 1971
f 1236 1235 887
f 1236 887 1493
f 887 1777 1778
f 888 1864 1461
f 1222 891 1223
f 891 1368 1223
f 893 895 1521
f 897 1890 1227
f 1227 1910 897
f 1233 1722 897
f 1233 897 1910
f 1890 897 1722
f 898 1910 1227
f 1566 1991 898
f 898 1991 1910
f 901 1588 900
f 901 900 1774
f 902 1025 1026
f 1447 902 1026
f 1447 1606 902
f 903 1139 1507
f 903 1920 1139
f 903 1507 1954
f 1665 903 1954
f 1433 1020 904
f 1436 906 1988
f 1280 908 1281
f 909 1145 1146
f 910 1632 1220
f 1247 910 1364
f 1162 952 911
f 911 1315 1162
f 1315 912 1699
f 1975 1699 912
f 1864 1975 912
f 913 1691 1104
f 1756 1907 915
f 916 917 918
f 918 1395 916
f 918 1718 1395
f 1827 1718 918
f 919 1986 920
f 1444 1986 919
f 1444 919 1993
f 921 1105 1943
f 1813 921 1812
f 921 1943 1930
f 1376 922 1883
f 1163 923 943
f 1915 943 923
f 1454 1157 923
f 923 1157 1915
f 924 1630 1649
f 1850 924 1649
f 924 1850 1915
f 1506 926 925
f 1840 925 926
f 1686 925 1453
f 925 1840 1453
f 1757 1678 925
f 1313 1840 926
f 1362 1723 928
f 1099 929 1478
f 1478 929 1230
f 1031 1289 930
f 1911 1578 931
f 1778 1911 931
f 932 1848 1047
f 1940 1716 933
f 1623 1088 934
f 1415 1623 934
f 935 1305 1548
f 936 1168 1587
f 936 1787 1550
f 1158 938 1369
f 1970 1369 938
f 1536 938 1693
f 1970 938 1536
f 1094 1696 940
f 1094 940 1787
f 1411 1550 940
f 940 1550 1787
f 941 1427 1668
f 1872 1248 942
f 1872 942 1483
f 943 1915 1850
f 1867 1381 944
f 1762 947 1166
f 1937 1367 947
f 1937 947 1762
f 1035 1755 948
f 948 1939 1712
f 1939 948 1755
f 950 1851 1797
f 1002 951 1510
f 1002 1611 951
f 1613 1510 951
f 1540 1613 951
f 1540 951 1887
f 1887 951 1611
f 953 1032 1471
f 1342 954 1839
f 1485 1502 954
f 1839 954 1502
f 1485 976 955
f 1413 955 1824
f 1485 955 1502
f 1062 956 1942
f 1942 956 1782
f 1279 1720 957
f 958 1805 1023
f 960 1505 1341
f 960 1341 1878
f 1982 960 1878
f 987 1108 962
f 1556 962 1888
f 1715 1245 963
f 1426 1676 963
f 1389 964 1001
f 1372 1854 965
f 965 1854 1853
f 1406 967 1631
f 969 1095 1564
f 1000 1809 970
f 1809 1417 970
f 1406 1405 972
f 1773 972 1405
f 1729 972 1773
f 1595 974 973
f 1595 973 1804
f 1804 973 1654
f 1529 1627 974
f 1819 1529 974
f 1457 975 1347
f 1042 1499 977
f 978 1117 1844
f 1117 978 1901
f 1945 1170 978
f 1945 978 1844
f 1923 1140 980
f 981 1747 1442
f 982 1425 1036
f 1459 1425 982
f 1796 982 1636
f 983 1713 1490
f 983 1490 1741
f 1314 1830 985
f 985 1830 1652
f 986 999 1428
f 988 1708 1114
f 1815 1738 988
f 1196 1924 990
f 1412 1706 990
f 990 1869 1657
f 991 1476 1131
f 991 1131 1772
f 993 1655 1935
f 1379 995 1822
f 998 997 1218
f 1893 997 998
f 1889 1335 998
f 999 1584 1428
f 1002 1390 1611
f 1002 1826 1390
f 1002 1510 1826
f 1003 1831 1296
f 1003 1296 1834
f 1726 1003 1834
f 1005 1293 1246
f 1005 1246 1591
f 1006 1360 1501
f 1861 1360 1006
f 1668 1006 1669
f 1668 1861 1006
f 1007 1335 1758
f 1337 1617 1009
f 1933 1010 1535
f 1013 1060 1664
f 1897 1060 1013
f 1013 1664 1419
f 1771 1013 1419
f 1379 1014 1321
f 1014 1379 1571
f 1405 1015 1773
f 1565 1015 1865
f 1565 1284 1016
f 1249 1526 1019
f 1020 1814 1328
f 1269 1713 1021
f 1269 1021 1952
f 1027 1662 1022
f 1027 1022 1749
f 1749 1022 1238
f 1022 1662 1299
f 1593 1422 1023
f 1057 1835 1024
f 1971 1040 1029
f 1031 1743 1289
f 1121 1471 1032
f 1743 1121 1032
f 1743 1032 1607
f 1154 1033 1980
f 1983 1034 1545
f 1035 1409 1755
f 1425 1167 1036
f 1037 1162 1699
f 1649 1630 1039
f 1040 1519 1860
f 1040 1971 1519
f 1043 1957 1204
f 1654 1045 1266
f 1793 1785 1046
f 1847 1549 1047
f 1049 1596 1048
f 1686 1049 1048
f 1048 1071 1398
f 1048 1596 1071
f 1686 1048 1398
f 1686 1453 1049
f 1598 1596 1049
f 1050 1811 1301
f 1811 1052 1301
f 1054 1704 1846
f 1054 1930 1704
f 1458 1056 1074
f 1058 1217 1132
f 1392 1058 1557
f 1141 1322 1059
f 1059 1322 1870
f 1343 1059 1323
f 1323 1059 1870
f 1897 1480 1060
f 1622 1998 1061
f 1062 1942 1475
f 1062 1475 1946
f 1063 1557 1388
f 1063 1388 1719
f 1063 1558 1557
f 1384 1081 1064
f 1384 1064 1659
f 1863 1064 1612
f 1874 1659 1064
f 1683 1701 1066
f 1898 1653 1067
f 1069 1349 1451
f 1799 1398 1071
f 1807 1071 1596
f 1803 1589 1072
f 1961 1072 1786
f 1642 1660 1073
f 1660 1665 1073
f 1766 1388 1077
f 1112 1079 1109
f 1403 1644 1080
f 1538 1452 1080
f 1538 1080 1644
f 1143 1142 1082
f 1082 1242 1491
f 1083 1084 1579
f 1987 1520 1084
f 1093 1240 1612
f 1240 1093 1936
f 1094 1177 1663
f 1094 1787 1177
f 1094 1663 1898
f 1096 1288 1841
f 1530 1096 1909
f 1909 1096 1841
f 1097 1324 1759
f 1759 1860 1097
f 1706 1412 1099
f 1967 1495 1102
f 1438 1103 1492
f 1353 1573 1104
f 1606 1429 1106
f 1108 1397 1681
f 1581 1111 1165
f 1198 1111 1581
f 1112 1581 1165
f 1658 1113 1148
f 1745 1868 1118
f 1119 1922 1690
f 1120 1500 1556
f 1838 1500 1120
f 1556 1888 1120
f 1743 1646 1121
f 1396 1124 1195
f 1128 1528 1639
f 1759 1324 1130
f 1772 1131 1722
f 1753 1994 1133
f 1997 1228 1135
f 1477 1520 1138
f 1386 1702 1140
f 1141 1965 1322
f 1141 1430 1783
f 1430 1141 1788
f 1141 1783 1965
f 1795 1512 1142
f 1144 1925 1495
f 1495 1999 1144
f 1145 1306 1146
f 1522 1149 1150
f 1760 1150 1149
f 1486 1487 1149
f 1522 1486 1149
f 1255 1152 1682
f 1753 1152 1255
f 1753 1561 1152
f 1436 1571 1153
f 1980 1319 1154
f 1158 1369 1424
f 1397 1158 1681
f 1504 1189 1160
f 1189 1754 1160
f 1255 1504 1160
f 1994 1255 1160
f 1994 1160 1754
f 1661 1161 1282
f 1699 1162 1315
f 1769 1213 1163
f 1769 1163 1449
f 1166 1309 1762
f 1166 1900 1309
f 1688 1170 1913
f 1511 1176 1294
f 1860 1519 1176
f 1177 1473 1472
f 1178 1593 1641
f 1692 1180 1311
f 1300 1895 1183
f 1183 1532 1874
f 1183 1895 1532
f 1648 1183 1874
f 1415 1188 1602
f 1703 1188 1415
f 1188 1703 1579
f 1504 1633 1189
f 1969 1191 1216
f 1616 1191 1734
f 1882 1195 1194
f 1882 1575 1195
f 1730 1921 1196
f 1196 1921 1924
f 1264 1197 1438
f 1198 1956 1226
f 1200 1908 1199
f 1941 1200 1373
f 1202 1201 1871
f 1928 1474 1201
f 1235 1202 1733
f 1240 1778 1203
f 1777 1552 1203
f 1855 1709 1205
f 1207 1974 1884
f 1555 1211 1563
f 1740 1212 1467
f 1641 1212 1932
f 1740 1932 1212
f 1769 1767 1213
f 1769 1214 1767
f 1767 1214 1979
f 1969 1216 1217
f 1791 1373 1219
f 1645 1220 1632
f 1685 1503 1225
f 1226 1898 1663
f 1546 1227 1890
f 1641 1932 1229
f 1231 1635 1673
f 1772 1722 1233
f 1612 1240 1274
f 1240 1936 1778
f 1243 1426 1626
f 1676 1426 1243
f 1243 1626 1531
f 1246 1293 1775
f 1912 1591 1246
f 1246 1775 1912
f 1525 1526 1249
f 1968 1253 1252
f 1753 1255 1994
f 1259 1959 1394
f 1260 1261 1741
f 1262 1416 1768
f 1965 1265 1570
f 1804 1654 1266
f 1271 1955 1385
f 1378 1278 1273
f 1274 1402 1612
f 1281 1490 1713
f 1284 1565 1865
f 1728 1630 1285
f 1743 1607 1289
f 1374 1292 1764
f 1604 1764 1292
f 1907 1294 1295
f 1834 1296 1387
f 1832 1296 1831
f 1662 1524 1299
f 1717 1548 1305
f 1306 1732 1926
f 1309 1937 1762
f 1313 1361 1840
f 1345 1321 1670
f 1870 1322 1570
f 1965 1570 1322
f 1657 1869 1330
f 1877 1330 1869
f 1331 1671 1475
f 1942 1331 1475
f 1889 1758 1335
f 1338 1617 1337
f 1794 1339 1340
f 1341 1750 1469
f 1700 1527 1345
f 1700 1345 1670
f 1594 1451 1349
f 1586 1856 1350
f 1584 1566 1352
f 1941 1373 1791
f 1374 1764 1666
f 1376 1603 1375
f 1481 1375 1603
f 1647 1883 1380
f 1382 1496 1383
f 1388 1766 1719
f 1392 1557 1558
f 1497 1393 1959
f 1395 1718 1745
f 1891 1833 1396
f 1686 1398 1931
f 1799 1931 1398
f 1402 1863 1612
f 1409 1675 1892
f 1409 1892 1755
f 1507 1550 1411
f 1507 1411 1954
f 1415 1602 1623
f 1689 1424 1990
f 1429 1606 1447
f 1819 1439 1529
f 1439 1967 1529
f 1626 1440 1531
f 1441 1520 1987
f 1980 1442 1747
f 1746 1808 1460
f 1746 1460 1833
f 1947 1468 1714
f 1947 1802 1468
f 1919 1482 1469
f 1919 1469 1750
f 1475 1802 1946
f 1479 1961 1885
f 1486 1896 1487
f 1702 1488 1489
f 1495 1967 1999
f 1916 1556 1500
f 1532 1895 1515
f 1821 1823 1537
f 1538 1644 1748
f 1563 1877 1869
f 1567 1906 1797
f 1936 1578 1911
f 1597 1596 1598
f 1924 1921 1621
f 1726 1834 1640
f 1832 1946 1714
f 1947 1714 1946
f 1746 1833 1891
f 1778 1936 1911
f 1947 1946 1802
