# miniso_disney_fun_crash_graffiti_mickey_v1
# Front axis +Y; up axis +Z; procedural reference geometry.
mtllib miniso_disney_fun_crash_graffiti_mickey_v1.mtl
o plush_body
usemtl plush_white
v 0.000000000 0.000000000 0.039000000
v 0.005518479 0.000000000 0.038922935
v 0.005484801 0.000653318 0.039019216
v 0.005333212 0.001292932 0.038943168
v 0.005072192 0.001900878 0.038722784
v 0.004724780 0.002468058 0.038480191
v 0.004314211 0.002995133 0.038354904
v 0.003850941 0.003484184 0.038412097
v 0.003331647 0.003928374 0.038600953
v 0.002749991 0.004309493 0.038792475
v 0.002108885 0.004606414 0.038868658
v 0.001423729 0.004807388 0.038798709
v 0.000715251 0.004915457 0.038649799
v 0.000000000 0.004942460 0.038529653
v -0.000712625 0.004897406 0.038507869
v -0.001415516 0.004779657 0.038574907
v -0.002097823 0.004582251 0.038664774
v -0.002744620 0.004301077 0.038716714
v -0.003342164 0.003940774 0.038722804
v -0.003882167 0.003512437 0.038723574
v -0.004359666 0.003026690 0.038759015
v -0.004766530 0.002489866 0.038820211
v -0.005088406 0.001906955 0.038846568
v -0.005310198 0.001287352 0.038775118
v -0.005426304 0.000646350 0.038603062
v -0.005445721 0.000000000 0.038409764
v -0.005385599 -0.000641501 0.038313484
v -0.005257392 -0.001274551 0.038389532
v -0.005057408 -0.001895338 0.038609915
v -0.004770495 -0.002491938 0.038852508
v -0.004384274 -0.003043775 0.038977795
v -0.003901920 -0.003530308 0.038920602
v -0.003342935 -0.003941684 0.038731746
v -0.002732109 -0.004281471 0.038540224
v -0.002086932 -0.004558462 0.038464042
v -0.001414015 -0.004774588 0.038533991
v -0.000715864 -0.004919667 0.038682900
v -0.000000000 -0.004977530 0.038803046
v 0.000718490 -0.004937717 0.038824830
v 0.001422227 -0.004802318 0.038757792
v 0.002097994 -0.004582625 0.038667925
v 0.002737480 -0.004289887 0.038615985
v 0.003332419 -0.003929284 0.038609896
v 0.003870693 -0.003502056 0.038609125
v 0.004338819 -0.003012218 0.038573684
v 0.004728746 -0.002470129 0.038512488
v 0.005041194 -0.001889261 0.038486131
v 0.005280406 -0.001280130 0.038557581
v 0.005444096 -0.000648469 0.038729637
v 0.010955469 0.000000000 0.037965911
v 0.010887860 0.001296898 0.038057199
v 0.010579604 0.002564816 0.037956705
v 0.010053819 0.003767816 0.037711914
v 0.009361605 0.004890170 0.037461273
v 0.008550119 0.005935905 0.037348088
v 0.007637096 0.006909754 0.037428819
v 0.006611893 0.007796140 0.037639301
v 0.005459778 0.008555984 0.037841458
v 0.004186965 0.009145539 0.037915998
v 0.002825749 0.009541473 0.037835562
v 0.001418832 0.009750712 0.037670059
v 0.000000000 0.009797542 0.037527161
v -0.001411553 0.009700684 0.037476786
v -0.002801816 0.009460659 0.037515106
v -0.004150776 0.009066493 0.037588286
v -0.005431919 0.008512325 0.037648367
v -0.006621026 0.007806909 0.037691294
v -0.007701908 0.006968393 0.037746457
v -0.008660658 0.006012646 0.037830936
v -0.009474533 0.004949160 0.037913165
v -0.010110264 0.003788970 0.037923641
v -0.010538726 0.002554906 0.037810044
v -0.010755211 0.001281098 0.037593540
v -0.010785331 0.000000000 0.037376304
v -0.010666944 -0.001270584 0.037285016
v -0.010420396 -0.002526219 0.037385509
v -0.010032061 -0.003759662 0.037630300
v -0.009466480 -0.004944953 0.037880941
v -0.008698017 -0.006038583 0.037994126
v -0.007735971 -0.006999212 0.037913395
v -0.006623067 -0.007809316 0.037702913
v -0.005410622 -0.008478950 0.037500756
v -0.004132879 -0.009027400 0.037426216
v -0.002801184 -0.009458527 0.037506652
v -0.001418911 -0.009751254 0.037672155
v -0.000000000 -0.009872705 0.037815054
v 0.001426191 -0.009801282 0.037865429
v 0.002825117 -0.009539341 0.037827108
v 0.004169068 -0.009106446 0.037753928
v 0.005438481 -0.008522609 0.037693848
v 0.006613934 -0.007798547 0.037650920
v 0.007671159 -0.006940572 0.037595758
v 0.008587478 -0.005961842 0.037511279
v 0.009353552 -0.004885964 0.037429050
v 0.009975616 -0.003738508 0.037418573
v 0.010461274 -0.002536129 0.037532170
v 0.010799594 -0.001286385 0.037748675
v 0.016198809 0.000000000 0.036314001
v 0.016096081 0.001917271 0.036395073
v 0.015634794 0.003790347 0.036286024
v 0.014855168 0.005567192 0.036045680
v 0.013835824 0.007227344 0.035815036
v 0.012644242 0.008778243 0.035728696
v 0.011301408 0.010225083 0.035829319
v 0.009787814 0.011540896 0.036043718
v 0.008081901 0.012665095 0.036235521
v 0.006195848 0.013533520 0.036295443
v 0.004180075 0.014114513 0.036205857
v 0.002098323 0.014420405 0.036038407
v 0.000000000 0.014486496 0.035893850
v -0.002086387 0.014338379 0.035833413
v -0.004139165 0.013976376 0.035851514
v -0.006128821 0.013387113 0.035902796
v -0.008018848 0.012566285 0.035952822
v -0.009777607 0.011528861 0.036006130
v -0.011383228 0.010299111 0.036088715
v -0.012812375 0.008894969 0.036203786
v -0.014024982 0.007326153 0.036304685
v -0.014966481 0.005608908 0.036315778
v -0.015593884 0.003780429 0.036191079
v -0.015905806 0.001894607 0.035964839
v -0.015946599 0.000000000 0.035748603
v -0.015774318 -0.001878945 0.035667530
v -0.015415286 -0.003737131 0.035776579
v -0.014843317 -0.005562750 0.036016923
v -0.014002916 -0.007314627 0.036247568
v -0.012858425 -0.008926939 0.036333908
v -0.011428828 -0.010340368 0.036233285
v -0.009781071 -0.011532945 0.036018886
v -0.007990804 -0.012522337 0.035827083
v -0.006105667 -0.013336538 0.035767160
v -0.004139769 -0.013978416 0.035856747
v -0.002097495 -0.014414719 0.036024197
v -0.000000000 -0.014597445 0.036168753
v 0.002109431 -0.014496745 0.036229190
v 0.004180679 -0.014116553 0.036211089
v 0.006172694 -0.013482945 0.036159807
v 0.008053856 -0.012621146 0.036109782
v 0.009791278 -0.011544981 0.036056473
v 0.011347009 -0.010266341 0.035973888
v 0.012690292 -0.008810213 0.035858817
v 0.013813759 -0.007215817 0.035757919
v 0.014732004 -0.005521034 0.035746826
v 0.015456196 -0.003747049 0.035871525
v 0.015964594 -0.001901609 0.036097765
v 0.021144014 0.000000000 0.034006614
v 0.021003480 0.002501812 0.034072080
v 0.020400470 0.004945690 0.033968184
v 0.019391026 0.007267071 0.033756809
v 0.018075330 0.009441911 0.033568470
v 0.016533703 0.011478494 0.033518103
v 0.014785986 0.013377797 0.033631113
v 0.012805014 0.015098503 0.033830535
v 0.010567547 0.016560334 0.033992265
v 0.008096373 0.017684813 0.034027244
v 0.005460581 0.018438293 0.033932712
v 0.002741498 0.018840529 0.033780506
v 0.000000000 0.018934092 0.033657831
v -0.002727555 0.018744711 0.033608708
v -0.005410006 0.018267521 0.033618433
v -0.008005610 0.017486563 0.033645791
v -0.010467189 0.016403065 0.033669450
v -0.012758009 0.015043079 0.033706349
v -0.014854401 0.013439696 0.033786724
v -0.016726877 0.011612605 0.033909716
v -0.018319701 0.009569562 0.034022302
v -0.019557388 0.007329418 0.034046421
v -0.020382630 0.004941366 0.033938481
v -0.020795654 0.002477057 0.033734942
v -0.020855986 0.000000000 0.033543368
v -0.020637204 -0.002458183 0.033477902
v -0.020168415 -0.004889433 0.033581797
v -0.019411914 -0.007274899 0.033793172
v -0.018297737 -0.009558089 0.033981512
v -0.016787137 -0.011654440 0.034031879
v -0.014912498 -0.013492260 0.033918868
v -0.012762966 -0.015048924 0.033719446
v -0.010432453 -0.016348631 0.033557716
v -0.007976332 -0.017422609 0.033522738
v -0.005409819 -0.018266888 0.033617269
v -0.002740602 -0.018834376 0.033769475
v -0.000000000 -0.019065908 0.033892150
v 0.002754545 -0.018930194 0.033941273
v 0.005460394 -0.018437661 0.033931549
v 0.008067094 -0.017620860 0.033904191
v 0.010532811 -0.016505900 0.033880532
v 0.012809971 -0.015104348 0.033843633
v 0.014844084 -0.013430362 0.033763258
v 0.016593963 -0.011520329 0.033640265
v 0.018053366 -0.009430438 0.033527679
v 0.019245552 -0.007212553 0.033503561
v 0.020186254 -0.004893758 0.033611501
v 0.020845030 -0.002482938 0.033815040
v 0.025700245 0.000000000 0.031100839
v 0.025518236 0.003039583 0.031147051
v 0.024790368 0.006009935 0.031058040
v 0.023584316 0.008838568 0.030891770
v 0.022011927 0.011498250 0.030758296
v 0.020156421 0.013993560 0.030745503
v 0.018032421 0.016315047 0.030860565
v 0.015608771 0.018404438 0.031028189
v 0.012868379 0.020165954 0.031145025
v 0.009850373 0.021516056 0.031149269
v 0.006642045 0.022427644 0.031055635
v 0.003336563 0.022930027 0.030934032
v 0.000000000 0.023067336 0.030853042
v -0.003325738 0.022855631 0.030833668
v -0.006597429 0.022276993 0.030847029
v -0.009756515 0.021311044 0.030852468
v -0.012742462 0.019968631 0.030840271
v -0.015514749 0.018293575 0.030841286
v -0.018052619 0.016333322 0.030895131
v -0.020326446 0.014111599 0.031004851
v -0.022270109 0.011633115 0.031119066
v -0.023790241 0.008915741 0.031161498
v -0.024814786 0.006015854 0.031088631
v -0.025340992 0.003018471 0.030930710
v -0.025435715 0.000000000 0.030780722
v -0.025180248 -0.002999324 0.030734510
v -0.024603176 -0.005964553 0.030823520
v -0.023659150 -0.008866613 0.030989791
v -0.022273113 -0.011634684 0.031123264
v -0.020412464 -0.014171317 0.031136057
v -0.018126164 -0.016399862 0.031020996
v -0.015520829 -0.018300744 0.030853371
v -0.012699601 -0.019901463 0.030736535
v -0.009718512 -0.021228033 0.030732292
v -0.006592916 -0.022261753 0.030825926
v -0.003338019 -0.022940031 0.030947528
v -0.000000000 -0.023198532 0.031028519
v 0.003348844 -0.023014426 0.031047893
v 0.006637531 -0.022412404 0.031034532
v 0.009812369 -0.021433045 0.031029092
v 0.012825518 -0.020098787 0.031041289
v 0.015614851 -0.018411606 0.031040275
v 0.018105966 -0.016381588 0.030986429
v 0.020242438 -0.014053277 0.030876710
v 0.022014932 -0.011499819 0.030762495
v 0.023453226 -0.008789440 0.030720062
v 0.024578758 -0.005958634 0.030792929
v 0.025357493 -0.003020437 0.030950851
v 0.029792844 0.000000000 0.027664784
v 0.029566176 0.003521750 0.027691209
v 0.028733370 0.006965837 0.027622190
v 0.027368085 0.010256591 0.027507073
v 0.025582383 0.013363329 0.027429992
v 0.023452010 0.016281516 0.027449139
v 0.020983301 0.018984891 0.027555235
v 0.018146420 0.021396601 0.027679557
v 0.014939322 0.023411316 0.027744455
v 0.011423064 0.024951267 0.027717769
v 0.007701516 0.026005073 0.027630917
v 0.003872519 0.026613301 0.027549339
v 0.000000000 0.026814903 0.027520558
v -0.003871359 0.026605330 0.027541089
v -0.007683641 0.025944715 0.027566786
v -0.011356342 0.024805526 0.027555869
v -0.014811956 0.023211722 0.027507919
v -0.018006508 0.021231629 0.027466143
v -0.020926460 0.018933464 0.027480592
v -0.023548814 0.016348722 0.027562443
v -0.025804108 0.013479151 0.027667731
v -0.027586007 0.010338260 0.027726102
v -0.028808085 0.006983951 0.027694016
v -0.029459244 0.003509013 0.027591057
v -0.029604125 0.000000000 0.027489545
v -0.029322644 -0.003492742 0.027463120
v -0.028639697 -0.006943128 0.027532139
v -0.027507560 -0.010308861 0.027647256
v -0.025856902 -0.013506728 0.027724337
v -0.023670775 -0.016433393 0.027705190
v -0.021016699 -0.019015109 0.027599094
v -0.018012165 -0.021238299 0.027474772
v -0.014759163 -0.023128989 0.027409874
v -0.011307172 -0.024698126 0.027436560
v -0.007671551 -0.025903893 0.027523412
v -0.003880341 -0.026667061 0.027604990
v -0.000000000 -0.026925213 0.027633771
v 0.003881501 -0.026675031 0.027613240
v 0.007689426 -0.025964250 0.027587543
v 0.011373894 -0.024843866 0.027598460
v 0.014886528 -0.023328583 0.027646410
v 0.018152076 -0.021403271 0.027688186
v 0.021073540 -0.019066536 0.027673737
v 0.023573970 -0.016366187 0.027591886
v 0.025635177 -0.013390907 0.027486598
v 0.027289637 -0.010227191 0.027428227
v 0.028564981 -0.006925015 0.027460313
v 0.029429577 -0.003505479 0.027563272
v 0.033362491 0.000000000 0.023771373
v 0.033090266 0.003941519 0.023780856
v 0.032173150 0.007799744 0.023732615
v 0.030685353 0.011499786 0.023665276
v 0.028728770 0.015006890 0.023636447
v 0.026362967 0.018302443 0.023676822
v 0.023584386 0.021338254 0.023764866
v 0.020370228 0.024018712 0.023842102
v 0.016741548 0.026235572 0.023857306
v 0.012785461 0.027927135 0.023805238
v 0.008619748 0.029105590 0.023729802
v 0.004339638 0.029823506 0.023689267
v 0.000000000 0.030108202 0.023710805
v -0.004354409 0.029925016 0.023769897
v -0.008649106 0.029204721 0.023810623
v -0.012777719 0.027910224 0.023790822
v -0.016642809 0.026080840 0.023716600
v -0.020196674 0.023814074 0.023638969
v -0.023435704 0.021203732 0.023615046
v -0.026348661 0.018292512 0.023663975
v -0.028869160 0.015080225 0.023751952
v -0.030883429 0.011574017 0.023818036
v -0.032292474 0.007828672 0.023820635
v -0.033073021 0.003939465 0.023768462
v -0.033279189 0.000000000 0.023712019
v -0.032981285 -0.003928538 0.023702535
v -0.032197770 -0.007805713 0.023750776
v -0.030883532 -0.011574056 0.023818116
v -0.028984618 -0.015140537 0.023846945
v -0.026507433 -0.018402738 0.023806569
v -0.023538398 -0.021296646 0.023718525
v -0.020198657 -0.023816412 0.023641289
v -0.016579292 -0.025981303 0.023626086
v -0.012717206 -0.027778047 0.023678154
v -0.008628388 -0.029134767 0.023753590
v -0.004358847 -0.029955517 0.023794125
v -0.000000000 -0.030186652 0.023772586
v 0.004344076 -0.029854007 0.023713494
v 0.008599030 -0.029035636 0.023672768
v 0.012724948 -0.027794958 0.023692569
v 0.016678031 -0.026136035 0.023766792
v 0.020372210 -0.024021050 0.023844423
v 0.023687080 -0.021431168 0.023868346
v 0.026521738 -0.018412670 0.023819417
v 0.028844229 -0.015067202 0.023731440
v 0.030685456 -0.011499824 0.023665355
v 0.032078446 -0.007776785 0.023662756
v 0.032998531 -0.003930592 0.023714929
v 0.036362110 0.000000000 0.019494126
v 0.036047058 0.004293715 0.019491979
v 0.035065101 0.008500840 0.019461934
v 0.033487257 0.012549840 0.019432063
v 0.031398170 0.016401290 0.019436962
v 0.028835823 0.020019219 0.019485896
v 0.025786721 0.023330843 0.019550858
v 0.022239857 0.026223209 0.019585721
v 0.018244738 0.028591212 0.019562408
v 0.013916115 0.030396809 0.019495440
v 0.009382297 0.031680426 0.019434243
v 0.004729962 0.032505949 0.019427399
v 0.000000000 0.032884225 0.019485341
v -0.004764738 0.032744941 0.019570234
v -0.009472825 0.031986106 0.019621761
v -0.013990967 0.030560309 0.019600302
v -0.018201113 0.028522848 0.019515633
v -0.022051589 0.026001219 0.019419920
v -0.025548964 0.023115730 0.019370596
v -0.028695299 0.019921660 0.019390937
v -0.031430838 0.016418355 0.019457186
v -0.033639204 0.012606785 0.019520236
v -0.035212330 0.008536533 0.019543650
v -0.036114274 0.004301722 0.019528326
v -0.036384024 0.000000000 0.019505874
v -0.036076723 -0.004297249 0.019508021
v -0.035202268 -0.008534094 0.019538066
v -0.033721407 -0.012637591 0.019567937
v -0.031601830 -0.016507675 0.019563038
v -0.028877566 -0.020048199 0.019514104
v -0.025652563 -0.023209462 0.019449142
v -0.022045183 -0.025993666 0.019414279
v -0.018128329 -0.028408788 0.019437592
v -0.013922625 -0.030411030 0.019504560
v -0.009445788 -0.031894813 0.019565757
v -0.004765314 -0.032748901 0.019572601
v -0.000000000 -0.032933705 0.019514659
v 0.004730538 -0.032509908 0.019429766
v 0.009355260 -0.031589133 0.019378239
v 0.013847773 -0.030247530 0.019399698
v 0.018171954 -0.028477152 0.019484367
v 0.022233452 -0.026215656 0.019580080
v 0.025890320 -0.023424575 0.019629404
v 0.029018089 -0.020145757 0.019609063
v 0.031569162 -0.016490610 0.019542814
v 0.033569460 -0.012580647 0.019479764
v 0.035055040 -0.008498401 0.019456350
v 0.036009506 -0.004289242 0.019471674
v 0.038753227 0.000000000 0.014905533
v 0.038401929 0.004574214 0.014897868
v 0.037372165 0.009060142 0.014881411
v 0.035730642 0.013390582 0.014875278
v 0.033542290 0.017521303 0.014897099
v 0.030822204 0.021398261 0.014942961
v 0.027548204 0.024924566 0.014984696
v 0.023723680 0.027972796 0.014989065
v 0.019427881 0.030445308 0.014944971
v 0.014801573 0.032330905 0.014876742
v 0.009979919 0.033698368 0.014830999
v 0.005037653 0.034620510 0.014844659
v 0.000000000 0.035089462 0.014917019
v -0.005092792 0.034999442 0.015007138
v -0.010133833 0.034218077 0.015059729
v -0.014965783 0.032689587 0.015041786
v -0.019452738 0.030484261 0.014964092
v -0.023539484 0.027755609 0.014872687
v -0.027240376 0.024646055 0.014817254
v -0.030567702 0.021221573 0.014819576
v -0.033467720 0.017482350 0.014863980
v -0.035824546 0.013425774 0.014914372
v -0.037526079 0.009097456 0.014942699
v -0.038527374 0.004589156 0.014946533
v -0.038852654 0.000000000 0.014943775
v -0.038540022 -0.004590663 0.014951440
v -0.037589359 -0.009112797 0.014967897
v -0.035967843 -0.013479476 0.014974029
v -0.033666374 -0.017586120 0.014952209
v -0.030746681 -0.021345828 0.014906347
v -0.027327440 -0.024724827 0.014864612
v -0.023519787 -0.027732385 0.014860242
v -0.019375059 -0.030362531 0.014904337
v -0.014896912 -0.032539153 0.014972565
v -0.010105961 -0.034123964 0.015018308
v -0.005091947 -0.034993637 0.015004649
v -0.000000000 -0.035125382 0.014932289
v 0.005036808 -0.034614705 0.014842170
v 0.009952047 -0.033604255 0.014789579
v 0.014732702 -0.032180470 0.014807521
v 0.019350202 -0.030323578 0.014885216
v 0.023703983 -0.027949572 0.014976621
v 0.027635268 -0.025003338 0.015032054
v 0.031001182 -0.021522516 0.015029732
v 0.033740945 -0.017625073 0.014985327
v 0.035873939 -0.013444284 0.014934935
v 0.037435445 -0.009075483 0.014906609
v 0.038414578 -0.004575720 0.014902775
v 0.040503299 0.000000000 0.010077624
v 0.040125120 0.004779470 0.010069677
v 0.039061495 0.009469687 0.010061734
v 0.037376543 0.014007407 0.010065876
v 0.035117777 0.018344281 0.010089373
v 0.032280054 0.022410370 0.010123609
v 0.028834524 0.026088379 0.010146016
v 0.024798725 0.029240392 0.010135612
v 0.020278374 0.031778110 0.010090923
v 0.015435343 0.033715242 0.010035624
v 0.010408062 0.035144042 0.010005560
v 0.005259066 0.036142137 0.010024869
v 0.000000000 0.036683601 0.010088008
v -0.005330575 0.036633568 0.010161179
v -0.010613546 0.035837885 0.010203098
v -0.015674426 0.034237468 0.010191069
v -0.020365935 0.031915326 0.010134495
v -0.024630863 0.029042464 0.010067005
v -0.028486795 0.025773767 0.010023661
v -0.031948905 0.022180470 0.010019755
v -0.034964632 0.018264283 0.010045374
v -0.037419603 0.014023545 0.010077472
v -0.039203738 0.009504171 0.010098375
v -0.040270480 0.004796785 0.010106156
v -0.040634470 0.000000000 0.010110261
v -0.040318505 -0.004802505 0.010118208
v -0.039311572 -0.009530313 0.010126151
v -0.037584981 -0.014085522 0.010122010
v -0.035149592 -0.018360900 0.010098513
v -0.032090866 -0.022279027 0.010064276
v -0.028538543 -0.025820587 0.010041869
v -0.024594820 -0.028999965 0.010052273
v -0.020290510 -0.031797129 0.010096962
v -0.015614737 -0.034107090 0.010152261
v -0.010591938 -0.035764923 0.010182326
v -0.005331538 -0.036640190 0.010163016
v -0.000000000 -0.036726762 0.010099877
v 0.005260030 -0.036148759 0.010026706
v 0.010386454 -0.035071081 0.009984788
v 0.015375654 -0.033584864 0.009996816
v 0.020202950 -0.031659913 0.010053390
v 0.024762682 -0.029197893 0.010120881
v 0.028886272 -0.026135198 0.010164225
v 0.032422016 -0.022508927 0.010168131
v 0.035302738 -0.018440898 0.010142512
v 0.037541921 -0.014069385 0.010110413
v 0.039169329 -0.009495829 0.010089511
v 0.040173145 -0.004785191 0.010081729
v 0.041584877 0.000000000 0.005083699
v 0.041189964 0.004906308 0.005078872
v 0.040103374 0.009722270 0.005075532
v 0.038390621 0.014387448 0.005079889
v 0.036087859 0.018851018 0.005094187
v 0.033175329 0.023031913 0.005112025
v 0.029619716 0.026798790 0.005120829
v 0.025449616 0.030007863 0.005110678
v 0.020789821 0.032579595 0.005083059
v 0.015815660 0.034545963 0.005052334
v 0.010665543 0.036013457 0.005037687
v 0.005392476 0.037058977 0.005050507
v 0.000000000 0.037641710 0.005086036
v -0.005472545 0.037609241 0.005125499
v -0.010898286 0.036799340 0.005147619
v -0.016095544 0.035157311 0.005141744
v -0.020915092 0.032775907 0.005113688
v -0.025300423 0.029831948 0.005080718
v -0.029266660 0.026479359 0.005059791
v -0.032821812 0.022786485 0.005057552
v -0.035906781 0.018756429 0.005068626
v -0.038407984 0.014393955 0.005082186
v -0.040223687 0.009751437 0.005090759
v -0.041315357 0.004921244 0.005094333
v -0.041696492 0.000000000 0.005097344
v -0.041378920 -0.004928816 0.005102171
v -0.040340251 -0.009779696 0.005105511
v -0.038551331 -0.014447676 0.005101154
v -0.036035921 -0.018823887 0.005086856
v -0.032896223 -0.022838145 0.005069018
v -0.029269105 -0.026481571 0.005060214
v -0.025248868 -0.029771160 0.005070365
v -0.020850863 -0.032675254 0.005097984
v -0.016054740 -0.035068184 0.005128709
v -0.010889261 -0.036768870 0.005143356
v -0.005477924 -0.037646205 0.005130536
v -0.000000000 -0.037708099 0.005095007
v 0.005397855 -0.037095940 0.005055544
v 0.010656519 -0.035982987 0.005033424
v 0.015774856 -0.034456835 0.005039299
v 0.020725592 -0.032478943 0.005067355
v 0.025398062 -0.029947075 0.005100325
v 0.029622160 -0.026801002 0.005121252
v 0.033249740 -0.023083573 0.005123491
v 0.036217000 -0.018918476 0.005112417
v 0.038533967 -0.014441169 0.005098857
v 0.040219938 -0.009750528 0.005090284
v 0.041253528 -0.004913879 0.005086710
v 0.041976571 0.000000000 0.000000000
v 0.041573753 0.004952023 0.000000000
v 0.040472837 0.009811839 0.000000000
v 0.038745785 0.014520551 0.000000000
v 0.036425374 0.019027324 0.000000000
v 0.033484305 0.023246419 0.000000000
v 0.029886761 0.027040403 0.000000000
v 0.025667216 0.030264437 0.000000000
v 0.020959407 0.032845352 0.000000000
v 0.015942792 0.034823656 0.000000000
v 0.010752809 0.036308122 0.000000000
v 0.005437531 0.037368610 0.000000000
v 0.000000000 0.037954107 0.000000000
v -0.005516164 0.037909004 0.000000000
v -0.010981195 0.037079294 0.000000000
v -0.016217473 0.035423639 0.000000000
v -0.021084521 0.033041418 0.000000000
v -0.025529973 0.030102613 0.000000000
v -0.029560932 0.026745605 0.000000000
v -0.033167881 0.023026743 0.000000000
v -0.036276831 0.018949730 0.000000000
v -0.038773504 0.014530939 0.000000000
v -0.040570280 0.009835462 0.000000000
v -0.041646386 0.004960674 0.000000000
v -0.042023429 0.000000000 0.000000000
v -0.041707615 -0.004967968 0.000000000
v -0.040664932 -0.009858409 0.000000000
v -0.038860095 -0.014563390 0.000000000
v -0.036320759 -0.018972676 0.000000000
v -0.033157376 -0.023019449 0.000000000
v -0.029510208 -0.026699712 0.000000000
v -0.025468744 -0.030030417 0.000000000
v -0.021040593 -0.032972579 0.000000000
v -0.016202616 -0.035391188 0.000000000
v -0.010987991 -0.037102241 0.000000000
v -0.005526669 -0.037981199 0.000000000
v -0.000000000 -0.038045893 0.000000000
v 0.005448036 -0.037440806 0.000000000
v 0.010759605 -0.036331069 0.000000000
v 0.015927935 -0.034791205 0.000000000
v 0.020915479 -0.032776513 0.000000000
v 0.025605987 -0.030192241 0.000000000
v 0.029836037 -0.026994510 0.000000000
v 0.033473799 -0.023239126 0.000000000
v 0.036469303 -0.019050270 0.000000000
v 0.038832376 -0.014553002 0.000000000
v 0.040567489 -0.009834785 0.000000000
v 0.041634982 -0.004959316 0.000000000
v 0.041665156 0.000000000 -0.005093513
v 0.041260588 0.004914720 -0.005087580
v 0.040153309 0.009734376 -0.005081852
v 0.038426269 0.014400807 -0.005084606
v 0.036116553 0.018866006 -0.005098238
v 0.033196217 0.023046415 -0.005115244
v 0.029628483 0.026806722 -0.005122345
v 0.025447767 0.030005683 -0.005110307
v 0.020785899 0.032573449 -0.005082100
v 0.015816847 0.034548557 -0.005052714
v 0.010670364 0.036029736 -0.005039964
v 0.005394611 0.037073649 -0.005052506
v 0.000000000 0.037624025 -0.005083647
v -0.005461922 0.037536237 -0.005115549
v -0.010862967 0.036680083 -0.005130937
v -0.016039966 0.035035912 -0.005123989
v -0.020871030 0.032706858 -0.005102915
v -0.025311332 0.029844811 -0.005082908
v -0.029355706 0.026559925 -0.005075186
v -0.032968991 0.022888663 -0.005080230
v -0.036055894 0.018834320 -0.005089675
v -0.038500398 0.014428588 -0.005094415
v -0.040233482 0.009753812 -0.005091998
v -0.041259691 0.004914614 -0.005087470
v -0.041616213 0.000000000 -0.005087530
v -0.041308297 -0.004920403 -0.005093463
v -0.040290316 -0.009767590 -0.005099191
v -0.038515683 -0.014434316 -0.005096437
v -0.036007227 -0.018808898 -0.005082805
v -0.032875334 -0.022823643 -0.005065799
v -0.029260338 -0.026473639 -0.005058698
v -0.025250717 -0.029773340 -0.005070736
v -0.020854785 -0.032681400 -0.005098943
v -0.016053553 -0.035065590 -0.005128329
v -0.010884440 -0.036752591 -0.005141079
v -0.005475789 -0.037631532 -0.005128537
v -0.000000000 -0.037725784 -0.005097396
v 0.005408477 -0.037168945 -0.005065494
v 0.010691837 -0.036102244 -0.005050106
v 0.015830434 -0.034578235 -0.005057054
v 0.020769654 -0.032547991 -0.005078128
v 0.025387153 -0.029934212 -0.005098135
v 0.029533114 -0.026720437 -0.005105857
v 0.033102561 -0.022981394 -0.005100812
v 0.036067887 -0.018840585 -0.005091368
v 0.038441553 -0.014406535 -0.005086628
v 0.040210142 -0.009748154 -0.005089045
v 0.041309194 -0.004920510 -0.005093573
v 0.040647818 0.000000000 -0.010113582
v 0.040244998 0.004793749 -0.010099761
v 0.039140810 0.009488915 -0.010082165
v 0.037431683 0.014028072 -0.010080725
v 0.035164345 0.018368607 -0.010102752
v 0.032315517 0.022434991 -0.010134731
v 0.028848657 0.026101166 -0.010150989
v 0.024793019 0.029233663 -0.010133280
v 0.020269083 0.031763550 -0.010086300
v 0.015436896 0.033718635 -0.010036634
v 0.010417942 0.035177404 -0.010015058
v 0.005264338 0.036178366 -0.010034918
v 0.000000000 0.036664071 -0.010082637
v -0.005312879 0.036511962 -0.010127449
v -0.010551167 0.035627254 -0.010143131
v -0.015573789 0.034017648 -0.010125638
v -0.020284384 0.031787528 -0.010093914
v -0.024648123 0.029062816 -0.010074059
v -0.028645448 0.025917310 -0.010079486
v -0.032211715 0.022362926 -0.010102177
v -0.035227978 0.018401846 -0.010121033
v -0.037576933 0.014082506 -0.010119843
v -0.039210794 0.009505882 -0.010100192
v -0.040163011 0.004783984 -0.010079186
v -0.040489951 0.000000000 -0.010074303
v -0.040198626 -0.004788226 -0.010088124
v -0.039232257 -0.009511085 -0.010105721
v -0.037529841 -0.014064858 -0.010107160
v -0.035103024 -0.018336575 -0.010085134
v -0.032055403 -0.022254407 -0.010053154
v -0.028524410 -0.025807799 -0.010036896
v -0.024600526 -0.029006693 -0.010054605
v -0.020299802 -0.031811689 -0.010101586
v -0.015613184 -0.034103697 -0.010151251
v -0.010582058 -0.035731561 -0.010172827
v -0.005326266 -0.036603961 -0.010152967
v -0.000000000 -0.036746292 -0.010105248
v 0.005277725 -0.036270365 -0.010060437
v 0.010448833 -0.035281711 -0.010044754
v 0.015476291 -0.033804683 -0.010062247
v 0.020284500 -0.031787711 -0.010093972
v 0.024745421 -0.029177541 -0.010113826
v 0.028727619 -0.025991656 -0.010108400
v 0.032159205 -0.022326471 -0.010085709
v 0.035039392 -0.018303335 -0.010066852
v 0.037384591 -0.014010423 -0.010068043
v 0.039162273 -0.009494118 -0.010087694
v 0.040280613 -0.004797992 -0.010108699
v 0.038933830 0.000000000 -0.014974998
v 0.038534987 0.004590063 -0.014949487
v 0.037447132 0.009078316 -0.014911262
v 0.035779471 0.013408881 -0.014895607
v 0.033589961 0.017546204 -0.014918271
v 0.030862840 0.021426472 -0.014962662
v 0.027562900 0.024937862 -0.014992689
v 0.023711280 0.027958176 -0.014981231
v 0.019410884 0.030418672 -0.014931896
v 0.014801807 0.032331417 -0.014876978
v 0.009994795 0.033748599 -0.014853107
v 0.005047445 0.034687802 -0.014873512
v 0.000000000 0.035092931 -0.014918493
v -0.005073882 0.034869489 -0.014951417
v -0.010058408 0.033963394 -0.014947640
v -0.014838312 0.032411153 -0.014913667
v -0.019345439 0.030316114 -0.014881552
v -0.023555786 0.027774831 -0.014882987
v -0.027435675 0.024822754 -0.014923486
v -0.030892451 0.021447030 -0.014977018
v -0.033786296 0.017648762 -0.015005469
v -0.036001081 0.013491933 -0.014987867
v -0.037510744 0.009093738 -0.014936592
v -0.038376318 0.004571163 -0.014887932
v -0.038672051 0.000000000 -0.014874310
v -0.038406965 -0.004574814 -0.014899821
v -0.037514393 -0.009094623 -0.014938045
v -0.035919014 -0.013461177 -0.014953701
v -0.033618703 -0.017561218 -0.014931036
v -0.030706045 -0.021317617 -0.014886646
v -0.027312744 -0.024711531 -0.014856618
v -0.023532187 -0.027747005 -0.014868076
v -0.019392056 -0.030389167 -0.014917412
v -0.014896678 -0.032538641 -0.014972330
v -0.010091085 -0.034073733 -0.014996201
v -0.005082155 -0.034926345 -0.014975795
v -0.000000000 -0.035121913 -0.014930814
v 0.005055718 -0.034744657 -0.014897891
v 0.010027472 -0.033858938 -0.014901668
v 0.014860173 -0.032458905 -0.014935640
v 0.019457501 -0.030491725 -0.014967756
v 0.023687681 -0.027930350 -0.014966321
v 0.027439969 -0.024826639 -0.014925822
v 0.030676433 -0.021297060 -0.014872290
v 0.033422368 -0.017458660 -0.014843839
v 0.035697404 -0.013378125 -0.014861441
v 0.037450781 -0.009079201 -0.014912715
v 0.038565634 -0.004593713 -0.014961376
v 0.036545352 0.000000000 -0.019592364
v 0.036153639 0.004306410 -0.019549612
v 0.035100851 0.008509507 -0.019481776
v 0.033504674 0.012556367 -0.019442170
v 0.031431730 0.016418821 -0.019457738
v 0.028873957 0.020045694 -0.019511666
v 0.025798699 0.023341680 -0.019559939
v 0.022218891 0.026198488 -0.019567257
v 0.018217765 0.028548942 -0.019533487
v 0.013912559 0.030389042 -0.019490458
v 0.009401070 0.031743818 -0.019473130
v 0.004745098 0.032609972 -0.019489569
v 0.000000000 0.032933705 -0.019514659
v -0.004750754 0.032648837 -0.019512797
v -0.009399978 0.031740128 -0.019470867
v -0.013857839 0.030269518 -0.019413800
v -0.018082518 0.028336998 -0.019388472
v -0.022059743 0.026010835 -0.019427102
v -0.025744184 0.023292357 -0.019518607
v -0.029021698 0.020148262 -0.019611502
v -0.031739262 0.016579464 -0.019648114
v -0.033786193 0.012661871 -0.019605531
v -0.035156458 0.008522988 -0.019512640
v -0.035932591 0.004280081 -0.019430083
v -0.036200782 0.000000000 -0.019407636
v -0.035970142 -0.004284553 -0.019450388
v -0.035166519 -0.008525427 -0.019518224
v -0.033703990 -0.012631064 -0.019557830
v -0.031568270 -0.016490145 -0.019542262
v -0.028839431 -0.020021724 -0.019488334
v -0.025640586 -0.023198625 -0.019440061
v -0.022066149 -0.026018388 -0.019432743
v -0.018155302 -0.028451058 -0.019466513
v -0.013926181 -0.030418797 -0.019509542
v -0.009427015 -0.031831421 -0.019526870
v -0.004750177 -0.032644877 -0.019510431
v -0.000000000 -0.032884225 -0.019485341
v 0.004744522 -0.032606012 -0.019487203
v 0.009428107 -0.031835111 -0.019529133
v 0.013980901 -0.030538321 -0.019586200
v 0.018290549 -0.028663002 -0.019611528
v 0.022225297 -0.026206041 -0.019572898
v 0.025695100 -0.023247948 -0.019481393
v 0.028691690 -0.019919155 -0.019388498
v 0.031260738 -0.016329501 -0.019351886
v 0.033422471 -0.012525561 -0.019394469
v 0.035110912 -0.008511946 -0.019487360
v 0.036191190 -0.004310883 -0.019569917
v 0.033517579 0.000000000 -0.023881876
v 0.033139107 0.003947337 -0.023815956
v 0.032145955 0.007793151 -0.023712554
v 0.030656913 0.011489128 -0.023643342
v 0.028741250 0.015013409 -0.023646714
v 0.026396562 0.018325767 -0.023706995
v 0.023594136 0.021347076 -0.023774691
v 0.020341298 0.023984601 -0.023808241
v 0.016703466 0.026175895 -0.023803038
v 0.012775270 0.027904874 -0.023786262
v 0.008639866 0.029173520 -0.023785185
v 0.004359589 0.029960615 -0.023798174
v 0.000000000 0.030214519 -0.023794532
v -0.004349713 0.029892747 -0.023744265
v -0.008591680 0.029010815 -0.023652532
v -0.012657864 0.027648426 -0.023567665
v -0.016527184 0.025899644 -0.023551829
v -0.020192391 0.023809023 -0.023633955
v -0.023600542 0.021352871 -0.023781145
v -0.026626230 0.018485213 -0.023913262
v -0.029114271 0.015208262 -0.023953616
v -0.030964653 0.011604457 -0.023880678
v -0.032187735 0.007803280 -0.023743374
v -0.032877888 0.003916222 -0.023628227
v -0.033124102 0.000000000 -0.023601516
v -0.032932445 -0.003922721 -0.023667435
v -0.032224966 -0.007812306 -0.023770837
v -0.030911971 -0.011584714 -0.023840049
v -0.028972139 -0.015134018 -0.023836677
v -0.026473838 -0.018379415 -0.023776397
v -0.023528648 -0.021287824 -0.023708701
v -0.020227587 -0.023850523 -0.023675150
v -0.016617374 -0.026040980 -0.023680354
v -0.012727398 -0.027800308 -0.023697129
v -0.008608271 -0.029066836 -0.023698206
v -0.004338896 -0.029818408 -0.023685217
v -0.000000000 -0.030080335 -0.023688860
v 0.004348772 -0.029886276 -0.023739126
v 0.008656456 -0.029229541 -0.023830859
v 0.012844803 -0.028056756 -0.023915727
v 0.016793657 -0.026317231 -0.023931562
v 0.020376494 -0.024026101 -0.023849436
v 0.023522243 -0.021282029 -0.023702247
v 0.026244170 -0.018219968 -0.023570130
v 0.028599117 -0.014939164 -0.023529776
v 0.030604232 -0.011469384 -0.023602713
v 0.032183185 -0.007802177 -0.023740018
v 0.033193664 -0.003953836 -0.023855164
v 0.029898639 0.000000000 -0.027763022
v 0.029543406 0.003519038 -0.027669882
v 0.028638756 0.006942900 -0.027531235
v 0.027295529 0.010229399 -0.027434148
v 0.025577794 0.013360932 -0.027425072
v 0.023485503 0.016304769 -0.027488341
v 0.020995280 0.018995730 -0.027570967
v 0.018113055 0.021357261 -0.027628665
v 0.014891013 0.023335611 -0.027654739
v 0.011403870 0.024909342 -0.027671196
v 0.007719273 0.026065031 -0.027694624
v 0.003895160 0.026768900 -0.027710412
v 0.000000000 0.026971106 -0.027680872
v -0.003877188 0.026645387 -0.027582554
v -0.007648500 0.025826059 -0.027440711
v -0.011262340 0.024600199 -0.027327775
v -0.014710750 0.023053122 -0.027319964
v -0.017989956 0.021212113 -0.027440897
v -0.021044235 0.019040022 -0.027635254
v -0.023748737 0.016487518 -0.027796440
v -0.025958212 0.013559649 -0.027832964
v -0.027588259 0.010339104 -0.027728365
v -0.028660574 0.006948189 -0.027552209
v -0.029270044 0.003486477 -0.027413856
v -0.029498330 0.000000000 -0.027391307
v -0.029345414 -0.003495455 -0.027484446
v -0.028734311 -0.006966065 -0.027623094
v -0.027580116 -0.010336053 -0.027720181
v -0.025861490 -0.013509125 -0.027729257
v -0.023637281 -0.016410141 -0.027665988
v -0.021004720 -0.019004270 -0.027583362
v -0.018045529 -0.021277639 -0.027525664
v -0.014807472 -0.023204694 -0.027499590
v -0.011326366 -0.024740050 -0.027483133
v -0.007653794 -0.025843935 -0.027459705
v -0.003857700 -0.026511461 -0.027443917
v -0.000000000 -0.026769010 -0.027473457
v 0.003875673 -0.026634974 -0.027571775
v 0.007724567 -0.026082907 -0.027713618
v 0.011467897 -0.025049194 -0.027826554
v 0.014987735 -0.023487183 -0.027834365
v 0.018168628 -0.021422787 -0.027713432
v 0.020955765 -0.018959978 -0.027519075
v 0.023374047 -0.016227391 -0.027357889
v 0.025481072 -0.013310408 -0.027321365
v 0.027287385 -0.010226347 -0.027425963
v 0.028712493 -0.006960776 -0.027602120
v 0.029618777 -0.003528016 -0.027740473
v 0.025749537 0.000000000 -0.031160490
v 0.025430701 0.003029157 -0.031040208
v 0.024644316 0.005974527 -0.030875062
v 0.023484499 0.008801160 -0.030761025
v 0.022002668 0.011493414 -0.030745359
v 0.020197758 0.014022258 -0.030808557
v 0.018052791 0.016333478 -0.030895426
v 0.015576497 0.018366383 -0.030964033
v 0.012813135 0.020079382 -0.031011319
v 0.009821441 0.021452861 -0.031057780
v 0.006653677 0.022466920 -0.031110021
v 0.003358669 0.023081948 -0.031138984
v 0.000000000 0.023250155 -0.031097565
v -0.003340011 0.022953718 -0.030965993
v -0.006584414 0.022233048 -0.030786178
v -0.009692728 0.021171715 -0.030650759
v -0.012662572 0.019843435 -0.030646914
v -0.015490309 0.018264758 -0.030792702
v -0.018122282 0.016396350 -0.031014352
v -0.020445327 0.014194132 -0.031186185
v -0.022334789 0.011666902 -0.031209447
v -0.023725279 0.008891396 -0.031076408
v -0.024644087 0.005974472 -0.030874775
v -0.025175913 0.002998808 -0.030729218
v -0.025386423 0.000000000 -0.030721071
v -0.025267783 -0.003009751 -0.030841353
v -0.024749229 -0.005999961 -0.031006499
v -0.023758967 -0.008904021 -0.031120535
v -0.022282372 -0.011639521 -0.031136202
v -0.020371127 -0.014142619 -0.031073004
v -0.018105793 -0.016381432 -0.030986134
v -0.015553103 -0.018338798 -0.030917527
v -0.012754845 -0.019988036 -0.030870241
v -0.009747443 -0.021291228 -0.030823781
v -0.006581284 -0.022222477 -0.030771540
v -0.003315913 -0.022788109 -0.030742577
v -0.000000000 -0.023015714 -0.030783995
v 0.003334572 -0.022916340 -0.030915567
v 0.006650546 -0.022456349 -0.031095383
v 0.009876156 -0.021572374 -0.031230802
v 0.012905408 -0.020223983 -0.031234646
v 0.015639291 -0.018440424 -0.031088859
v 0.018036302 -0.016318559 -0.030867208
v 0.020123557 -0.013970744 -0.030695375
v 0.021950251 -0.011466033 -0.030672114
v 0.023518188 -0.008813786 -0.030805152
v 0.024749457 -0.006000016 -0.031006785
v 0.025522572 -0.003040100 -0.031152343
v 0.021144014 0.000000000 -0.034006614
v 0.020875645 0.002486585 -0.033864703
v 0.020233580 0.004905231 -0.033690302
v 0.019288847 0.007228778 -0.033578932
v 0.018075330 0.009441911 -0.033568470
v 0.016588710 0.011516683 -0.033629617
v 0.014818722 0.013407415 -0.033705572
v 0.012779357 0.015068250 -0.033762750
v 0.010510847 0.016471480 -0.033809880
v 0.008059665 0.017604634 -0.033872971
v 0.005463792 0.018449134 -0.033952663
v 0.002759798 0.018966292 -0.034005996
v 0.000000000 0.019111801 -0.033973731
v -0.002745855 0.018870474 -0.033834198
v -0.005413217 0.018278361 -0.033638384
v -0.007968903 0.017406383 -0.033491518
v -0.010410489 0.016314211 -0.033487065
v -0.012732352 0.015012826 -0.033638563
v -0.014887137 0.013469314 -0.033861182
v -0.016781884 0.011650793 -0.034021230
v -0.018319701 0.009569562 -0.034022302
v -0.019455210 0.007291125 -0.033868543
v -0.020215741 0.004900907 -0.033660598
v -0.020667818 0.002461830 -0.033527565
v -0.020855986 0.000000000 -0.033543368
v -0.020765040 -0.002473410 -0.033685278
v -0.020335304 -0.004929892 -0.033859680
v -0.019514093 -0.007313192 -0.033971050
v -0.018297737 -0.009558089 -0.033981512
v -0.016732130 -0.011616251 -0.033920365
v -0.014879763 -0.013462642 -0.033844410
v -0.012788623 -0.015079177 -0.033787232
v -0.010489153 -0.016437485 -0.033740101
v -0.008013039 -0.017502788 -0.033677010
v -0.005406608 -0.018256047 -0.033597318
v -0.002722303 -0.018708613 -0.033543986
v -0.000000000 -0.018888199 -0.033576250
v 0.002736245 -0.018804431 -0.033715784
v 0.005457183 -0.018426820 -0.033911598
v 0.008103801 -0.017701039 -0.034058463
v 0.010589511 -0.016594754 -0.034062917
v 0.012835628 -0.015134601 -0.033911418
v 0.014811348 -0.013400744 -0.033688800
v 0.016538956 -0.011482141 -0.033528751
v 0.018053366 -0.009430438 -0.033527679
v 0.019347731 -0.007250846 -0.033681439
v 0.020353144 -0.004934217 -0.033889383
v 0.020972866 -0.002498165 -0.034022416
v 0.016167823 0.000000000 -0.036244536
v 0.015961869 0.001901285 -0.036091603
v 0.015481914 0.003753284 -0.035931212
v 0.014773574 0.005536613 -0.035847694
v 0.013852529 0.007236070 -0.035858280
v 0.012710951 0.008824555 -0.035917193
v 0.011344568 0.010264133 -0.035966152
v 0.009772092 0.011522359 -0.035985822
v 0.008030579 0.012584668 -0.036005416
v 0.006156486 0.013447542 -0.036064860
v 0.004175335 0.014098509 -0.036164802
v 0.002110683 0.014505349 -0.036250693
v 0.000000000 0.014629896 -0.036249159
v -0.002103672 0.014457165 -0.036130275
v -0.004149918 0.014012686 -0.035944655
v -0.006111370 0.013348995 -0.035800568
v -0.007983019 0.012510138 -0.035792182
v -0.009756961 0.011504517 -0.035930101
v -0.011395401 0.010310125 -0.036127310
v -0.012830337 0.008907439 -0.036254542
v -0.013995207 0.007310600 -0.036227612
v -0.014862976 0.005570118 -0.036064626
v -0.015456497 0.003747122 -0.035872224
v -0.015820339 0.001884426 -0.035771589
v -0.015977586 0.000000000 -0.035818068
v -0.015908531 -0.001894931 -0.035971001
v -0.015568166 -0.003774194 -0.036131391
v -0.014924911 -0.005593329 -0.036214909
v -0.013986211 -0.007305900 -0.036204324
v -0.012791716 -0.008880626 -0.036145411
v -0.011385668 -0.010301319 -0.036096452
v -0.009796792 -0.011551483 -0.036076781
v -0.008042126 -0.012602764 -0.036057188
v -0.006145029 -0.013422516 -0.035997743
v -0.004144509 -0.013994421 -0.035897802
v -0.002085135 -0.014329775 -0.035811910
v -0.000000000 -0.014454045 -0.035813444
v 0.002092146 -0.014377959 -0.035932329
v 0.004169926 -0.014080243 -0.036117948
v 0.006190145 -0.013521063 -0.036262036
v 0.008089685 -0.012677293 -0.036270422
v 0.009811924 -0.011569325 -0.036132503
v 0.011334835 -0.010255327 -0.035935293
v 0.012672330 -0.008797742 -0.035808061
v 0.013843533 -0.007231370 -0.035834991
v 0.014835509 -0.005559824 -0.035997978
v 0.015593583 -0.003780356 -0.036190379
v 0.016050061 -0.001911790 -0.036291015
v 0.010916745 0.000000000 -0.037831715
v 0.010780341 0.001284091 -0.037681378
v 0.010468916 0.002537982 -0.037559586
v 0.010005154 0.003749578 -0.037529371
v 0.009390634 0.004905334 -0.037577437
v 0.008616015 0.005981653 -0.037635928
v 0.007681238 0.006949691 -0.037645153
v 0.006605805 0.007788962 -0.037604646
v 0.005420761 0.008494839 -0.037571029
v 0.004152658 0.009070603 -0.037605325
v 0.002816680 0.009510852 -0.037714138
v 0.001425037 0.009793349 -0.037834781
v 0.000000000 0.009889503 -0.037879395
v -0.001423911 0.009785613 -0.037804894
v -0.002812109 0.009495416 -0.037652928
v -0.004143851 0.009051366 -0.037525575
v -0.005412263 0.008481523 -0.037512133
v -0.006608785 0.007792475 -0.037621607
v -0.007707326 0.006973295 -0.037773009
v -0.008665636 0.006016102 -0.037852680
v -0.009445477 0.004933982 -0.037796894
v -0.010034217 0.003760470 -0.037638389
v -0.010447399 0.002532765 -0.037482390
v -0.010708609 0.001275547 -0.037430649
v -0.010824055 0.000000000 -0.037510500
v -0.010774464 -0.001283391 -0.037660836
v -0.010531084 -0.002553053 -0.037782628
v -0.010080726 -0.003777900 -0.037812844
v -0.009437451 -0.004929789 -0.037764777
v -0.008632122 -0.005992835 -0.037706286
v -0.007691829 -0.006959274 -0.037697062
v -0.006629155 -0.007816494 -0.037737568
v -0.005449639 -0.008540095 -0.037771186
v -0.004167186 -0.009102336 -0.037736889
v -0.002810253 -0.009489148 -0.037628077
v -0.001412707 -0.009708617 -0.037507434
v -0.000000000 -0.009780744 -0.037462820
v 0.001413833 -0.009716353 -0.037537321
v 0.002814824 -0.009504584 -0.037689286
v 0.004175993 -0.009121573 -0.037816640
v 0.005458137 -0.008553411 -0.037830081
v 0.006626176 -0.007812981 -0.037720608
v 0.007665741 -0.006935671 -0.037569206
v 0.008582500 -0.005958386 -0.037489534
v 0.009382608 -0.004901142 -0.037545320
v 0.010051663 -0.003767008 -0.037703826
v 0.010552601 -0.002558269 -0.037859824
v 0.010846195 -0.001291935 -0.037911566
v 0.005492963 0.000000000 -0.038742968
v 0.005427085 0.000646443 -0.038608617
v 0.005278755 0.001279730 -0.038545525
v 0.005054540 0.001894263 -0.038588022
v 0.004750077 0.002481272 -0.038686215
v 0.004358364 0.003025787 -0.038747447
v 0.003880917 0.003511306 -0.038711109
v 0.003331388 0.003928068 -0.038597951
v 0.002728907 0.004276452 -0.038495048
v 0.002088231 0.004561299 -0.038487979
v 0.001416188 0.004781925 -0.038593207
v 0.000716988 0.004927390 -0.038743628
v 0.000000000 0.004982115 -0.038838787
v -0.000718416 0.004937206 -0.038820813
v -0.001420733 0.004797273 -0.038717076
v -0.002095211 0.004576546 -0.038616633
v -0.002736294 0.004288028 -0.038599255
v -0.003337850 0.003935687 -0.038672820
v -0.003886628 0.003516473 -0.038768073
v -0.004363680 0.003029477 -0.038794702
v -0.004753553 0.002483087 -0.038714522
v -0.005052712 0.001893578 -0.038574065
v -0.005268499 0.001277243 -0.038470634
v -0.005408727 0.000644256 -0.038478019
v -0.005471237 0.000000000 -0.038589732
v -0.005443315 -0.000648376 -0.038724083
v -0.005311849 -0.001287753 -0.038787174
v -0.005075060 -0.001901953 -0.038744677
v -0.004745199 -0.002478723 -0.038646484
v -0.004340120 -0.003013121 -0.038585252
v -0.003871943 -0.003503186 -0.038621591
v -0.003343195 -0.003941990 -0.038734748
v -0.002753194 -0.004314512 -0.038837651
v -0.002107587 -0.004603577 -0.038844720
v -0.001421556 -0.004800050 -0.038739492
v -0.000714128 -0.004907734 -0.038589071
v -0.000000000 -0.004937876 -0.038493912
v 0.000712699 -0.004897917 -0.038511886
v 0.001417010 -0.004784702 -0.038615623
v 0.002100606 -0.004588330 -0.038716067
v 0.002745806 -0.004302936 -0.038733444
v 0.003336733 -0.003934370 -0.038659879
v 0.003866232 -0.003498019 -0.038564626
v 0.004334805 -0.003009431 -0.038537997
v 0.004741723 -0.002476908 -0.038618177
v 0.005076888 -0.001902638 -0.038758635
v 0.005322105 -0.001290239 -0.038862065
v 0.005461673 -0.000650563 -0.038854680
v 0.000000000 0.000000000 -0.039000000
f 1 2 3
f 1 3 4
f 1 4 5
f 1 5 6
f 1 6 7
f 1 7 8
f 1 8 9
f 1 9 10
f 1 10 11
f 1 11 12
f 1 12 13
f 1 13 14
f 1 14 15
f 1 15 16
f 1 16 17
f 1 17 18
f 1 18 19
f 1 19 20
f 1 20 21
f 1 21 22
f 1 22 23
f 1 23 24
f 1 24 25
f 1 25 26
f 1 26 27
f 1 27 28
f 1 28 29
f 1 29 30
f 1 30 31
f 1 31 32
f 1 32 33
f 1 33 34
f 1 34 35
f 1 35 36
f 1 36 37
f 1 37 38
f 1 38 39
f 1 39 40
f 1 40 41
f 1 41 42
f 1 42 43
f 1 43 44
f 1 44 45
f 1 45 46
f 1 46 47
f 1 47 48
f 1 48 49
f 1 49 2
f 2 50 51
f 2 51 3
f 3 51 52
f 3 52 4
f 4 52 53
f 4 53 5
f 5 53 54
f 5 54 6
f 6 54 55
f 6 55 7
f 7 55 56
f 7 56 8
f 8 56 57
f 8 57 9
f 9 57 58
f 9 58 10
f 10 58 59
f 10 59 11
f 11 59 60
f 11 60 12
f 12 60 61
f 12 61 13
f 13 61 62
f 13 62 14
f 14 62 63
f 14 63 15
f 15 63 64
f 15 64 16
f 16 64 65
f 16 65 17
f 17 65 66
f 17 66 18
f 18 66 67
f 18 67 19
f 19 67 68
f 19 68 20
f 20 68 69
f 20 69 21
f 21 69 70
f 21 70 22
f 22 70 71
f 22 71 23
f 23 71 72
f 23 72 24
f 24 72 73
f 24 73 25
f 25 73 74
f 25 74 26
f 26 74 75
f 26 75 27
f 27 75 76
f 27 76 28
f 28 76 77
f 28 77 29
f 29 77 78
f 29 78 30
f 30 78 79
f 30 79 31
f 31 79 80
f 31 80 32
f 32 80 81
f 32 81 33
f 33 81 82
f 33 82 34
f 34 82 83
f 34 83 35
f 35 83 84
f 35 84 36
f 36 84 85
f 36 85 37
f 37 85 86
f 37 86 38
f 38 86 87
f 38 87 39
f 39 87 88
f 39 88 40
f 40 88 89
f 40 89 41
f 41 89 90
f 41 90 42
f 42 90 91
f 42 91 43
f 43 91 92
f 43 92 44
f 44 92 93
f 44 93 45
f 45 93 94
f 45 94 46
f 46 94 95
f 46 95 47
f 47 95 96
f 47 96 48
f 48 96 97
f 48 97 49
f 49 97 50
f 49 50 2
f 50 98 99
f 50 99 51
f 51 99 100
f 51 100 52
f 52 100 101
f 52 101 53
f 53 101 102
f 53 102 54
f 54 102 103
f 54 103 55
f 55 103 104
f 55 104 56
f 56 104 105
f 56 105 57
f 57 105 106
f 57 106 58
f 58 106 107
f 58 107 59
f 59 107 108
f 59 108 60
f 60 108 109
f 60 109 61
f 61 109 110
f 61 110 62
f 62 110 111
f 62 111 63
f 63 111 112
f 63 112 64
f 64 112 113
f 64 113 65
f 65 113 114
f 65 114 66
f 66 114 115
f 66 115 67
f 67 115 116
f 67 116 68
f 68 116 117
f 68 117 69
f 69 117 118
f 69 118 70
f 70 118 119
f 70 119 71
f 71 119 120
f 71 120 72
f 72 120 121
f 72 121 73
f 73 121 122
f 73 122 74
f 74 122 123
f 74 123 75
f 75 123 124
f 75 124 76
f 76 124 125
f 76 125 77
f 77 125 126
f 77 126 78
f 78 126 127
f 78 127 79
f 79 127 128
f 79 128 80
f 80 128 129
f 80 129 81
f 81 129 130
f 81 130 82
f 82 130 131
f 82 131 83
f 83 131 132
f 83 132 84
f 84 132 133
f 84 133 85
f 85 133 134
f 85 134 86
f 86 134 135
f 86 135 87
f 87 135 136
f 87 136 88
f 88 136 137
f 88 137 89
f 89 137 138
f 89 138 90
f 90 138 139
f 90 139 91
f 91 139 140
f 91 140 92
f 92 140 141
f 92 141 93
f 93 141 142
f 93 142 94
f 94 142 143
f 94 143 95
f 95 143 144
f 95 144 96
f 96 144 145
f 96 145 97
f 97 145 98
f 97 98 50
f 98 146 147
f 98 147 99
f 99 147 148
f 99 148 100
f 100 148 149
f 100 149 101
f 101 149 150
f 101 150 102
f 102 150 151
f 102 151 103
f 103 151 152
f 103 152 104
f 104 152 153
f 104 153 105
f 105 153 154
f 105 154 106
f 106 154 155
f 106 155 107
f 107 155 156
f 107 156 108
f 108 156 157
f 108 157 109
f 109 157 158
f 109 158 110
f 110 158 159
f 110 159 111
f 111 159 160
f 111 160 112
f 112 160 161
f 112 161 113
f 113 161 162
f 113 162 114
f 114 162 163
f 114 163 115
f 115 163 164
f 115 164 116
f 116 164 165
f 116 165 117
f 117 165 166
f 117 166 118
f 118 166 167
f 118 167 119
f 119 167 168
f 119 168 120
f 120 168 169
f 120 169 121
f 121 169 170
f 121 170 122
f 122 170 171
f 122 171 123
f 123 171 172
f 123 172 124
f 124 172 173
f 124 173 125
f 125 173 174
f 125 174 126
f 126 174 175
f 126 175 127
f 127 175 176
f 127 176 128
f 128 176 177
f 128 177 129
f 129 177 178
f 129 178 130
f 130 178 179
f 130 179 131
f 131 179 180
f 131 180 132
f 132 180 181
f 132 181 133
f 133 181 182
f 133 182 134
f 134 182 183
f 134 183 135
f 135 183 184
f 135 184 136
f 136 184 185
f 136 185 137
f 137 185 186
f 137 186 138
f 138 186 187
f 138 187 139
f 139 187 188
f 139 188 140
f 140 188 189
f 140 189 141
f 141 189 190
f 141 190 142
f 142 190 191
f 142 191 143
f 143 191 192
f 143 192 144
f 144 192 193
f 144 193 145
f 145 193 146
f 145 146 98
f 146 194 195
f 146 195 147
f 147 195 196
f 147 196 148
f 148 196 197
f 148 197 149
f 149 197 198
f 149 198 150
f 150 198 199
f 150 199 151
f 151 199 200
f 151 200 152
f 152 200 201
f 152 201 153
f 153 201 202
f 153 202 154
f 154 202 203
f 154 203 155
f 155 203 204
f 155 204 156
f 156 204 205
f 156 205 157
f 157 205 206
f 157 206 158
f 158 206 207
f 158 207 159
f 159 207 208
f 159 208 160
f 160 208 209
f 160 209 161
f 161 209 210
f 161 210 162
f 162 210 211
f 162 211 163
f 163 211 212
f 163 212 164
f 164 212 213
f 164 213 165
f 165 213 214
f 165 214 166
f 166 214 215
f 166 215 167
f 167 215 216
f 167 216 168
f 168 216 217
f 168 217 169
f 169 217 218
f 169 218 170
f 170 218 219
f 170 219 171
f 171 219 220
f 171 220 172
f 172 220 221
f 172 221 173
f 173 221 222
f 173 222 174
f 174 222 223
f 174 223 175
f 175 223 224
f 175 224 176
f 176 224 225
f 176 225 177
f 177 225 226
f 177 226 178
f 178 226 227
f 178 227 179
f 179 227 228
f 179 228 180
f 180 228 229
f 180 229 181
f 181 229 230
f 181 230 182
f 182 230 231
f 182 231 183
f 183 231 232
f 183 232 184
f 184 232 233
f 184 233 185
f 185 233 234
f 185 234 186
f 186 234 235
f 186 235 187
f 187 235 236
f 187 236 188
f 188 236 237
f 188 237 189
f 189 237 238
f 189 238 190
f 190 238 239
f 190 239 191
f 191 239 240
f 191 240 192
f 192 240 241
f 192 241 193
f 193 241 194
f 193 194 146
f 194 242 243
f 194 243 195
f 195 243 244
f 195 244 196
f 196 244 245
f 196 245 197
f 197 245 246
f 197 246 198
f 198 246 247
f 198 247 199
f 199 247 248
f 199 248 200
f 200 248 249
f 200 249 201
f 201 249 250
f 201 250 202
f 202 250 251
f 202 251 203
f 203 251 252
f 203 252 204
f 204 252 253
f 204 253 205
f 205 253 254
f 205 254 206
f 206 254 255
f 206 255 207
f 207 255 256
f 207 256 208
f 208 256 257
f 208 257 209
f 209 257 258
f 209 258 210
f 210 258 259
f 210 259 211
f 211 259 260
f 211 260 212
f 212 260 261
f 212 261 213
f 213 261 262
f 213 262 214
f 214 262 263
f 214 263 215
f 215 263 264
f 215 264 216
f 216 264 265
f 216 265 217
f 217 265 266
f 217 266 218
f 218 266 267
f 218 267 219
f 219 267 268
f 219 268 220
f 220 268 269
f 220 269 221
f 221 269 270
f 221 270 222
f 222 270 271
f 222 271 223
f 223 271 272
f 223 272 224
f 224 272 273
f 224 273 225
f 225 273 274
f 225 274 226
f 226 274 275
f 226 275 227
f 227 275 276
f 227 276 228
f 228 276 277
f 228 277 229
f 229 277 278
f 229 278 230
f 230 278 279
f 230 279 231
f 231 279 280
f 231 280 232
f 232 280 281
f 232 281 233
f 233 281 282
f 233 282 234
f 234 282 283
f 234 283 235
f 235 283 284
f 235 284 236
f 236 284 285
f 236 285 237
f 237 285 286
f 237 286 238
f 238 286 287
f 238 287 239
f 239 287 288
f 239 288 240
f 240 288 289
f 240 289 241
f 241 289 242
f 241 242 194
f 242 290 291
f 242 291 243
f 243 291 292
f 243 292 244
f 244 292 293
f 244 293 245
f 245 293 294
f 245 294 246
f 246 294 295
f 246 295 247
f 247 295 296
f 247 296 248
f 248 296 297
f 248 297 249
f 249 297 298
f 249 298 250
f 250 298 299
f 250 299 251
f 251 299 300
f 251 300 252
f 252 300 301
f 252 301 253
f 253 301 302
f 253 302 254
f 254 302 303
f 254 303 255
f 255 303 304
f 255 304 256
f 256 304 305
f 256 305 257
f 257 305 306
f 257 306 258
f 258 306 307
f 258 307 259
f 259 307 308
f 259 308 260
f 260 308 309
f 260 309 261
f 261 309 310
f 261 310 262
f 262 310 311
f 262 311 263
f 263 311 312
f 263 312 264
f 264 312 313
f 264 313 265
f 265 313 314
f 265 314 266
f 266 314 315
f 266 315 267
f 267 315 316
f 267 316 268
f 268 316 317
f 268 317 269
f 269 317 318
f 269 318 270
f 270 318 319
f 270 319 271
f 271 319 320
f 271 320 272
f 272 320 321
f 272 321 273
f 273 321 322
f 273 322 274
f 274 322 323
f 274 323 275
f 275 323 324
f 275 324 276
f 276 324 325
f 276 325 277
f 277 325 326
f 277 326 278
f 278 326 327
f 278 327 279
f 279 327 328
f 279 328 280
f 280 328 329
f 280 329 281
f 281 329 330
f 281 330 282
f 282 330 331
f 282 331 283
f 283 331 332
f 283 332 284
f 284 332 333
f 284 333 285
f 285 333 334
f 285 334 286
f 286 334 335
f 286 335 287
f 287 335 336
f 287 336 288
f 288 336 337
f 288 337 289
f 289 337 290
f 289 290 242
f 290 338 339
f 290 339 291
f 291 339 340
f 291 340 292
f 292 340 341
f 292 341 293
f 293 341 342
f 293 342 294
f 294 342 343
f 294 343 295
f 295 343 344
f 295 344 296
f 296 344 345
f 296 345 297
f 297 345 346
f 297 346 298
f 298 346 347
f 298 347 299
f 299 347 348
f 299 348 300
f 300 348 349
f 300 349 301
f 301 349 350
f 301 350 302
f 302 350 351
f 302 351 303
f 303 351 352
f 303 352 304
f 304 352 353
f 304 353 305
f 305 353 354
f 305 354 306
f 306 354 355
f 306 355 307
f 307 355 356
f 307 356 308
f 308 356 357
f 308 357 309
f 309 357 358
f 309 358 310
f 310 358 359
f 310 359 311
f 311 359 360
f 311 360 312
f 312 360 361
f 312 361 313
f 313 361 362
f 313 362 314
f 314 362 363
f 314 363 315
f 315 363 364
f 315 364 316
f 316 364 365
f 316 365 317
f 317 365 366
f 317 366 318
f 318 366 367
f 318 367 319
f 319 367 368
f 319 368 320
f 320 368 369
f 320 369 321
f 321 369 370
f 321 370 322
f 322 370 371
f 322 371 323
f 323 371 372
f 323 372 324
f 324 372 373
f 324 373 325
f 325 373 374
f 325 374 326
f 326 374 375
f 326 375 327
f 327 375 376
f 327 376 328
f 328 376 377
f 328 377 329
f 329 377 378
f 329 378 330
f 330 378 379
f 330 379 331
f 331 379 380
f 331 380 332
f 332 380 381
f 332 381 333
f 333 381 382
f 333 382 334
f 334 382 383
f 334 383 335
f 335 383 384
f 335 384 336
f 336 384 385
f 336 385 337
f 337 385 338
f 337 338 290
f 338 386 387
f 338 387 339
f 339 387 388
f 339 388 340
f 340 388 389
f 340 389 341
f 341 389 390
f 341 390 342
f 342 390 391
f 342 391 343
f 343 391 392
f 343 392 344
f 344 392 393
f 344 393 345
f 345 393 394
f 345 394 346
f 346 394 395
f 346 395 347
f 347 395 396
f 347 396 348
f 348 396 397
f 348 397 349
f 349 397 398
f 349 398 350
f 350 398 399
f 350 399 351
f 351 399 400
f 351 400 352
f 352 400 401
f 352 401 353
f 353 401 402
f 353 402 354
f 354 402 403
f 354 403 355
f 355 403 404
f 355 404 356
f 356 404 405
f 356 405 357
f 357 405 406
f 357 406 358
f 358 406 407
f 358 407 359
f 359 407 408
f 359 408 360
f 360 408 409
f 360 409 361
f 361 409 410
f 361 410 362
f 362 410 411
f 362 411 363
f 363 411 412
f 363 412 364
f 364 412 413
f 364 413 365
f 365 413 414
f 365 414 366
f 366 414 415
f 366 415 367
f 367 415 416
f 367 416 368
f 368 416 417
f 368 417 369
f 369 417 418
f 369 418 370
f 370 418 419
f 370 419 371
f 371 419 420
f 371 420 372
f 372 420 421
f 372 421 373
f 373 421 422
f 373 422 374
f 374 422 423
f 374 423 375
f 375 423 424
f 375 424 376
f 376 424 425
f 376 425 377
f 377 425 426
f 377 426 378
f 378 426 427
f 378 427 379
f 379 427 428
f 379 428 380
f 380 428 429
f 380 429 381
f 381 429 430
f 381 430 382
f 382 430 431
f 382 431 383
f 383 431 432
f 383 432 384
f 384 432 433
f 384 433 385
f 385 433 386
f 385 386 338
f 386 434 435
f 386 435 387
f 387 435 436
f 387 436 388
f 388 436 437
f 388 437 389
f 389 437 438
f 389 438 390
f 390 438 439
f 390 439 391
f 391 439 440
f 391 440 392
f 392 440 441
f 392 441 393
f 393 441 442
f 393 442 394
f 394 442 443
f 394 443 395
f 395 443 444
f 395 444 396
f 396 444 445
f 396 445 397
f 397 445 446
f 397 446 398
f 398 446 447
f 398 447 399
f 399 447 448
f 399 448 400
f 400 448 449
f 400 449 401
f 401 449 450
f 401 450 402
f 402 450 451
f 402 451 403
f 403 451 452
f 403 452 404
f 404 452 453
f 404 453 405
f 405 453 454
f 405 454 406
f 406 454 455
f 406 455 407
f 407 455 456
f 407 456 408
f 408 456 457
f 408 457 409
f 409 457 458
f 409 458 410
f 410 458 459
f 410 459 411
f 411 459 460
f 411 460 412
f 412 460 461
f 412 461 413
f 413 461 462
f 413 462 414
f 414 462 463
f 414 463 415
f 415 463 464
f 415 464 416
f 416 464 465
f 416 465 417
f 417 465 466
f 417 466 418
f 418 466 467
f 418 467 419
f 419 467 468
f 419 468 420
f 420 468 469
f 420 469 421
f 421 469 470
f 421 470 422
f 422 470 471
f 422 471 423
f 423 471 472
f 423 472 424
f 424 472 473
f 424 473 425
f 425 473 474
f 425 474 426
f 426 474 475
f 426 475 427
f 427 475 476
f 427 476 428
f 428 476 477
f 428 477 429
f 429 477 478
f 429 478 430
f 430 478 479
f 430 479 431
f 431 479 480
f 431 480 432
f 432 480 481
f 432 481 433
f 433 481 434
f 433 434 386
f 434 482 483
f 434 483 435
f 435 483 484
f 435 484 436
f 436 484 485
f 436 485 437
f 437 485 486
f 437 486 438
f 438 486 487
f 438 487 439
f 439 487 488
f 439 488 440
f 440 488 489
f 440 489 441
f 441 489 490
f 441 490 442
f 442 490 491
f 442 491 443
f 443 491 492
f 443 492 444
f 444 492 493
f 444 493 445
f 445 493 494
f 445 494 446
f 446 494 495
f 446 495 447
f 447 495 496
f 447 496 448
f 448 496 497
f 448 497 449
f 449 497 498
f 449 498 450
f 450 498 499
f 450 499 451
f 451 499 500
f 451 500 452
f 452 500 501
f 452 501 453
f 453 501 502
f 453 502 454
f 454 502 503
f 454 503 455
f 455 503 504
f 455 504 456
f 456 504 505
f 456 505 457
f 457 505 506
f 457 506 458
f 458 506 507
f 458 507 459
f 459 507 508
f 459 508 460
f 460 508 509
f 460 509 461
f 461 509 510
f 461 510 462
f 462 510 511
f 462 511 463
f 463 511 512
f 463 512 464
f 464 512 513
f 464 513 465
f 465 513 514
f 465 514 466
f 466 514 515
f 466 515 467
f 467 515 516
f 467 516 468
f 468 516 517
f 468 517 469
f 469 517 518
f 469 518 470
f 470 518 519
f 470 519 471
f 471 519 520
f 471 520 472
f 472 520 521
f 472 521 473
f 473 521 522
f 473 522 474
f 474 522 523
f 474 523 475
f 475 523 524
f 475 524 476
f 476 524 525
f 476 525 477
f 477 525 526
f 477 526 478
f 478 526 527
f 478 527 479
f 479 527 528
f 479 528 480
f 480 528 529
f 480 529 481
f 481 529 482
f 481 482 434
f 482 530 531
f 482 531 483
f 483 531 532
f 483 532 484
f 484 532 533
f 484 533 485
f 485 533 534
f 485 534 486
f 486 534 535
f 486 535 487
f 487 535 536
f 487 536 488
f 488 536 537
f 488 537 489
f 489 537 538
f 489 538 490
f 490 538 539
f 490 539 491
f 491 539 540
f 491 540 492
f 492 540 541
f 492 541 493
f 493 541 542
f 493 542 494
f 494 542 543
f 494 543 495
f 495 543 544
f 495 544 496
f 496 544 545
f 496 545 497
f 497 545 546
f 497 546 498
f 498 546 547
f 498 547 499
f 499 547 548
f 499 548 500
f 500 548 549
f 500 549 501
f 501 549 550
f 501 550 502
f 502 550 551
f 502 551 503
f 503 551 552
f 503 552 504
f 504 552 553
f 504 553 505
f 505 553 554
f 505 554 506
f 506 554 555
f 506 555 507
f 507 555 556
f 507 556 508
f 508 556 557
f 508 557 509
f 509 557 558
f 509 558 510
f 510 558 559
f 510 559 511
f 511 559 560
f 511 560 512
f 512 560 561
f 512 561 513
f 513 561 562
f 513 562 514
f 514 562 563
f 514 563 515
f 515 563 564
f 515 564 516
f 516 564 565
f 516 565 517
f 517 565 566
f 517 566 518
f 518 566 567
f 518 567 519
f 519 567 568
f 519 568 520
f 520 568 569
f 520 569 521
f 521 569 570
f 521 570 522
f 522 570 571
f 522 571 523
f 523 571 572
f 523 572 524
f 524 572 573
f 524 573 525
f 525 573 574
f 525 574 526
f 526 574 575
f 526 575 527
f 527 575 576
f 527 576 528
f 528 576 577
f 528 577 529
f 529 577 530
f 529 530 482
f 530 578 579
f 530 579 531
f 531 579 580
f 531 580 532
f 532 580 581
f 532 581 533
f 533 581 582
f 533 582 534
f 534 582 583
f 534 583 535
f 535 583 584
f 535 584 536
f 536 584 585
f 536 585 537
f 537 585 586
f 537 586 538
f 538 586 587
f 538 587 539
f 539 587 588
f 539 588 540
f 540 588 589
f 540 589 541
f 541 589 590
f 541 590 542
f 542 590 591
f 542 591 543
f 543 591 592
f 543 592 544
f 544 592 593
f 544 593 545
f 545 593 594
f 545 594 546
f 546 594 595
f 546 595 547
f 547 595 596
f 547 596 548
f 548 596 597
f 548 597 549
f 549 597 598
f 549 598 550
f 550 598 599
f 550 599 551
f 551 599 600
f 551 600 552
f 552 600 601
f 552 601 553
f 553 601 602
f 553 602 554
f 554 602 603
f 554 603 555
f 555 603 604
f 555 604 556
f 556 604 605
f 556 605 557
f 557 605 606
f 557 606 558
f 558 606 607
f 558 607 559
f 559 607 608
f 559 608 560
f 560 608 609
f 560 609 561
f 561 609 610
f 561 610 562
f 562 610 611
f 562 611 563
f 563 611 612
f 563 612 564
f 564 612 613
f 564 613 565
f 565 613 614
f 565 614 566
f 566 614 615
f 566 615 567
f 567 615 616
f 567 616 568
f 568 616 617
f 568 617 569
f 569 617 618
f 569 618 570
f 570 618 619
f 570 619 571
f 571 619 620
f 571 620 572
f 572 620 621
f 572 621 573
f 573 621 622
f 573 622 574
f 574 622 623
f 574 623 575
f 575 623 624
f 575 624 576
f 576 624 625
f 576 625 577
f 577 625 578
f 577 578 530
f 578 626 627
f 578 627 579
f 579 627 628
f 579 628 580
f 580 628 629
f 580 629 581
f 581 629 630
f 581 630 582
f 582 630 631
f 582 631 583
f 583 631 632
f 583 632 584
f 584 632 633
f 584 633 585
f 585 633 634
f 585 634 586
f 586 634 635
f 586 635 587
f 587 635 636
f 587 636 588
f 588 636 637
f 588 637 589
f 589 637 638
f 589 638 590
f 590 638 639
f 590 639 591
f 591 639 640
f 591 640 592
f 592 640 641
f 592 641 593
f 593 641 642
f 593 642 594
f 594 642 643
f 594 643 595
f 595 643 644
f 595 644 596
f 596 644 645
f 596 645 597
f 597 645 646
f 597 646 598
f 598 646 647
f 598 647 599
f 599 647 648
f 599 648 600
f 600 648 649
f 600 649 601
f 601 649 650
f 601 650 602
f 602 650 651
f 602 651 603
f 603 651 652
f 603 652 604
f 604 652 653
f 604 653 605
f 605 653 654
f 605 654 606
f 606 654 655
f 606 655 607
f 607 655 656
f 607 656 608
f 608 656 657
f 608 657 609
f 609 657 658
f 609 658 610
f 610 658 659
f 610 659 611
f 611 659 660
f 611 660 612
f 612 660 661
f 612 661 613
f 613 661 662
f 613 662 614
f 614 662 663
f 614 663 615
f 615 663 664
f 615 664 616
f 616 664 665
f 616 665 617
f 617 665 666
f 617 666 618
f 618 666 667
f 618 667 619
f 619 667 668
f 619 668 620
f 620 668 669
f 620 669 621
f 621 669 670
f 621 670 622
f 622 670 671
f 622 671 623
f 623 671 672
f 623 672 624
f 624 672 673
f 624 673 625
f 625 673 626
f 625 626 578
f 626 674 675
f 626 675 627
f 627 675 676
f 627 676 628
f 628 676 677
f 628 677 629
f 629 677 678
f 629 678 630
f 630 678 679
f 630 679 631
f 631 679 680
f 631 680 632
f 632 680 681
f 632 681 633
f 633 681 682
f 633 682 634
f 634 682 683
f 634 683 635
f 635 683 684
f 635 684 636
f 636 684 685
f 636 685 637
f 637 685 686
f 637 686 638
f 638 686 687
f 638 687 639
f 639 687 688
f 639 688 640
f 640 688 689
f 640 689 641
f 641 689 690
f 641 690 642
f 642 690 691
f 642 691 643
f 643 691 692
f 643 692 644
f 644 692 693
f 644 693 645
f 645 693 694
f 645 694 646
f 646 694 695
f 646 695 647
f 647 695 696
f 647 696 648
f 648 696 697
f 648 697 649
f 649 697 698
f 649 698 650
f 650 698 699
f 650 699 651
f 651 699 700
f 651 700 652
f 652 700 701
f 652 701 653
f 653 701 702
f 653 702 654
f 654 702 703
f 654 703 655
f 655 703 704
f 655 704 656
f 656 704 705
f 656 705 657
f 657 705 706
f 657 706 658
f 658 706 707
f 658 707 659
f 659 707 708
f 659 708 660
f 660 708 709
f 660 709 661
f 661 709 710
f 661 710 662
f 662 710 711
f 662 711 663
f 663 711 712
f 663 712 664
f 664 712 713
f 664 713 665
f 665 713 714
f 665 714 666
f 666 714 715
f 666 715 667
f 667 715 716
f 667 716 668
f 668 716 717
f 668 717 669
f 669 717 718
f 669 718 670
f 670 718 719
f 670 719 671
f 671 719 720
f 671 720 672
f 672 720 721
f 672 721 673
f 673 721 674
f 673 674 626
f 674 722 723
f 674 723 675
f 675 723 724
f 675 724 676
f 676 724 725
f 676 725 677
f 677 725 726
f 677 726 678
f 678 726 727
f 678 727 679
f 679 727 728
f 679 728 680
f 680 728 729
f 680 729 681
f 681 729 730
f 681 730 682
f 682 730 731
f 682 731 683
f 683 731 732
f 683 732 684
f 684 732 733
f 684 733 685
f 685 733 734
f 685 734 686
f 686 734 735
f 686 735 687
f 687 735 736
f 687 736 688
f 688 736 737
f 688 737 689
f 689 737 738
f 689 738 690
f 690 738 739
f 690 739 691
f 691 739 740
f 691 740 692
f 692 740 741
f 692 741 693
f 693 741 742
f 693 742 694
f 694 742 743
f 694 743 695
f 695 743 744
f 695 744 696
f 696 744 745
f 696 745 697
f 697 745 746
f 697 746 698
f 698 746 747
f 698 747 699
f 699 747 748
f 699 748 700
f 700 748 749
f 700 749 701
f 701 749 750
f 701 750 702
f 702 750 751
f 702 751 703
f 703 751 752
f 703 752 704
f 704 752 753
f 704 753 705
f 705 753 754
f 705 754 706
f 706 754 755
f 706 755 707
f 707 755 756
f 707 756 708
f 708 756 757
f 708 757 709
f 709 757 758
f 709 758 710
f 710 758 759
f 710 759 711
f 711 759 760
f 711 760 712
f 712 760 761
f 712 761 713
f 713 761 762
f 713 762 714
f 714 762 763
f 714 763 715
f 715 763 764
f 715 764 716
f 716 764 765
f 716 765 717
f 717 765 766
f 717 766 718
f 718 766 767
f 718 767 719
f 719 767 768
f 719 768 720
f 720 768 769
f 720 769 721
f 721 769 722
f 721 722 674
f 722 770 771
f 722 771 723
f 723 771 772
f 723 772 724
f 724 772 773
f 724 773 725
f 725 773 774
f 725 774 726
f 726 774 775
f 726 775 727
f 727 775 776
f 727 776 728
f 728 776 777
f 728 777 729
f 729 777 778
f 729 778 730
f 730 778 779
f 730 779 731
f 731 779 780
f 731 780 732
f 732 780 781
f 732 781 733
f 733 781 782
f 733 782 734
f 734 782 783
f 734 783 735
f 735 783 784
f 735 784 736
f 736 784 785
f 736 785 737
f 737 785 786
f 737 786 738
f 738 786 787
f 738 787 739
f 739 787 788
f 739 788 740
f 740 788 789
f 740 789 741
f 741 789 790
f 741 790 742
f 742 790 791
f 742 791 743
f 743 791 792
f 743 792 744
f 744 792 793
f 744 793 745
f 745 793 794
f 745 794 746
f 746 794 795
f 746 795 747
f 747 795 796
f 747 796 748
f 748 796 797
f 748 797 749
f 749 797 798
f 749 798 750
f 750 798 799
f 750 799 751
f 751 799 800
f 751 800 752
f 752 800 801
f 752 801 753
f 753 801 802
f 753 802 754
f 754 802 803
f 754 803 755
f 755 803 804
f 755 804 756
f 756 804 805
f 756 805 757
f 757 805 806
f 757 806 758
f 758 806 807
f 758 807 759
f 759 807 808
f 759 808 760
f 760 808 809
f 760 809 761
f 761 809 810
f 761 810 762
f 762 810 811
f 762 811 763
f 763 811 812
f 763 812 764
f 764 812 813
f 764 813 765
f 765 813 814
f 765 814 766
f 766 814 815
f 766 815 767
f 767 815 816
f 767 816 768
f 768 816 817
f 768 817 769
f 769 817 770
f 769 770 722
f 770 818 819
f 770 819 771
f 771 819 820
f 771 820 772
f 772 820 821
f 772 821 773
f 773 821 822
f 773 822 774
f 774 822 823
f 774 823 775
f 775 823 824
f 775 824 776
f 776 824 825
f 776 825 777
f 777 825 826
f 777 826 778
f 778 826 827
f 778 827 779
f 779 827 828
f 779 828 780
f 780 828 829
f 780 829 781
f 781 829 830
f 781 830 782
f 782 830 831
f 782 831 783
f 783 831 832
f 783 832 784
f 784 832 833
f 784 833 785
f 785 833 834
f 785 834 786
f 786 834 835
f 786 835 787
f 787 835 836
f 787 836 788
f 788 836 837
f 788 837 789
f 789 837 838
f 789 838 790
f 790 838 839
f 790 839 791
f 791 839 840
f 791 840 792
f 792 840 841
f 792 841 793
f 793 841 842
f 793 842 794
f 794 842 843
f 794 843 795
f 795 843 844
f 795 844 796
f 796 844 845
f 796 845 797
f 797 845 846
f 797 846 798
f 798 846 847
f 798 847 799
f 799 847 848
f 799 848 800
f 800 848 849
f 800 849 801
f 801 849 850
f 801 850 802
f 802 850 851
f 802 851 803
f 803 851 852
f 803 852 804
f 804 852 853
f 804 853 805
f 805 853 854
f 805 854 806
f 806 854 855
f 806 855 807
f 807 855 856
f 807 856 808
f 808 856 857
f 808 857 809
f 809 857 858
f 809 858 810
f 810 858 859
f 810 859 811
f 811 859 860
f 811 860 812
f 812 860 861
f 812 861 813
f 813 861 862
f 813 862 814
f 814 862 863
f 814 863 815
f 815 863 864
f 815 864 816
f 816 864 865
f 816 865 817
f 817 865 818
f 817 818 770
f 818 866 867
f 818 867 819
f 819 867 868
f 819 868 820
f 820 868 869
f 820 869 821
f 821 869 870
f 821 870 822
f 822 870 871
f 822 871 823
f 823 871 872
f 823 872 824
f 824 872 873
f 824 873 825
f 825 873 874
f 825 874 826
f 826 874 875
f 826 875 827
f 827 875 876
f 827 876 828
f 828 876 877
f 828 877 829
f 829 877 878
f 829 878 830
f 830 878 879
f 830 879 831
f 831 879 880
f 831 880 832
f 832 880 881
f 832 881 833
f 833 881 882
f 833 882 834
f 834 882 883
f 834 883 835
f 835 883 884
f 835 884 836
f 836 884 885
f 836 885 837
f 837 885 886
f 837 886 838
f 838 886 887
f 838 887 839
f 839 887 888
f 839 888 840
f 840 888 889
f 840 889 841
f 841 889 890
f 841 890 842
f 842 890 891
f 842 891 843
f 843 891 892
f 843 892 844
f 844 892 893
f 844 893 845
f 845 893 894
f 845 894 846
f 846 894 895
f 846 895 847
f 847 895 896
f 847 896 848
f 848 896 897
f 848 897 849
f 849 897 898
f 849 898 850
f 850 898 899
f 850 899 851
f 851 899 900
f 851 900 852
f 852 900 901
f 852 901 853
f 853 901 902
f 853 902 854
f 854 902 903
f 854 903 855
f 855 903 904
f 855 904 856
f 856 904 905
f 856 905 857
f 857 905 906
f 857 906 858
f 858 906 907
f 858 907 859
f 859 907 908
f 859 908 860
f 860 908 909
f 860 909 861
f 861 909 910
f 861 910 862
f 862 910 911
f 862 911 863
f 863 911 912
f 863 912 864
f 864 912 913
f 864 913 865
f 865 913 866
f 865 866 818
f 866 914 915
f 866 915 867
f 867 915 916
f 867 916 868
f 868 916 917
f 868 917 869
f 869 917 918
f 869 918 870
f 870 918 919
f 870 919 871
f 871 919 920
f 871 920 872
f 872 920 921
f 872 921 873
f 873 921 922
f 873 922 874
f 874 922 923
f 874 923 875
f 875 923 924
f 875 924 876
f 876 924 925
f 876 925 877
f 877 925 926
f 877 926 878
f 878 926 927
f 878 927 879
f 879 927 928
f 879 928 880
f 880 928 929
f 880 929 881
f 881 929 930
f 881 930 882
f 882 930 931
f 882 931 883
f 883 931 932
f 883 932 884
f 884 932 933
f 884 933 885
f 885 933 934
f 885 934 886
f 886 934 935
f 886 935 887
f 887 935 936
f 887 936 888
f 888 936 937
f 888 937 889
f 889 937 938
f 889 938 890
f 890 938 939
f 890 939 891
f 891 939 940
f 891 940 892
f 892 940 941
f 892 941 893
f 893 941 942
f 893 942 894
f 894 942 943
f 894 943 895
f 895 943 944
f 895 944 896
f 896 944 945
f 896 945 897
f 897 945 946
f 897 946 898
f 898 946 947
f 898 947 899
f 899 947 948
f 899 948 900
f 900 948 949
f 900 949 901
f 901 949 950
f 901 950 902
f 902 950 951
f 902 951 903
f 903 951 952
f 903 952 904
f 904 952 953
f 904 953 905
f 905 953 954
f 905 954 906
f 906 954 955
f 906 955 907
f 907 955 956
f 907 956 908
f 908 956 957
f 908 957 909
f 909 957 958
f 909 958 910
f 910 958 959
f 910 959 911
f 911 959 960
f 911 960 912
f 912 960 961
f 912 961 913
f 913 961 914
f 913 914 866
f 914 962 963
f 914 963 915
f 915 963 964
f 915 964 916
f 916 964 965
f 916 965 917
f 917 965 966
f 917 966 918
f 918 966 967
f 918 967 919
f 919 967 968
f 919 968 920
f 920 968 969
f 920 969 921
f 921 969 970
f 921 970 922
f 922 970 971
f 922 971 923
f 923 971 972
f 923 972 924
f 924 972 973
f 924 973 925
f 925 973 974
f 925 974 926
f 926 974 975
f 926 975 927
f 927 975 976
f 927 976 928
f 928 976 977
f 928 977 929
f 929 977 978
f 929 978 930
f 930 978 979
f 930 979 931
f 931 979 980
f 931 980 932
f 932 980 981
f 932 981 933
f 933 981 982
f 933 982 934
f 934 982 983
f 934 983 935
f 935 983 984
f 935 984 936
f 936 984 985
f 936 985 937
f 937 985 986
f 937 986 938
f 938 986 987
f 938 987 939
f 939 987 988
f 939 988 940
f 940 988 989
f 940 989 941
f 941 989 990
f 941 990 942
f 942 990 991
f 942 991 943
f 943 991 992
f 943 992 944
f 944 992 993
f 944 993 945
f 945 993 994
f 945 994 946
f 946 994 995
f 946 995 947
f 947 995 996
f 947 996 948
f 948 996 997
f 948 997 949
f 949 997 998
f 949 998 950
f 950 998 999
f 950 999 951
f 951 999 1000
f 951 1000 952
f 952 1000 1001
f 952 1001 953
f 953 1001 1002
f 953 1002 954
f 954 1002 1003
f 954 1003 955
f 955 1003 1004
f 955 1004 956
f 956 1004 1005
f 956 1005 957
f 957 1005 1006
f 957 1006 958
f 958 1006 1007
f 958 1007 959
f 959 1007 1008
f 959 1008 960
f 960 1008 1009
f 960 1009 961
f 961 1009 962
f 961 962 914
f 962 1010 1011
f 962 1011 963
f 963 1011 1012
f 963 1012 964
f 964 1012 1013
f 964 1013 965
f 965 1013 1014
f 965 1014 966
f 966 1014 1015
f 966 1015 967
f 967 1015 1016
f 967 1016 968
f 968 1016 1017
f 968 1017 969
f 969 1017 1018
f 969 1018 970
f 970 1018 1019
f 970 1019 971
f 971 1019 1020
f 971 1020 972
f 972 1020 1021
f 972 1021 973
f 973 1021 1022
f 973 1022 974
f 974 1022 1023
f 974 1023 975
f 975 1023 1024
f 975 1024 976
f 976 1024 1025
f 976 1025 977
f 977 1025 1026
f 977 1026 978
f 978 1026 1027
f 978 1027 979
f 979 1027 1028
f 979 1028 980
f 980 1028 1029
f 980 1029 981
f 981 1029 1030
f 981 1030 982
f 982 1030 1031
f 982 1031 983
f 983 1031 1032
f 983 1032 984
f 984 1032 1033
f 984 1033 985
f 985 1033 1034
f 985 1034 986
f 986 1034 1035
f 986 1035 987
f 987 1035 1036
f 987 1036 988
f 988 1036 1037
f 988 1037 989
f 989 1037 1038
f 989 1038 990
f 990 1038 1039
f 990 1039 991
f 991 1039 1040
f 991 1040 992
f 992 1040 1041
f 992 1041 993
f 993 1041 1042
f 993 1042 994
f 994 1042 1043
f 994 1043 995
f 995 1043 1044
f 995 1044 996
f 996 1044 1045
f 996 1045 997
f 997 1045 1046
f 997 1046 998
f 998 1046 1047
f 998 1047 999
f 999 1047 1048
f 999 1048 1000
f 1000 1048 1049
f 1000 1049 1001
f 1001 1049 1050
f 1001 1050 1002
f 1002 1050 1051
f 1002 1051 1003
f 1003 1051 1052
f 1003 1052 1004
f 1004 1052 1053
f 1004 1053 1005
f 1005 1053 1054
f 1005 1054 1006
f 1006 1054 1055
f 1006 1055 1007
f 1007 1055 1056
f 1007 1056 1008
f 1008 1056 1057
f 1008 1057 1009
f 1009 1057 1010
f 1009 1010 962
f 1010 1058 1059
f 1010 1059 1011
f 1011 1059 1060
f 1011 1060 1012
f 1012 1060 1061
f 1012 1061 1013
f 1013 1061 1062
f 1013 1062 1014
f 1014 1062 1063
f 1014 1063 1015
f 1015 1063 1064
f 1015 1064 1016
f 1016 1064 1065
f 1016 1065 1017
f 1017 1065 1066
f 1017 1066 1018
f 1018 1066 1067
f 1018 1067 1019
f 1019 1067 1068
f 1019 1068 1020
f 1020 1068 1069
f 1020 1069 1021
f 1021 1069 1070
f 1021 1070 1022
f 1022 1070 1071
f 1022 1071 1023
f 1023 1071 1072
f 1023 1072 1024
f 1024 1072 1073
f 1024 1073 1025
f 1025 1073 1074
f 1025 1074 1026
f 1026 1074 1075
f 1026 1075 1027
f 1027 1075 1076
f 1027 1076 1028
f 1028 1076 1077
f 1028 1077 1029
f 1029 1077 1078
f 1029 1078 1030
f 1030 1078 1079
f 1030 1079 1031
f 1031 1079 1080
f 1031 1080 1032
f 1032 1080 1081
f 1032 1081 1033
f 1033 1081 1082
f 1033 1082 1034
f 1034 1082 1083
f 1034 1083 1035
f 1035 1083 1084
f 1035 1084 1036
f 1036 1084 1085
f 1036 1085 1037
f 1037 1085 1086
f 1037 1086 1038
f 1038 1086 1087
f 1038 1087 1039
f 1039 1087 1088
f 1039 1088 1040
f 1040 1088 1089
f 1040 1089 1041
f 1041 1089 1090
f 1041 1090 1042
f 1042 1090 1091
f 1042 1091 1043
f 1043 1091 1092
f 1043 1092 1044
f 1044 1092 1093
f 1044 1093 1045
f 1045 1093 1094
f 1045 1094 1046
f 1046 1094 1095
f 1046 1095 1047
f 1047 1095 1096
f 1047 1096 1048
f 1048 1096 1097
f 1048 1097 1049
f 1049 1097 1098
f 1049 1098 1050
f 1050 1098 1099
f 1050 1099 1051
f 1051 1099 1100
f 1051 1100 1052
f 1052 1100 1101
f 1052 1101 1053
f 1053 1101 1102
f 1053 1102 1054
f 1054 1102 1103
f 1054 1103 1055
f 1055 1103 1104
f 1055 1104 1056
f 1056 1104 1105
f 1056 1105 1057
f 1057 1105 1058
f 1057 1058 1010
f 1106 1059 1058
f 1106 1060 1059
f 1106 1061 1060
f 1106 1062 1061
f 1106 1063 1062
f 1106 1064 1063
f 1106 1065 1064
f 1106 1066 1065
f 1106 1067 1066
f 1106 1068 1067
f 1106 1069 1068
f 1106 1070 1069
f 1106 1071 1070
f 1106 1072 1071
f 1106 1073 1072
f 1106 1074 1073
f 1106 1075 1074
f 1106 1076 1075
f 1106 1077 1076
f 1106 1078 1077
f 1106 1079 1078
f 1106 1080 1079
f 1106 1081 1080
f 1106 1082 1081
f 1106 1083 1082
f 1106 1084 1083
f 1106 1085 1084
f 1106 1086 1085
f 1106 1087 1086
f 1106 1088 1087
f 1106 1089 1088
f 1106 1090 1089
f 1106 1091 1090
f 1106 1092 1091
f 1106 1093 1092
f 1106 1094 1093
f 1106 1095 1094
f 1106 1096 1095
f 1106 1097 1096
f 1106 1098 1097
f 1106 1099 1098
f 1106 1100 1099
f 1106 1101 1100
f 1106 1102 1101
f 1106 1103 1102
f 1106 1104 1103
f 1106 1105 1104
f 1106 1058 1105
o black_face_surround
usemtl vinyl_black
v 0.000000000 0.035000000 0.030000000
v 0.005852710 0.035000000 0.029538847
v 0.005740251 0.035247392 0.029538847
v 0.005407199 0.035485276 0.029538847
v 0.004866350 0.035704511 0.029538847
v 0.004138491 0.035896673 0.029538847
v 0.003251591 0.036054376 0.029538847
v 0.002239735 0.036171560 0.029538847
v 0.001141807 0.036243721 0.029538847
v 0.000000000 0.036268087 0.029538847
v -0.001141807 0.036243721 0.029538847
v -0.002239735 0.036171560 0.029538847
v -0.003251591 0.036054376 0.029538847
v -0.004138491 0.035896673 0.029538847
v -0.004866350 0.035704511 0.029538847
v -0.005407199 0.035485276 0.029538847
v -0.005740251 0.035247392 0.029538847
v -0.005852710 0.035000000 0.029538847
v -0.005740251 0.034752608 0.029538847
v -0.005407199 0.034514724 0.029538847
v -0.004866350 0.034295489 0.029538847
v -0.004138491 0.034103327 0.029538847
v -0.003251591 0.033945624 0.029538847
v -0.002239735 0.033828440 0.029538847
v -0.001141807 0.033756279 0.029538847
v -0.000000000 0.033731913 0.029538847
v 0.001141807 0.033756279 0.029538847
v 0.002239735 0.033828440 0.029538847
v 0.003251591 0.033945624 0.029538847
v 0.004138491 0.034103327 0.029538847
v 0.004866350 0.034295489 0.029538847
v 0.005407199 0.034514724 0.029538847
v 0.005740251 0.034752608 0.029538847
v 0.011480503 0.035000000 0.028173109
v 0.011259908 0.035485276 0.028173109
v 0.010606602 0.035951903 0.028173109
v 0.009545689 0.036381949 0.028173109
v 0.008117942 0.036758887 0.028173109
v 0.006378226 0.037068233 0.028173109
v 0.004393398 0.037298097 0.028173109
v 0.002239735 0.037439647 0.028173109
v 0.000000000 0.037487442 0.028173109
v -0.002239735 0.037439647 0.028173109
v -0.004393398 0.037298097 0.028173109
v -0.006378226 0.037068233 0.028173109
v -0.008117942 0.036758887 0.028173109
v -0.009545689 0.036381949 0.028173109
v -0.010606602 0.035951903 0.028173109
v -0.011259908 0.035485276 0.028173109
v -0.011480503 0.035000000 0.028173109
v -0.011259908 0.034514724 0.028173109
v -0.010606602 0.034048097 0.028173109
v -0.009545689 0.033618051 0.028173109
v -0.008117942 0.033241113 0.028173109
v -0.006378226 0.032931767 0.028173109
v -0.004393398 0.032701903 0.028173109
v -0.002239735 0.032560353 0.028173109
v -0.000000000 0.032512558 0.028173109
v 0.002239735 0.032560353 0.028173109
v 0.004393398 0.032701903 0.028173109
v 0.006378226 0.032931767 0.028173109
v 0.008117942 0.033241113 0.028173109
v 0.009545689 0.033618051 0.028173109
v 0.010606602 0.034048097 0.028173109
v 0.011259908 0.034514724 0.028173109
v 0.016667107 0.035000000 0.025955271
v 0.016346853 0.035704511 0.025955271
v 0.015398399 0.036381949 0.025955271
v 0.013858193 0.037006279 0.025955271
v 0.011785424 0.037553509 0.025955271
v 0.009259749 0.038002608 0.025955271
v 0.006378226 0.038336320 0.025955271
v 0.003251591 0.038541818 0.025955271
v 0.000000000 0.038611207 0.025955271
v -0.003251591 0.038541818 0.025955271
v -0.006378226 0.038336320 0.025955271
v -0.009259749 0.038002608 0.025955271
v -0.011785424 0.037553509 0.025955271
v -0.013858193 0.037006279 0.025955271
v -0.015398399 0.036381949 0.025955271
v -0.016346853 0.035704511 0.025955271
v -0.016667107 0.035000000 0.025955271
v -0.016346853 0.034295489 0.025955271
v -0.015398399 0.033618051 0.025955271
v -0.013858193 0.032993721 0.025955271
v -0.011785424 0.032446491 0.025955271
v -0.009259749 0.031997392 0.025955271
v -0.006378226 0.031663680 0.025955271
v -0.003251591 0.031458182 0.025955271
v -0.000000000 0.031388793 0.025955271
v 0.003251591 0.031458182 0.025955271
v 0.006378226 0.031663680 0.025955271
v 0.009259749 0.031997392 0.025955271
v 0.011785424 0.032446491 0.025955271
v 0.013858193 0.032993721 0.025955271
v 0.015398399 0.033618051 0.025955271
v 0.016346853 0.034295489 0.025955271
v 0.021213203 0.035000000 0.022970563
v 0.020805598 0.035896673 0.022970563
v 0.019598444 0.036758887 0.022970563
v 0.017638134 0.037553509 0.022970563
v 0.015000000 0.038250000 0.022970563
v 0.011785424 0.038821596 0.022970563
v 0.008117942 0.039246330 0.022970563
v 0.004138491 0.039507879 0.022970563
v 0.000000000 0.039596194 0.022970563
v -0.004138491 0.039507879 0.022970563
v -0.008117942 0.039246330 0.022970563
v -0.011785424 0.038821596 0.022970563
v -0.015000000 0.038250000 0.022970563
v -0.017638134 0.037553509 0.022970563
v -0.019598444 0.036758887 0.022970563
v -0.020805598 0.035896673 0.022970563
v -0.021213203 0.035000000 0.022970563
v -0.020805598 0.034103327 0.022970563
v -0.019598444 0.033241113 0.022970563
v -0.017638134 0.032446491 0.022970563
v -0.015000000 0.031750000 0.022970563
v -0.011785424 0.031178404 0.022970563
v -0.008117942 0.030753670 0.022970563
v -0.004138491 0.030492121 0.022970563
v -0.000000000 0.030403806 0.022970563
v 0.004138491 0.030492121 0.022970563
v 0.008117942 0.030753670 0.022970563
v 0.011785424 0.031178404 0.022970563
v 0.015000000 0.031750000 0.022970563
v 0.017638134 0.032446491 0.022970563
v 0.019598444 0.033241113 0.022970563
v 0.020805598 0.034103327 0.022970563
v 0.024944088 0.035000000 0.019333686
v 0.024464795 0.036054376 0.019333686
v 0.023045333 0.037068233 0.019333686
v 0.020740251 0.038002608 0.019333686
v 0.017638134 0.038821596 0.019333686
v 0.013858193 0.039493721 0.019333686
v 0.009545689 0.039993155 0.019333686
v 0.004866350 0.040300706 0.019333686
v 0.000000000 0.040404552 0.019333686
v -0.004866350 0.040300706 0.019333686
v -0.009545689 0.039993155 0.019333686
v -0.013858193 0.039493721 0.019333686
v -0.017638134 0.038821596 0.019333686
v -0.020740251 0.038002608 0.019333686
v -0.023045333 0.037068233 0.019333686
v -0.024464795 0.036054376 0.019333686
v -0.024944088 0.035000000 0.019333686
v -0.024464795 0.033945624 0.019333686
v -0.023045333 0.032931767 0.019333686
v -0.020740251 0.031997392 0.019333686
v -0.017638134 0.031178404 0.019333686
v -0.013858193 0.030506279 0.019333686
v -0.009545689 0.030006845 0.019333686
v -0.004866350 0.029699294 0.019333686
v -0.000000000 0.029595448 0.019333686
v 0.004866350 0.029699294 0.019333686
v 0.009545689 0.030006845 0.019333686
v 0.013858193 0.030506279 0.019333686
v 0.017638134 0.031178404 0.019333686
v 0.020740251 0.031997392 0.019333686
v 0.023045333 0.032931767 0.019333686
v 0.024464795 0.033945624 0.019333686
v 0.027716386 0.035000000 0.015184402
v 0.027183823 0.036171560 0.015184402
v 0.025606602 0.037298097 0.015184402
v 0.023045333 0.038336320 0.015184402
v 0.019598444 0.039246330 0.015184402
v 0.015398399 0.039993155 0.015184402
v 0.010606602 0.040548097 0.015184402
v 0.005407199 0.040889828 0.015184402
v 0.000000000 0.041005217 0.015184402
v -0.005407199 0.040889828 0.015184402
v -0.010606602 0.040548097 0.015184402
v -0.015398399 0.039993155 0.015184402
v -0.019598444 0.039246330 0.015184402
v -0.023045333 0.038336320 0.015184402
v -0.025606602 0.037298097 0.015184402
v -0.027183823 0.036171560 0.015184402
v -0.027716386 0.035000000 0.015184402
v -0.027183823 0.033828440 0.015184402
v -0.025606602 0.032701903 0.015184402
v -0.023045333 0.031663680 0.015184402
v -0.019598444 0.030753670 0.015184402
v -0.015398399 0.030006845 0.015184402
v -0.010606602 0.029451903 0.015184402
v -0.005407199 0.029110172 0.015184402
v -0.000000000 0.028994783 0.015184402
v 0.005407199 0.029110172 0.015184402
v 0.010606602 0.029451903 0.015184402
v 0.015398399 0.030006845 0.015184402
v 0.019598444 0.030753670 0.015184402
v 0.023045333 0.031663680 0.015184402
v 0.025606602 0.032701903 0.015184402
v 0.027183823 0.033828440 0.015184402
v 0.029423558 0.035000000 0.010682168
v 0.028858193 0.036243721 0.010682168
v 0.027183823 0.037439647 0.010682168
v 0.024464795 0.038541818 0.010682168
v 0.020805598 0.039507879 0.010682168
v 0.016346853 0.040300706 0.010682168
v 0.011259908 0.040889828 0.010682168
v 0.005740251 0.041252608 0.010682168
v 0.000000000 0.041375104 0.010682168
v -0.005740251 0.041252608 0.010682168
v -0.011259908 0.040889828 0.010682168
v -0.016346853 0.040300706 0.010682168
v -0.020805598 0.039507879 0.010682168
v -0.024464795 0.038541818 0.010682168
v -0.027183823 0.037439647 0.010682168
v -0.028858193 0.036243721 0.010682168
v -0.029423558 0.035000000 0.010682168
v -0.028858193 0.033756279 0.010682168
v -0.027183823 0.032560353 0.010682168
v -0.024464795 0.031458182 0.010682168
v -0.020805598 0.030492121 0.010682168
v -0.016346853 0.029699294 0.010682168
v -0.011259908 0.029110172 0.010682168
v -0.005740251 0.028747392 0.010682168
v -0.000000000 0.028624896 0.010682168
v 0.005740251 0.028747392 0.010682168
v 0.011259908 0.029110172 0.010682168
v 0.016346853 0.029699294 0.010682168
v 0.020805598 0.030492121 0.010682168
v 0.024464795 0.031458182 0.010682168
v 0.027183823 0.032560353 0.010682168
v 0.028858193 0.033756279 0.010682168
v 0.030000000 0.035000000 0.006000000
v 0.029423558 0.036268087 0.006000000
v 0.027716386 0.037487442 0.006000000
v 0.024944088 0.038611207 0.006000000
v 0.021213203 0.039596194 0.006000000
v 0.016667107 0.040404552 0.006000000
v 0.011480503 0.041005217 0.006000000
v 0.005852710 0.041375104 0.006000000
v 0.000000000 0.041500000 0.006000000
v -0.005852710 0.041375104 0.006000000
v -0.011480503 0.041005217 0.006000000
v -0.016667107 0.040404552 0.006000000
v -0.021213203 0.039596194 0.006000000
v -0.024944088 0.038611207 0.006000000
v -0.027716386 0.037487442 0.006000000
v -0.029423558 0.036268087 0.006000000
v -0.030000000 0.035000000 0.006000000
v -0.029423558 0.033731913 0.006000000
v -0.027716386 0.032512558 0.006000000
v -0.024944088 0.031388793 0.006000000
v -0.021213203 0.030403806 0.006000000
v -0.016667107 0.029595448 0.006000000
v -0.011480503 0.028994783 0.006000000
v -0.005852710 0.028624896 0.006000000
v -0.000000000 0.028500000 0.006000000
v 0.005852710 0.028624896 0.006000000
v 0.011480503 0.028994783 0.006000000
v 0.016667107 0.029595448 0.006000000
v 0.021213203 0.030403806 0.006000000
v 0.024944088 0.031388793 0.006000000
v 0.027716386 0.032512558 0.006000000
v 0.029423558 0.033731913 0.006000000
v 0.029423558 0.035000000 0.001317832
v 0.028858193 0.036243721 0.001317832
v 0.027183823 0.037439647 0.001317832
v 0.024464795 0.038541818 0.001317832
v 0.020805598 0.039507879 0.001317832
v 0.016346853 0.040300706 0.001317832
v 0.011259908 0.040889828 0.001317832
v 0.005740251 0.041252608 0.001317832
v 0.000000000 0.041375104 0.001317832
v -0.005740251 0.041252608 0.001317832
v -0.011259908 0.040889828 0.001317832
v -0.016346853 0.040300706 0.001317832
v -0.020805598 0.039507879 0.001317832
v -0.024464795 0.038541818 0.001317832
v -0.027183823 0.037439647 0.001317832
v -0.028858193 0.036243721 0.001317832
v -0.029423558 0.035000000 0.001317832
v -0.028858193 0.033756279 0.001317832
v -0.027183823 0.032560353 0.001317832
v -0.024464795 0.031458182 0.001317832
v -0.020805598 0.030492121 0.001317832
v -0.016346853 0.029699294 0.001317832
v -0.011259908 0.029110172 0.001317832
v -0.005740251 0.028747392 0.001317832
v -0.000000000 0.028624896 0.001317832
v 0.005740251 0.028747392 0.001317832
v 0.011259908 0.029110172 0.001317832
v 0.016346853 0.029699294 0.001317832
v 0.020805598 0.030492121 0.001317832
v 0.024464795 0.031458182 0.001317832
v 0.027183823 0.032560353 0.001317832
v 0.028858193 0.033756279 0.001317832
v 0.027716386 0.035000000 -0.003184402
v 0.027183823 0.036171560 -0.003184402
v 0.025606602 0.037298097 -0.003184402
v 0.023045333 0.038336320 -0.003184402
v 0.019598444 0.039246330 -0.003184402
v 0.015398399 0.039993155 -0.003184402
v 0.010606602 0.040548097 -0.003184402
v 0.005407199 0.040889828 -0.003184402
v 0.000000000 0.041005217 -0.003184402
v -0.005407199 0.040889828 -0.003184402
v -0.010606602 0.040548097 -0.003184402
v -0.015398399 0.039993155 -0.003184402
v -0.019598444 0.039246330 -0.003184402
v -0.023045333 0.038336320 -0.003184402
v -0.025606602 0.037298097 -0.003184402
v -0.027183823 0.036171560 -0.003184402
v -0.027716386 0.035000000 -0.003184402
v -0.027183823 0.033828440 -0.003184402
v -0.025606602 0.032701903 -0.003184402
v -0.023045333 0.031663680 -0.003184402
v -0.019598444 0.030753670 -0.003184402
v -0.015398399 0.030006845 -0.003184402
v -0.010606602 0.029451903 -0.003184402
v -0.005407199 0.029110172 -0.003184402
v -0.000000000 0.028994783 -0.003184402
v 0.005407199 0.029110172 -0.003184402
v 0.010606602 0.029451903 -0.003184402
v 0.015398399 0.030006845 -0.003184402
v 0.019598444 0.030753670 -0.003184402
v 0.023045333 0.031663680 -0.003184402
v 0.025606602 0.032701903 -0.003184402
v 0.027183823 0.033828440 -0.003184402
v 0.024944088 0.035000000 -0.007333686
v 0.024464795 0.036054376 -0.007333686
v 0.023045333 0.037068233 -0.007333686
v 0.020740251 0.038002608 -0.007333686
v 0.017638134 0.038821596 -0.007333686
v 0.013858193 0.039493721 -0.007333686
v 0.009545689 0.039993155 -0.007333686
v 0.004866350 0.040300706 -0.007333686
v 0.000000000 0.040404552 -0.007333686
v -0.004866350 0.040300706 -0.007333686
v -0.009545689 0.039993155 -0.007333686
v -0.013858193 0.039493721 -0.007333686
v -0.017638134 0.038821596 -0.007333686
v -0.020740251 0.038002608 -0.007333686
v -0.023045333 0.037068233 -0.007333686
v -0.024464795 0.036054376 -0.007333686
v -0.024944088 0.035000000 -0.007333686
v -0.024464795 0.033945624 -0.007333686
v -0.023045333 0.032931767 -0.007333686
v -0.020740251 0.031997392 -0.007333686
v -0.017638134 0.031178404 -0.007333686
v -0.013858193 0.030506279 -0.007333686
v -0.009545689 0.030006845 -0.007333686
v -0.004866350 0.029699294 -0.007333686
v -0.000000000 0.029595448 -0.007333686
v 0.004866350 0.029699294 -0.007333686
v 0.009545689 0.030006845 -0.007333686
v 0.013858193 0.030506279 -0.007333686
v 0.017638134 0.031178404 -0.007333686
v 0.020740251 0.031997392 -0.007333686
v 0.023045333 0.032931767 -0.007333686
v 0.024464795 0.033945624 -0.007333686
v 0.021213203 0.035000000 -0.010970563
v 0.020805598 0.035896673 -0.010970563
v 0.019598444 0.036758887 -0.010970563
v 0.017638134 0.037553509 -0.010970563
v 0.015000000 0.038250000 -0.010970563
v 0.011785424 0.038821596 -0.010970563
v 0.008117942 0.039246330 -0.010970563
v 0.004138491 0.039507879 -0.010970563
v 0.000000000 0.039596194 -0.010970563
v -0.004138491 0.039507879 -0.010970563
v -0.008117942 0.039246330 -0.010970563
v -0.011785424 0.038821596 -0.010970563
v -0.015000000 0.038250000 -0.010970563
v -0.017638134 0.037553509 -0.010970563
v -0.019598444 0.036758887 -0.010970563
v -0.020805598 0.035896673 -0.010970563
v -0.021213203 0.035000000 -0.010970563
v -0.020805598 0.034103327 -0.010970563
v -0.019598444 0.033241113 -0.010970563
v -0.017638134 0.032446491 -0.010970563
v -0.015000000 0.031750000 -0.010970563
v -0.011785424 0.031178404 -0.010970563
v -0.008117942 0.030753670 -0.010970563
v -0.004138491 0.030492121 -0.010970563
v -0.000000000 0.030403806 -0.010970563
v 0.004138491 0.030492121 -0.010970563
v 0.008117942 0.030753670 -0.010970563
v 0.011785424 0.031178404 -0.010970563
v 0.015000000 0.031750000 -0.010970563
v 0.017638134 0.032446491 -0.010970563
v 0.019598444 0.033241113 -0.010970563
v 0.020805598 0.034103327 -0.010970563
v 0.016667107 0.035000000 -0.013955271
v 0.016346853 0.035704511 -0.013955271
v 0.015398399 0.036381949 -0.013955271
v 0.013858193 0.037006279 -0.013955271
v 0.011785424 0.037553509 -0.013955271
v 0.009259749 0.038002608 -0.013955271
v 0.006378226 0.038336320 -0.013955271
v 0.003251591 0.038541818 -0.013955271
v 0.000000000 0.038611207 -0.013955271
v -0.003251591 0.038541818 -0.013955271
v -0.006378226 0.038336320 -0.013955271
v -0.009259749 0.038002608 -0.013955271
v -0.011785424 0.037553509 -0.013955271
v -0.013858193 0.037006279 -0.013955271
v -0.015398399 0.036381949 -0.013955271
v -0.016346853 0.035704511 -0.013955271
v -0.016667107 0.035000000 -0.013955271
v -0.016346853 0.034295489 -0.013955271
v -0.015398399 0.033618051 -0.013955271
v -0.013858193 0.032993721 -0.013955271
v -0.011785424 0.032446491 -0.013955271
v -0.009259749 0.031997392 -0.013955271
v -0.006378226 0.031663680 -0.013955271
v -0.003251591 0.031458182 -0.013955271
v -0.000000000 0.031388793 -0.013955271
v 0.003251591 0.031458182 -0.013955271
v 0.006378226 0.031663680 -0.013955271
v 0.009259749 0.031997392 -0.013955271
v 0.011785424 0.032446491 -0.013955271
v 0.013858193 0.032993721 -0.013955271
v 0.015398399 0.033618051 -0.013955271
v 0.016346853 0.034295489 -0.013955271
v 0.011480503 0.035000000 -0.016173109
v 0.011259908 0.035485276 -0.016173109
v 0.010606602 0.035951903 -0.016173109
v 0.009545689 0.036381949 -0.016173109
v 0.008117942 0.036758887 -0.016173109
v 0.006378226 0.037068233 -0.016173109
v 0.004393398 0.037298097 -0.016173109
v 0.002239735 0.037439647 -0.016173109
v 0.000000000 0.037487442 -0.016173109
v -0.002239735 0.037439647 -0.016173109
v -0.004393398 0.037298097 -0.016173109
v -0.006378226 0.037068233 -0.016173109
v -0.008117942 0.036758887 -0.016173109
v -0.009545689 0.036381949 -0.016173109
v -0.010606602 0.035951903 -0.016173109
v -0.011259908 0.035485276 -0.016173109
v -0.011480503 0.035000000 -0.016173109
v -0.011259908 0.034514724 -0.016173109
v -0.010606602 0.034048097 -0.016173109
v -0.009545689 0.033618051 -0.016173109
v -0.008117942 0.033241113 -0.016173109
v -0.006378226 0.032931767 -0.016173109
v -0.004393398 0.032701903 -0.016173109
v -0.002239735 0.032560353 -0.016173109
v -0.000000000 0.032512558 -0.016173109
v 0.002239735 0.032560353 -0.016173109
v 0.004393398 0.032701903 -0.016173109
v 0.006378226 0.032931767 -0.016173109
v 0.008117942 0.033241113 -0.016173109
v 0.009545689 0.033618051 -0.016173109
v 0.010606602 0.034048097 -0.016173109
v 0.011259908 0.034514724 -0.016173109
v 0.005852710 0.035000000 -0.017538847
v 0.005740251 0.035247392 -0.017538847
v 0.005407199 0.035485276 -0.017538847
v 0.004866350 0.035704511 -0.017538847
v 0.004138491 0.035896673 -0.017538847
v 0.003251591 0.036054376 -0.017538847
v 0.002239735 0.036171560 -0.017538847
v 0.001141807 0.036243721 -0.017538847
v 0.000000000 0.036268087 -0.017538847
v -0.001141807 0.036243721 -0.017538847
v -0.002239735 0.036171560 -0.017538847
v -0.003251591 0.036054376 -0.017538847
v -0.004138491 0.035896673 -0.017538847
v -0.004866350 0.035704511 -0.017538847
v -0.005407199 0.035485276 -0.017538847
v -0.005740251 0.035247392 -0.017538847
v -0.005852710 0.035000000 -0.017538847
v -0.005740251 0.034752608 -0.017538847
v -0.005407199 0.034514724 -0.017538847
v -0.004866350 0.034295489 -0.017538847
v -0.004138491 0.034103327 -0.017538847
v -0.003251591 0.033945624 -0.017538847
v -0.002239735 0.033828440 -0.017538847
v -0.001141807 0.033756279 -0.017538847
v -0.000000000 0.033731913 -0.017538847
v 0.001141807 0.033756279 -0.017538847
v 0.002239735 0.033828440 -0.017538847
v 0.003251591 0.033945624 -0.017538847
v 0.004138491 0.034103327 -0.017538847
v 0.004866350 0.034295489 -0.017538847
v 0.005407199 0.034514724 -0.017538847
v 0.005740251 0.034752608 -0.017538847
v 0.000000000 0.035000000 -0.018000000
f 1107 1108 1109
f 1107 1109 1110
f 1107 1110 1111
f 1107 1111 1112
f 1107 1112 1113
f 1107 1113 1114
f 1107 1114 1115
f 1107 1115 1116
f 1107 1116 1117
f 1107 1117 1118
f 1107 1118 1119
f 1107 1119 1120
f 1107 1120 1121
f 1107 1121 1122
f 1107 1122 1123
f 1107 1123 1124
f 1107 1124 1125
f 1107 1125 1126
f 1107 1126 1127
f 1107 1127 1128
f 1107 1128 1129
f 1107 1129 1130
f 1107 1130 1131
f 1107 1131 1132
f 1107 1132 1133
f 1107 1133 1134
f 1107 1134 1135
f 1107 1135 1136
f 1107 1136 1137
f 1107 1137 1138
f 1107 1138 1139
f 1107 1139 1108
f 1108 1140 1141
f 1108 1141 1109
f 1109 1141 1142
f 1109 1142 1110
f 1110 1142 1143
f 1110 1143 1111
f 1111 1143 1144
f 1111 1144 1112
f 1112 1144 1145
f 1112 1145 1113
f 1113 1145 1146
f 1113 1146 1114
f 1114 1146 1147
f 1114 1147 1115
f 1115 1147 1148
f 1115 1148 1116
f 1116 1148 1149
f 1116 1149 1117
f 1117 1149 1150
f 1117 1150 1118
f 1118 1150 1151
f 1118 1151 1119
f 1119 1151 1152
f 1119 1152 1120
f 1120 1152 1153
f 1120 1153 1121
f 1121 1153 1154
f 1121 1154 1122
f 1122 1154 1155
f 1122 1155 1123
f 1123 1155 1156
f 1123 1156 1124
f 1124 1156 1157
f 1124 1157 1125
f 1125 1157 1158
f 1125 1158 1126
f 1126 1158 1159
f 1126 1159 1127
f 1127 1159 1160
f 1127 1160 1128
f 1128 1160 1161
f 1128 1161 1129
f 1129 1161 1162
f 1129 1162 1130
f 1130 1162 1163
f 1130 1163 1131
f 1131 1163 1164
f 1131 1164 1132
f 1132 1164 1165
f 1132 1165 1133
f 1133 1165 1166
f 1133 1166 1134
f 1134 1166 1167
f 1134 1167 1135
f 1135 1167 1168
f 1135 1168 1136
f 1136 1168 1169
f 1136 1169 1137
f 1137 1169 1170
f 1137 1170 1138
f 1138 1170 1171
f 1138 1171 1139
f 1139 1171 1140
f 1139 1140 1108
f 1140 1172 1173
f 1140 1173 1141
f 1141 1173 1174
f 1141 1174 1142
f 1142 1174 1175
f 1142 1175 1143
f 1143 1175 1176
f 1143 1176 1144
f 1144 1176 1177
f 1144 1177 1145
f 1145 1177 1178
f 1145 1178 1146
f 1146 1178 1179
f 1146 1179 1147
f 1147 1179 1180
f 1147 1180 1148
f 1148 1180 1181
f 1148 1181 1149
f 1149 1181 1182
f 1149 1182 1150
f 1150 1182 1183
f 1150 1183 1151
f 1151 1183 1184
f 1151 1184 1152
f 1152 1184 1185
f 1152 1185 1153
f 1153 1185 1186
f 1153 1186 1154
f 1154 1186 1187
f 1154 1187 1155
f 1155 1187 1188
f 1155 1188 1156
f 1156 1188 1189
f 1156 1189 1157
f 1157 1189 1190
f 1157 1190 1158
f 1158 1190 1191
f 1158 1191 1159
f 1159 1191 1192
f 1159 1192 1160
f 1160 1192 1193
f 1160 1193 1161
f 1161 1193 1194
f 1161 1194 1162
f 1162 1194 1195
f 1162 1195 1163
f 1163 1195 1196
f 1163 1196 1164
f 1164 1196 1197
f 1164 1197 1165
f 1165 1197 1198
f 1165 1198 1166
f 1166 1198 1199
f 1166 1199 1167
f 1167 1199 1200
f 1167 1200 1168
f 1168 1200 1201
f 1168 1201 1169
f 1169 1201 1202
f 1169 1202 1170
f 1170 1202 1203
f 1170 1203 1171
f 1171 1203 1172
f 1171 1172 1140
f 1172 1204 1205
f 1172 1205 1173
f 1173 1205 1206
f 1173 1206 1174
f 1174 1206 1207
f 1174 1207 1175
f 1175 1207 1208
f 1175 1208 1176
f 1176 1208 1209
f 1176 1209 1177
f 1177 1209 1210
f 1177 1210 1178
f 1178 1210 1211
f 1178 1211 1179
f 1179 1211 1212
f 1179 1212 1180
f 1180 1212 1213
f 1180 1213 1181
f 1181 1213 1214
f 1181 1214 1182
f 1182 1214 1215
f 1182 1215 1183
f 1183 1215 1216
f 1183 1216 1184
f 1184 1216 1217
f 1184 1217 1185
f 1185 1217 1218
f 1185 1218 1186
f 1186 1218 1219
f 1186 1219 1187
f 1187 1219 1220
f 1187 1220 1188
f 1188 1220 1221
f 1188 1221 1189
f 1189 1221 1222
f 1189 1222 1190
f 1190 1222 1223
f 1190 1223 1191
f 1191 1223 1224
f 1191 1224 1192
f 1192 1224 1225
f 1192 1225 1193
f 1193 1225 1226
f 1193 1226 1194
f 1194 1226 1227
f 1194 1227 1195
f 1195 1227 1228
f 1195 1228 1196
f 1196 1228 1229
f 1196 1229 1197
f 1197 1229 1230
f 1197 1230 1198
f 1198 1230 1231
f 1198 1231 1199
f 1199 1231 1232
f 1199 1232 1200
f 1200 1232 1233
f 1200 1233 1201
f 1201 1233 1234
f 1201 1234 1202
f 1202 1234 1235
f 1202 1235 1203
f 1203 1235 1204
f 1203 1204 1172
f 1204 1236 1237
f 1204 1237 1205
f 1205 1237 1238
f 1205 1238 1206
f 1206 1238 1239
f 1206 1239 1207
f 1207 1239 1240
f 1207 1240 1208
f 1208 1240 1241
f 1208 1241 1209
f 1209 1241 1242
f 1209 1242 1210
f 1210 1242 1243
f 1210 1243 1211
f 1211 1243 1244
f 1211 1244 1212
f 1212 1244 1245
f 1212 1245 1213
f 1213 1245 1246
f 1213 1246 1214
f 1214 1246 1247
f 1214 1247 1215
f 1215 1247 1248
f 1215 1248 1216
f 1216 1248 1249
f 1216 1249 1217
f 1217 1249 1250
f 1217 1250 1218
f 1218 1250 1251
f 1218 1251 1219
f 1219 1251 1252
f 1219 1252 1220
f 1220 1252 1253
f 1220 1253 1221
f 1221 1253 1254
f 1221 1254 1222
f 1222 1254 1255
f 1222 1255 1223
f 1223 1255 1256
f 1223 1256 1224
f 1224 1256 1257
f 1224 1257 1225
f 1225 1257 1258
f 1225 1258 1226
f 1226 1258 1259
f 1226 1259 1227
f 1227 1259 1260
f 1227 1260 1228
f 1228 1260 1261
f 1228 1261 1229
f 1229 1261 1262
f 1229 1262 1230
f 1230 1262 1263
f 1230 1263 1231
f 1231 1263 1264
f 1231 1264 1232
f 1232 1264 1265
f 1232 1265 1233
f 1233 1265 1266
f 1233 1266 1234
f 1234 1266 1267
f 1234 1267 1235
f 1235 1267 1236
f 1235 1236 1204
f 1236 1268 1269
f 1236 1269 1237
f 1237 1269 1270
f 1237 1270 1238
f 1238 1270 1271
f 1238 1271 1239
f 1239 1271 1272
f 1239 1272 1240
f 1240 1272 1273
f 1240 1273 1241
f 1241 1273 1274
f 1241 1274 1242
f 1242 1274 1275
f 1242 1275 1243
f 1243 1275 1276
f 1243 1276 1244
f 1244 1276 1277
f 1244 1277 1245
f 1245 1277 1278
f 1245 1278 1246
f 1246 1278 1279
f 1246 1279 1247
f 1247 1279 1280
f 1247 1280 1248
f 1248 1280 1281
f 1248 1281 1249
f 1249 1281 1282
f 1249 1282 1250
f 1250 1282 1283
f 1250 1283 1251
f 1251 1283 1284
f 1251 1284 1252
f 1252 1284 1285
f 1252 1285 1253
f 1253 1285 1286
f 1253 1286 1254
f 1254 1286 1287
f 1254 1287 1255
f 1255 1287 1288
f 1255 1288 1256
f 1256 1288 1289
f 1256 1289 1257
f 1257 1289 1290
f 1257 1290 1258
f 1258 1290 1291
f 1258 1291 1259
f 1259 1291 1292
f 1259 1292 1260
f 1260 1292 1293
f 1260 1293 1261
f 1261 1293 1294
f 1261 1294 1262
f 1262 1294 1295
f 1262 1295 1263
f 1263 1295 1296
f 1263 1296 1264
f 1264 1296 1297
f 1264 1297 1265
f 1265 1297 1298
f 1265 1298 1266
f 1266 1298 1299
f 1266 1299 1267
f 1267 1299 1268
f 1267 1268 1236
f 1268 1300 1301
f 1268 1301 1269
f 1269 1301 1302
f 1269 1302 1270
f 1270 1302 1303
f 1270 1303 1271
f 1271 1303 1304
f 1271 1304 1272
f 1272 1304 1305
f 1272 1305 1273
f 1273 1305 1306
f 1273 1306 1274
f 1274 1306 1307
f 1274 1307 1275
f 1275 1307 1308
f 1275 1308 1276
f 1276 1308 1309
f 1276 1309 1277
f 1277 1309 1310
f 1277 1310 1278
f 1278 1310 1311
f 1278 1311 1279
f 1279 1311 1312
f 1279 1312 1280
f 1280 1312 1313
f 1280 1313 1281
f 1281 1313 1314
f 1281 1314 1282
f 1282 1314 1315
f 1282 1315 1283
f 1283 1315 1316
f 1283 1316 1284
f 1284 1316 1317
f 1284 1317 1285
f 1285 1317 1318
f 1285 1318 1286
f 1286 1318 1319
f 1286 1319 1287
f 1287 1319 1320
f 1287 1320 1288
f 1288 1320 1321
f 1288 1321 1289
f 1289 1321 1322
f 1289 1322 1290
f 1290 1322 1323
f 1290 1323 1291
f 1291 1323 1324
f 1291 1324 1292
f 1292 1324 1325
f 1292 1325 1293
f 1293 1325 1326
f 1293 1326 1294
f 1294 1326 1327
f 1294 1327 1295
f 1295 1327 1328
f 1295 1328 1296
f 1296 1328 1329
f 1296 1329 1297
f 1297 1329 1330
f 1297 1330 1298
f 1298 1330 1331
f 1298 1331 1299
f 1299 1331 1300
f 1299 1300 1268
f 1300 1332 1333
f 1300 1333 1301
f 1301 1333 1334
f 1301 1334 1302
f 1302 1334 1335
f 1302 1335 1303
f 1303 1335 1336
f 1303 1336 1304
f 1304 1336 1337
f 1304 1337 1305
f 1305 1337 1338
f 1305 1338 1306
f 1306 1338 1339
f 1306 1339 1307
f 1307 1339 1340
f 1307 1340 1308
f 1308 1340 1341
f 1308 1341 1309
f 1309 1341 1342
f 1309 1342 1310
f 1310 1342 1343
f 1310 1343 1311
f 1311 1343 1344
f 1311 1344 1312
f 1312 1344 1345
f 1312 1345 1313
f 1313 1345 1346
f 1313 1346 1314
f 1314 1346 1347
f 1314 1347 1315
f 1315 1347 1348
f 1315 1348 1316
f 1316 1348 1349
f 1316 1349 1317
f 1317 1349 1350
f 1317 1350 1318
f 1318 1350 1351
f 1318 1351 1319
f 1319 1351 1352
f 1319 1352 1320
f 1320 1352 1353
f 1320 1353 1321
f 1321 1353 1354
f 1321 1354 1322
f 1322 1354 1355
f 1322 1355 1323
f 1323 1355 1356
f 1323 1356 1324
f 1324 1356 1357
f 1324 1357 1325
f 1325 1357 1358
f 1325 1358 1326
f 1326 1358 1359
f 1326 1359 1327
f 1327 1359 1360
f 1327 1360 1328
f 1328 1360 1361
f 1328 1361 1329
f 1329 1361 1362
f 1329 1362 1330
f 1330 1362 1363
f 1330 1363 1331
f 1331 1363 1332
f 1331 1332 1300
f 1332 1364 1365
f 1332 1365 1333
f 1333 1365 1366
f 1333 1366 1334
f 1334 1366 1367
f 1334 1367 1335
f 1335 1367 1368
f 1335 1368 1336
f 1336 1368 1369
f 1336 1369 1337
f 1337 1369 1370
f 1337 1370 1338
f 1338 1370 1371
f 1338 1371 1339
f 1339 1371 1372
f 1339 1372 1340
f 1340 1372 1373
f 1340 1373 1341
f 1341 1373 1374
f 1341 1374 1342
f 1342 1374 1375
f 1342 1375 1343
f 1343 1375 1376
f 1343 1376 1344
f 1344 1376 1377
f 1344 1377 1345
f 1345 1377 1378
f 1345 1378 1346
f 1346 1378 1379
f 1346 1379 1347
f 1347 1379 1380
f 1347 1380 1348
f 1348 1380 1381
f 1348 1381 1349
f 1349 1381 1382
f 1349 1382 1350
f 1350 1382 1383
f 1350 1383 1351
f 1351 1383 1384
f 1351 1384 1352
f 1352 1384 1385
f 1352 1385 1353
f 1353 1385 1386
f 1353 1386 1354
f 1354 1386 1387
f 1354 1387 1355
f 1355 1387 1388
f 1355 1388 1356
f 1356 1388 1389
f 1356 1389 1357
f 1357 1389 1390
f 1357 1390 1358
f 1358 1390 1391
f 1358 1391 1359
f 1359 1391 1392
f 1359 1392 1360
f 1360 1392 1393
f 1360 1393 1361
f 1361 1393 1394
f 1361 1394 1362
f 1362 1394 1395
f 1362 1395 1363
f 1363 1395 1364
f 1363 1364 1332
f 1364 1396 1397
f 1364 1397 1365
f 1365 1397 1398
f 1365 1398 1366
f 1366 1398 1399
f 1366 1399 1367
f 1367 1399 1400
f 1367 1400 1368
f 1368 1400 1401
f 1368 1401 1369
f 1369 1401 1402
f 1369 1402 1370
f 1370 1402 1403
f 1370 1403 1371
f 1371 1403 1404
f 1371 1404 1372
f 1372 1404 1405
f 1372 1405 1373
f 1373 1405 1406
f 1373 1406 1374
f 1374 1406 1407
f 1374 1407 1375
f 1375 1407 1408
f 1375 1408 1376
f 1376 1408 1409
f 1376 1409 1377
f 1377 1409 1410
f 1377 1410 1378
f 1378 1410 1411
f 1378 1411 1379
f 1379 1411 1412
f 1379 1412 1380
f 1380 1412 1413
f 1380 1413 1381
f 1381 1413 1414
f 1381 1414 1382
f 1382 1414 1415
f 1382 1415 1383
f 1383 1415 1416
f 1383 1416 1384
f 1384 1416 1417
f 1384 1417 1385
f 1385 1417 1418
f 1385 1418 1386
f 1386 1418 1419
f 1386 1419 1387
f 1387 1419 1420
f 1387 1420 1388
f 1388 1420 1421
f 1388 1421 1389
f 1389 1421 1422
f 1389 1422 1390
f 1390 1422 1423
f 1390 1423 1391
f 1391 1423 1424
f 1391 1424 1392
f 1392 1424 1425
f 1392 1425 1393
f 1393 1425 1426
f 1393 1426 1394
f 1394 1426 1427
f 1394 1427 1395
f 1395 1427 1396
f 1395 1396 1364
f 1396 1428 1429
f 1396 1429 1397
f 1397 1429 1430
f 1397 1430 1398
f 1398 1430 1431
f 1398 1431 1399
f 1399 1431 1432
f 1399 1432 1400
f 1400 1432 1433
f 1400 1433 1401
f 1401 1433 1434
f 1401 1434 1402
f 1402 1434 1435
f 1402 1435 1403
f 1403 1435 1436
f 1403 1436 1404
f 1404 1436 1437
f 1404 1437 1405
f 1405 1437 1438
f 1405 1438 1406
f 1406 1438 1439
f 1406 1439 1407
f 1407 1439 1440
f 1407 1440 1408
f 1408 1440 1441
f 1408 1441 1409
f 1409 1441 1442
f 1409 1442 1410
f 1410 1442 1443
f 1410 1443 1411
f 1411 1443 1444
f 1411 1444 1412
f 1412 1444 1445
f 1412 1445 1413
f 1413 1445 1446
f 1413 1446 1414
f 1414 1446 1447
f 1414 1447 1415
f 1415 1447 1448
f 1415 1448 1416
f 1416 1448 1449
f 1416 1449 1417
f 1417 1449 1450
f 1417 1450 1418
f 1418 1450 1451
f 1418 1451 1419
f 1419 1451 1452
f 1419 1452 1420
f 1420 1452 1453
f 1420 1453 1421
f 1421 1453 1454
f 1421 1454 1422
f 1422 1454 1455
f 1422 1455 1423
f 1423 1455 1456
f 1423 1456 1424
f 1424 1456 1457
f 1424 1457 1425
f 1425 1457 1458
f 1425 1458 1426
f 1426 1458 1459
f 1426 1459 1427
f 1427 1459 1428
f 1427 1428 1396
f 1428 1460 1461
f 1428 1461 1429
f 1429 1461 1462
f 1429 1462 1430
f 1430 1462 1463
f 1430 1463 1431
f 1431 1463 1464
f 1431 1464 1432
f 1432 1464 1465
f 1432 1465 1433
f 1433 1465 1466
f 1433 1466 1434
f 1434 1466 1467
f 1434 1467 1435
f 1435 1467 1468
f 1435 1468 1436
f 1436 1468 1469
f 1436 1469 1437
f 1437 1469 1470
f 1437 1470 1438
f 1438 1470 1471
f 1438 1471 1439
f 1439 1471 1472
f 1439 1472 1440
f 1440 1472 1473
f 1440 1473 1441
f 1441 1473 1474
f 1441 1474 1442
f 1442 1474 1475
f 1442 1475 1443
f 1443 1475 1476
f 1443 1476 1444
f 1444 1476 1477
f 1444 1477 1445
f 1445 1477 1478
f 1445 1478 1446
f 1446 1478 1479
f 1446 1479 1447
f 1447 1479 1480
f 1447 1480 1448
f 1448 1480 1481
f 1448 1481 1449
f 1449 1481 1482
f 1449 1482 1450
f 1450 1482 1483
f 1450 1483 1451
f 1451 1483 1484
f 1451 1484 1452
f 1452 1484 1485
f 1452 1485 1453
f 1453 1485 1486
f 1453 1486 1454
f 1454 1486 1487
f 1454 1487 1455
f 1455 1487 1488
f 1455 1488 1456
f 1456 1488 1489
f 1456 1489 1457
f 1457 1489 1490
f 1457 1490 1458
f 1458 1490 1491
f 1458 1491 1459
f 1459 1491 1460
f 1459 1460 1428
f 1460 1492 1493
f 1460 1493 1461
f 1461 1493 1494
f 1461 1494 1462
f 1462 1494 1495
f 1462 1495 1463
f 1463 1495 1496
f 1463 1496 1464
f 1464 1496 1497
f 1464 1497 1465
f 1465 1497 1498
f 1465 1498 1466
f 1466 1498 1499
f 1466 1499 1467
f 1467 1499 1500
f 1467 1500 1468
f 1468 1500 1501
f 1468 1501 1469
f 1469 1501 1502
f 1469 1502 1470
f 1470 1502 1503
f 1470 1503 1471
f 1471 1503 1504
f 1471 1504 1472
f 1472 1504 1505
f 1472 1505 1473
f 1473 1505 1506
f 1473 1506 1474
f 1474 1506 1507
f 1474 1507 1475
f 1475 1507 1508
f 1475 1508 1476
f 1476 1508 1509
f 1476 1509 1477
f 1477 1509 1510
f 1477 1510 1478
f 1478 1510 1511
f 1478 1511 1479
f 1479 1511 1512
f 1479 1512 1480
f 1480 1512 1513
f 1480 1513 1481
f 1481 1513 1514
f 1481 1514 1482
f 1482 1514 1515
f 1482 1515 1483
f 1483 1515 1516
f 1483 1516 1484
f 1484 1516 1517
f 1484 1517 1485
f 1485 1517 1518
f 1485 1518 1486
f 1486 1518 1519
f 1486 1519 1487
f 1487 1519 1520
f 1487 1520 1488
f 1488 1520 1521
f 1488 1521 1489
f 1489 1521 1522
f 1489 1522 1490
f 1490 1522 1523
f 1490 1523 1491
f 1491 1523 1492
f 1491 1492 1460
f 1492 1524 1525
f 1492 1525 1493
f 1493 1525 1526
f 1493 1526 1494
f 1494 1526 1527
f 1494 1527 1495
f 1495 1527 1528
f 1495 1528 1496
f 1496 1528 1529
f 1496 1529 1497
f 1497 1529 1530
f 1497 1530 1498
f 1498 1530 1531
f 1498 1531 1499
f 1499 1531 1532
f 1499 1532 1500
f 1500 1532 1533
f 1500 1533 1501
f 1501 1533 1534
f 1501 1534 1502
f 1502 1534 1535
f 1502 1535 1503
f 1503 1535 1536
f 1503 1536 1504
f 1504 1536 1537
f 1504 1537 1505
f 1505 1537 1538
f 1505 1538 1506
f 1506 1538 1539
f 1506 1539 1507
f 1507 1539 1540
f 1507 1540 1508
f 1508 1540 1541
f 1508 1541 1509
f 1509 1541 1542
f 1509 1542 1510
f 1510 1542 1543
f 1510 1543 1511
f 1511 1543 1544
f 1511 1544 1512
f 1512 1544 1545
f 1512 1545 1513
f 1513 1545 1546
f 1513 1546 1514
f 1514 1546 1547
f 1514 1547 1515
f 1515 1547 1548
f 1515 1548 1516
f 1516 1548 1549
f 1516 1549 1517
f 1517 1549 1550
f 1517 1550 1518
f 1518 1550 1551
f 1518 1551 1519
f 1519 1551 1552
f 1519 1552 1520
f 1520 1552 1553
f 1520 1553 1521
f 1521 1553 1554
f 1521 1554 1522
f 1522 1554 1555
f 1522 1555 1523
f 1523 1555 1524
f 1523 1524 1492
f 1524 1556 1557
f 1524 1557 1525
f 1525 1557 1558
f 1525 1558 1526
f 1526 1558 1559
f 1526 1559 1527
f 1527 1559 1560
f 1527 1560 1528
f 1528 1560 1561
f 1528 1561 1529
f 1529 1561 1562
f 1529 1562 1530
f 1530 1562 1563
f 1530 1563 1531
f 1531 1563 1564
f 1531 1564 1532
f 1532 1564 1565
f 1532 1565 1533
f 1533 1565 1566
f 1533 1566 1534
f 1534 1566 1567
f 1534 1567 1535
f 1535 1567 1568
f 1535 1568 1536
f 1536 1568 1569
f 1536 1569 1537
f 1537 1569 1570
f 1537 1570 1538
f 1538 1570 1571
f 1538 1571 1539
f 1539 1571 1572
f 1539 1572 1540
f 1540 1572 1573
f 1540 1573 1541
f 1541 1573 1574
f 1541 1574 1542
f 1542 1574 1575
f 1542 1575 1543
f 1543 1575 1576
f 1543 1576 1544
f 1544 1576 1577
f 1544 1577 1545
f 1545 1577 1578
f 1545 1578 1546
f 1546 1578 1579
f 1546 1579 1547
f 1547 1579 1580
f 1547 1580 1548
f 1548 1580 1581
f 1548 1581 1549
f 1549 1581 1582
f 1549 1582 1550
f 1550 1582 1583
f 1550 1583 1551
f 1551 1583 1584
f 1551 1584 1552
f 1552 1584 1585
f 1552 1585 1553
f 1553 1585 1586
f 1553 1586 1554
f 1554 1586 1587
f 1554 1587 1555
f 1555 1587 1556
f 1555 1556 1524
f 1588 1557 1556
f 1588 1558 1557
f 1588 1559 1558
f 1588 1560 1559
f 1588 1561 1560
f 1588 1562 1561
f 1588 1563 1562
f 1588 1564 1563
f 1588 1565 1564
f 1588 1566 1565
f 1588 1567 1566
f 1588 1568 1567
f 1588 1569 1568
f 1588 1570 1569
f 1588 1571 1570
f 1588 1572 1571
f 1588 1573 1572
f 1588 1574 1573
f 1588 1575 1574
f 1588 1576 1575
f 1588 1577 1576
f 1588 1578 1577
f 1588 1579 1578
f 1588 1580 1579
f 1588 1581 1580
f 1588 1582 1581
f 1588 1583 1582
f 1588 1584 1583
f 1588 1585 1584
f 1588 1586 1585
f 1588 1587 1586
f 1588 1556 1587
o pink_face_left_lobe
usemtl face_pink
v -0.009500000 0.041000000 0.026500000
v -0.006476100 0.041000000 0.026144528
v -0.006534203 0.041209331 0.026144528
v -0.006706281 0.041410618 0.026144528
v -0.006985719 0.041596125 0.026144528
v -0.007361780 0.041758723 0.026144528
v -0.007820011 0.041892164 0.026144528
v -0.008342804 0.041991320 0.026144528
v -0.008910066 0.042052379 0.026144528
v -0.009500000 0.042072997 0.026144528
v -0.010089934 0.042052379 0.026144528
v -0.010657196 0.041991320 0.026144528
v -0.011179989 0.041892164 0.026144528
v -0.011638220 0.041758723 0.026144528
v -0.012014281 0.041596125 0.026144528
v -0.012293719 0.041410618 0.026144528
v -0.012465797 0.041209331 0.026144528
v -0.012523900 0.041000000 0.026144528
v -0.012465797 0.040790669 0.026144528
v -0.012293719 0.040589382 0.026144528
v -0.012014281 0.040403875 0.026144528
v -0.011638220 0.040241277 0.026144528
v -0.011179989 0.040107836 0.026144528
v -0.010657196 0.040008680 0.026144528
v -0.010089934 0.039947621 0.026144528
v -0.009500000 0.039927003 0.026144528
v -0.008910066 0.039947621 0.026144528
v -0.008342804 0.040008680 0.026144528
v -0.007820011 0.040107836 0.026144528
v -0.007361780 0.040241277 0.026144528
v -0.006985719 0.040403875 0.026144528
v -0.006706281 0.040589382 0.026144528
v -0.006534203 0.040790669 0.026144528
v -0.003568407 0.041000000 0.025091771
v -0.003682381 0.041410618 0.025091771
v -0.004019922 0.041805456 0.025091771
v -0.004568061 0.042169341 0.025091771
v -0.005305730 0.042488289 0.025091771
v -0.006204583 0.042750043 0.025091771
v -0.007230078 0.042944544 0.025091771
v -0.008342804 0.043064317 0.025091771
v -0.009500000 0.043104759 0.025091771
v -0.010657196 0.043064317 0.025091771
v -0.011769922 0.042944544 0.025091771
v -0.012795417 0.042750043 0.025091771
v -0.013694270 0.042488289 0.025091771
v -0.014431939 0.042169341 0.025091771
v -0.014980078 0.041805456 0.025091771
v -0.015317619 0.041410618 0.025091771
v -0.015431593 0.041000000 0.025091771
v -0.015317619 0.040589382 0.025091771
v -0.014980078 0.040194544 0.025091771
v -0.014431939 0.039830659 0.025091771
v -0.013694270 0.039511711 0.025091771
v -0.012795417 0.039249957 0.025091771
v -0.011769922 0.039055456 0.025091771
v -0.010657196 0.038935683 0.025091771
v -0.009500000 0.038895241 0.025091771
v -0.008342804 0.038935683 0.025091771
v -0.007230078 0.039055456 0.025091771
v -0.006204583 0.039249957 0.025091771
v -0.005305730 0.039511711 0.025091771
v -0.004568061 0.039830659 0.025091771
v -0.004019922 0.040194544 0.025091771
v -0.003682381 0.040589382 0.025091771
v -0.000888661 0.041000000 0.023382188
v -0.001054126 0.041596125 0.023382188
v -0.001544161 0.042169341 0.023382188
v -0.002339934 0.042697621 0.023382188
v -0.003410864 0.043160661 0.023382188
v -0.004715797 0.043540669 0.023382188
v -0.006204583 0.043823040 0.023382188
v -0.007820011 0.043996923 0.023382188
v -0.009500000 0.044055636 0.023382188
v -0.011179989 0.043996923 0.023382188
v -0.012795417 0.043823040 0.023382188
v -0.014284203 0.043540669 0.023382188
v -0.015589136 0.043160661 0.023382188
v -0.016660066 0.042697621 0.023382188
v -0.017455839 0.042169341 0.023382188
v -0.017945874 0.041596125 0.023382188
v -0.018111339 0.041000000 0.023382188
v -0.017945874 0.040403875 0.023382188
v -0.017455839 0.039830659 0.023382188
v -0.016660066 0.039302379 0.023382188
v -0.015589136 0.038839339 0.023382188
v -0.014284203 0.038459331 0.023382188
v -0.012795417 0.038176960 0.023382188
v -0.011179989 0.038003077 0.023382188
v -0.009500000 0.037944364 0.023382188
v -0.007820011 0.038003077 0.023382188
v -0.006204583 0.038176960 0.023382188
v -0.004715797 0.038459331 0.023382188
v -0.003410864 0.038839339 0.023382188
v -0.002339934 0.039302379 0.023382188
v -0.001544161 0.039830659 0.023382188
v -0.001054126 0.040403875 0.023382188
v 0.001460155 0.041000000 0.021081475
v 0.001249559 0.041758723 0.021081475
v 0.000625863 0.042488289 0.021081475
v -0.000386964 0.043160661 0.021081475
v -0.001750000 0.043750000 0.021081475
v -0.003410864 0.044233658 0.021081475
v -0.005305730 0.044593048 0.021081475
v -0.007361780 0.044814360 0.021081475
v -0.009500000 0.044889087 0.021081475
v -0.011638220 0.044814360 0.021081475
v -0.013694270 0.044593048 0.021081475
v -0.015589136 0.044233658 0.021081475
v -0.017250000 0.043750000 0.021081475
v -0.018613036 0.043160661 0.021081475
v -0.019625863 0.042488289 0.021081475
v -0.020249559 0.041758723 0.021081475
v -0.020460155 0.041000000 0.021081475
v -0.020249559 0.040241277 0.021081475
v -0.019625863 0.039511711 0.021081475
v -0.018613036 0.038839339 0.021081475
v -0.017250000 0.038250000 0.021081475
v -0.015589136 0.037766342 0.021081475
v -0.013694270 0.037406952 0.021081475
v -0.011638220 0.037185640 0.021081475
v -0.009500000 0.037110913 0.021081475
v -0.007361780 0.037185640 0.021081475
v -0.005305730 0.037406952 0.021081475
v -0.003410864 0.037766342 0.021081475
v -0.001750000 0.038250000 0.021081475
v -0.000386964 0.038839339 0.021081475
v 0.000625863 0.039511711 0.021081475
v 0.001249559 0.040241277 0.021081475
v 0.003387779 0.041000000 0.018278049
v 0.003140144 0.041892164 0.018278049
v 0.002406755 0.042750043 0.018278049
v 0.001215797 0.043540669 0.018278049
v -0.000386964 0.044233658 0.018278049
v -0.002339934 0.044802379 0.018278049
v -0.004568061 0.045224978 0.018278049
v -0.006985719 0.045485212 0.018278049
v -0.009500000 0.045573083 0.018278049
v -0.012014281 0.045485212 0.018278049
v -0.014431939 0.045224978 0.018278049
v -0.016660066 0.044802379 0.018278049
v -0.018613036 0.044233658 0.018278049
v -0.020215797 0.043540669 0.018278049
v -0.021406755 0.042750043 0.018278049
v -0.022140144 0.041892164 0.018278049
v -0.022387779 0.041000000 0.018278049
v -0.022140144 0.040107836 0.018278049
v -0.021406755 0.039249957 0.018278049
v -0.020215797 0.038459331 0.018278049
v -0.018613036 0.037766342 0.018278049
v -0.016660066 0.037197621 0.018278049
v -0.014431939 0.036775022 0.018278049
v -0.012014281 0.036514788 0.018278049
v -0.009500000 0.036426917 0.018278049
v -0.006985719 0.036514788 0.018278049
v -0.004568061 0.036775022 0.018278049
v -0.002339934 0.037197621 0.018278049
v -0.000386964 0.037766342 0.018278049
v 0.001215797 0.038459331 0.018278049
v 0.002406755 0.039249957 0.018278049
v 0.003140144 0.040107836 0.018278049
v 0.004820133 0.041000000 0.015079643
v 0.004544975 0.041991320 0.015079643
v 0.003730078 0.042944544 0.015079643
v 0.002406755 0.043823040 0.015079643
v 0.000625863 0.044593048 0.015079643
v -0.001544161 0.045224978 0.015079643
v -0.004019922 0.045694544 0.015079643
v -0.006706281 0.045983701 0.015079643
v -0.009500000 0.046081337 0.015079643
v -0.012293719 0.045983701 0.015079643
v -0.014980078 0.045694544 0.015079643
v -0.017455839 0.045224978 0.015079643
v -0.019625863 0.044593048 0.015079643
v -0.021406755 0.043823040 0.015079643
v -0.022730078 0.042944544 0.015079643
v -0.023544975 0.041991320 0.015079643
v -0.023820133 0.041000000 0.015079643
v -0.023544975 0.040008680 0.015079643
v -0.022730078 0.039055456 0.015079643
v -0.021406755 0.038176960 0.015079643
v -0.019625863 0.037406952 0.015079643
v -0.017455839 0.036775022 0.015079643
v -0.014980078 0.036305456 0.015079643
v -0.012293719 0.036016299 0.015079643
v -0.009500000 0.035918663 0.015079643
v -0.006706281 0.036016299 0.015079643
v -0.004019922 0.036305456 0.015079643
v -0.001544161 0.036775022 0.015079643
v 0.000625863 0.037406952 0.015079643
v 0.002406755 0.038176960 0.015079643
v 0.003730078 0.039055456 0.015079643
v 0.004544975 0.040008680 0.015079643
v 0.005702172 0.041000000 0.011609171
v 0.005410066 0.042052379 0.011609171
v 0.004544975 0.043064317 0.011609171
v 0.003140144 0.043996923 0.011609171
v 0.001249559 0.044814360 0.011609171
v -0.001054126 0.045485212 0.011609171
v -0.003682381 0.045983701 0.011609171
v -0.006534203 0.046290669 0.011609171
v -0.009500000 0.046394319 0.011609171
v -0.012465797 0.046290669 0.011609171
v -0.015317619 0.045983701 0.011609171
v -0.017945874 0.045485212 0.011609171
v -0.020249559 0.044814360 0.011609171
v -0.022140144 0.043996923 0.011609171
v -0.023544975 0.043064317 0.011609171
v -0.024410066 0.042052379 0.011609171
v -0.024702172 0.041000000 0.011609171
v -0.024410066 0.039947621 0.011609171
v -0.023544975 0.038935683 0.011609171
v -0.022140144 0.038003077 0.011609171
v -0.020249559 0.037185640 0.011609171
v -0.017945874 0.036514788 0.011609171
v -0.015317619 0.036016299 0.011609171
v -0.012465797 0.035709331 0.011609171
v -0.009500000 0.035605681 0.011609171
v -0.006534203 0.035709331 0.011609171
v -0.003682381 0.036016299 0.011609171
v -0.001054126 0.036514788 0.011609171
v 0.001249559 0.037185640 0.011609171
v 0.003140144 0.038003077 0.011609171
v 0.004544975 0.038935683 0.011609171
v 0.005410066 0.039947621 0.011609171
v 0.006000000 0.041000000 0.008000000
v 0.005702172 0.042072997 0.008000000
v 0.004820133 0.043104759 0.008000000
v 0.003387779 0.044055636 0.008000000
v 0.001460155 0.044889087 0.008000000
v -0.000888661 0.045573083 0.008000000
v -0.003568407 0.046081337 0.008000000
v -0.006476100 0.046394319 0.008000000
v -0.009500000 0.046500000 0.008000000
v -0.012523900 0.046394319 0.008000000
v -0.015431593 0.046081337 0.008000000
v -0.018111339 0.045573083 0.008000000
v -0.020460155 0.044889087 0.008000000
v -0.022387779 0.044055636 0.008000000
v -0.023820133 0.043104759 0.008000000
v -0.024702172 0.042072997 0.008000000
v -0.025000000 0.041000000 0.008000000
v -0.024702172 0.039927003 0.008000000
v -0.023820133 0.038895241 0.008000000
v -0.022387779 0.037944364 0.008000000
v -0.020460155 0.037110913 0.008000000
v -0.018111339 0.036426917 0.008000000
v -0.015431593 0.035918663 0.008000000
v -0.012523900 0.035605681 0.008000000
v -0.009500000 0.035500000 0.008000000
v -0.006476100 0.035605681 0.008000000
v -0.003568407 0.035918663 0.008000000
v -0.000888661 0.036426917 0.008000000
v 0.001460155 0.037110913 0.008000000
v 0.003387779 0.037944364 0.008000000
v 0.004820133 0.038895241 0.008000000
v 0.005702172 0.039927003 0.008000000
v 0.005702172 0.041000000 0.004390829
v 0.005410066 0.042052379 0.004390829
v 0.004544975 0.043064317 0.004390829
v 0.003140144 0.043996923 0.004390829
v 0.001249559 0.044814360 0.004390829
v -0.001054126 0.045485212 0.004390829
v -0.003682381 0.045983701 0.004390829
v -0.006534203 0.046290669 0.004390829
v -0.009500000 0.046394319 0.004390829
v -0.012465797 0.046290669 0.004390829
v -0.015317619 0.045983701 0.004390829
v -0.017945874 0.045485212 0.004390829
v -0.020249559 0.044814360 0.004390829
v -0.022140144 0.043996923 0.004390829
v -0.023544975 0.043064317 0.004390829
v -0.024410066 0.042052379 0.004390829
v -0.024702172 0.041000000 0.004390829
v -0.024410066 0.039947621 0.004390829
v -0.023544975 0.038935683 0.004390829
v -0.022140144 0.038003077 0.004390829
v -0.020249559 0.037185640 0.004390829
v -0.017945874 0.036514788 0.004390829
v -0.015317619 0.036016299 0.004390829
v -0.012465797 0.035709331 0.004390829
v -0.009500000 0.035605681 0.004390829
v -0.006534203 0.035709331 0.004390829
v -0.003682381 0.036016299 0.004390829
v -0.001054126 0.036514788 0.004390829
v 0.001249559 0.037185640 0.004390829
v 0.003140144 0.038003077 0.004390829
v 0.004544975 0.038935683 0.004390829
v 0.005410066 0.039947621 0.004390829
v 0.004820133 0.041000000 0.000920357
v 0.004544975 0.041991320 0.000920357
v 0.003730078 0.042944544 0.000920357
v 0.002406755 0.043823040 0.000920357
v 0.000625863 0.044593048 0.000920357
v -0.001544161 0.045224978 0.000920357
v -0.004019922 0.045694544 0.000920357
v -0.006706281 0.045983701 0.000920357
v -0.009500000 0.046081337 0.000920357
v -0.012293719 0.045983701 0.000920357
v -0.014980078 0.045694544 0.000920357
v -0.017455839 0.045224978 0.000920357
v -0.019625863 0.044593048 0.000920357
v -0.021406755 0.043823040 0.000920357
v -0.022730078 0.042944544 0.000920357
v -0.023544975 0.041991320 0.000920357
v -0.023820133 0.041000000 0.000920357
v -0.023544975 0.040008680 0.000920357
v -0.022730078 0.039055456 0.000920357
v -0.021406755 0.038176960 0.000920357
v -0.019625863 0.037406952 0.000920357
v -0.017455839 0.036775022 0.000920357
v -0.014980078 0.036305456 0.000920357
v -0.012293719 0.036016299 0.000920357
v -0.009500000 0.035918663 0.000920357
v -0.006706281 0.036016299 0.000920357
v -0.004019922 0.036305456 0.000920357
v -0.001544161 0.036775022 0.000920357
v 0.000625863 0.037406952 0.000920357
v 0.002406755 0.038176960 0.000920357
v 0.003730078 0.039055456 0.000920357
v 0.004544975 0.040008680 0.000920357
v 0.003387779 0.041000000 -0.002278049
v 0.003140144 0.041892164 -0.002278049
v 0.002406755 0.042750043 -0.002278049
v 0.001215797 0.043540669 -0.002278049
v -0.000386964 0.044233658 -0.002278049
v -0.002339934 0.044802379 -0.002278049
v -0.004568061 0.045224978 -0.002278049
v -0.006985719 0.045485212 -0.002278049
v -0.009500000 0.045573083 -0.002278049
v -0.012014281 0.045485212 -0.002278049
v -0.014431939 0.045224978 -0.002278049
v -0.016660066 0.044802379 -0.002278049
v -0.018613036 0.044233658 -0.002278049
v -0.020215797 0.043540669 -0.002278049
v -0.021406755 0.042750043 -0.002278049
v -0.022140144 0.041892164 -0.002278049
v -0.022387779 0.041000000 -0.002278049
v -0.022140144 0.040107836 -0.002278049
v -0.021406755 0.039249957 -0.002278049
v -0.020215797 0.038459331 -0.002278049
v -0.018613036 0.037766342 -0.002278049
v -0.016660066 0.037197621 -0.002278049
v -0.014431939 0.036775022 -0.002278049
v -0.012014281 0.036514788 -0.002278049
v -0.009500000 0.036426917 -0.002278049
v -0.006985719 0.036514788 -0.002278049
v -0.004568061 0.036775022 -0.002278049
v -0.002339934 0.037197621 -0.002278049
v -0.000386964 0.037766342 -0.002278049
v 0.001215797 0.038459331 -0.002278049
v 0.002406755 0.039249957 -0.002278049
v 0.003140144 0.040107836 -0.002278049
v 0.001460155 0.041000000 -0.005081475
v 0.001249559 0.041758723 -0.005081475
v 0.000625863 0.042488289 -0.005081475
v -0.000386964 0.043160661 -0.005081475
v -0.001750000 0.043750000 -0.005081475
v -0.003410864 0.044233658 -0.005081475
v -0.005305730 0.044593048 -0.005081475
v -0.007361780 0.044814360 -0.005081475
v -0.009500000 0.044889087 -0.005081475
v -0.011638220 0.044814360 -0.005081475
v -0.013694270 0.044593048 -0.005081475
v -0.015589136 0.044233658 -0.005081475
v -0.017250000 0.043750000 -0.005081475
v -0.018613036 0.043160661 -0.005081475
v -0.019625863 0.042488289 -0.005081475
v -0.020249559 0.041758723 -0.005081475
v -0.020460155 0.041000000 -0.005081475
v -0.020249559 0.040241277 -0.005081475
v -0.019625863 0.039511711 -0.005081475
v -0.018613036 0.038839339 -0.005081475
v -0.017250000 0.038250000 -0.005081475
v -0.015589136 0.037766342 -0.005081475
v -0.013694270 0.037406952 -0.005081475
v -0.011638220 0.037185640 -0.005081475
v -0.009500000 0.037110913 -0.005081475
v -0.007361780 0.037185640 -0.005081475
v -0.005305730 0.037406952 -0.005081475
v -0.003410864 0.037766342 -0.005081475
v -0.001750000 0.038250000 -0.005081475
v -0.000386964 0.038839339 -0.005081475
v 0.000625863 0.039511711 -0.005081475
v 0.001249559 0.040241277 -0.005081475
v -0.000888661 0.041000000 -0.007382188
v -0.001054126 0.041596125 -0.007382188
v -0.001544161 0.042169341 -0.007382188
v -0.002339934 0.042697621 -0.007382188
v -0.003410864 0.043160661 -0.007382188
v -0.004715797 0.043540669 -0.007382188
v -0.006204583 0.043823040 -0.007382188
v -0.007820011 0.043996923 -0.007382188
v -0.009500000 0.044055636 -0.007382188
v -0.011179989 0.043996923 -0.007382188
v -0.012795417 0.043823040 -0.007382188
v -0.014284203 0.043540669 -0.007382188
v -0.015589136 0.043160661 -0.007382188
v -0.016660066 0.042697621 -0.007382188
v -0.017455839 0.042169341 -0.007382188
v -0.017945874 0.041596125 -0.007382188
v -0.018111339 0.041000000 -0.007382188
v -0.017945874 0.040403875 -0.007382188
v -0.017455839 0.039830659 -0.007382188
v -0.016660066 0.039302379 -0.007382188
v -0.015589136 0.038839339 -0.007382188
v -0.014284203 0.038459331 -0.007382188
v -0.012795417 0.038176960 -0.007382188
v -0.011179989 0.038003077 -0.007382188
v -0.009500000 0.037944364 -0.007382188
v -0.007820011 0.038003077 -0.007382188
v -0.006204583 0.038176960 -0.007382188
v -0.004715797 0.038459331 -0.007382188
v -0.003410864 0.038839339 -0.007382188
v -0.002339934 0.039302379 -0.007382188
v -0.001544161 0.039830659 -0.007382188
v -0.001054126 0.040403875 -0.007382188
v -0.003568407 0.041000000 -0.009091771
v -0.003682381 0.041410618 -0.009091771
v -0.004019922 0.041805456 -0.009091771
v -0.004568061 0.042169341 -0.009091771
v -0.005305730 0.042488289 -0.009091771
v -0.006204583 0.042750043 -0.009091771
v -0.007230078 0.042944544 -0.009091771
v -0.008342804 0.043064317 -0.009091771
v -0.009500000 0.043104759 -0.009091771
v -0.010657196 0.043064317 -0.009091771
v -0.011769922 0.042944544 -0.009091771
v -0.012795417 0.042750043 -0.009091771
v -0.013694270 0.042488289 -0.009091771
v -0.014431939 0.042169341 -0.009091771
v -0.014980078 0.041805456 -0.009091771
v -0.015317619 0.041410618 -0.009091771
v -0.015431593 0.041000000 -0.009091771
v -0.015317619 0.040589382 -0.009091771
v -0.014980078 0.040194544 -0.009091771
v -0.014431939 0.039830659 -0.009091771
v -0.013694270 0.039511711 -0.009091771
v -0.012795417 0.039249957 -0.009091771
v -0.011769922 0.039055456 -0.009091771
v -0.010657196 0.038935683 -0.009091771
v -0.009500000 0.038895241 -0.009091771
v -0.008342804 0.038935683 -0.009091771
v -0.007230078 0.039055456 -0.009091771
v -0.006204583 0.039249957 -0.009091771
v -0.005305730 0.039511711 -0.009091771
v -0.004568061 0.039830659 -0.009091771
v -0.004019922 0.040194544 -0.009091771
v -0.003682381 0.040589382 -0.009091771
v -0.006476100 0.041000000 -0.010144528
v -0.006534203 0.041209331 -0.010144528
v -0.006706281 0.041410618 -0.010144528
v -0.006985719 0.041596125 -0.010144528
v -0.007361780 0.041758723 -0.010144528
v -0.007820011 0.041892164 -0.010144528
v -0.008342804 0.041991320 -0.010144528
v -0.008910066 0.042052379 -0.010144528
v -0.009500000 0.042072997 -0.010144528
v -0.010089934 0.042052379 -0.010144528
v -0.010657196 0.041991320 -0.010144528
v -0.011179989 0.041892164 -0.010144528
v -0.011638220 0.041758723 -0.010144528
v -0.012014281 0.041596125 -0.010144528
v -0.012293719 0.041410618 -0.010144528
v -0.012465797 0.041209331 -0.010144528
v -0.012523900 0.041000000 -0.010144528
v -0.012465797 0.040790669 -0.010144528
v -0.012293719 0.040589382 -0.010144528
v -0.012014281 0.040403875 -0.010144528
v -0.011638220 0.040241277 -0.010144528
v -0.011179989 0.040107836 -0.010144528
v -0.010657196 0.040008680 -0.010144528
v -0.010089934 0.039947621 -0.010144528
v -0.009500000 0.039927003 -0.010144528
v -0.008910066 0.039947621 -0.010144528
v -0.008342804 0.040008680 -0.010144528
v -0.007820011 0.040107836 -0.010144528
v -0.007361780 0.040241277 -0.010144528
v -0.006985719 0.040403875 -0.010144528
v -0.006706281 0.040589382 -0.010144528
v -0.006534203 0.040790669 -0.010144528
v -0.009500000 0.041000000 -0.010500000
f 1589 1590 1591
f 1589 1591 1592
f 1589 1592 1593
f 1589 1593 1594
f 1589 1594 1595
f 1589 1595 1596
f 1589 1596 1597
f 1589 1597 1598
f 1589 1598 1599
f 1589 1599 1600
f 1589 1600 1601
f 1589 1601 1602
f 1589 1602 1603
f 1589 1603 1604
f 1589 1604 1605
f 1589 1605 1606
f 1589 1606 1607
f 1589 1607 1608
f 1589 1608 1609
f 1589 1609 1610
f 1589 1610 1611
f 1589 1611 1612
f 1589 1612 1613
f 1589 1613 1614
f 1589 1614 1615
f 1589 1615 1616
f 1589 1616 1617
f 1589 1617 1618
f 1589 1618 1619
f 1589 1619 1620
f 1589 1620 1621
f 1589 1621 1590
f 1590 1622 1623
f 1590 1623 1591
f 1591 1623 1624
f 1591 1624 1592
f 1592 1624 1625
f 1592 1625 1593
f 1593 1625 1626
f 1593 1626 1594
f 1594 1626 1627
f 1594 1627 1595
f 1595 1627 1628
f 1595 1628 1596
f 1596 1628 1629
f 1596 1629 1597
f 1597 1629 1630
f 1597 1630 1598
f 1598 1630 1631
f 1598 1631 1599
f 1599 1631 1632
f 1599 1632 1600
f 1600 1632 1633
f 1600 1633 1601
f 1601 1633 1634
f 1601 1634 1602
f 1602 1634 1635
f 1602 1635 1603
f 1603 1635 1636
f 1603 1636 1604
f 1604 1636 1637
f 1604 1637 1605
f 1605 1637 1638
f 1605 1638 1606
f 1606 1638 1639
f 1606 1639 1607
f 1607 1639 1640
f 1607 1640 1608
f 1608 1640 1641
f 1608 1641 1609
f 1609 1641 1642
f 1609 1642 1610
f 1610 1642 1643
f 1610 1643 1611
f 1611 1643 1644
f 1611 1644 1612
f 1612 1644 1645
f 1612 1645 1613
f 1613 1645 1646
f 1613 1646 1614
f 1614 1646 1647
f 1614 1647 1615
f 1615 1647 1648
f 1615 1648 1616
f 1616 1648 1649
f 1616 1649 1617
f 1617 1649 1650
f 1617 1650 1618
f 1618 1650 1651
f 1618 1651 1619
f 1619 1651 1652
f 1619 1652 1620
f 1620 1652 1653
f 1620 1653 1621
f 1621 1653 1622
f 1621 1622 1590
f 1622 1654 1655
f 1622 1655 1623
f 1623 1655 1656
f 1623 1656 1624
f 1624 1656 1657
f 1624 1657 1625
f 1625 1657 1658
f 1625 1658 1626
f 1626 1658 1659
f 1626 1659 1627
f 1627 1659 1660
f 1627 1660 1628
f 1628 1660 1661
f 1628 1661 1629
f 1629 1661 1662
f 1629 1662 1630
f 1630 1662 1663
f 1630 1663 1631
f 1631 1663 1664
f 1631 1664 1632
f 1632 1664 1665
f 1632 1665 1633
f 1633 1665 1666
f 1633 1666 1634
f 1634 1666 1667
f 1634 1667 1635
f 1635 1667 1668
f 1635 1668 1636
f 1636 1668 1669
f 1636 1669 1637
f 1637 1669 1670
f 1637 1670 1638
f 1638 1670 1671
f 1638 1671 1639
f 1639 1671 1672
f 1639 1672 1640
f 1640 1672 1673
f 1640 1673 1641
f 1641 1673 1674
f 1641 1674 1642
f 1642 1674 1675
f 1642 1675 1643
f 1643 1675 1676
f 1643 1676 1644
f 1644 1676 1677
f 1644 1677 1645
f 1645 1677 1678
f 1645 1678 1646
f 1646 1678 1679
f 1646 1679 1647
f 1647 1679 1680
f 1647 1680 1648
f 1648 1680 1681
f 1648 1681 1649
f 1649 1681 1682
f 1649 1682 1650
f 1650 1682 1683
f 1650 1683 1651
f 1651 1683 1684
f 1651 1684 1652
f 1652 1684 1685
f 1652 1685 1653
f 1653 1685 1654
f 1653 1654 1622
f 1654 1686 1687
f 1654 1687 1655
f 1655 1687 1688
f 1655 1688 1656
f 1656 1688 1689
f 1656 1689 1657
f 1657 1689 1690
f 1657 1690 1658
f 1658 1690 1691
f 1658 1691 1659
f 1659 1691 1692
f 1659 1692 1660
f 1660 1692 1693
f 1660 1693 1661
f 1661 1693 1694
f 1661 1694 1662
f 1662 1694 1695
f 1662 1695 1663
f 1663 1695 1696
f 1663 1696 1664
f 1664 1696 1697
f 1664 1697 1665
f 1665 1697 1698
f 1665 1698 1666
f 1666 1698 1699
f 1666 1699 1667
f 1667 1699 1700
f 1667 1700 1668
f 1668 1700 1701
f 1668 1701 1669
f 1669 1701 1702
f 1669 1702 1670
f 1670 1702 1703
f 1670 1703 1671
f 1671 1703 1704
f 1671 1704 1672
f 1672 1704 1705
f 1672 1705 1673
f 1673 1705 1706
f 1673 1706 1674
f 1674 1706 1707
f 1674 1707 1675
f 1675 1707 1708
f 1675 1708 1676
f 1676 1708 1709
f 1676 1709 1677
f 1677 1709 1710
f 1677 1710 1678
f 1678 1710 1711
f 1678 1711 1679
f 1679 1711 1712
f 1679 1712 1680
f 1680 1712 1713
f 1680 1713 1681
f 1681 1713 1714
f 1681 1714 1682
f 1682 1714 1715
f 1682 1715 1683
f 1683 1715 1716
f 1683 1716 1684
f 1684 1716 1717
f 1684 1717 1685
f 1685 1717 1686
f 1685 1686 1654
f 1686 1718 1719
f 1686 1719 1687
f 1687 1719 1720
f 1687 1720 1688
f 1688 1720 1721
f 1688 1721 1689
f 1689 1721 1722
f 1689 1722 1690
f 1690 1722 1723
f 1690 1723 1691
f 1691 1723 1724
f 1691 1724 1692
f 1692 1724 1725
f 1692 1725 1693
f 1693 1725 1726
f 1693 1726 1694
f 1694 1726 1727
f 1694 1727 1695
f 1695 1727 1728
f 1695 1728 1696
f 1696 1728 1729
f 1696 1729 1697
f 1697 1729 1730
f 1697 1730 1698
f 1698 1730 1731
f 1698 1731 1699
f 1699 1731 1732
f 1699 1732 1700
f 1700 1732 1733
f 1700 1733 1701
f 1701 1733 1734
f 1701 1734 1702
f 1702 1734 1735
f 1702 1735 1703
f 1703 1735 1736
f 1703 1736 1704
f 1704 1736 1737
f 1704 1737 1705
f 1705 1737 1738
f 1705 1738 1706
f 1706 1738 1739
f 1706 1739 1707
f 1707 1739 1740
f 1707 1740 1708
f 1708 1740 1741
f 1708 1741 1709
f 1709 1741 1742
f 1709 1742 1710
f 1710 1742 1743
f 1710 1743 1711
f 1711 1743 1744
f 1711 1744 1712
f 1712 1744 1745
f 1712 1745 1713
f 1713 1745 1746
f 1713 1746 1714
f 1714 1746 1747
f 1714 1747 1715
f 1715 1747 1748
f 1715 1748 1716
f 1716 1748 1749
f 1716 1749 1717
f 1717 1749 1718
f 1717 1718 1686
f 1718 1750 1751
f 1718 1751 1719
f 1719 1751 1752
f 1719 1752 1720
f 1720 1752 1753
f 1720 1753 1721
f 1721 1753 1754
f 1721 1754 1722
f 1722 1754 1755
f 1722 1755 1723
f 1723 1755 1756
f 1723 1756 1724
f 1724 1756 1757
f 1724 1757 1725
f 1725 1757 1758
f 1725 1758 1726
f 1726 1758 1759
f 1726 1759 1727
f 1727 1759 1760
f 1727 1760 1728
f 1728 1760 1761
f 1728 1761 1729
f 1729 1761 1762
f 1729 1762 1730
f 1730 1762 1763
f 1730 1763 1731
f 1731 1763 1764
f 1731 1764 1732
f 1732 1764 1765
f 1732 1765 1733
f 1733 1765 1766
f 1733 1766 1734
f 1734 1766 1767
f 1734 1767 1735
f 1735 1767 1768
f 1735 1768 1736
f 1736 1768 1769
f 1736 1769 1737
f 1737 1769 1770
f 1737 1770 1738
f 1738 1770 1771
f 1738 1771 1739
f 1739 1771 1772
f 1739 1772 1740
f 1740 1772 1773
f 1740 1773 1741
f 1741 1773 1774
f 1741 1774 1742
f 1742 1774 1775
f 1742 1775 1743
f 1743 1775 1776
f 1743 1776 1744
f 1744 1776 1777
f 1744 1777 1745
f 1745 1777 1778
f 1745 1778 1746
f 1746 1778 1779
f 1746 1779 1747
f 1747 1779 1780
f 1747 1780 1748
f 1748 1780 1781
f 1748 1781 1749
f 1749 1781 1750
f 1749 1750 1718
f 1750 1782 1783
f 1750 1783 1751
f 1751 1783 1784
f 1751 1784 1752
f 1752 1784 1785
f 1752 1785 1753
f 1753 1785 1786
f 1753 1786 1754
f 1754 1786 1787
f 1754 1787 1755
f 1755 1787 1788
f 1755 1788 1756
f 1756 1788 1789
f 1756 1789 1757
f 1757 1789 1790
f 1757 1790 1758
f 1758 1790 1791
f 1758 1791 1759
f 1759 1791 1792
f 1759 1792 1760
f 1760 1792 1793
f 1760 1793 1761
f 1761 1793 1794
f 1761 1794 1762
f 1762 1794 1795
f 1762 1795 1763
f 1763 1795 1796
f 1763 1796 1764
f 1764 1796 1797
f 1764 1797 1765
f 1765 1797 1798
f 1765 1798 1766
f 1766 1798 1799
f 1766 1799 1767
f 1767 1799 1800
f 1767 1800 1768
f 1768 1800 1801
f 1768 1801 1769
f 1769 1801 1802
f 1769 1802 1770
f 1770 1802 1803
f 1770 1803 1771
f 1771 1803 1804
f 1771 1804 1772
f 1772 1804 1805
f 1772 1805 1773
f 1773 1805 1806
f 1773 1806 1774
f 1774 1806 1807
f 1774 1807 1775
f 1775 1807 1808
f 1775 1808 1776
f 1776 1808 1809
f 1776 1809 1777
f 1777 1809 1810
f 1777 1810 1778
f 1778 1810 1811
f 1778 1811 1779
f 1779 1811 1812
f 1779 1812 1780
f 1780 1812 1813
f 1780 1813 1781
f 1781 1813 1782
f 1781 1782 1750
f 1782 1814 1815
f 1782 1815 1783
f 1783 1815 1816
f 1783 1816 1784
f 1784 1816 1817
f 1784 1817 1785
f 1785 1817 1818
f 1785 1818 1786
f 1786 1818 1819
f 1786 1819 1787
f 1787 1819 1820
f 1787 1820 1788
f 1788 1820 1821
f 1788 1821 1789
f 1789 1821 1822
f 1789 1822 1790
f 1790 1822 1823
f 1790 1823 1791
f 1791 1823 1824
f 1791 1824 1792
f 1792 1824 1825
f 1792 1825 1793
f 1793 1825 1826
f 1793 1826 1794
f 1794 1826 1827
f 1794 1827 1795
f 1795 1827 1828
f 1795 1828 1796
f 1796 1828 1829
f 1796 1829 1797
f 1797 1829 1830
f 1797 1830 1798
f 1798 1830 1831
f 1798 1831 1799
f 1799 1831 1832
f 1799 1832 1800
f 1800 1832 1833
f 1800 1833 1801
f 1801 1833 1834
f 1801 1834 1802
f 1802 1834 1835
f 1802 1835 1803
f 1803 1835 1836
f 1803 1836 1804
f 1804 1836 1837
f 1804 1837 1805
f 1805 1837 1838
f 1805 1838 1806
f 1806 1838 1839
f 1806 1839 1807
f 1807 1839 1840
f 1807 1840 1808
f 1808 1840 1841
f 1808 1841 1809
f 1809 1841 1842
f 1809 1842 1810
f 1810 1842 1843
f 1810 1843 1811
f 1811 1843 1844
f 1811 1844 1812
f 1812 1844 1845
f 1812 1845 1813
f 1813 1845 1814
f 1813 1814 1782
f 1814 1846 1847
f 1814 1847 1815
f 1815 1847 1848
f 1815 1848 1816
f 1816 1848 1849
f 1816 1849 1817
f 1817 1849 1850
f 1817 1850 1818
f 1818 1850 1851
f 1818 1851 1819
f 1819 1851 1852
f 1819 1852 1820
f 1820 1852 1853
f 1820 1853 1821
f 1821 1853 1854
f 1821 1854 1822
f 1822 1854 1855
f 1822 1855 1823
f 1823 1855 1856
f 1823 1856 1824
f 1824 1856 1857
f 1824 1857 1825
f 1825 1857 1858
f 1825 1858 1826
f 1826 1858 1859
f 1826 1859 1827
f 1827 1859 1860
f 1827 1860 1828
f 1828 1860 1861
f 1828 1861 1829
f 1829 1861 1862
f 1829 1862 1830
f 1830 1862 1863
f 1830 1863 1831
f 1831 1863 1864
f 1831 1864 1832
f 1832 1864 1865
f 1832 1865 1833
f 1833 1865 1866
f 1833 1866 1834
f 1834 1866 1867
f 1834 1867 1835
f 1835 1867 1868
f 1835 1868 1836
f 1836 1868 1869
f 1836 1869 1837
f 1837 1869 1870
f 1837 1870 1838
f 1838 1870 1871
f 1838 1871 1839
f 1839 1871 1872
f 1839 1872 1840
f 1840 1872 1873
f 1840 1873 1841
f 1841 1873 1874
f 1841 1874 1842
f 1842 1874 1875
f 1842 1875 1843
f 1843 1875 1876
f 1843 1876 1844
f 1844 1876 1877
f 1844 1877 1845
f 1845 1877 1846
f 1845 1846 1814
f 1846 1878 1879
f 1846 1879 1847
f 1847 1879 1880
f 1847 1880 1848
f 1848 1880 1881
f 1848 1881 1849
f 1849 1881 1882
f 1849 1882 1850
f 1850 1882 1883
f 1850 1883 1851
f 1851 1883 1884
f 1851 1884 1852
f 1852 1884 1885
f 1852 1885 1853
f 1853 1885 1886
f 1853 1886 1854
f 1854 1886 1887
f 1854 1887 1855
f 1855 1887 1888
f 1855 1888 1856
f 1856 1888 1889
f 1856 1889 1857
f 1857 1889 1890
f 1857 1890 1858
f 1858 1890 1891
f 1858 1891 1859
f 1859 1891 1892
f 1859 1892 1860
f 1860 1892 1893
f 1860 1893 1861
f 1861 1893 1894
f 1861 1894 1862
f 1862 1894 1895
f 1862 1895 1863
f 1863 1895 1896
f 1863 1896 1864
f 1864 1896 1897
f 1864 1897 1865
f 1865 1897 1898
f 1865 1898 1866
f 1866 1898 1899
f 1866 1899 1867
f 1867 1899 1900
f 1867 1900 1868
f 1868 1900 1901
f 1868 1901 1869
f 1869 1901 1902
f 1869 1902 1870
f 1870 1902 1903
f 1870 1903 1871
f 1871 1903 1904
f 1871 1904 1872
f 1872 1904 1905
f 1872 1905 1873
f 1873 1905 1906
f 1873 1906 1874
f 1874 1906 1907
f 1874 1907 1875
f 1875 1907 1908
f 1875 1908 1876
f 1876 1908 1909
f 1876 1909 1877
f 1877 1909 1878
f 1877 1878 1846
f 1878 1910 1911
f 1878 1911 1879
f 1879 1911 1912
f 1879 1912 1880
f 1880 1912 1913
f 1880 1913 1881
f 1881 1913 1914
f 1881 1914 1882
f 1882 1914 1915
f 1882 1915 1883
f 1883 1915 1916
f 1883 1916 1884
f 1884 1916 1917
f 1884 1917 1885
f 1885 1917 1918
f 1885 1918 1886
f 1886 1918 1919
f 1886 1919 1887
f 1887 1919 1920
f 1887 1920 1888
f 1888 1920 1921
f 1888 1921 1889
f 1889 1921 1922
f 1889 1922 1890
f 1890 1922 1923
f 1890 1923 1891
f 1891 1923 1924
f 1891 1924 1892
f 1892 1924 1925
f 1892 1925 1893
f 1893 1925 1926
f 1893 1926 1894
f 1894 1926 1927
f 1894 1927 1895
f 1895 1927 1928
f 1895 1928 1896
f 1896 1928 1929
f 1896 1929 1897
f 1897 1929 1930
f 1897 1930 1898
f 1898 1930 1931
f 1898 1931 1899
f 1899 1931 1932
f 1899 1932 1900
f 1900 1932 1933
f 1900 1933 1901
f 1901 1933 1934
f 1901 1934 1902
f 1902 1934 1935
f 1902 1935 1903
f 1903 1935 1936
f 1903 1936 1904
f 1904 1936 1937
f 1904 1937 1905
f 1905 1937 1938
f 1905 1938 1906
f 1906 1938 1939
f 1906 1939 1907
f 1907 1939 1940
f 1907 1940 1908
f 1908 1940 1941
f 1908 1941 1909
f 1909 1941 1910
f 1909 1910 1878
f 1910 1942 1943
f 1910 1943 1911
f 1911 1943 1944
f 1911 1944 1912
f 1912 1944 1945
f 1912 1945 1913
f 1913 1945 1946
f 1913 1946 1914
f 1914 1946 1947
f 1914 1947 1915
f 1915 1947 1948
f 1915 1948 1916
f 1916 1948 1949
f 1916 1949 1917
f 1917 1949 1950
f 1917 1950 1918
f 1918 1950 1951
f 1918 1951 1919
f 1919 1951 1952
f 1919 1952 1920
f 1920 1952 1953
f 1920 1953 1921
f 1921 1953 1954
f 1921 1954 1922
f 1922 1954 1955
f 1922 1955 1923
f 1923 1955 1956
f 1923 1956 1924
f 1924 1956 1957
f 1924 1957 1925
f 1925 1957 1958
f 1925 1958 1926
f 1926 1958 1959
f 1926 1959 1927
f 1927 1959 1960
f 1927 1960 1928
f 1928 1960 1961
f 1928 1961 1929
f 1929 1961 1962
f 1929 1962 1930
f 1930 1962 1963
f 1930 1963 1931
f 1931 1963 1964
f 1931 1964 1932
f 1932 1964 1965
f 1932 1965 1933
f 1933 1965 1966
f 1933 1966 1934
f 1934 1966 1967
f 1934 1967 1935
f 1935 1967 1968
f 1935 1968 1936
f 1936 1968 1969
f 1936 1969 1937
f 1937 1969 1970
f 1937 1970 1938
f 1938 1970 1971
f 1938 1971 1939
f 1939 1971 1972
f 1939 1972 1940
f 1940 1972 1973
f 1940 1973 1941
f 1941 1973 1942
f 1941 1942 1910
f 1942 1974 1975
f 1942 1975 1943
f 1943 1975 1976
f 1943 1976 1944
f 1944 1976 1977
f 1944 1977 1945
f 1945 1977 1978
f 1945 1978 1946
f 1946 1978 1979
f 1946 1979 1947
f 1947 1979 1980
f 1947 1980 1948
f 1948 1980 1981
f 1948 1981 1949
f 1949 1981 1982
f 1949 1982 1950
f 1950 1982 1983
f 1950 1983 1951
f 1951 1983 1984
f 1951 1984 1952
f 1952 1984 1985
f 1952 1985 1953
f 1953 1985 1986
f 1953 1986 1954
f 1954 1986 1987
f 1954 1987 1955
f 1955 1987 1988
f 1955 1988 1956
f 1956 1988 1989
f 1956 1989 1957
f 1957 1989 1990
f 1957 1990 1958
f 1958 1990 1991
f 1958 1991 1959
f 1959 1991 1992
f 1959 1992 1960
f 1960 1992 1993
f 1960 1993 1961
f 1961 1993 1994
f 1961 1994 1962
f 1962 1994 1995
f 1962 1995 1963
f 1963 1995 1996
f 1963 1996 1964
f 1964 1996 1997
f 1964 1997 1965
f 1965 1997 1998
f 1965 1998 1966
f 1966 1998 1999
f 1966 1999 1967
f 1967 1999 2000
f 1967 2000 1968
f 1968 2000 2001
f 1968 2001 1969
f 1969 2001 2002
f 1969 2002 1970
f 1970 2002 2003
f 1970 2003 1971
f 1971 2003 2004
f 1971 2004 1972
f 1972 2004 2005
f 1972 2005 1973
f 1973 2005 1974
f 1973 1974 1942
f 1974 2006 2007
f 1974 2007 1975
f 1975 2007 2008
f 1975 2008 1976
f 1976 2008 2009
f 1976 2009 1977
f 1977 2009 2010
f 1977 2010 1978
f 1978 2010 2011
f 1978 2011 1979
f 1979 2011 2012
f 1979 2012 1980
f 1980 2012 2013
f 1980 2013 1981
f 1981 2013 2014
f 1981 2014 1982
f 1982 2014 2015
f 1982 2015 1983
f 1983 2015 2016
f 1983 2016 1984
f 1984 2016 2017
f 1984 2017 1985
f 1985 2017 2018
f 1985 2018 1986
f 1986 2018 2019
f 1986 2019 1987
f 1987 2019 2020
f 1987 2020 1988
f 1988 2020 2021
f 1988 2021 1989
f 1989 2021 2022
f 1989 2022 1990
f 1990 2022 2023
f 1990 2023 1991
f 1991 2023 2024
f 1991 2024 1992
f 1992 2024 2025
f 1992 2025 1993
f 1993 2025 2026
f 1993 2026 1994
f 1994 2026 2027
f 1994 2027 1995
f 1995 2027 2028
f 1995 2028 1996
f 1996 2028 2029
f 1996 2029 1997
f 1997 2029 2030
f 1997 2030 1998
f 1998 2030 2031
f 1998 2031 1999
f 1999 2031 2032
f 1999 2032 2000
f 2000 2032 2033
f 2000 2033 2001
f 2001 2033 2034
f 2001 2034 2002
f 2002 2034 2035
f 2002 2035 2003
f 2003 2035 2036
f 2003 2036 2004
f 2004 2036 2037
f 2004 2037 2005
f 2005 2037 2006
f 2005 2006 1974
f 2006 2038 2039
f 2006 2039 2007
f 2007 2039 2040
f 2007 2040 2008
f 2008 2040 2041
f 2008 2041 2009
f 2009 2041 2042
f 2009 2042 2010
f 2010 2042 2043
f 2010 2043 2011
f 2011 2043 2044
f 2011 2044 2012
f 2012 2044 2045
f 2012 2045 2013
f 2013 2045 2046
f 2013 2046 2014
f 2014 2046 2047
f 2014 2047 2015
f 2015 2047 2048
f 2015 2048 2016
f 2016 2048 2049
f 2016 2049 2017
f 2017 2049 2050
f 2017 2050 2018
f 2018 2050 2051
f 2018 2051 2019
f 2019 2051 2052
f 2019 2052 2020
f 2020 2052 2053
f 2020 2053 2021
f 2021 2053 2054
f 2021 2054 2022
f 2022 2054 2055
f 2022 2055 2023
f 2023 2055 2056
f 2023 2056 2024
f 2024 2056 2057
f 2024 2057 2025
f 2025 2057 2058
f 2025 2058 2026
f 2026 2058 2059
f 2026 2059 2027
f 2027 2059 2060
f 2027 2060 2028
f 2028 2060 2061
f 2028 2061 2029
f 2029 2061 2062
f 2029 2062 2030
f 2030 2062 2063
f 2030 2063 2031
f 2031 2063 2064
f 2031 2064 2032
f 2032 2064 2065
f 2032 2065 2033
f 2033 2065 2066
f 2033 2066 2034
f 2034 2066 2067
f 2034 2067 2035
f 2035 2067 2068
f 2035 2068 2036
f 2036 2068 2069
f 2036 2069 2037
f 2037 2069 2038
f 2037 2038 2006
f 2070 2039 2038
f 2070 2040 2039
f 2070 2041 2040
f 2070 2042 2041
f 2070 2043 2042
f 2070 2044 2043
f 2070 2045 2044
f 2070 2046 2045
f 2070 2047 2046
f 2070 2048 2047
f 2070 2049 2048
f 2070 2050 2049
f 2070 2051 2050
f 2070 2052 2051
f 2070 2053 2052
f 2070 2054 2053
f 2070 2055 2054
f 2070 2056 2055
f 2070 2057 2056
f 2070 2058 2057
f 2070 2059 2058
f 2070 2060 2059
f 2070 2061 2060
f 2070 2062 2061
f 2070 2063 2062
f 2070 2064 2063
f 2070 2065 2064
f 2070 2066 2065
f 2070 2067 2066
f 2070 2068 2067
f 2070 2069 2068
f 2070 2038 2069
o pink_face_right_lobe
usemtl face_pink
v 0.009500000 0.041000000 0.026500000
v 0.012523900 0.041000000 0.026144528
v 0.012465797 0.041209331 0.026144528
v 0.012293719 0.041410618 0.026144528
v 0.012014281 0.041596125 0.026144528
v 0.011638220 0.041758723 0.026144528
v 0.011179989 0.041892164 0.026144528
v 0.010657196 0.041991320 0.026144528
v 0.010089934 0.042052379 0.026144528
v 0.009500000 0.042072997 0.026144528
v 0.008910066 0.042052379 0.026144528
v 0.008342804 0.041991320 0.026144528
v 0.007820011 0.041892164 0.026144528
v 0.007361780 0.041758723 0.026144528
v 0.006985719 0.041596125 0.026144528
v 0.006706281 0.041410618 0.026144528
v 0.006534203 0.041209331 0.026144528
v 0.006476100 0.041000000 0.026144528
v 0.006534203 0.040790669 0.026144528
v 0.006706281 0.040589382 0.026144528
v 0.006985719 0.040403875 0.026144528
v 0.007361780 0.040241277 0.026144528
v 0.007820011 0.040107836 0.026144528
v 0.008342804 0.040008680 0.026144528
v 0.008910066 0.039947621 0.026144528
v 0.009500000 0.039927003 0.026144528
v 0.010089934 0.039947621 0.026144528
v 0.010657196 0.040008680 0.026144528
v 0.011179989 0.040107836 0.026144528
v 0.011638220 0.040241277 0.026144528
v 0.012014281 0.040403875 0.026144528
v 0.012293719 0.040589382 0.026144528
v 0.012465797 0.040790669 0.026144528
v 0.015431593 0.041000000 0.025091771
v 0.015317619 0.041410618 0.025091771
v 0.014980078 0.041805456 0.025091771
v 0.014431939 0.042169341 0.025091771
v 0.013694270 0.042488289 0.025091771
v 0.012795417 0.042750043 0.025091771
v 0.011769922 0.042944544 0.025091771
v 0.010657196 0.043064317 0.025091771
v 0.009500000 0.043104759 0.025091771
v 0.008342804 0.043064317 0.025091771
v 0.007230078 0.042944544 0.025091771
v 0.006204583 0.042750043 0.025091771
v 0.005305730 0.042488289 0.025091771
v 0.004568061 0.042169341 0.025091771
v 0.004019922 0.041805456 0.025091771
v 0.003682381 0.041410618 0.025091771
v 0.003568407 0.041000000 0.025091771
v 0.003682381 0.040589382 0.025091771
v 0.004019922 0.040194544 0.025091771
v 0.004568061 0.039830659 0.025091771
v 0.005305730 0.039511711 0.025091771
v 0.006204583 0.039249957 0.025091771
v 0.007230078 0.039055456 0.025091771
v 0.008342804 0.038935683 0.025091771
v 0.009500000 0.038895241 0.025091771
v 0.010657196 0.038935683 0.025091771
v 0.011769922 0.039055456 0.025091771
v 0.012795417 0.039249957 0.025091771
v 0.013694270 0.039511711 0.025091771
v 0.014431939 0.039830659 0.025091771
v 0.014980078 0.040194544 0.025091771
v 0.015317619 0.040589382 0.025091771
v 0.018111339 0.041000000 0.023382188
v 0.017945874 0.041596125 0.023382188
v 0.017455839 0.042169341 0.023382188
v 0.016660066 0.042697621 0.023382188
v 0.015589136 0.043160661 0.023382188
v 0.014284203 0.043540669 0.023382188
v 0.012795417 0.043823040 0.023382188
v 0.011179989 0.043996923 0.023382188
v 0.009500000 0.044055636 0.023382188
v 0.007820011 0.043996923 0.023382188
v 0.006204583 0.043823040 0.023382188
v 0.004715797 0.043540669 0.023382188
v 0.003410864 0.043160661 0.023382188
v 0.002339934 0.042697621 0.023382188
v 0.001544161 0.042169341 0.023382188
v 0.001054126 0.041596125 0.023382188
v 0.000888661 0.041000000 0.023382188
v 0.001054126 0.040403875 0.023382188
v 0.001544161 0.039830659 0.023382188
v 0.002339934 0.039302379 0.023382188
v 0.003410864 0.038839339 0.023382188
v 0.004715797 0.038459331 0.023382188
v 0.006204583 0.038176960 0.023382188
v 0.007820011 0.038003077 0.023382188
v 0.009500000 0.037944364 0.023382188
v 0.011179989 0.038003077 0.023382188
v 0.012795417 0.038176960 0.023382188
v 0.014284203 0.038459331 0.023382188
v 0.015589136 0.038839339 0.023382188
v 0.016660066 0.039302379 0.023382188
v 0.017455839 0.039830659 0.023382188
v 0.017945874 0.040403875 0.023382188
v 0.020460155 0.041000000 0.021081475
v 0.020249559 0.041758723 0.021081475
v 0.019625863 0.042488289 0.021081475
v 0.018613036 0.043160661 0.021081475
v 0.017250000 0.043750000 0.021081475
v 0.015589136 0.044233658 0.021081475
v 0.013694270 0.044593048 0.021081475
v 0.011638220 0.044814360 0.021081475
v 0.009500000 0.044889087 0.021081475
v 0.007361780 0.044814360 0.021081475
v 0.005305730 0.044593048 0.021081475
v 0.003410864 0.044233658 0.021081475
v 0.001750000 0.043750000 0.021081475
v 0.000386964 0.043160661 0.021081475
v -0.000625863 0.042488289 0.021081475
v -0.001249559 0.041758723 0.021081475
v -0.001460155 0.041000000 0.021081475
v -0.001249559 0.040241277 0.021081475
v -0.000625863 0.039511711 0.021081475
v 0.000386964 0.038839339 0.021081475
v 0.001750000 0.038250000 0.021081475
v 0.003410864 0.037766342 0.021081475
v 0.005305730 0.037406952 0.021081475
v 0.007361780 0.037185640 0.021081475
v 0.009500000 0.037110913 0.021081475
v 0.011638220 0.037185640 0.021081475
v 0.013694270 0.037406952 0.021081475
v 0.015589136 0.037766342 0.021081475
v 0.017250000 0.038250000 0.021081475
v 0.018613036 0.038839339 0.021081475
v 0.019625863 0.039511711 0.021081475
v 0.020249559 0.040241277 0.021081475
v 0.022387779 0.041000000 0.018278049
v 0.022140144 0.041892164 0.018278049
v 0.021406755 0.042750043 0.018278049
v 0.020215797 0.043540669 0.018278049
v 0.018613036 0.044233658 0.018278049
v 0.016660066 0.044802379 0.018278049
v 0.014431939 0.045224978 0.018278049
v 0.012014281 0.045485212 0.018278049
v 0.009500000 0.045573083 0.018278049
v 0.006985719 0.045485212 0.018278049
v 0.004568061 0.045224978 0.018278049
v 0.002339934 0.044802379 0.018278049
v 0.000386964 0.044233658 0.018278049
v -0.001215797 0.043540669 0.018278049
v -0.002406755 0.042750043 0.018278049
v -0.003140144 0.041892164 0.018278049
v -0.003387779 0.041000000 0.018278049
v -0.003140144 0.040107836 0.018278049
v -0.002406755 0.039249957 0.018278049
v -0.001215797 0.038459331 0.018278049
v 0.000386964 0.037766342 0.018278049
v 0.002339934 0.037197621 0.018278049
v 0.004568061 0.036775022 0.018278049
v 0.006985719 0.036514788 0.018278049
v 0.009500000 0.036426917 0.018278049
v 0.012014281 0.036514788 0.018278049
v 0.014431939 0.036775022 0.018278049
v 0.016660066 0.037197621 0.018278049
v 0.018613036 0.037766342 0.018278049
v 0.020215797 0.038459331 0.018278049
v 0.021406755 0.039249957 0.018278049
v 0.022140144 0.040107836 0.018278049
v 0.023820133 0.041000000 0.015079643
v 0.023544975 0.041991320 0.015079643
v 0.022730078 0.042944544 0.015079643
v 0.021406755 0.043823040 0.015079643
v 0.019625863 0.044593048 0.015079643
v 0.017455839 0.045224978 0.015079643
v 0.014980078 0.045694544 0.015079643
v 0.012293719 0.045983701 0.015079643
v 0.009500000 0.046081337 0.015079643
v 0.006706281 0.045983701 0.015079643
v 0.004019922 0.045694544 0.015079643
v 0.001544161 0.045224978 0.015079643
v -0.000625863 0.044593048 0.015079643
v -0.002406755 0.043823040 0.015079643
v -0.003730078 0.042944544 0.015079643
v -0.004544975 0.041991320 0.015079643
v -0.004820133 0.041000000 0.015079643
v -0.004544975 0.040008680 0.015079643
v -0.003730078 0.039055456 0.015079643
v -0.002406755 0.038176960 0.015079643
v -0.000625863 0.037406952 0.015079643
v 0.001544161 0.036775022 0.015079643
v 0.004019922 0.036305456 0.015079643
v 0.006706281 0.036016299 0.015079643
v 0.009500000 0.035918663 0.015079643
v 0.012293719 0.036016299 0.015079643
v 0.014980078 0.036305456 0.015079643
v 0.017455839 0.036775022 0.015079643
v 0.019625863 0.037406952 0.015079643
v 0.021406755 0.038176960 0.015079643
v 0.022730078 0.039055456 0.015079643
v 0.023544975 0.040008680 0.015079643
v 0.024702172 0.041000000 0.011609171
v 0.024410066 0.042052379 0.011609171
v 0.023544975 0.043064317 0.011609171
v 0.022140144 0.043996923 0.011609171
v 0.020249559 0.044814360 0.011609171
v 0.017945874 0.045485212 0.011609171
v 0.015317619 0.045983701 0.011609171
v 0.012465797 0.046290669 0.011609171
v 0.009500000 0.046394319 0.011609171
v 0.006534203 0.046290669 0.011609171
v 0.003682381 0.045983701 0.011609171
v 0.001054126 0.045485212 0.011609171
v -0.001249559 0.044814360 0.011609171
v -0.003140144 0.043996923 0.011609171
v -0.004544975 0.043064317 0.011609171
v -0.005410066 0.042052379 0.011609171
v -0.005702172 0.041000000 0.011609171
v -0.005410066 0.039947621 0.011609171
v -0.004544975 0.038935683 0.011609171
v -0.003140144 0.038003077 0.011609171
v -0.001249559 0.037185640 0.011609171
v 0.001054126 0.036514788 0.011609171
v 0.003682381 0.036016299 0.011609171
v 0.006534203 0.035709331 0.011609171
v 0.009500000 0.035605681 0.011609171
v 0.012465797 0.035709331 0.011609171
v 0.015317619 0.036016299 0.011609171
v 0.017945874 0.036514788 0.011609171
v 0.020249559 0.037185640 0.011609171
v 0.022140144 0.038003077 0.011609171
v 0.023544975 0.038935683 0.011609171
v 0.024410066 0.039947621 0.011609171
v 0.025000000 0.041000000 0.008000000
v 0.024702172 0.042072997 0.008000000
v 0.023820133 0.043104759 0.008000000
v 0.022387779 0.044055636 0.008000000
v 0.020460155 0.044889087 0.008000000
v 0.018111339 0.045573083 0.008000000
v 0.015431593 0.046081337 0.008000000
v 0.012523900 0.046394319 0.008000000
v 0.009500000 0.046500000 0.008000000
v 0.006476100 0.046394319 0.008000000
v 0.003568407 0.046081337 0.008000000
v 0.000888661 0.045573083 0.008000000
v -0.001460155 0.044889087 0.008000000
v -0.003387779 0.044055636 0.008000000
v -0.004820133 0.043104759 0.008000000
v -0.005702172 0.042072997 0.008000000
v -0.006000000 0.041000000 0.008000000
v -0.005702172 0.039927003 0.008000000
v -0.004820133 0.038895241 0.008000000
v -0.003387779 0.037944364 0.008000000
v -0.001460155 0.037110913 0.008000000
v 0.000888661 0.036426917 0.008000000
v 0.003568407 0.035918663 0.008000000
v 0.006476100 0.035605681 0.008000000
v 0.009500000 0.035500000 0.008000000
v 0.012523900 0.035605681 0.008000000
v 0.015431593 0.035918663 0.008000000
v 0.018111339 0.036426917 0.008000000
v 0.020460155 0.037110913 0.008000000
v 0.022387779 0.037944364 0.008000000
v 0.023820133 0.038895241 0.008000000
v 0.024702172 0.039927003 0.008000000
v 0.024702172 0.041000000 0.004390829
v 0.024410066 0.042052379 0.004390829
v 0.023544975 0.043064317 0.004390829
v 0.022140144 0.043996923 0.004390829
v 0.020249559 0.044814360 0.004390829
v 0.017945874 0.045485212 0.004390829
v 0.015317619 0.045983701 0.004390829
v 0.012465797 0.046290669 0.004390829
v 0.009500000 0.046394319 0.004390829
v 0.006534203 0.046290669 0.004390829
v 0.003682381 0.045983701 0.004390829
v 0.001054126 0.045485212 0.004390829
v -0.001249559 0.044814360 0.004390829
v -0.003140144 0.043996923 0.004390829
v -0.004544975 0.043064317 0.004390829
v -0.005410066 0.042052379 0.004390829
v -0.005702172 0.041000000 0.004390829
v -0.005410066 0.039947621 0.004390829
v -0.004544975 0.038935683 0.004390829
v -0.003140144 0.038003077 0.004390829
v -0.001249559 0.037185640 0.004390829
v 0.001054126 0.036514788 0.004390829
v 0.003682381 0.036016299 0.004390829
v 0.006534203 0.035709331 0.004390829
v 0.009500000 0.035605681 0.004390829
v 0.012465797 0.035709331 0.004390829
v 0.015317619 0.036016299 0.004390829
v 0.017945874 0.036514788 0.004390829
v 0.020249559 0.037185640 0.004390829
v 0.022140144 0.038003077 0.004390829
v 0.023544975 0.038935683 0.004390829
v 0.024410066 0.039947621 0.004390829
v 0.023820133 0.041000000 0.000920357
v 0.023544975 0.041991320 0.000920357
v 0.022730078 0.042944544 0.000920357
v 0.021406755 0.043823040 0.000920357
v 0.019625863 0.044593048 0.000920357
v 0.017455839 0.045224978 0.000920357
v 0.014980078 0.045694544 0.000920357
v 0.012293719 0.045983701 0.000920357
v 0.009500000 0.046081337 0.000920357
v 0.006706281 0.045983701 0.000920357
v 0.004019922 0.045694544 0.000920357
v 0.001544161 0.045224978 0.000920357
v -0.000625863 0.044593048 0.000920357
v -0.002406755 0.043823040 0.000920357
v -0.003730078 0.042944544 0.000920357
v -0.004544975 0.041991320 0.000920357
v -0.004820133 0.041000000 0.000920357
v -0.004544975 0.040008680 0.000920357
v -0.003730078 0.039055456 0.000920357
v -0.002406755 0.038176960 0.000920357
v -0.000625863 0.037406952 0.000920357
v 0.001544161 0.036775022 0.000920357
v 0.004019922 0.036305456 0.000920357
v 0.006706281 0.036016299 0.000920357
v 0.009500000 0.035918663 0.000920357
v 0.012293719 0.036016299 0.000920357
v 0.014980078 0.036305456 0.000920357
v 0.017455839 0.036775022 0.000920357
v 0.019625863 0.037406952 0.000920357
v 0.021406755 0.038176960 0.000920357
v 0.022730078 0.039055456 0.000920357
v 0.023544975 0.040008680 0.000920357
v 0.022387779 0.041000000 -0.002278049
v 0.022140144 0.041892164 -0.002278049
v 0.021406755 0.042750043 -0.002278049
v 0.020215797 0.043540669 -0.002278049
v 0.018613036 0.044233658 -0.002278049
v 0.016660066 0.044802379 -0.002278049
v 0.014431939 0.045224978 -0.002278049
v 0.012014281 0.045485212 -0.002278049
v 0.009500000 0.045573083 -0.002278049
v 0.006985719 0.045485212 -0.002278049
v 0.004568061 0.045224978 -0.002278049
v 0.002339934 0.044802379 -0.002278049
v 0.000386964 0.044233658 -0.002278049
v -0.001215797 0.043540669 -0.002278049
v -0.002406755 0.042750043 -0.002278049
v -0.003140144 0.041892164 -0.002278049
v -0.003387779 0.041000000 -0.002278049
v -0.003140144 0.040107836 -0.002278049
v -0.002406755 0.039249957 -0.002278049
v -0.001215797 0.038459331 -0.002278049
v 0.000386964 0.037766342 -0.002278049
v 0.002339934 0.037197621 -0.002278049
v 0.004568061 0.036775022 -0.002278049
v 0.006985719 0.036514788 -0.002278049
v 0.009500000 0.036426917 -0.002278049
v 0.012014281 0.036514788 -0.002278049
v 0.014431939 0.036775022 -0.002278049
v 0.016660066 0.037197621 -0.002278049
v 0.018613036 0.037766342 -0.002278049
v 0.020215797 0.038459331 -0.002278049
v 0.021406755 0.039249957 -0.002278049
v 0.022140144 0.040107836 -0.002278049
v 0.020460155 0.041000000 -0.005081475
v 0.020249559 0.041758723 -0.005081475
v 0.019625863 0.042488289 -0.005081475
v 0.018613036 0.043160661 -0.005081475
v 0.017250000 0.043750000 -0.005081475
v 0.015589136 0.044233658 -0.005081475
v 0.013694270 0.044593048 -0.005081475
v 0.011638220 0.044814360 -0.005081475
v 0.009500000 0.044889087 -0.005081475
v 0.007361780 0.044814360 -0.005081475
v 0.005305730 0.044593048 -0.005081475
v 0.003410864 0.044233658 -0.005081475
v 0.001750000 0.043750000 -0.005081475
v 0.000386964 0.043160661 -0.005081475
v -0.000625863 0.042488289 -0.005081475
v -0.001249559 0.041758723 -0.005081475
v -0.001460155 0.041000000 -0.005081475
v -0.001249559 0.040241277 -0.005081475
v -0.000625863 0.039511711 -0.005081475
v 0.000386964 0.038839339 -0.005081475
v 0.001750000 0.038250000 -0.005081475
v 0.003410864 0.037766342 -0.005081475
v 0.005305730 0.037406952 -0.005081475
v 0.007361780 0.037185640 -0.005081475
v 0.009500000 0.037110913 -0.005081475
v 0.011638220 0.037185640 -0.005081475
v 0.013694270 0.037406952 -0.005081475
v 0.015589136 0.037766342 -0.005081475
v 0.017250000 0.038250000 -0.005081475
v 0.018613036 0.038839339 -0.005081475
v 0.019625863 0.039511711 -0.005081475
v 0.020249559 0.040241277 -0.005081475
v 0.018111339 0.041000000 -0.007382188
v 0.017945874 0.041596125 -0.007382188
v 0.017455839 0.042169341 -0.007382188
v 0.016660066 0.042697621 -0.007382188
v 0.015589136 0.043160661 -0.007382188
v 0.014284203 0.043540669 -0.007382188
v 0.012795417 0.043823040 -0.007382188
v 0.011179989 0.043996923 -0.007382188
v 0.009500000 0.044055636 -0.007382188
v 0.007820011 0.043996923 -0.007382188
v 0.006204583 0.043823040 -0.007382188
v 0.004715797 0.043540669 -0.007382188
v 0.003410864 0.043160661 -0.007382188
v 0.002339934 0.042697621 -0.007382188
v 0.001544161 0.042169341 -0.007382188
v 0.001054126 0.041596125 -0.007382188
v 0.000888661 0.041000000 -0.007382188
v 0.001054126 0.040403875 -0.007382188
v 0.001544161 0.039830659 -0.007382188
v 0.002339934 0.039302379 -0.007382188
v 0.003410864 0.038839339 -0.007382188
v 0.004715797 0.038459331 -0.007382188
v 0.006204583 0.038176960 -0.007382188
v 0.007820011 0.038003077 -0.007382188
v 0.009500000 0.037944364 -0.007382188
v 0.011179989 0.038003077 -0.007382188
v 0.012795417 0.038176960 -0.007382188
v 0.014284203 0.038459331 -0.007382188
v 0.015589136 0.038839339 -0.007382188
v 0.016660066 0.039302379 -0.007382188
v 0.017455839 0.039830659 -0.007382188
v 0.017945874 0.040403875 -0.007382188
v 0.015431593 0.041000000 -0.009091771
v 0.015317619 0.041410618 -0.009091771
v 0.014980078 0.041805456 -0.009091771
v 0.014431939 0.042169341 -0.009091771
v 0.013694270 0.042488289 -0.009091771
v 0.012795417 0.042750043 -0.009091771
v 0.011769922 0.042944544 -0.009091771
v 0.010657196 0.043064317 -0.009091771
v 0.009500000 0.043104759 -0.009091771
v 0.008342804 0.043064317 -0.009091771
v 0.007230078 0.042944544 -0.009091771
v 0.006204583 0.042750043 -0.009091771
v 0.005305730 0.042488289 -0.009091771
v 0.004568061 0.042169341 -0.009091771
v 0.004019922 0.041805456 -0.009091771
v 0.003682381 0.041410618 -0.009091771
v 0.003568407 0.041000000 -0.009091771
v 0.003682381 0.040589382 -0.009091771
v 0.004019922 0.040194544 -0.009091771
v 0.004568061 0.039830659 -0.009091771
v 0.005305730 0.039511711 -0.009091771
v 0.006204583 0.039249957 -0.009091771
v 0.007230078 0.039055456 -0.009091771
v 0.008342804 0.038935683 -0.009091771
v 0.009500000 0.038895241 -0.009091771
v 0.010657196 0.038935683 -0.009091771
v 0.011769922 0.039055456 -0.009091771
v 0.012795417 0.039249957 -0.009091771
v 0.013694270 0.039511711 -0.009091771
v 0.014431939 0.039830659 -0.009091771
v 0.014980078 0.040194544 -0.009091771
v 0.015317619 0.040589382 -0.009091771
v 0.012523900 0.041000000 -0.010144528
v 0.012465797 0.041209331 -0.010144528
v 0.012293719 0.041410618 -0.010144528
v 0.012014281 0.041596125 -0.010144528
v 0.011638220 0.041758723 -0.010144528
v 0.011179989 0.041892164 -0.010144528
v 0.010657196 0.041991320 -0.010144528
v 0.010089934 0.042052379 -0.010144528
v 0.009500000 0.042072997 -0.010144528
v 0.008910066 0.042052379 -0.010144528
v 0.008342804 0.041991320 -0.010144528
v 0.007820011 0.041892164 -0.010144528
v 0.007361780 0.041758723 -0.010144528
v 0.006985719 0.041596125 -0.010144528
v 0.006706281 0.041410618 -0.010144528
v 0.006534203 0.041209331 -0.010144528
v 0.006476100 0.041000000 -0.010144528
v 0.006534203 0.040790669 -0.010144528
v 0.006706281 0.040589382 -0.010144528
v 0.006985719 0.040403875 -0.010144528
v 0.007361780 0.040241277 -0.010144528
v 0.007820011 0.040107836 -0.010144528
v 0.008342804 0.040008680 -0.010144528
v 0.008910066 0.039947621 -0.010144528
v 0.009500000 0.039927003 -0.010144528
v 0.010089934 0.039947621 -0.010144528
v 0.010657196 0.040008680 -0.010144528
v 0.011179989 0.040107836 -0.010144528
v 0.011638220 0.040241277 -0.010144528
v 0.012014281 0.040403875 -0.010144528
v 0.012293719 0.040589382 -0.010144528
v 0.012465797 0.040790669 -0.010144528
v 0.009500000 0.041000000 -0.010500000
f 2071 2072 2073
f 2071 2073 2074
f 2071 2074 2075
f 2071 2075 2076
f 2071 2076 2077
f 2071 2077 2078
f 2071 2078 2079
f 2071 2079 2080
f 2071 2080 2081
f 2071 2081 2082
f 2071 2082 2083
f 2071 2083 2084
f 2071 2084 2085
f 2071 2085 2086
f 2071 2086 2087
f 2071 2087 2088
f 2071 2088 2089
f 2071 2089 2090
f 2071 2090 2091
f 2071 2091 2092
f 2071 2092 2093
f 2071 2093 2094
f 2071 2094 2095
f 2071 2095 2096
f 2071 2096 2097
f 2071 2097 2098
f 2071 2098 2099
f 2071 2099 2100
f 2071 2100 2101
f 2071 2101 2102
f 2071 2102 2103
f 2071 2103 2072
f 2072 2104 2105
f 2072 2105 2073
f 2073 2105 2106
f 2073 2106 2074
f 2074 2106 2107
f 2074 2107 2075
f 2075 2107 2108
f 2075 2108 2076
f 2076 2108 2109
f 2076 2109 2077
f 2077 2109 2110
f 2077 2110 2078
f 2078 2110 2111
f 2078 2111 2079
f 2079 2111 2112
f 2079 2112 2080
f 2080 2112 2113
f 2080 2113 2081
f 2081 2113 2114
f 2081 2114 2082
f 2082 2114 2115
f 2082 2115 2083
f 2083 2115 2116
f 2083 2116 2084
f 2084 2116 2117
f 2084 2117 2085
f 2085 2117 2118
f 2085 2118 2086
f 2086 2118 2119
f 2086 2119 2087
f 2087 2119 2120
f 2087 2120 2088
f 2088 2120 2121
f 2088 2121 2089
f 2089 2121 2122
f 2089 2122 2090
f 2090 2122 2123
f 2090 2123 2091
f 2091 2123 2124
f 2091 2124 2092
f 2092 2124 2125
f 2092 2125 2093
f 2093 2125 2126
f 2093 2126 2094
f 2094 2126 2127
f 2094 2127 2095
f 2095 2127 2128
f 2095 2128 2096
f 2096 2128 2129
f 2096 2129 2097
f 2097 2129 2130
f 2097 2130 2098
f 2098 2130 2131
f 2098 2131 2099
f 2099 2131 2132
f 2099 2132 2100
f 2100 2132 2133
f 2100 2133 2101
f 2101 2133 2134
f 2101 2134 2102
f 2102 2134 2135
f 2102 2135 2103
f 2103 2135 2104
f 2103 2104 2072
f 2104 2136 2137
f 2104 2137 2105
f 2105 2137 2138
f 2105 2138 2106
f 2106 2138 2139
f 2106 2139 2107
f 2107 2139 2140
f 2107 2140 2108
f 2108 2140 2141
f 2108 2141 2109
f 2109 2141 2142
f 2109 2142 2110
f 2110 2142 2143
f 2110 2143 2111
f 2111 2143 2144
f 2111 2144 2112
f 2112 2144 2145
f 2112 2145 2113
f 2113 2145 2146
f 2113 2146 2114
f 2114 2146 2147
f 2114 2147 2115
f 2115 2147 2148
f 2115 2148 2116
f 2116 2148 2149
f 2116 2149 2117
f 2117 2149 2150
f 2117 2150 2118
f 2118 2150 2151
f 2118 2151 2119
f 2119 2151 2152
f 2119 2152 2120
f 2120 2152 2153
f 2120 2153 2121
f 2121 2153 2154
f 2121 2154 2122
f 2122 2154 2155
f 2122 2155 2123
f 2123 2155 2156
f 2123 2156 2124
f 2124 2156 2157
f 2124 2157 2125
f 2125 2157 2158
f 2125 2158 2126
f 2126 2158 2159
f 2126 2159 2127
f 2127 2159 2160
f 2127 2160 2128
f 2128 2160 2161
f 2128 2161 2129
f 2129 2161 2162
f 2129 2162 2130
f 2130 2162 2163
f 2130 2163 2131
f 2131 2163 2164
f 2131 2164 2132
f 2132 2164 2165
f 2132 2165 2133
f 2133 2165 2166
f 2133 2166 2134
f 2134 2166 2167
f 2134 2167 2135
f 2135 2167 2136
f 2135 2136 2104
f 2136 2168 2169
f 2136 2169 2137
f 2137 2169 2170
f 2137 2170 2138
f 2138 2170 2171
f 2138 2171 2139
f 2139 2171 2172
f 2139 2172 2140
f 2140 2172 2173
f 2140 2173 2141
f 2141 2173 2174
f 2141 2174 2142
f 2142 2174 2175
f 2142 2175 2143
f 2143 2175 2176
f 2143 2176 2144
f 2144 2176 2177
f 2144 2177 2145
f 2145 2177 2178
f 2145 2178 2146
f 2146 2178 2179
f 2146 2179 2147
f 2147 2179 2180
f 2147 2180 2148
f 2148 2180 2181
f 2148 2181 2149
f 2149 2181 2182
f 2149 2182 2150
f 2150 2182 2183
f 2150 2183 2151
f 2151 2183 2184
f 2151 2184 2152
f 2152 2184 2185
f 2152 2185 2153
f 2153 2185 2186
f 2153 2186 2154
f 2154 2186 2187
f 2154 2187 2155
f 2155 2187 2188
f 2155 2188 2156
f 2156 2188 2189
f 2156 2189 2157
f 2157 2189 2190
f 2157 2190 2158
f 2158 2190 2191
f 2158 2191 2159
f 2159 2191 2192
f 2159 2192 2160
f 2160 2192 2193
f 2160 2193 2161
f 2161 2193 2194
f 2161 2194 2162
f 2162 2194 2195
f 2162 2195 2163
f 2163 2195 2196
f 2163 2196 2164
f 2164 2196 2197
f 2164 2197 2165
f 2165 2197 2198
f 2165 2198 2166
f 2166 2198 2199
f 2166 2199 2167
f 2167 2199 2168
f 2167 2168 2136
f 2168 2200 2201
f 2168 2201 2169
f 2169 2201 2202
f 2169 2202 2170
f 2170 2202 2203
f 2170 2203 2171
f 2171 2203 2204
f 2171 2204 2172
f 2172 2204 2205
f 2172 2205 2173
f 2173 2205 2206
f 2173 2206 2174
f 2174 2206 2207
f 2174 2207 2175
f 2175 2207 2208
f 2175 2208 2176
f 2176 2208 2209
f 2176 2209 2177
f 2177 2209 2210
f 2177 2210 2178
f 2178 2210 2211
f 2178 2211 2179
f 2179 2211 2212
f 2179 2212 2180
f 2180 2212 2213
f 2180 2213 2181
f 2181 2213 2214
f 2181 2214 2182
f 2182 2214 2215
f 2182 2215 2183
f 2183 2215 2216
f 2183 2216 2184
f 2184 2216 2217
f 2184 2217 2185
f 2185 2217 2218
f 2185 2218 2186
f 2186 2218 2219
f 2186 2219 2187
f 2187 2219 2220
f 2187 2220 2188
f 2188 2220 2221
f 2188 2221 2189
f 2189 2221 2222
f 2189 2222 2190
f 2190 2222 2223
f 2190 2223 2191
f 2191 2223 2224
f 2191 2224 2192
f 2192 2224 2225
f 2192 2225 2193
f 2193 2225 2226
f 2193 2226 2194
f 2194 2226 2227
f 2194 2227 2195
f 2195 2227 2228
f 2195 2228 2196
f 2196 2228 2229
f 2196 2229 2197
f 2197 2229 2230
f 2197 2230 2198
f 2198 2230 2231
f 2198 2231 2199
f 2199 2231 2200
f 2199 2200 2168
f 2200 2232 2233
f 2200 2233 2201
f 2201 2233 2234
f 2201 2234 2202
f 2202 2234 2235
f 2202 2235 2203
f 2203 2235 2236
f 2203 2236 2204
f 2204 2236 2237
f 2204 2237 2205
f 2205 2237 2238
f 2205 2238 2206
f 2206 2238 2239
f 2206 2239 2207
f 2207 2239 2240
f 2207 2240 2208
f 2208 2240 2241
f 2208 2241 2209
f 2209 2241 2242
f 2209 2242 2210
f 2210 2242 2243
f 2210 2243 2211
f 2211 2243 2244
f 2211 2244 2212
f 2212 2244 2245
f 2212 2245 2213
f 2213 2245 2246
f 2213 2246 2214
f 2214 2246 2247
f 2214 2247 2215
f 2215 2247 2248
f 2215 2248 2216
f 2216 2248 2249
f 2216 2249 2217
f 2217 2249 2250
f 2217 2250 2218
f 2218 2250 2251
f 2218 2251 2219
f 2219 2251 2252
f 2219 2252 2220
f 2220 2252 2253
f 2220 2253 2221
f 2221 2253 2254
f 2221 2254 2222
f 2222 2254 2255
f 2222 2255 2223
f 2223 2255 2256
f 2223 2256 2224
f 2224 2256 2257
f 2224 2257 2225
f 2225 2257 2258
f 2225 2258 2226
f 2226 2258 2259
f 2226 2259 2227
f 2227 2259 2260
f 2227 2260 2228
f 2228 2260 2261
f 2228 2261 2229
f 2229 2261 2262
f 2229 2262 2230
f 2230 2262 2263
f 2230 2263 2231
f 2231 2263 2232
f 2231 2232 2200
f 2232 2264 2265
f 2232 2265 2233
f 2233 2265 2266
f 2233 2266 2234
f 2234 2266 2267
f 2234 2267 2235
f 2235 2267 2268
f 2235 2268 2236
f 2236 2268 2269
f 2236 2269 2237
f 2237 2269 2270
f 2237 2270 2238
f 2238 2270 2271
f 2238 2271 2239
f 2239 2271 2272
f 2239 2272 2240
f 2240 2272 2273
f 2240 2273 2241
f 2241 2273 2274
f 2241 2274 2242
f 2242 2274 2275
f 2242 2275 2243
f 2243 2275 2276
f 2243 2276 2244
f 2244 2276 2277
f 2244 2277 2245
f 2245 2277 2278
f 2245 2278 2246
f 2246 2278 2279
f 2246 2279 2247
f 2247 2279 2280
f 2247 2280 2248
f 2248 2280 2281
f 2248 2281 2249
f 2249 2281 2282
f 2249 2282 2250
f 2250 2282 2283
f 2250 2283 2251
f 2251 2283 2284
f 2251 2284 2252
f 2252 2284 2285
f 2252 2285 2253
f 2253 2285 2286
f 2253 2286 2254
f 2254 2286 2287
f 2254 2287 2255
f 2255 2287 2288
f 2255 2288 2256
f 2256 2288 2289
f 2256 2289 2257
f 2257 2289 2290
f 2257 2290 2258
f 2258 2290 2291
f 2258 2291 2259
f 2259 2291 2292
f 2259 2292 2260
f 2260 2292 2293
f 2260 2293 2261
f 2261 2293 2294
f 2261 2294 2262
f 2262 2294 2295
f 2262 2295 2263
f 2263 2295 2264
f 2263 2264 2232
f 2264 2296 2297
f 2264 2297 2265
f 2265 2297 2298
f 2265 2298 2266
f 2266 2298 2299
f 2266 2299 2267
f 2267 2299 2300
f 2267 2300 2268
f 2268 2300 2301
f 2268 2301 2269
f 2269 2301 2302
f 2269 2302 2270
f 2270 2302 2303
f 2270 2303 2271
f 2271 2303 2304
f 2271 2304 2272
f 2272 2304 2305
f 2272 2305 2273
f 2273 2305 2306
f 2273 2306 2274
f 2274 2306 2307
f 2274 2307 2275
f 2275 2307 2308
f 2275 2308 2276
f 2276 2308 2309
f 2276 2309 2277
f 2277 2309 2310
f 2277 2310 2278
f 2278 2310 2311
f 2278 2311 2279
f 2279 2311 2312
f 2279 2312 2280
f 2280 2312 2313
f 2280 2313 2281
f 2281 2313 2314
f 2281 2314 2282
f 2282 2314 2315
f 2282 2315 2283
f 2283 2315 2316
f 2283 2316 2284
f 2284 2316 2317
f 2284 2317 2285
f 2285 2317 2318
f 2285 2318 2286
f 2286 2318 2319
f 2286 2319 2287
f 2287 2319 2320
f 2287 2320 2288
f 2288 2320 2321
f 2288 2321 2289
f 2289 2321 2322
f 2289 2322 2290
f 2290 2322 2323
f 2290 2323 2291
f 2291 2323 2324
f 2291 2324 2292
f 2292 2324 2325
f 2292 2325 2293
f 2293 2325 2326
f 2293 2326 2294
f 2294 2326 2327
f 2294 2327 2295
f 2295 2327 2296
f 2295 2296 2264
f 2296 2328 2329
f 2296 2329 2297
f 2297 2329 2330
f 2297 2330 2298
f 2298 2330 2331
f 2298 2331 2299
f 2299 2331 2332
f 2299 2332 2300
f 2300 2332 2333
f 2300 2333 2301
f 2301 2333 2334
f 2301 2334 2302
f 2302 2334 2335
f 2302 2335 2303
f 2303 2335 2336
f 2303 2336 2304
f 2304 2336 2337
f 2304 2337 2305
f 2305 2337 2338
f 2305 2338 2306
f 2306 2338 2339
f 2306 2339 2307
f 2307 2339 2340
f 2307 2340 2308
f 2308 2340 2341
f 2308 2341 2309
f 2309 2341 2342
f 2309 2342 2310
f 2310 2342 2343
f 2310 2343 2311
f 2311 2343 2344
f 2311 2344 2312
f 2312 2344 2345
f 2312 2345 2313
f 2313 2345 2346
f 2313 2346 2314
f 2314 2346 2347
f 2314 2347 2315
f 2315 2347 2348
f 2315 2348 2316
f 2316 2348 2349
f 2316 2349 2317
f 2317 2349 2350
f 2317 2350 2318
f 2318 2350 2351
f 2318 2351 2319
f 2319 2351 2352
f 2319 2352 2320
f 2320 2352 2353
f 2320 2353 2321
f 2321 2353 2354
f 2321 2354 2322
f 2322 2354 2355
f 2322 2355 2323
f 2323 2355 2356
f 2323 2356 2324
f 2324 2356 2357
f 2324 2357 2325
f 2325 2357 2358
f 2325 2358 2326
f 2326 2358 2359
f 2326 2359 2327
f 2327 2359 2328
f 2327 2328 2296
f 2328 2360 2361
f 2328 2361 2329
f 2329 2361 2362
f 2329 2362 2330
f 2330 2362 2363
f 2330 2363 2331
f 2331 2363 2364
f 2331 2364 2332
f 2332 2364 2365
f 2332 2365 2333
f 2333 2365 2366
f 2333 2366 2334
f 2334 2366 2367
f 2334 2367 2335
f 2335 2367 2368
f 2335 2368 2336
f 2336 2368 2369
f 2336 2369 2337
f 2337 2369 2370
f 2337 2370 2338
f 2338 2370 2371
f 2338 2371 2339
f 2339 2371 2372
f 2339 2372 2340
f 2340 2372 2373
f 2340 2373 2341
f 2341 2373 2374
f 2341 2374 2342
f 2342 2374 2375
f 2342 2375 2343
f 2343 2375 2376
f 2343 2376 2344
f 2344 2376 2377
f 2344 2377 2345
f 2345 2377 2378
f 2345 2378 2346
f 2346 2378 2379
f 2346 2379 2347
f 2347 2379 2380
f 2347 2380 2348
f 2348 2380 2381
f 2348 2381 2349
f 2349 2381 2382
f 2349 2382 2350
f 2350 2382 2383
f 2350 2383 2351
f 2351 2383 2384
f 2351 2384 2352
f 2352 2384 2385
f 2352 2385 2353
f 2353 2385 2386
f 2353 2386 2354
f 2354 2386 2387
f 2354 2387 2355
f 2355 2387 2388
f 2355 2388 2356
f 2356 2388 2389
f 2356 2389 2357
f 2357 2389 2390
f 2357 2390 2358
f 2358 2390 2391
f 2358 2391 2359
f 2359 2391 2360
f 2359 2360 2328
f 2360 2392 2393
f 2360 2393 2361
f 2361 2393 2394
f 2361 2394 2362
f 2362 2394 2395
f 2362 2395 2363
f 2363 2395 2396
f 2363 2396 2364
f 2364 2396 2397
f 2364 2397 2365
f 2365 2397 2398
f 2365 2398 2366
f 2366 2398 2399
f 2366 2399 2367
f 2367 2399 2400
f 2367 2400 2368
f 2368 2400 2401
f 2368 2401 2369
f 2369 2401 2402
f 2369 2402 2370
f 2370 2402 2403
f 2370 2403 2371
f 2371 2403 2404
f 2371 2404 2372
f 2372 2404 2405
f 2372 2405 2373
f 2373 2405 2406
f 2373 2406 2374
f 2374 2406 2407
f 2374 2407 2375
f 2375 2407 2408
f 2375 2408 2376
f 2376 2408 2409
f 2376 2409 2377
f 2377 2409 2410
f 2377 2410 2378
f 2378 2410 2411
f 2378 2411 2379
f 2379 2411 2412
f 2379 2412 2380
f 2380 2412 2413
f 2380 2413 2381
f 2381 2413 2414
f 2381 2414 2382
f 2382 2414 2415
f 2382 2415 2383
f 2383 2415 2416
f 2383 2416 2384
f 2384 2416 2417
f 2384 2417 2385
f 2385 2417 2418
f 2385 2418 2386
f 2386 2418 2419
f 2386 2419 2387
f 2387 2419 2420
f 2387 2420 2388
f 2388 2420 2421
f 2388 2421 2389
f 2389 2421 2422
f 2389 2422 2390
f 2390 2422 2423
f 2390 2423 2391
f 2391 2423 2392
f 2391 2392 2360
f 2392 2424 2425
f 2392 2425 2393
f 2393 2425 2426
f 2393 2426 2394
f 2394 2426 2427
f 2394 2427 2395
f 2395 2427 2428
f 2395 2428 2396
f 2396 2428 2429
f 2396 2429 2397
f 2397 2429 2430
f 2397 2430 2398
f 2398 2430 2431
f 2398 2431 2399
f 2399 2431 2432
f 2399 2432 2400
f 2400 2432 2433
f 2400 2433 2401
f 2401 2433 2434
f 2401 2434 2402
f 2402 2434 2435
f 2402 2435 2403
f 2403 2435 2436
f 2403 2436 2404
f 2404 2436 2437
f 2404 2437 2405
f 2405 2437 2438
f 2405 2438 2406
f 2406 2438 2439
f 2406 2439 2407
f 2407 2439 2440
f 2407 2440 2408
f 2408 2440 2441
f 2408 2441 2409
f 2409 2441 2442
f 2409 2442 2410
f 2410 2442 2443
f 2410 2443 2411
f 2411 2443 2444
f 2411 2444 2412
f 2412 2444 2445
f 2412 2445 2413
f 2413 2445 2446
f 2413 2446 2414
f 2414 2446 2447
f 2414 2447 2415
f 2415 2447 2448
f 2415 2448 2416
f 2416 2448 2449
f 2416 2449 2417
f 2417 2449 2450
f 2417 2450 2418
f 2418 2450 2451
f 2418 2451 2419
f 2419 2451 2452
f 2419 2452 2420
f 2420 2452 2453
f 2420 2453 2421
f 2421 2453 2454
f 2421 2454 2422
f 2422 2454 2455
f 2422 2455 2423
f 2423 2455 2424
f 2423 2424 2392
f 2424 2456 2457
f 2424 2457 2425
f 2425 2457 2458
f 2425 2458 2426
f 2426 2458 2459
f 2426 2459 2427
f 2427 2459 2460
f 2427 2460 2428
f 2428 2460 2461
f 2428 2461 2429
f 2429 2461 2462
f 2429 2462 2430
f 2430 2462 2463
f 2430 2463 2431
f 2431 2463 2464
f 2431 2464 2432
f 2432 2464 2465
f 2432 2465 2433
f 2433 2465 2466
f 2433 2466 2434
f 2434 2466 2467
f 2434 2467 2435
f 2435 2467 2468
f 2435 2468 2436
f 2436 2468 2469
f 2436 2469 2437
f 2437 2469 2470
f 2437 2470 2438
f 2438 2470 2471
f 2438 2471 2439
f 2439 2471 2472
f 2439 2472 2440
f 2440 2472 2473
f 2440 2473 2441
f 2441 2473 2474
f 2441 2474 2442
f 2442 2474 2475
f 2442 2475 2443
f 2443 2475 2476
f 2443 2476 2444
f 2444 2476 2477
f 2444 2477 2445
f 2445 2477 2478
f 2445 2478 2446
f 2446 2478 2479
f 2446 2479 2447
f 2447 2479 2480
f 2447 2480 2448
f 2448 2480 2481
f 2448 2481 2449
f 2449 2481 2482
f 2449 2482 2450
f 2450 2482 2483
f 2450 2483 2451
f 2451 2483 2484
f 2451 2484 2452
f 2452 2484 2485
f 2452 2485 2453
f 2453 2485 2486
f 2453 2486 2454
f 2454 2486 2487
f 2454 2487 2455
f 2455 2487 2456
f 2455 2456 2424
f 2456 2488 2489
f 2456 2489 2457
f 2457 2489 2490
f 2457 2490 2458
f 2458 2490 2491
f 2458 2491 2459
f 2459 2491 2492
f 2459 2492 2460
f 2460 2492 2493
f 2460 2493 2461
f 2461 2493 2494
f 2461 2494 2462
f 2462 2494 2495
f 2462 2495 2463
f 2463 2495 2496
f 2463 2496 2464
f 2464 2496 2497
f 2464 2497 2465
f 2465 2497 2498
f 2465 2498 2466
f 2466 2498 2499
f 2466 2499 2467
f 2467 2499 2500
f 2467 2500 2468
f 2468 2500 2501
f 2468 2501 2469
f 2469 2501 2502
f 2469 2502 2470
f 2470 2502 2503
f 2470 2503 2471
f 2471 2503 2504
f 2471 2504 2472
f 2472 2504 2505
f 2472 2505 2473
f 2473 2505 2506
f 2473 2506 2474
f 2474 2506 2507
f 2474 2507 2475
f 2475 2507 2508
f 2475 2508 2476
f 2476 2508 2509
f 2476 2509 2477
f 2477 2509 2510
f 2477 2510 2478
f 2478 2510 2511
f 2478 2511 2479
f 2479 2511 2512
f 2479 2512 2480
f 2480 2512 2513
f 2480 2513 2481
f 2481 2513 2514
f 2481 2514 2482
f 2482 2514 2515
f 2482 2515 2483
f 2483 2515 2516
f 2483 2516 2484
f 2484 2516 2517
f 2484 2517 2485
f 2485 2517 2518
f 2485 2518 2486
f 2486 2518 2519
f 2486 2519 2487
f 2487 2519 2488
f 2487 2488 2456
f 2488 2520 2521
f 2488 2521 2489
f 2489 2521 2522
f 2489 2522 2490
f 2490 2522 2523
f 2490 2523 2491
f 2491 2523 2524
f 2491 2524 2492
f 2492 2524 2525
f 2492 2525 2493
f 2493 2525 2526
f 2493 2526 2494
f 2494 2526 2527
f 2494 2527 2495
f 2495 2527 2528
f 2495 2528 2496
f 2496 2528 2529
f 2496 2529 2497
f 2497 2529 2530
f 2497 2530 2498
f 2498 2530 2531
f 2498 2531 2499
f 2499 2531 2532
f 2499 2532 2500
f 2500 2532 2533
f 2500 2533 2501
f 2501 2533 2534
f 2501 2534 2502
f 2502 2534 2535
f 2502 2535 2503
f 2503 2535 2536
f 2503 2536 2504
f 2504 2536 2537
f 2504 2537 2505
f 2505 2537 2538
f 2505 2538 2506
f 2506 2538 2539
f 2506 2539 2507
f 2507 2539 2540
f 2507 2540 2508
f 2508 2540 2541
f 2508 2541 2509
f 2509 2541 2542
f 2509 2542 2510
f 2510 2542 2543
f 2510 2543 2511
f 2511 2543 2544
f 2511 2544 2512
f 2512 2544 2545
f 2512 2545 2513
f 2513 2545 2546
f 2513 2546 2514
f 2514 2546 2547
f 2514 2547 2515
f 2515 2547 2548
f 2515 2548 2516
f 2516 2548 2549
f 2516 2549 2517
f 2517 2549 2550
f 2517 2550 2518
f 2518 2550 2551
f 2518 2551 2519
f 2519 2551 2520
f 2519 2520 2488
f 2552 2521 2520
f 2552 2522 2521
f 2552 2523 2522
f 2552 2524 2523
f 2552 2525 2524
f 2552 2526 2525
f 2552 2527 2526
f 2552 2528 2527
f 2552 2529 2528
f 2552 2530 2529
f 2552 2531 2530
f 2552 2532 2531
f 2552 2533 2532
f 2552 2534 2533
f 2552 2535 2534
f 2552 2536 2535
f 2552 2537 2536
f 2552 2538 2537
f 2552 2539 2538
f 2552 2540 2539
f 2552 2541 2540
f 2552 2542 2541
f 2552 2543 2542
f 2552 2544 2543
f 2552 2545 2544
f 2552 2546 2545
f 2552 2547 2546
f 2552 2548 2547
f 2552 2549 2548
f 2552 2550 2549
f 2552 2551 2550
f 2552 2520 2551
o pink_face_muzzle
usemtl face_pink
v 0.000000000 0.042000000 0.008000000
v 0.004682168 0.042000000 0.007769423
v 0.004592201 0.042220749 0.007769423
v 0.004325759 0.042433015 0.007769423
v 0.003893080 0.042628641 0.007769423
v 0.003310793 0.042800108 0.007769423
v 0.002601273 0.042940828 0.007769423
v 0.001791788 0.043045392 0.007769423
v 0.000913446 0.043109782 0.007769423
v 0.000000000 0.043131524 0.007769423
v -0.000913446 0.043109782 0.007769423
v -0.001791788 0.043045392 0.007769423
v -0.002601273 0.042940828 0.007769423
v -0.003310793 0.042800108 0.007769423
v -0.003893080 0.042628641 0.007769423
v -0.004325759 0.042433015 0.007769423
v -0.004592201 0.042220749 0.007769423
v -0.004682168 0.042000000 0.007769423
v -0.004592201 0.041779251 0.007769423
v -0.004325759 0.041566985 0.007769423
v -0.003893080 0.041371359 0.007769423
v -0.003310793 0.041199892 0.007769423
v -0.002601273 0.041059172 0.007769423
v -0.001791788 0.040954608 0.007769423
v -0.000913446 0.040890218 0.007769423
v -0.000000000 0.040868476 0.007769423
v 0.000913446 0.040890218 0.007769423
v 0.001791788 0.040954608 0.007769423
v 0.002601273 0.041059172 0.007769423
v 0.003310793 0.041199892 0.007769423
v 0.003893080 0.041371359 0.007769423
v 0.004325759 0.041566985 0.007769423
v 0.004592201 0.041779251 0.007769423
v 0.009184402 0.042000000 0.007086554
v 0.009007927 0.042433015 0.007086554
v 0.008485281 0.042849390 0.007086554
v 0.007636551 0.043233124 0.007086554
v 0.006494353 0.043569469 0.007086554
v 0.005102581 0.043845500 0.007086554
v 0.003514719 0.044050610 0.007086554
v 0.001791788 0.044176916 0.007086554
v 0.000000000 0.044219564 0.007086554
v -0.001791788 0.044176916 0.007086554
v -0.003514719 0.044050610 0.007086554
v -0.005102581 0.043845500 0.007086554
v -0.006494353 0.043569469 0.007086554
v -0.007636551 0.043233124 0.007086554
v -0.008485281 0.042849390 0.007086554
v -0.009007927 0.042433015 0.007086554
v -0.009184402 0.042000000 0.007086554
v -0.009007927 0.041566985 0.007086554
v -0.008485281 0.041150610 0.007086554
v -0.007636551 0.040766876 0.007086554
v -0.006494353 0.040430531 0.007086554
v -0.005102581 0.040154500 0.007086554
v -0.003514719 0.039949390 0.007086554
v -0.001791788 0.039823084 0.007086554
v -0.000000000 0.039780436 0.007086554
v 0.001791788 0.039823084 0.007086554
v 0.003514719 0.039949390 0.007086554
v 0.005102581 0.040154500 0.007086554
v 0.006494353 0.040430531 0.007086554
v 0.007636551 0.040766876 0.007086554
v 0.008485281 0.041150610 0.007086554
v 0.009007927 0.041566985 0.007086554
v 0.013333686 0.042000000 0.005977635
v 0.013077483 0.042628641 0.005977635
v 0.012318719 0.043233124 0.005977635
v 0.011086554 0.043790218 0.005977635
v 0.009428340 0.044278515 0.005977635
v 0.007407799 0.044679251 0.005977635
v 0.005102581 0.044977024 0.005977635
v 0.002601273 0.045160392 0.005977635
v 0.000000000 0.045222307 0.005977635
v -0.002601273 0.045160392 0.005977635
v -0.005102581 0.044977024 0.005977635
v -0.007407799 0.044679251 0.005977635
v -0.009428340 0.044278515 0.005977635
v -0.011086554 0.043790218 0.005977635
v -0.012318719 0.043233124 0.005977635
v -0.013077483 0.042628641 0.005977635
v -0.013333686 0.042000000 0.005977635
v -0.013077483 0.041371359 0.005977635
v -0.012318719 0.040766876 0.005977635
v -0.011086554 0.040209782 0.005977635
v -0.009428340 0.039721485 0.005977635
v -0.007407799 0.039320749 0.005977635
v -0.005102581 0.039022976 0.005977635
v -0.002601273 0.038839608 0.005977635
v -0.000000000 0.038777693 0.005977635
v 0.002601273 0.038839608 0.005977635
v 0.005102581 0.039022976 0.005977635
v 0.007407799 0.039320749 0.005977635
v 0.009428340 0.039721485 0.005977635
v 0.011086554 0.040209782 0.005977635
v 0.012318719 0.040766876 0.005977635
v 0.013077483 0.041371359 0.005977635
v 0.016970563 0.042000000 0.004485281
v 0.016644478 0.042800108 0.004485281
v 0.015678756 0.043569469 0.004485281
v 0.014110507 0.044278515 0.004485281
v 0.012000000 0.044900000 0.004485281
v 0.009428340 0.045410039 0.004485281
v 0.006494353 0.045789033 0.004485281
v 0.003310793 0.046022416 0.004485281
v 0.000000000 0.046101219 0.004485281
v -0.003310793 0.046022416 0.004485281
v -0.006494353 0.045789033 0.004485281
v -0.009428340 0.045410039 0.004485281
v -0.012000000 0.044900000 0.004485281
v -0.014110507 0.044278515 0.004485281
v -0.015678756 0.043569469 0.004485281
v -0.016644478 0.042800108 0.004485281
v -0.016970563 0.042000000 0.004485281
v -0.016644478 0.041199892 0.004485281
v -0.015678756 0.040430531 0.004485281
v -0.014110507 0.039721485 0.004485281
v -0.012000000 0.039100000 0.004485281
v -0.009428340 0.038589961 0.004485281
v -0.006494353 0.038210967 0.004485281
v -0.003310793 0.037977584 0.004485281
v -0.000000000 0.037898781 0.004485281
v 0.003310793 0.037977584 0.004485281
v 0.006494353 0.038210967 0.004485281
v 0.009428340 0.038589961 0.004485281
v 0.012000000 0.039100000 0.004485281
v 0.014110507 0.039721485 0.004485281
v 0.015678756 0.040430531 0.004485281
v 0.016644478 0.041199892 0.004485281
v 0.019955271 0.042000000 0.002666843
v 0.019571836 0.042940828 0.002666843
v 0.018436266 0.043845500 0.002666843
v 0.016592201 0.044679251 0.002666843
v 0.014110507 0.045410039 0.002666843
v 0.011086554 0.046009782 0.002666843
v 0.007636551 0.046455431 0.002666843
v 0.003893080 0.046729860 0.002666843
v 0.000000000 0.046822524 0.002666843
v -0.003893080 0.046729860 0.002666843
v -0.007636551 0.046455431 0.002666843
v -0.011086554 0.046009782 0.002666843
v -0.014110507 0.045410039 0.002666843
v -0.016592201 0.044679251 0.002666843
v -0.018436266 0.043845500 0.002666843
v -0.019571836 0.042940828 0.002666843
v -0.019955271 0.042000000 0.002666843
v -0.019571836 0.041059172 0.002666843
v -0.018436266 0.040154500 0.002666843
v -0.016592201 0.039320749 0.002666843
v -0.014110507 0.038589961 0.002666843
v -0.011086554 0.037990218 0.002666843
v -0.007636551 0.037544569 0.002666843
v -0.003893080 0.037270140 0.002666843
v -0.000000000 0.037177476 0.002666843
v 0.003893080 0.037270140 0.002666843
v 0.007636551 0.037544569 0.002666843
v 0.011086554 0.037990218 0.002666843
v 0.014110507 0.038589961 0.002666843
v 0.016592201 0.039320749 0.002666843
v 0.018436266 0.040154500 0.002666843
v 0.019571836 0.041059172 0.002666843
v 0.022173109 0.042000000 0.000592201
v 0.021747059 0.043045392 0.000592201
v 0.020485281 0.044050610 0.000592201
v 0.018436266 0.044977024 0.000592201
v 0.015678756 0.045789033 0.000592201
v 0.012318719 0.046455431 0.000592201
v 0.008485281 0.046950610 0.000592201
v 0.004325759 0.047255539 0.000592201
v 0.000000000 0.047358501 0.000592201
v -0.004325759 0.047255539 0.000592201
v -0.008485281 0.046950610 0.000592201
v -0.012318719 0.046455431 0.000592201
v -0.015678756 0.045789033 0.000592201
v -0.018436266 0.044977024 0.000592201
v -0.020485281 0.044050610 0.000592201
v -0.021747059 0.043045392 0.000592201
v -0.022173109 0.042000000 0.000592201
v -0.021747059 0.040954608 0.000592201
v -0.020485281 0.039949390 0.000592201
v -0.018436266 0.039022976 0.000592201
v -0.015678756 0.038210967 0.000592201
v -0.012318719 0.037544569 0.000592201
v -0.008485281 0.037049390 0.000592201
v -0.004325759 0.036744461 0.000592201
v -0.000000000 0.036641499 0.000592201
v 0.004325759 0.036744461 0.000592201
v 0.008485281 0.037049390 0.000592201
v 0.012318719 0.037544569 0.000592201
v 0.015678756 0.038210967 0.000592201
v 0.018436266 0.039022976 0.000592201
v 0.020485281 0.039949390 0.000592201
v 0.021747059 0.040954608 0.000592201
v 0.023538847 0.042000000 -0.001658916
v 0.023086554 0.043109782 -0.001658916
v 0.021747059 0.044176916 -0.001658916
v 0.019571836 0.045160392 -0.001658916
v 0.016644478 0.046022416 -0.001658916
v 0.013077483 0.046729860 -0.001658916
v 0.009007927 0.047255539 -0.001658916
v 0.004592201 0.047579251 -0.001658916
v 0.000000000 0.047688555 -0.001658916
v -0.004592201 0.047579251 -0.001658916
v -0.009007927 0.047255539 -0.001658916
v -0.013077483 0.046729860 -0.001658916
v -0.016644478 0.046022416 -0.001658916
v -0.019571836 0.045160392 -0.001658916
v -0.021747059 0.044176916 -0.001658916
v -0.023086554 0.043109782 -0.001658916
v -0.023538847 0.042000000 -0.001658916
v -0.023086554 0.040890218 -0.001658916
v -0.021747059 0.039823084 -0.001658916
v -0.019571836 0.038839608 -0.001658916
v -0.016644478 0.037977584 -0.001658916
v -0.013077483 0.037270140 -0.001658916
v -0.009007927 0.036744461 -0.001658916
v -0.004592201 0.036420749 -0.001658916
v -0.000000000 0.036311445 -0.001658916
v 0.004592201 0.036420749 -0.001658916
v 0.009007927 0.036744461 -0.001658916
v 0.013077483 0.037270140 -0.001658916
v 0.016644478 0.037977584 -0.001658916
v 0.019571836 0.038839608 -0.001658916
v 0.021747059 0.039823084 -0.001658916
v 0.023086554 0.040890218 -0.001658916
v 0.024000000 0.042000000 -0.004000000
v 0.023538847 0.043131524 -0.004000000
v 0.022173109 0.044219564 -0.004000000
v 0.019955271 0.045222307 -0.004000000
v 0.016970563 0.046101219 -0.004000000
v 0.013333686 0.046822524 -0.004000000
v 0.009184402 0.047358501 -0.004000000
v 0.004682168 0.047688555 -0.004000000
v 0.000000000 0.047800000 -0.004000000
v -0.004682168 0.047688555 -0.004000000
v -0.009184402 0.047358501 -0.004000000
v -0.013333686 0.046822524 -0.004000000
v -0.016970563 0.046101219 -0.004000000
v -0.019955271 0.045222307 -0.004000000
v -0.022173109 0.044219564 -0.004000000
v -0.023538847 0.043131524 -0.004000000
v -0.024000000 0.042000000 -0.004000000
v -0.023538847 0.040868476 -0.004000000
v -0.022173109 0.039780436 -0.004000000
v -0.019955271 0.038777693 -0.004000000
v -0.016970563 0.037898781 -0.004000000
v -0.013333686 0.037177476 -0.004000000
v -0.009184402 0.036641499 -0.004000000
v -0.004682168 0.036311445 -0.004000000
v -0.000000000 0.036200000 -0.004000000
v 0.004682168 0.036311445 -0.004000000
v 0.009184402 0.036641499 -0.004000000
v 0.013333686 0.037177476 -0.004000000
v 0.016970563 0.037898781 -0.004000000
v 0.019955271 0.038777693 -0.004000000
v 0.022173109 0.039780436 -0.004000000
v 0.023538847 0.040868476 -0.004000000
v 0.023538847 0.042000000 -0.006341084
v 0.023086554 0.043109782 -0.006341084
v 0.021747059 0.044176916 -0.006341084
v 0.019571836 0.045160392 -0.006341084
v 0.016644478 0.046022416 -0.006341084
v 0.013077483 0.046729860 -0.006341084
v 0.009007927 0.047255539 -0.006341084
v 0.004592201 0.047579251 -0.006341084
v 0.000000000 0.047688555 -0.006341084
v -0.004592201 0.047579251 -0.006341084
v -0.009007927 0.047255539 -0.006341084
v -0.013077483 0.046729860 -0.006341084
v -0.016644478 0.046022416 -0.006341084
v -0.019571836 0.045160392 -0.006341084
v -0.021747059 0.044176916 -0.006341084
v -0.023086554 0.043109782 -0.006341084
v -0.023538847 0.042000000 -0.006341084
v -0.023086554 0.040890218 -0.006341084
v -0.021747059 0.039823084 -0.006341084
v -0.019571836 0.038839608 -0.006341084
v -0.016644478 0.037977584 -0.006341084
v -0.013077483 0.037270140 -0.006341084
v -0.009007927 0.036744461 -0.006341084
v -0.004592201 0.036420749 -0.006341084
v -0.000000000 0.036311445 -0.006341084
v 0.004592201 0.036420749 -0.006341084
v 0.009007927 0.036744461 -0.006341084
v 0.013077483 0.037270140 -0.006341084
v 0.016644478 0.037977584 -0.006341084
v 0.019571836 0.038839608 -0.006341084
v 0.021747059 0.039823084 -0.006341084
v 0.023086554 0.040890218 -0.006341084
v 0.022173109 0.042000000 -0.008592201
v 0.021747059 0.043045392 -0.008592201
v 0.020485281 0.044050610 -0.008592201
v 0.018436266 0.044977024 -0.008592201
v 0.015678756 0.045789033 -0.008592201
v 0.012318719 0.046455431 -0.008592201
v 0.008485281 0.046950610 -0.008592201
v 0.004325759 0.047255539 -0.008592201
v 0.000000000 0.047358501 -0.008592201
v -0.004325759 0.047255539 -0.008592201
v -0.008485281 0.046950610 -0.008592201
v -0.012318719 0.046455431 -0.008592201
v -0.015678756 0.045789033 -0.008592201
v -0.018436266 0.044977024 -0.008592201
v -0.020485281 0.044050610 -0.008592201
v -0.021747059 0.043045392 -0.008592201
v -0.022173109 0.042000000 -0.008592201
v -0.021747059 0.040954608 -0.008592201
v -0.020485281 0.039949390 -0.008592201
v -0.018436266 0.039022976 -0.008592201
v -0.015678756 0.038210967 -0.008592201
v -0.012318719 0.037544569 -0.008592201
v -0.008485281 0.037049390 -0.008592201
v -0.004325759 0.036744461 -0.008592201
v -0.000000000 0.036641499 -0.008592201
v 0.004325759 0.036744461 -0.008592201
v 0.008485281 0.037049390 -0.008592201
v 0.012318719 0.037544569 -0.008592201
v 0.015678756 0.038210967 -0.008592201
v 0.018436266 0.039022976 -0.008592201
v 0.020485281 0.039949390 -0.008592201
v 0.021747059 0.040954608 -0.008592201
v 0.019955271 0.042000000 -0.010666843
v 0.019571836 0.042940828 -0.010666843
v 0.018436266 0.043845500 -0.010666843
v 0.016592201 0.044679251 -0.010666843
v 0.014110507 0.045410039 -0.010666843
v 0.011086554 0.046009782 -0.010666843
v 0.007636551 0.046455431 -0.010666843
v 0.003893080 0.046729860 -0.010666843
v 0.000000000 0.046822524 -0.010666843
v -0.003893080 0.046729860 -0.010666843
v -0.007636551 0.046455431 -0.010666843
v -0.011086554 0.046009782 -0.010666843
v -0.014110507 0.045410039 -0.010666843
v -0.016592201 0.044679251 -0.010666843
v -0.018436266 0.043845500 -0.010666843
v -0.019571836 0.042940828 -0.010666843
v -0.019955271 0.042000000 -0.010666843
v -0.019571836 0.041059172 -0.010666843
v -0.018436266 0.040154500 -0.010666843
v -0.016592201 0.039320749 -0.010666843
v -0.014110507 0.038589961 -0.010666843
v -0.011086554 0.037990218 -0.010666843
v -0.007636551 0.037544569 -0.010666843
v -0.003893080 0.037270140 -0.010666843
v -0.000000000 0.037177476 -0.010666843
v 0.003893080 0.037270140 -0.010666843
v 0.007636551 0.037544569 -0.010666843
v 0.011086554 0.037990218 -0.010666843
v 0.014110507 0.038589961 -0.010666843
v 0.016592201 0.039320749 -0.010666843
v 0.018436266 0.040154500 -0.010666843
v 0.019571836 0.041059172 -0.010666843
v 0.016970563 0.042000000 -0.012485281
v 0.016644478 0.042800108 -0.012485281
v 0.015678756 0.043569469 -0.012485281
v 0.014110507 0.044278515 -0.012485281
v 0.012000000 0.044900000 -0.012485281
v 0.009428340 0.045410039 -0.012485281
v 0.006494353 0.045789033 -0.012485281
v 0.003310793 0.046022416 -0.012485281
v 0.000000000 0.046101219 -0.012485281
v -0.003310793 0.046022416 -0.012485281
v -0.006494353 0.045789033 -0.012485281
v -0.009428340 0.045410039 -0.012485281
v -0.012000000 0.044900000 -0.012485281
v -0.014110507 0.044278515 -0.012485281
v -0.015678756 0.043569469 -0.012485281
v -0.016644478 0.042800108 -0.012485281
v -0.016970563 0.042000000 -0.012485281
v -0.016644478 0.041199892 -0.012485281
v -0.015678756 0.040430531 -0.012485281
v -0.014110507 0.039721485 -0.012485281
v -0.012000000 0.039100000 -0.012485281
v -0.009428340 0.038589961 -0.012485281
v -0.006494353 0.038210967 -0.012485281
v -0.003310793 0.037977584 -0.012485281
v -0.000000000 0.037898781 -0.012485281
v 0.003310793 0.037977584 -0.012485281
v 0.006494353 0.038210967 -0.012485281
v 0.009428340 0.038589961 -0.012485281
v 0.012000000 0.039100000 -0.012485281
v 0.014110507 0.039721485 -0.012485281
v 0.015678756 0.040430531 -0.012485281
v 0.016644478 0.041199892 -0.012485281
v 0.013333686 0.042000000 -0.013977635
v 0.013077483 0.042628641 -0.013977635
v 0.012318719 0.043233124 -0.013977635
v 0.011086554 0.043790218 -0.013977635
v 0.009428340 0.044278515 -0.013977635
v 0.007407799 0.044679251 -0.013977635
v 0.005102581 0.044977024 -0.013977635
v 0.002601273 0.045160392 -0.013977635
v 0.000000000 0.045222307 -0.013977635
v -0.002601273 0.045160392 -0.013977635
v -0.005102581 0.044977024 -0.013977635
v -0.007407799 0.044679251 -0.013977635
v -0.009428340 0.044278515 -0.013977635
v -0.011086554 0.043790218 -0.013977635
v -0.012318719 0.043233124 -0.013977635
v -0.013077483 0.042628641 -0.013977635
v -0.013333686 0.042000000 -0.013977635
v -0.013077483 0.041371359 -0.013977635
v -0.012318719 0.040766876 -0.013977635
v -0.011086554 0.040209782 -0.013977635
v -0.009428340 0.039721485 -0.013977635
v -0.007407799 0.039320749 -0.013977635
v -0.005102581 0.039022976 -0.013977635
v -0.002601273 0.038839608 -0.013977635
v -0.000000000 0.038777693 -0.013977635
v 0.002601273 0.038839608 -0.013977635
v 0.005102581 0.039022976 -0.013977635
v 0.007407799 0.039320749 -0.013977635
v 0.009428340 0.039721485 -0.013977635
v 0.011086554 0.040209782 -0.013977635
v 0.012318719 0.040766876 -0.013977635
v 0.013077483 0.041371359 -0.013977635
v 0.009184402 0.042000000 -0.015086554
v 0.009007927 0.042433015 -0.015086554
v 0.008485281 0.042849390 -0.015086554
v 0.007636551 0.043233124 -0.015086554
v 0.006494353 0.043569469 -0.015086554
v 0.005102581 0.043845500 -0.015086554
v 0.003514719 0.044050610 -0.015086554
v 0.001791788 0.044176916 -0.015086554
v 0.000000000 0.044219564 -0.015086554
v -0.001791788 0.044176916 -0.015086554
v -0.003514719 0.044050610 -0.015086554
v -0.005102581 0.043845500 -0.015086554
v -0.006494353 0.043569469 -0.015086554
v -0.007636551 0.043233124 -0.015086554
v -0.008485281 0.042849390 -0.015086554
v -0.009007927 0.042433015 -0.015086554
v -0.009184402 0.042000000 -0.015086554
v -0.009007927 0.041566985 -0.015086554
v -0.008485281 0.041150610 -0.015086554
v -0.007636551 0.040766876 -0.015086554
v -0.006494353 0.040430531 -0.015086554
v -0.005102581 0.040154500 -0.015086554
v -0.003514719 0.039949390 -0.015086554
v -0.001791788 0.039823084 -0.015086554
v -0.000000000 0.039780436 -0.015086554
v 0.001791788 0.039823084 -0.015086554
v 0.003514719 0.039949390 -0.015086554
v 0.005102581 0.040154500 -0.015086554
v 0.006494353 0.040430531 -0.015086554
v 0.007636551 0.040766876 -0.015086554
v 0.008485281 0.041150610 -0.015086554
v 0.009007927 0.041566985 -0.015086554
v 0.004682168 0.042000000 -0.015769423
v 0.004592201 0.042220749 -0.015769423
v 0.004325759 0.042433015 -0.015769423
v 0.003893080 0.042628641 -0.015769423
v 0.003310793 0.042800108 -0.015769423
v 0.002601273 0.042940828 -0.015769423
v 0.001791788 0.043045392 -0.015769423
v 0.000913446 0.043109782 -0.015769423
v 0.000000000 0.043131524 -0.015769423
v -0.000913446 0.043109782 -0.015769423
v -0.001791788 0.043045392 -0.015769423
v -0.002601273 0.042940828 -0.015769423
v -0.003310793 0.042800108 -0.015769423
v -0.003893080 0.042628641 -0.015769423
v -0.004325759 0.042433015 -0.015769423
v -0.004592201 0.042220749 -0.015769423
v -0.004682168 0.042000000 -0.015769423
v -0.004592201 0.041779251 -0.015769423
v -0.004325759 0.041566985 -0.015769423
v -0.003893080 0.041371359 -0.015769423
v -0.003310793 0.041199892 -0.015769423
v -0.002601273 0.041059172 -0.015769423
v -0.001791788 0.040954608 -0.015769423
v -0.000913446 0.040890218 -0.015769423
v -0.000000000 0.040868476 -0.015769423
v 0.000913446 0.040890218 -0.015769423
v 0.001791788 0.040954608 -0.015769423
v 0.002601273 0.041059172 -0.015769423
v 0.003310793 0.041199892 -0.015769423
v 0.003893080 0.041371359 -0.015769423
v 0.004325759 0.041566985 -0.015769423
v 0.004592201 0.041779251 -0.015769423
v 0.000000000 0.042000000 -0.016000000
f 2553 2554 2555
f 2553 2555 2556
f 2553 2556 2557
f 2553 2557 2558
f 2553 2558 2559
f 2553 2559 2560
f 2553 2560 2561
f 2553 2561 2562
f 2553 2562 2563
f 2553 2563 2564
f 2553 2564 2565
f 2553 2565 2566
f 2553 2566 2567
f 2553 2567 2568
f 2553 2568 2569
f 2553 2569 2570
f 2553 2570 2571
f 2553 2571 2572
f 2553 2572 2573
f 2553 2573 2574
f 2553 2574 2575
f 2553 2575 2576
f 2553 2576 2577
f 2553 2577 2578
f 2553 2578 2579
f 2553 2579 2580
f 2553 2580 2581
f 2553 2581 2582
f 2553 2582 2583
f 2553 2583 2584
f 2553 2584 2585
f 2553 2585 2554
f 2554 2586 2587
f 2554 2587 2555
f 2555 2587 2588
f 2555 2588 2556
f 2556 2588 2589
f 2556 2589 2557
f 2557 2589 2590
f 2557 2590 2558
f 2558 2590 2591
f 2558 2591 2559
f 2559 2591 2592
f 2559 2592 2560
f 2560 2592 2593
f 2560 2593 2561
f 2561 2593 2594
f 2561 2594 2562
f 2562 2594 2595
f 2562 2595 2563
f 2563 2595 2596
f 2563 2596 2564
f 2564 2596 2597
f 2564 2597 2565
f 2565 2597 2598
f 2565 2598 2566
f 2566 2598 2599
f 2566 2599 2567
f 2567 2599 2600
f 2567 2600 2568
f 2568 2600 2601
f 2568 2601 2569
f 2569 2601 2602
f 2569 2602 2570
f 2570 2602 2603
f 2570 2603 2571
f 2571 2603 2604
f 2571 2604 2572
f 2572 2604 2605
f 2572 2605 2573
f 2573 2605 2606
f 2573 2606 2574
f 2574 2606 2607
f 2574 2607 2575
f 2575 2607 2608
f 2575 2608 2576
f 2576 2608 2609
f 2576 2609 2577
f 2577 2609 2610
f 2577 2610 2578
f 2578 2610 2611
f 2578 2611 2579
f 2579 2611 2612
f 2579 2612 2580
f 2580 2612 2613
f 2580 2613 2581
f 2581 2613 2614
f 2581 2614 2582
f 2582 2614 2615
f 2582 2615 2583
f 2583 2615 2616
f 2583 2616 2584
f 2584 2616 2617
f 2584 2617 2585
f 2585 2617 2586
f 2585 2586 2554
f 2586 2618 2619
f 2586 2619 2587
f 2587 2619 2620
f 2587 2620 2588
f 2588 2620 2621
f 2588 2621 2589
f 2589 2621 2622
f 2589 2622 2590
f 2590 2622 2623
f 2590 2623 2591
f 2591 2623 2624
f 2591 2624 2592
f 2592 2624 2625
f 2592 2625 2593
f 2593 2625 2626
f 2593 2626 2594
f 2594 2626 2627
f 2594 2627 2595
f 2595 2627 2628
f 2595 2628 2596
f 2596 2628 2629
f 2596 2629 2597
f 2597 2629 2630
f 2597 2630 2598
f 2598 2630 2631
f 2598 2631 2599
f 2599 2631 2632
f 2599 2632 2600
f 2600 2632 2633
f 2600 2633 2601
f 2601 2633 2634
f 2601 2634 2602
f 2602 2634 2635
f 2602 2635 2603
f 2603 2635 2636
f 2603 2636 2604
f 2604 2636 2637
f 2604 2637 2605
f 2605 2637 2638
f 2605 2638 2606
f 2606 2638 2639
f 2606 2639 2607
f 2607 2639 2640
f 2607 2640 2608
f 2608 2640 2641
f 2608 2641 2609
f 2609 2641 2642
f 2609 2642 2610
f 2610 2642 2643
f 2610 2643 2611
f 2611 2643 2644
f 2611 2644 2612
f 2612 2644 2645
f 2612 2645 2613
f 2613 2645 2646
f 2613 2646 2614
f 2614 2646 2647
f 2614 2647 2615
f 2615 2647 2648
f 2615 2648 2616
f 2616 2648 2649
f 2616 2649 2617
f 2617 2649 2618
f 2617 2618 2586
f 2618 2650 2651
f 2618 2651 2619
f 2619 2651 2652
f 2619 2652 2620
f 2620 2652 2653
f 2620 2653 2621
f 2621 2653 2654
f 2621 2654 2622
f 2622 2654 2655
f 2622 2655 2623
f 2623 2655 2656
f 2623 2656 2624
f 2624 2656 2657
f 2624 2657 2625
f 2625 2657 2658
f 2625 2658 2626
f 2626 2658 2659
f 2626 2659 2627
f 2627 2659 2660
f 2627 2660 2628
f 2628 2660 2661
f 2628 2661 2629
f 2629 2661 2662
f 2629 2662 2630
f 2630 2662 2663
f 2630 2663 2631
f 2631 2663 2664
f 2631 2664 2632
f 2632 2664 2665
f 2632 2665 2633
f 2633 2665 2666
f 2633 2666 2634
f 2634 2666 2667
f 2634 2667 2635
f 2635 2667 2668
f 2635 2668 2636
f 2636 2668 2669
f 2636 2669 2637
f 2637 2669 2670
f 2637 2670 2638
f 2638 2670 2671
f 2638 2671 2639
f 2639 2671 2672
f 2639 2672 2640
f 2640 2672 2673
f 2640 2673 2641
f 2641 2673 2674
f 2641 2674 2642
f 2642 2674 2675
f 2642 2675 2643
f 2643 2675 2676
f 2643 2676 2644
f 2644 2676 2677
f 2644 2677 2645
f 2645 2677 2678
f 2645 2678 2646
f 2646 2678 2679
f 2646 2679 2647
f 2647 2679 2680
f 2647 2680 2648
f 2648 2680 2681
f 2648 2681 2649
f 2649 2681 2650
f 2649 2650 2618
f 2650 2682 2683
f 2650 2683 2651
f 2651 2683 2684
f 2651 2684 2652
f 2652 2684 2685
f 2652 2685 2653
f 2653 2685 2686
f 2653 2686 2654
f 2654 2686 2687
f 2654 2687 2655
f 2655 2687 2688
f 2655 2688 2656
f 2656 2688 2689
f 2656 2689 2657
f 2657 2689 2690
f 2657 2690 2658
f 2658 2690 2691
f 2658 2691 2659
f 2659 2691 2692
f 2659 2692 2660
f 2660 2692 2693
f 2660 2693 2661
f 2661 2693 2694
f 2661 2694 2662
f 2662 2694 2695
f 2662 2695 2663
f 2663 2695 2696
f 2663 2696 2664
f 2664 2696 2697
f 2664 2697 2665
f 2665 2697 2698
f 2665 2698 2666
f 2666 2698 2699
f 2666 2699 2667
f 2667 2699 2700
f 2667 2700 2668
f 2668 2700 2701
f 2668 2701 2669
f 2669 2701 2702
f 2669 2702 2670
f 2670 2702 2703
f 2670 2703 2671
f 2671 2703 2704
f 2671 2704 2672
f 2672 2704 2705
f 2672 2705 2673
f 2673 2705 2706
f 2673 2706 2674
f 2674 2706 2707
f 2674 2707 2675
f 2675 2707 2708
f 2675 2708 2676
f 2676 2708 2709
f 2676 2709 2677
f 2677 2709 2710
f 2677 2710 2678
f 2678 2710 2711
f 2678 2711 2679
f 2679 2711 2712
f 2679 2712 2680
f 2680 2712 2713
f 2680 2713 2681
f 2681 2713 2682
f 2681 2682 2650
f 2682 2714 2715
f 2682 2715 2683
f 2683 2715 2716
f 2683 2716 2684
f 2684 2716 2717
f 2684 2717 2685
f 2685 2717 2718
f 2685 2718 2686
f 2686 2718 2719
f 2686 2719 2687
f 2687 2719 2720
f 2687 2720 2688
f 2688 2720 2721
f 2688 2721 2689
f 2689 2721 2722
f 2689 2722 2690
f 2690 2722 2723
f 2690 2723 2691
f 2691 2723 2724
f 2691 2724 2692
f 2692 2724 2725
f 2692 2725 2693
f 2693 2725 2726
f 2693 2726 2694
f 2694 2726 2727
f 2694 2727 2695
f 2695 2727 2728
f 2695 2728 2696
f 2696 2728 2729
f 2696 2729 2697
f 2697 2729 2730
f 2697 2730 2698
f 2698 2730 2731
f 2698 2731 2699
f 2699 2731 2732
f 2699 2732 2700
f 2700 2732 2733
f 2700 2733 2701
f 2701 2733 2734
f 2701 2734 2702
f 2702 2734 2735
f 2702 2735 2703
f 2703 2735 2736
f 2703 2736 2704
f 2704 2736 2737
f 2704 2737 2705
f 2705 2737 2738
f 2705 2738 2706
f 2706 2738 2739
f 2706 2739 2707
f 2707 2739 2740
f 2707 2740 2708
f 2708 2740 2741
f 2708 2741 2709
f 2709 2741 2742
f 2709 2742 2710
f 2710 2742 2743
f 2710 2743 2711
f 2711 2743 2744
f 2711 2744 2712
f 2712 2744 2745
f 2712 2745 2713
f 2713 2745 2714
f 2713 2714 2682
f 2714 2746 2747
f 2714 2747 2715
f 2715 2747 2748
f 2715 2748 2716
f 2716 2748 2749
f 2716 2749 2717
f 2717 2749 2750
f 2717 2750 2718
f 2718 2750 2751
f 2718 2751 2719
f 2719 2751 2752
f 2719 2752 2720
f 2720 2752 2753
f 2720 2753 2721
f 2721 2753 2754
f 2721 2754 2722
f 2722 2754 2755
f 2722 2755 2723
f 2723 2755 2756
f 2723 2756 2724
f 2724 2756 2757
f 2724 2757 2725
f 2725 2757 2758
f 2725 2758 2726
f 2726 2758 2759
f 2726 2759 2727
f 2727 2759 2760
f 2727 2760 2728
f 2728 2760 2761
f 2728 2761 2729
f 2729 2761 2762
f 2729 2762 2730
f 2730 2762 2763
f 2730 2763 2731
f 2731 2763 2764
f 2731 2764 2732
f 2732 2764 2765
f 2732 2765 2733
f 2733 2765 2766
f 2733 2766 2734
f 2734 2766 2767
f 2734 2767 2735
f 2735 2767 2768
f 2735 2768 2736
f 2736 2768 2769
f 2736 2769 2737
f 2737 2769 2770
f 2737 2770 2738
f 2738 2770 2771
f 2738 2771 2739
f 2739 2771 2772
f 2739 2772 2740
f 2740 2772 2773
f 2740 2773 2741
f 2741 2773 2774
f 2741 2774 2742
f 2742 2774 2775
f 2742 2775 2743
f 2743 2775 2776
f 2743 2776 2744
f 2744 2776 2777
f 2744 2777 2745
f 2745 2777 2746
f 2745 2746 2714
f 2746 2778 2779
f 2746 2779 2747
f 2747 2779 2780
f 2747 2780 2748
f 2748 2780 2781
f 2748 2781 2749
f 2749 2781 2782
f 2749 2782 2750
f 2750 2782 2783
f 2750 2783 2751
f 2751 2783 2784
f 2751 2784 2752
f 2752 2784 2785
f 2752 2785 2753
f 2753 2785 2786
f 2753 2786 2754
f 2754 2786 2787
f 2754 2787 2755
f 2755 2787 2788
f 2755 2788 2756
f 2756 2788 2789
f 2756 2789 2757
f 2757 2789 2790
f 2757 2790 2758
f 2758 2790 2791
f 2758 2791 2759
f 2759 2791 2792
f 2759 2792 2760
f 2760 2792 2793
f 2760 2793 2761
f 2761 2793 2794
f 2761 2794 2762
f 2762 2794 2795
f 2762 2795 2763
f 2763 2795 2796
f 2763 2796 2764
f 2764 2796 2797
f 2764 2797 2765
f 2765 2797 2798
f 2765 2798 2766
f 2766 2798 2799
f 2766 2799 2767
f 2767 2799 2800
f 2767 2800 2768
f 2768 2800 2801
f 2768 2801 2769
f 2769 2801 2802
f 2769 2802 2770
f 2770 2802 2803
f 2770 2803 2771
f 2771 2803 2804
f 2771 2804 2772
f 2772 2804 2805
f 2772 2805 2773
f 2773 2805 2806
f 2773 2806 2774
f 2774 2806 2807
f 2774 2807 2775
f 2775 2807 2808
f 2775 2808 2776
f 2776 2808 2809
f 2776 2809 2777
f 2777 2809 2778
f 2777 2778 2746
f 2778 2810 2811
f 2778 2811 2779
f 2779 2811 2812
f 2779 2812 2780
f 2780 2812 2813
f 2780 2813 2781
f 2781 2813 2814
f 2781 2814 2782
f 2782 2814 2815
f 2782 2815 2783
f 2783 2815 2816
f 2783 2816 2784
f 2784 2816 2817
f 2784 2817 2785
f 2785 2817 2818
f 2785 2818 2786
f 2786 2818 2819
f 2786 2819 2787
f 2787 2819 2820
f 2787 2820 2788
f 2788 2820 2821
f 2788 2821 2789
f 2789 2821 2822
f 2789 2822 2790
f 2790 2822 2823
f 2790 2823 2791
f 2791 2823 2824
f 2791 2824 2792
f 2792 2824 2825
f 2792 2825 2793
f 2793 2825 2826
f 2793 2826 2794
f 2794 2826 2827
f 2794 2827 2795
f 2795 2827 2828
f 2795 2828 2796
f 2796 2828 2829
f 2796 2829 2797
f 2797 2829 2830
f 2797 2830 2798
f 2798 2830 2831
f 2798 2831 2799
f 2799 2831 2832
f 2799 2832 2800
f 2800 2832 2833
f 2800 2833 2801
f 2801 2833 2834
f 2801 2834 2802
f 2802 2834 2835
f 2802 2835 2803
f 2803 2835 2836
f 2803 2836 2804
f 2804 2836 2837
f 2804 2837 2805
f 2805 2837 2838
f 2805 2838 2806
f 2806 2838 2839
f 2806 2839 2807
f 2807 2839 2840
f 2807 2840 2808
f 2808 2840 2841
f 2808 2841 2809
f 2809 2841 2810
f 2809 2810 2778
f 2810 2842 2843
f 2810 2843 2811
f 2811 2843 2844
f 2811 2844 2812
f 2812 2844 2845
f 2812 2845 2813
f 2813 2845 2846
f 2813 2846 2814
f 2814 2846 2847
f 2814 2847 2815
f 2815 2847 2848
f 2815 2848 2816
f 2816 2848 2849
f 2816 2849 2817
f 2817 2849 2850
f 2817 2850 2818
f 2818 2850 2851
f 2818 2851 2819
f 2819 2851 2852
f 2819 2852 2820
f 2820 2852 2853
f 2820 2853 2821
f 2821 2853 2854
f 2821 2854 2822
f 2822 2854 2855
f 2822 2855 2823
f 2823 2855 2856
f 2823 2856 2824
f 2824 2856 2857
f 2824 2857 2825
f 2825 2857 2858
f 2825 2858 2826
f 2826 2858 2859
f 2826 2859 2827
f 2827 2859 2860
f 2827 2860 2828
f 2828 2860 2861
f 2828 2861 2829
f 2829 2861 2862
f 2829 2862 2830
f 2830 2862 2863
f 2830 2863 2831
f 2831 2863 2864
f 2831 2864 2832
f 2832 2864 2865
f 2832 2865 2833
f 2833 2865 2866
f 2833 2866 2834
f 2834 2866 2867
f 2834 2867 2835
f 2835 2867 2868
f 2835 2868 2836
f 2836 2868 2869
f 2836 2869 2837
f 2837 2869 2870
f 2837 2870 2838
f 2838 2870 2871
f 2838 2871 2839
f 2839 2871 2872
f 2839 2872 2840
f 2840 2872 2873
f 2840 2873 2841
f 2841 2873 2842
f 2841 2842 2810
f 2842 2874 2875
f 2842 2875 2843
f 2843 2875 2876
f 2843 2876 2844
f 2844 2876 2877
f 2844 2877 2845
f 2845 2877 2878
f 2845 2878 2846
f 2846 2878 2879
f 2846 2879 2847
f 2847 2879 2880
f 2847 2880 2848
f 2848 2880 2881
f 2848 2881 2849
f 2849 2881 2882
f 2849 2882 2850
f 2850 2882 2883
f 2850 2883 2851
f 2851 2883 2884
f 2851 2884 2852
f 2852 2884 2885
f 2852 2885 2853
f 2853 2885 2886
f 2853 2886 2854
f 2854 2886 2887
f 2854 2887 2855
f 2855 2887 2888
f 2855 2888 2856
f 2856 2888 2889
f 2856 2889 2857
f 2857 2889 2890
f 2857 2890 2858
f 2858 2890 2891
f 2858 2891 2859
f 2859 2891 2892
f 2859 2892 2860
f 2860 2892 2893
f 2860 2893 2861
f 2861 2893 2894
f 2861 2894 2862
f 2862 2894 2895
f 2862 2895 2863
f 2863 2895 2896
f 2863 2896 2864
f 2864 2896 2897
f 2864 2897 2865
f 2865 2897 2898
f 2865 2898 2866
f 2866 2898 2899
f 2866 2899 2867
f 2867 2899 2900
f 2867 2900 2868
f 2868 2900 2901
f 2868 2901 2869
f 2869 2901 2902
f 2869 2902 2870
f 2870 2902 2903
f 2870 2903 2871
f 2871 2903 2904
f 2871 2904 2872
f 2872 2904 2905
f 2872 2905 2873
f 2873 2905 2874
f 2873 2874 2842
f 2874 2906 2907
f 2874 2907 2875
f 2875 2907 2908
f 2875 2908 2876
f 2876 2908 2909
f 2876 2909 2877
f 2877 2909 2910
f 2877 2910 2878
f 2878 2910 2911
f 2878 2911 2879
f 2879 2911 2912
f 2879 2912 2880
f 2880 2912 2913
f 2880 2913 2881
f 2881 2913 2914
f 2881 2914 2882
f 2882 2914 2915
f 2882 2915 2883
f 2883 2915 2916
f 2883 2916 2884
f 2884 2916 2917
f 2884 2917 2885
f 2885 2917 2918
f 2885 2918 2886
f 2886 2918 2919
f 2886 2919 2887
f 2887 2919 2920
f 2887 2920 2888
f 2888 2920 2921
f 2888 2921 2889
f 2889 2921 2922
f 2889 2922 2890
f 2890 2922 2923
f 2890 2923 2891
f 2891 2923 2924
f 2891 2924 2892
f 2892 2924 2925
f 2892 2925 2893
f 2893 2925 2926
f 2893 2926 2894
f 2894 2926 2927
f 2894 2927 2895
f 2895 2927 2928
f 2895 2928 2896
f 2896 2928 2929
f 2896 2929 2897
f 2897 2929 2930
f 2897 2930 2898
f 2898 2930 2931
f 2898 2931 2899
f 2899 2931 2932
f 2899 2932 2900
f 2900 2932 2933
f 2900 2933 2901
f 2901 2933 2934
f 2901 2934 2902
f 2902 2934 2935
f 2902 2935 2903
f 2903 2935 2936
f 2903 2936 2904
f 2904 2936 2937
f 2904 2937 2905
f 2905 2937 2906
f 2905 2906 2874
f 2906 2938 2939
f 2906 2939 2907
f 2907 2939 2940
f 2907 2940 2908
f 2908 2940 2941
f 2908 2941 2909
f 2909 2941 2942
f 2909 2942 2910
f 2910 2942 2943
f 2910 2943 2911
f 2911 2943 2944
f 2911 2944 2912
f 2912 2944 2945
f 2912 2945 2913
f 2913 2945 2946
f 2913 2946 2914
f 2914 2946 2947
f 2914 2947 2915
f 2915 2947 2948
f 2915 2948 2916
f 2916 2948 2949
f 2916 2949 2917
f 2917 2949 2950
f 2917 2950 2918
f 2918 2950 2951
f 2918 2951 2919
f 2919 2951 2952
f 2919 2952 2920
f 2920 2952 2953
f 2920 2953 2921
f 2921 2953 2954
f 2921 2954 2922
f 2922 2954 2955
f 2922 2955 2923
f 2923 2955 2956
f 2923 2956 2924
f 2924 2956 2957
f 2924 2957 2925
f 2925 2957 2958
f 2925 2958 2926
f 2926 2958 2959
f 2926 2959 2927
f 2927 2959 2960
f 2927 2960 2928
f 2928 2960 2961
f 2928 2961 2929
f 2929 2961 2962
f 2929 2962 2930
f 2930 2962 2963
f 2930 2963 2931
f 2931 2963 2964
f 2931 2964 2932
f 2932 2964 2965
f 2932 2965 2933
f 2933 2965 2966
f 2933 2966 2934
f 2934 2966 2967
f 2934 2967 2935
f 2935 2967 2968
f 2935 2968 2936
f 2936 2968 2969
f 2936 2969 2937
f 2937 2969 2938
f 2937 2938 2906
f 2938 2970 2971
f 2938 2971 2939
f 2939 2971 2972
f 2939 2972 2940
f 2940 2972 2973
f 2940 2973 2941
f 2941 2973 2974
f 2941 2974 2942
f 2942 2974 2975
f 2942 2975 2943
f 2943 2975 2976
f 2943 2976 2944
f 2944 2976 2977
f 2944 2977 2945
f 2945 2977 2978
f 2945 2978 2946
f 2946 2978 2979
f 2946 2979 2947
f 2947 2979 2980
f 2947 2980 2948
f 2948 2980 2981
f 2948 2981 2949
f 2949 2981 2982
f 2949 2982 2950
f 2950 2982 2983
f 2950 2983 2951
f 2951 2983 2984
f 2951 2984 2952
f 2952 2984 2985
f 2952 2985 2953
f 2953 2985 2986
f 2953 2986 2954
f 2954 2986 2987
f 2954 2987 2955
f 2955 2987 2988
f 2955 2988 2956
f 2956 2988 2989
f 2956 2989 2957
f 2957 2989 2990
f 2957 2990 2958
f 2958 2990 2991
f 2958 2991 2959
f 2959 2991 2992
f 2959 2992 2960
f 2960 2992 2993
f 2960 2993 2961
f 2961 2993 2994
f 2961 2994 2962
f 2962 2994 2995
f 2962 2995 2963
f 2963 2995 2996
f 2963 2996 2964
f 2964 2996 2997
f 2964 2997 2965
f 2965 2997 2998
f 2965 2998 2966
f 2966 2998 2999
f 2966 2999 2967
f 2967 2999 3000
f 2967 3000 2968
f 2968 3000 3001
f 2968 3001 2969
f 2969 3001 2970
f 2969 2970 2938
f 2970 3002 3003
f 2970 3003 2971
f 2971 3003 3004
f 2971 3004 2972
f 2972 3004 3005
f 2972 3005 2973
f 2973 3005 3006
f 2973 3006 2974
f 2974 3006 3007
f 2974 3007 2975
f 2975 3007 3008
f 2975 3008 2976
f 2976 3008 3009
f 2976 3009 2977
f 2977 3009 3010
f 2977 3010 2978
f 2978 3010 3011
f 2978 3011 2979
f 2979 3011 3012
f 2979 3012 2980
f 2980 3012 3013
f 2980 3013 2981
f 2981 3013 3014
f 2981 3014 2982
f 2982 3014 3015
f 2982 3015 2983
f 2983 3015 3016
f 2983 3016 2984
f 2984 3016 3017
f 2984 3017 2985
f 2985 3017 3018
f 2985 3018 2986
f 2986 3018 3019
f 2986 3019 2987
f 2987 3019 3020
f 2987 3020 2988
f 2988 3020 3021
f 2988 3021 2989
f 2989 3021 3022
f 2989 3022 2990
f 2990 3022 3023
f 2990 3023 2991
f 2991 3023 3024
f 2991 3024 2992
f 2992 3024 3025
f 2992 3025 2993
f 2993 3025 3026
f 2993 3026 2994
f 2994 3026 3027
f 2994 3027 2995
f 2995 3027 3028
f 2995 3028 2996
f 2996 3028 3029
f 2996 3029 2997
f 2997 3029 3030
f 2997 3030 2998
f 2998 3030 3031
f 2998 3031 2999
f 2999 3031 3032
f 2999 3032 3000
f 3000 3032 3033
f 3000 3033 3001
f 3001 3033 3002
f 3001 3002 2970
f 3034 3003 3002
f 3034 3004 3003
f 3034 3005 3004
f 3034 3006 3005
f 3034 3007 3006
f 3034 3008 3007
f 3034 3009 3008
f 3034 3010 3009
f 3034 3011 3010
f 3034 3012 3011
f 3034 3013 3012
f 3034 3014 3013
f 3034 3015 3014
f 3034 3016 3015
f 3034 3017 3016
f 3034 3018 3017
f 3034 3019 3018
f 3034 3020 3019
f 3034 3021 3020
f 3034 3022 3021
f 3034 3023 3022
f 3034 3024 3023
f 3034 3025 3024
f 3034 3026 3025
f 3034 3027 3026
f 3034 3028 3027
f 3034 3029 3028
f 3034 3030 3029
f 3034 3031 3030
f 3034 3032 3031
f 3034 3033 3032
f 3034 3002 3033
o left_eye
usemtl eye_gray
v -0.008200000 0.046500000 0.022000000
v -0.007224548 0.046500000 0.021827068
v -0.007243291 0.046614181 0.021827068
v -0.007298800 0.046723974 0.021827068
v -0.007388942 0.046825159 0.021827068
v -0.007510252 0.046913849 0.021827068
v -0.007658068 0.046986635 0.021827068
v -0.007826711 0.047040720 0.021827068
v -0.008009699 0.047074025 0.021827068
v -0.008200000 0.047085271 0.021827068
v -0.008390301 0.047074025 0.021827068
v -0.008573289 0.047040720 0.021827068
v -0.008741932 0.046986635 0.021827068
v -0.008889748 0.046913849 0.021827068
v -0.009011058 0.046825159 0.021827068
v -0.009101200 0.046723974 0.021827068
v -0.009156709 0.046614181 0.021827068
v -0.009175452 0.046500000 0.021827068
v -0.009156709 0.046385819 0.021827068
v -0.009101200 0.046276026 0.021827068
v -0.009011058 0.046174841 0.021827068
v -0.008889748 0.046086151 0.021827068
v -0.008741932 0.046013365 0.021827068
v -0.008573289 0.045959280 0.021827068
v -0.008390301 0.045925975 0.021827068
v -0.008200000 0.045914729 0.021827068
v -0.008009699 0.045925975 0.021827068
v -0.007826711 0.045959280 0.021827068
v -0.007658068 0.046013365 0.021827068
v -0.007510252 0.046086151 0.021827068
v -0.007388942 0.046174841 0.021827068
v -0.007298800 0.046276026 0.021827068
v -0.007243291 0.046385819 0.021827068
v -0.006286583 0.046500000 0.021314916
v -0.006323349 0.046723974 0.021314916
v -0.006432233 0.046939340 0.021314916
v -0.006609052 0.047137823 0.021314916
v -0.006847010 0.047311794 0.021314916
v -0.007136962 0.047454569 0.021314916
v -0.007467767 0.047560660 0.021314916
v -0.007826711 0.047625991 0.021314916
v -0.008200000 0.047648050 0.021314916
v -0.008573289 0.047625991 0.021314916
v -0.008932233 0.047560660 0.021314916
v -0.009263038 0.047454569 0.021314916
v -0.009552990 0.047311794 0.021314916
v -0.009790948 0.047137823 0.021314916
v -0.009967767 0.046939340 0.021314916
v -0.010076651 0.046723974 0.021314916
v -0.010113417 0.046500000 0.021314916
v -0.010076651 0.046276026 0.021314916
v -0.009967767 0.046060660 0.021314916
v -0.009790948 0.045862177 0.021314916
v -0.009552990 0.045688206 0.021314916
v -0.009263038 0.045545431 0.021314916
v -0.008932233 0.045439340 0.021314916
v -0.008573289 0.045374009 0.021314916
v -0.008200000 0.045351950 0.021314916
v -0.007826711 0.045374009 0.021314916
v -0.007467767 0.045439340 0.021314916
v -0.007136962 0.045545431 0.021314916
v -0.006847010 0.045688206 0.021314916
v -0.006609052 0.045862177 0.021314916
v -0.006432233 0.046060660 0.021314916
v -0.006323349 0.046276026 0.021314916
v -0.005422149 0.046500000 0.020483227
v -0.005475524 0.046825159 0.020483227
v -0.005633600 0.047137823 0.020483227
v -0.005890301 0.047425975 0.020483227
v -0.006235763 0.047678542 0.020483227
v -0.006656709 0.047885819 0.020483227
v -0.007136962 0.048039840 0.020483227
v -0.007658068 0.048134685 0.020483227
v -0.008200000 0.048166711 0.020483227
v -0.008741932 0.048134685 0.020483227
v -0.009263038 0.048039840 0.020483227
v -0.009743291 0.047885819 0.020483227
v -0.010164237 0.047678542 0.020483227
v -0.010509699 0.047425975 0.020483227
v -0.010766400 0.047137823 0.020483227
v -0.010924476 0.046825159 0.020483227
v -0.010977851 0.046500000 0.020483227
v -0.010924476 0.046174841 0.020483227
v -0.010766400 0.045862177 0.020483227
v -0.010509699 0.045574025 0.020483227
v -0.010164237 0.045321458 0.020483227
v -0.009743291 0.045114181 0.020483227
v -0.009263038 0.044960160 0.020483227
v -0.008741932 0.044865315 0.020483227
v -0.008200000 0.044833289 0.020483227
v -0.007658068 0.044865315 0.020483227
v -0.007136962 0.044960160 0.020483227
v -0.006656709 0.045114181 0.020483227
v -0.006235763 0.045321458 0.020483227
v -0.005890301 0.045574025 0.020483227
v -0.005633600 0.045862177 0.020483227
v -0.005475524 0.046174841 0.020483227
v -0.004664466 0.046500000 0.019363961
v -0.004732400 0.046913849 0.019363961
v -0.004933593 0.047311794 0.019363961
v -0.005260311 0.047678542 0.019363961
v -0.005700000 0.048000000 0.019363961
v -0.006235763 0.048263813 0.019363961
v -0.006847010 0.048459844 0.019363961
v -0.007510252 0.048580560 0.019363961
v -0.008200000 0.048621320 0.019363961
v -0.008889748 0.048580560 0.019363961
v -0.009552990 0.048459844 0.019363961
v -0.010164237 0.048263813 0.019363961
v -0.010700000 0.048000000 0.019363961
v -0.011139689 0.047678542 0.019363961
v -0.011466407 0.047311794 0.019363961
v -0.011667600 0.046913849 0.019363961
v -0.011735534 0.046500000 0.019363961
v -0.011667600 0.046086151 0.019363961
v -0.011466407 0.045688206 0.019363961
v -0.011139689 0.045321458 0.019363961
v -0.010700000 0.045000000 0.019363961
v -0.010164237 0.044736187 0.019363961
v -0.009552990 0.044540156 0.019363961
v -0.008889748 0.044419440 0.019363961
v -0.008200000 0.044378680 0.019363961
v -0.007510252 0.044419440 0.019363961
v -0.006847010 0.044540156 0.019363961
v -0.006235763 0.044736187 0.019363961
v -0.005700000 0.045000000 0.019363961
v -0.005260311 0.045321458 0.019363961
v -0.004933593 0.045688206 0.019363961
v -0.004732400 0.046086151 0.019363961
v -0.004042652 0.046500000 0.018000132
v -0.004122534 0.046986635 0.018000132
v -0.004359111 0.047454569 0.018000132
v -0.004743291 0.047885819 0.018000132
v -0.005260311 0.048263813 0.018000132
v -0.005890301 0.048574025 0.018000132
v -0.006609052 0.048804533 0.018000132
v -0.007388942 0.048946479 0.018000132
v -0.008200000 0.048994409 0.018000132
v -0.009011058 0.048946479 0.018000132
v -0.009790948 0.048804533 0.018000132
v -0.010509699 0.048574025 0.018000132
v -0.011139689 0.048263813 0.018000132
v -0.011656709 0.047885819 0.018000132
v -0.012040889 0.047454569 0.018000132
v -0.012277466 0.046986635 0.018000132
v -0.012357348 0.046500000 0.018000132
v -0.012277466 0.046013365 0.018000132
v -0.012040889 0.045545431 0.018000132
v -0.011656709 0.045114181 0.018000132
v -0.011139689 0.044736187 0.018000132
v -0.010509699 0.044425975 0.018000132
v -0.009790948 0.044195467 0.018000132
v -0.009011058 0.044053521 0.018000132
v -0.008200000 0.044005591 0.018000132
v -0.007388942 0.044053521 0.018000132
v -0.006609052 0.044195467 0.018000132
v -0.005890301 0.044425975 0.018000132
v -0.005260311 0.044736187 0.018000132
v -0.004743291 0.045114181 0.018000132
v -0.004359111 0.045545431 0.018000132
v -0.004122534 0.046013365 0.018000132
v -0.003580602 0.046500000 0.016444151
v -0.003669363 0.047040720 0.016444151
v -0.003932233 0.047560660 0.016444151
v -0.004359111 0.048039840 0.016444151
v -0.004933593 0.048459844 0.016444151
v -0.005633600 0.048804533 0.016444151
v -0.006432233 0.049060660 0.016444151
v -0.007298800 0.049218382 0.016444151
v -0.008200000 0.049271639 0.016444151
v -0.009101200 0.049218382 0.016444151
v -0.009967767 0.049060660 0.016444151
v -0.010766400 0.048804533 0.016444151
v -0.011466407 0.048459844 0.016444151
v -0.012040889 0.048039840 0.016444151
v -0.012467767 0.047560660 0.016444151
v -0.012730637 0.047040720 0.016444151
v -0.012819398 0.046500000 0.016444151
v -0.012730637 0.045959280 0.016444151
v -0.012467767 0.045439340 0.016444151
v -0.012040889 0.044960160 0.016444151
v -0.011466407 0.044540156 0.016444151
v -0.010766400 0.044195467 0.016444151
v -0.009967767 0.043939340 0.016444151
v -0.009101200 0.043781618 0.016444151
v -0.008200000 0.043728361 0.016444151
v -0.007298800 0.043781618 0.016444151
v -0.006432233 0.043939340 0.016444151
v -0.005633600 0.044195467 0.016444151
v -0.004933593 0.044540156 0.016444151
v -0.004359111 0.044960160 0.016444151
v -0.003932233 0.045439340 0.016444151
v -0.003669363 0.045959280 0.016444151
v -0.003296074 0.046500000 0.014755813
v -0.003390301 0.047074025 0.014755813
v -0.003669363 0.047625991 0.014755813
v -0.004122534 0.048134685 0.014755813
v -0.004732400 0.048580560 0.014755813
v -0.005475524 0.048946479 0.014755813
v -0.006323349 0.049218382 0.014755813
v -0.007243291 0.049385819 0.014755813
v -0.008200000 0.049442356 0.014755813
v -0.009156709 0.049385819 0.014755813
v -0.010076651 0.049218382 0.014755813
v -0.010924476 0.048946479 0.014755813
v -0.011667600 0.048580560 0.014755813
v -0.012277466 0.048134685 0.014755813
v -0.012730637 0.047625991 0.014755813
v -0.013009699 0.047074025 0.014755813
v -0.013103926 0.046500000 0.014755813
v -0.013009699 0.045925975 0.014755813
v -0.012730637 0.045374009 0.014755813
v -0.012277466 0.044865315 0.014755813
v -0.011667600 0.044419440 0.014755813
v -0.010924476 0.044053521 0.014755813
v -0.010076651 0.043781618 0.014755813
v -0.009156709 0.043614181 0.014755813
v -0.008200000 0.043557644 0.014755813
v -0.007243291 0.043614181 0.014755813
v -0.006323349 0.043781618 0.014755813
v -0.005475524 0.044053521 0.014755813
v -0.004732400 0.044419440 0.014755813
v -0.004122534 0.044865315 0.014755813
v -0.003669363 0.045374009 0.014755813
v -0.003390301 0.045925975 0.014755813
v -0.003200000 0.046500000 0.013000000
v -0.003296074 0.047085271 0.013000000
v -0.003580602 0.047648050 0.013000000
v -0.004042652 0.048166711 0.013000000
v -0.004664466 0.048621320 0.013000000
v -0.005422149 0.048994409 0.013000000
v -0.006286583 0.049271639 0.013000000
v -0.007224548 0.049442356 0.013000000
v -0.008200000 0.049500000 0.013000000
v -0.009175452 0.049442356 0.013000000
v -0.010113417 0.049271639 0.013000000
v -0.010977851 0.048994409 0.013000000
v -0.011735534 0.048621320 0.013000000
v -0.012357348 0.048166711 0.013000000
v -0.012819398 0.047648050 0.013000000
v -0.013103926 0.047085271 0.013000000
v -0.013200000 0.046500000 0.013000000
v -0.013103926 0.045914729 0.013000000
v -0.012819398 0.045351950 0.013000000
v -0.012357348 0.044833289 0.013000000
v -0.011735534 0.044378680 0.013000000
v -0.010977851 0.044005591 0.013000000
v -0.010113417 0.043728361 0.013000000
v -0.009175452 0.043557644 0.013000000
v -0.008200000 0.043500000 0.013000000
v -0.007224548 0.043557644 0.013000000
v -0.006286583 0.043728361 0.013000000
v -0.005422149 0.044005591 0.013000000
v -0.004664466 0.044378680 0.013000000
v -0.004042652 0.044833289 0.013000000
v -0.003580602 0.045351950 0.013000000
v -0.003296074 0.045914729 0.013000000
v -0.003296074 0.046500000 0.011244187
v -0.003390301 0.047074025 0.011244187
v -0.003669363 0.047625991 0.011244187
v -0.004122534 0.048134685 0.011244187
v -0.004732400 0.048580560 0.011244187
v -0.005475524 0.048946479 0.011244187
v -0.006323349 0.049218382 0.011244187
v -0.007243291 0.049385819 0.011244187
v -0.008200000 0.049442356 0.011244187
v -0.009156709 0.049385819 0.011244187
v -0.010076651 0.049218382 0.011244187
v -0.010924476 0.048946479 0.011244187
v -0.011667600 0.048580560 0.011244187
v -0.012277466 0.048134685 0.011244187
v -0.012730637 0.047625991 0.011244187
v -0.013009699 0.047074025 0.011244187
v -0.013103926 0.046500000 0.011244187
v -0.013009699 0.045925975 0.011244187
v -0.012730637 0.045374009 0.011244187
v -0.012277466 0.044865315 0.011244187
v -0.011667600 0.044419440 0.011244187
v -0.010924476 0.044053521 0.011244187
v -0.010076651 0.043781618 0.011244187
v -0.009156709 0.043614181 0.011244187
v -0.008200000 0.043557644 0.011244187
v -0.007243291 0.043614181 0.011244187
v -0.006323349 0.043781618 0.011244187
v -0.005475524 0.044053521 0.011244187
v -0.004732400 0.044419440 0.011244187
v -0.004122534 0.044865315 0.011244187
v -0.003669363 0.045374009 0.011244187
v -0.003390301 0.045925975 0.011244187
v -0.003580602 0.046500000 0.009555849
v -0.003669363 0.047040720 0.009555849
v -0.003932233 0.047560660 0.009555849
v -0.004359111 0.048039840 0.009555849
v -0.004933593 0.048459844 0.009555849
v -0.005633600 0.048804533 0.009555849
v -0.006432233 0.049060660 0.009555849
v -0.007298800 0.049218382 0.009555849
v -0.008200000 0.049271639 0.009555849
v -0.009101200 0.049218382 0.009555849
v -0.009967767 0.049060660 0.009555849
v -0.010766400 0.048804533 0.009555849
v -0.011466407 0.048459844 0.009555849
v -0.012040889 0.048039840 0.009555849
v -0.012467767 0.047560660 0.009555849
v -0.012730637 0.047040720 0.009555849
v -0.012819398 0.046500000 0.009555849
v -0.012730637 0.045959280 0.009555849
v -0.012467767 0.045439340 0.009555849
v -0.012040889 0.044960160 0.009555849
v -0.011466407 0.044540156 0.009555849
v -0.010766400 0.044195467 0.009555849
v -0.009967767 0.043939340 0.009555849
v -0.009101200 0.043781618 0.009555849
v -0.008200000 0.043728361 0.009555849
v -0.007298800 0.043781618 0.009555849
v -0.006432233 0.043939340 0.009555849
v -0.005633600 0.044195467 0.009555849
v -0.004933593 0.044540156 0.009555849
v -0.004359111 0.044960160 0.009555849
v -0.003932233 0.045439340 0.009555849
v -0.003669363 0.045959280 0.009555849
v -0.004042652 0.046500000 0.007999868
v -0.004122534 0.046986635 0.007999868
v -0.004359111 0.047454569 0.007999868
v -0.004743291 0.047885819 0.007999868
v -0.005260311 0.048263813 0.007999868
v -0.005890301 0.048574025 0.007999868
v -0.006609052 0.048804533 0.007999868
v -0.007388942 0.048946479 0.007999868
v -0.008200000 0.048994409 0.007999868
v -0.009011058 0.048946479 0.007999868
v -0.009790948 0.048804533 0.007999868
v -0.010509699 0.048574025 0.007999868
v -0.011139689 0.048263813 0.007999868
v -0.011656709 0.047885819 0.007999868
v -0.012040889 0.047454569 0.007999868
v -0.012277466 0.046986635 0.007999868
v -0.012357348 0.046500000 0.007999868
v -0.012277466 0.046013365 0.007999868
v -0.012040889 0.045545431 0.007999868
v -0.011656709 0.045114181 0.007999868
v -0.011139689 0.044736187 0.007999868
v -0.010509699 0.044425975 0.007999868
v -0.009790948 0.044195467 0.007999868
v -0.009011058 0.044053521 0.007999868
v -0.008200000 0.044005591 0.007999868
v -0.007388942 0.044053521 0.007999868
v -0.006609052 0.044195467 0.007999868
v -0.005890301 0.044425975 0.007999868
v -0.005260311 0.044736187 0.007999868
v -0.004743291 0.045114181 0.007999868
v -0.004359111 0.045545431 0.007999868
v -0.004122534 0.046013365 0.007999868
v -0.004664466 0.046500000 0.006636039
v -0.004732400 0.046913849 0.006636039
v -0.004933593 0.047311794 0.006636039
v -0.005260311 0.047678542 0.006636039
v -0.005700000 0.048000000 0.006636039
v -0.006235763 0.048263813 0.006636039
v -0.006847010 0.048459844 0.006636039
v -0.007510252 0.048580560 0.006636039
v -0.008200000 0.048621320 0.006636039
v -0.008889748 0.048580560 0.006636039
v -0.009552990 0.048459844 0.006636039
v -0.010164237 0.048263813 0.006636039
v -0.010700000 0.048000000 0.006636039
v -0.011139689 0.047678542 0.006636039
v -0.011466407 0.047311794 0.006636039
v -0.011667600 0.046913849 0.006636039
v -0.011735534 0.046500000 0.006636039
v -0.011667600 0.046086151 0.006636039
v -0.011466407 0.045688206 0.006636039
v -0.011139689 0.045321458 0.006636039
v -0.010700000 0.045000000 0.006636039
v -0.010164237 0.044736187 0.006636039
v -0.009552990 0.044540156 0.006636039
v -0.008889748 0.044419440 0.006636039
v -0.008200000 0.044378680 0.006636039
v -0.007510252 0.044419440 0.006636039
v -0.006847010 0.044540156 0.006636039
v -0.006235763 0.044736187 0.006636039
v -0.005700000 0.045000000 0.006636039
v -0.005260311 0.045321458 0.006636039
v -0.004933593 0.045688206 0.006636039
v -0.004732400 0.046086151 0.006636039
v -0.005422149 0.046500000 0.005516773
v -0.005475524 0.046825159 0.005516773
v -0.005633600 0.047137823 0.005516773
v -0.005890301 0.047425975 0.005516773
v -0.006235763 0.047678542 0.005516773
v -0.006656709 0.047885819 0.005516773
v -0.007136962 0.048039840 0.005516773
v -0.007658068 0.048134685 0.005516773
v -0.008200000 0.048166711 0.005516773
v -0.008741932 0.048134685 0.005516773
v -0.009263038 0.048039840 0.005516773
v -0.009743291 0.047885819 0.005516773
v -0.010164237 0.047678542 0.005516773
v -0.010509699 0.047425975 0.005516773
v -0.010766400 0.047137823 0.005516773
v -0.010924476 0.046825159 0.005516773
v -0.010977851 0.046500000 0.005516773
v -0.010924476 0.046174841 0.005516773
v -0.010766400 0.045862177 0.005516773
v -0.010509699 0.045574025 0.005516773
v -0.010164237 0.045321458 0.005516773
v -0.009743291 0.045114181 0.005516773
v -0.009263038 0.044960160 0.005516773
v -0.008741932 0.044865315 0.005516773
v -0.008200000 0.044833289 0.005516773
v -0.007658068 0.044865315 0.005516773
v -0.007136962 0.044960160 0.005516773
v -0.006656709 0.045114181 0.005516773
v -0.006235763 0.045321458 0.005516773
v -0.005890301 0.045574025 0.005516773
v -0.005633600 0.045862177 0.005516773
v -0.005475524 0.046174841 0.005516773
v -0.006286583 0.046500000 0.004685084
v -0.006323349 0.046723974 0.004685084
v -0.006432233 0.046939340 0.004685084
v -0.006609052 0.047137823 0.004685084
v -0.006847010 0.047311794 0.004685084
v -0.007136962 0.047454569 0.004685084
v -0.007467767 0.047560660 0.004685084
v -0.007826711 0.047625991 0.004685084
v -0.008200000 0.047648050 0.004685084
v -0.008573289 0.047625991 0.004685084
v -0.008932233 0.047560660 0.004685084
v -0.009263038 0.047454569 0.004685084
v -0.009552990 0.047311794 0.004685084
v -0.009790948 0.047137823 0.004685084
v -0.009967767 0.046939340 0.004685084
v -0.010076651 0.046723974 0.004685084
v -0.010113417 0.046500000 0.004685084
v -0.010076651 0.046276026 0.004685084
v -0.009967767 0.046060660 0.004685084
v -0.009790948 0.045862177 0.004685084
v -0.009552990 0.045688206 0.004685084
v -0.009263038 0.045545431 0.004685084
v -0.008932233 0.045439340 0.004685084
v -0.008573289 0.045374009 0.004685084
v -0.008200000 0.045351950 0.004685084
v -0.007826711 0.045374009 0.004685084
v -0.007467767 0.045439340 0.004685084
v -0.007136962 0.045545431 0.004685084
v -0.006847010 0.045688206 0.004685084
v -0.006609052 0.045862177 0.004685084
v -0.006432233 0.046060660 0.004685084
v -0.006323349 0.046276026 0.004685084
v -0.007224548 0.046500000 0.004172932
v -0.007243291 0.046614181 0.004172932
v -0.007298800 0.046723974 0.004172932
v -0.007388942 0.046825159 0.004172932
v -0.007510252 0.046913849 0.004172932
v -0.007658068 0.046986635 0.004172932
v -0.007826711 0.047040720 0.004172932
v -0.008009699 0.047074025 0.004172932
v -0.008200000 0.047085271 0.004172932
v -0.008390301 0.047074025 0.004172932
v -0.008573289 0.047040720 0.004172932
v -0.008741932 0.046986635 0.004172932
v -0.008889748 0.046913849 0.004172932
v -0.009011058 0.046825159 0.004172932
v -0.009101200 0.046723974 0.004172932
v -0.009156709 0.046614181 0.004172932
v -0.009175452 0.046500000 0.004172932
v -0.009156709 0.046385819 0.004172932
v -0.009101200 0.046276026 0.004172932
v -0.009011058 0.046174841 0.004172932
v -0.008889748 0.046086151 0.004172932
v -0.008741932 0.046013365 0.004172932
v -0.008573289 0.045959280 0.004172932
v -0.008390301 0.045925975 0.004172932
v -0.008200000 0.045914729 0.004172932
v -0.008009699 0.045925975 0.004172932
v -0.007826711 0.045959280 0.004172932
v -0.007658068 0.046013365 0.004172932
v -0.007510252 0.046086151 0.004172932
v -0.007388942 0.046174841 0.004172932
v -0.007298800 0.046276026 0.004172932
v -0.007243291 0.046385819 0.004172932
v -0.008200000 0.046500000 0.004000000
f 3035 3036 3037
f 3035 3037 3038
f 3035 3038 3039
f 3035 3039 3040
f 3035 3040 3041
f 3035 3041 3042
f 3035 3042 3043
f 3035 3043 3044
f 3035 3044 3045
f 3035 3045 3046
f 3035 3046 3047
f 3035 3047 3048
f 3035 3048 3049
f 3035 3049 3050
f 3035 3050 3051
f 3035 3051 3052
f 3035 3052 3053
f 3035 3053 3054
f 3035 3054 3055
f 3035 3055 3056
f 3035 3056 3057
f 3035 3057 3058
f 3035 3058 3059
f 3035 3059 3060
f 3035 3060 3061
f 3035 3061 3062
f 3035 3062 3063
f 3035 3063 3064
f 3035 3064 3065
f 3035 3065 3066
f 3035 3066 3067
f 3035 3067 3036
f 3036 3068 3069
f 3036 3069 3037
f 3037 3069 3070
f 3037 3070 3038
f 3038 3070 3071
f 3038 3071 3039
f 3039 3071 3072
f 3039 3072 3040
f 3040 3072 3073
f 3040 3073 3041
f 3041 3073 3074
f 3041 3074 3042
f 3042 3074 3075
f 3042 3075 3043
f 3043 3075 3076
f 3043 3076 3044
f 3044 3076 3077
f 3044 3077 3045
f 3045 3077 3078
f 3045 3078 3046
f 3046 3078 3079
f 3046 3079 3047
f 3047 3079 3080
f 3047 3080 3048
f 3048 3080 3081
f 3048 3081 3049
f 3049 3081 3082
f 3049 3082 3050
f 3050 3082 3083
f 3050 3083 3051
f 3051 3083 3084
f 3051 3084 3052
f 3052 3084 3085
f 3052 3085 3053
f 3053 3085 3086
f 3053 3086 3054
f 3054 3086 3087
f 3054 3087 3055
f 3055 3087 3088
f 3055 3088 3056
f 3056 3088 3089
f 3056 3089 3057
f 3057 3089 3090
f 3057 3090 3058
f 3058 3090 3091
f 3058 3091 3059
f 3059 3091 3092
f 3059 3092 3060
f 3060 3092 3093
f 3060 3093 3061
f 3061 3093 3094
f 3061 3094 3062
f 3062 3094 3095
f 3062 3095 3063
f 3063 3095 3096
f 3063 3096 3064
f 3064 3096 3097
f 3064 3097 3065
f 3065 3097 3098
f 3065 3098 3066
f 3066 3098 3099
f 3066 3099 3067
f 3067 3099 3068
f 3067 3068 3036
f 3068 3100 3101
f 3068 3101 3069
f 3069 3101 3102
f 3069 3102 3070
f 3070 3102 3103
f 3070 3103 3071
f 3071 3103 3104
f 3071 3104 3072
f 3072 3104 3105
f 3072 3105 3073
f 3073 3105 3106
f 3073 3106 3074
f 3074 3106 3107
f 3074 3107 3075
f 3075 3107 3108
f 3075 3108 3076
f 3076 3108 3109
f 3076 3109 3077
f 3077 3109 3110
f 3077 3110 3078
f 3078 3110 3111
f 3078 3111 3079
f 3079 3111 3112
f 3079 3112 3080
f 3080 3112 3113
f 3080 3113 3081
f 3081 3113 3114
f 3081 3114 3082
f 3082 3114 3115
f 3082 3115 3083
f 3083 3115 3116
f 3083 3116 3084
f 3084 3116 3117
f 3084 3117 3085
f 3085 3117 3118
f 3085 3118 3086
f 3086 3118 3119
f 3086 3119 3087
f 3087 3119 3120
f 3087 3120 3088
f 3088 3120 3121
f 3088 3121 3089
f 3089 3121 3122
f 3089 3122 3090
f 3090 3122 3123
f 3090 3123 3091
f 3091 3123 3124
f 3091 3124 3092
f 3092 3124 3125
f 3092 3125 3093
f 3093 3125 3126
f 3093 3126 3094
f 3094 3126 3127
f 3094 3127 3095
f 3095 3127 3128
f 3095 3128 3096
f 3096 3128 3129
f 3096 3129 3097
f 3097 3129 3130
f 3097 3130 3098
f 3098 3130 3131
f 3098 3131 3099
f 3099 3131 3100
f 3099 3100 3068
f 3100 3132 3133
f 3100 3133 3101
f 3101 3133 3134
f 3101 3134 3102
f 3102 3134 3135
f 3102 3135 3103
f 3103 3135 3136
f 3103 3136 3104
f 3104 3136 3137
f 3104 3137 3105
f 3105 3137 3138
f 3105 3138 3106
f 3106 3138 3139
f 3106 3139 3107
f 3107 3139 3140
f 3107 3140 3108
f 3108 3140 3141
f 3108 3141 3109
f 3109 3141 3142
f 3109 3142 3110
f 3110 3142 3143
f 3110 3143 3111
f 3111 3143 3144
f 3111 3144 3112
f 3112 3144 3145
f 3112 3145 3113
f 3113 3145 3146
f 3113 3146 3114
f 3114 3146 3147
f 3114 3147 3115
f 3115 3147 3148
f 3115 3148 3116
f 3116 3148 3149
f 3116 3149 3117
f 3117 3149 3150
f 3117 3150 3118
f 3118 3150 3151
f 3118 3151 3119
f 3119 3151 3152
f 3119 3152 3120
f 3120 3152 3153
f 3120 3153 3121
f 3121 3153 3154
f 3121 3154 3122
f 3122 3154 3155
f 3122 3155 3123
f 3123 3155 3156
f 3123 3156 3124
f 3124 3156 3157
f 3124 3157 3125
f 3125 3157 3158
f 3125 3158 3126
f 3126 3158 3159
f 3126 3159 3127
f 3127 3159 3160
f 3127 3160 3128
f 3128 3160 3161
f 3128 3161 3129
f 3129 3161 3162
f 3129 3162 3130
f 3130 3162 3163
f 3130 3163 3131
f 3131 3163 3132
f 3131 3132 3100
f 3132 3164 3165
f 3132 3165 3133
f 3133 3165 3166
f 3133 3166 3134
f 3134 3166 3167
f 3134 3167 3135
f 3135 3167 3168
f 3135 3168 3136
f 3136 3168 3169
f 3136 3169 3137
f 3137 3169 3170
f 3137 3170 3138
f 3138 3170 3171
f 3138 3171 3139
f 3139 3171 3172
f 3139 3172 3140
f 3140 3172 3173
f 3140 3173 3141
f 3141 3173 3174
f 3141 3174 3142
f 3142 3174 3175
f 3142 3175 3143
f 3143 3175 3176
f 3143 3176 3144
f 3144 3176 3177
f 3144 3177 3145
f 3145 3177 3178
f 3145 3178 3146
f 3146 3178 3179
f 3146 3179 3147
f 3147 3179 3180
f 3147 3180 3148
f 3148 3180 3181
f 3148 3181 3149
f 3149 3181 3182
f 3149 3182 3150
f 3150 3182 3183
f 3150 3183 3151
f 3151 3183 3184
f 3151 3184 3152
f 3152 3184 3185
f 3152 3185 3153
f 3153 3185 3186
f 3153 3186 3154
f 3154 3186 3187
f 3154 3187 3155
f 3155 3187 3188
f 3155 3188 3156
f 3156 3188 3189
f 3156 3189 3157
f 3157 3189 3190
f 3157 3190 3158
f 3158 3190 3191
f 3158 3191 3159
f 3159 3191 3192
f 3159 3192 3160
f 3160 3192 3193
f 3160 3193 3161
f 3161 3193 3194
f 3161 3194 3162
f 3162 3194 3195
f 3162 3195 3163
f 3163 3195 3164
f 3163 3164 3132
f 3164 3196 3197
f 3164 3197 3165
f 3165 3197 3198
f 3165 3198 3166
f 3166 3198 3199
f 3166 3199 3167
f 3167 3199 3200
f 3167 3200 3168
f 3168 3200 3201
f 3168 3201 3169
f 3169 3201 3202
f 3169 3202 3170
f 3170 3202 3203
f 3170 3203 3171
f 3171 3203 3204
f 3171 3204 3172
f 3172 3204 3205
f 3172 3205 3173
f 3173 3205 3206
f 3173 3206 3174
f 3174 3206 3207
f 3174 3207 3175
f 3175 3207 3208
f 3175 3208 3176
f 3176 3208 3209
f 3176 3209 3177
f 3177 3209 3210
f 3177 3210 3178
f 3178 3210 3211
f 3178 3211 3179
f 3179 3211 3212
f 3179 3212 3180
f 3180 3212 3213
f 3180 3213 3181
f 3181 3213 3214
f 3181 3214 3182
f 3182 3214 3215
f 3182 3215 3183
f 3183 3215 3216
f 3183 3216 3184
f 3184 3216 3217
f 3184 3217 3185
f 3185 3217 3218
f 3185 3218 3186
f 3186 3218 3219
f 3186 3219 3187
f 3187 3219 3220
f 3187 3220 3188
f 3188 3220 3221
f 3188 3221 3189
f 3189 3221 3222
f 3189 3222 3190
f 3190 3222 3223
f 3190 3223 3191
f 3191 3223 3224
f 3191 3224 3192
f 3192 3224 3225
f 3192 3225 3193
f 3193 3225 3226
f 3193 3226 3194
f 3194 3226 3227
f 3194 3227 3195
f 3195 3227 3196
f 3195 3196 3164
f 3196 3228 3229
f 3196 3229 3197
f 3197 3229 3230
f 3197 3230 3198
f 3198 3230 3231
f 3198 3231 3199
f 3199 3231 3232
f 3199 3232 3200
f 3200 3232 3233
f 3200 3233 3201
f 3201 3233 3234
f 3201 3234 3202
f 3202 3234 3235
f 3202 3235 3203
f 3203 3235 3236
f 3203 3236 3204
f 3204 3236 3237
f 3204 3237 3205
f 3205 3237 3238
f 3205 3238 3206
f 3206 3238 3239
f 3206 3239 3207
f 3207 3239 3240
f 3207 3240 3208
f 3208 3240 3241
f 3208 3241 3209
f 3209 3241 3242
f 3209 3242 3210
f 3210 3242 3243
f 3210 3243 3211
f 3211 3243 3244
f 3211 3244 3212
f 3212 3244 3245
f 3212 3245 3213
f 3213 3245 3246
f 3213 3246 3214
f 3214 3246 3247
f 3214 3247 3215
f 3215 3247 3248
f 3215 3248 3216
f 3216 3248 3249
f 3216 3249 3217
f 3217 3249 3250
f 3217 3250 3218
f 3218 3250 3251
f 3218 3251 3219
f 3219 3251 3252
f 3219 3252 3220
f 3220 3252 3253
f 3220 3253 3221
f 3221 3253 3254
f 3221 3254 3222
f 3222 3254 3255
f 3222 3255 3223
f 3223 3255 3256
f 3223 3256 3224
f 3224 3256 3257
f 3224 3257 3225
f 3225 3257 3258
f 3225 3258 3226
f 3226 3258 3259
f 3226 3259 3227
f 3227 3259 3228
f 3227 3228 3196
f 3228 3260 3261
f 3228 3261 3229
f 3229 3261 3262
f 3229 3262 3230
f 3230 3262 3263
f 3230 3263 3231
f 3231 3263 3264
f 3231 3264 3232
f 3232 3264 3265
f 3232 3265 3233
f 3233 3265 3266
f 3233 3266 3234
f 3234 3266 3267
f 3234 3267 3235
f 3235 3267 3268
f 3235 3268 3236
f 3236 3268 3269
f 3236 3269 3237
f 3237 3269 3270
f 3237 3270 3238
f 3238 3270 3271
f 3238 3271 3239
f 3239 3271 3272
f 3239 3272 3240
f 3240 3272 3273
f 3240 3273 3241
f 3241 3273 3274
f 3241 3274 3242
f 3242 3274 3275
f 3242 3275 3243
f 3243 3275 3276
f 3243 3276 3244
f 3244 3276 3277
f 3244 3277 3245
f 3245 3277 3278
f 3245 3278 3246
f 3246 3278 3279
f 3246 3279 3247
f 3247 3279 3280
f 3247 3280 3248
f 3248 3280 3281
f 3248 3281 3249
f 3249 3281 3282
f 3249 3282 3250
f 3250 3282 3283
f 3250 3283 3251
f 3251 3283 3284
f 3251 3284 3252
f 3252 3284 3285
f 3252 3285 3253
f 3253 3285 3286
f 3253 3286 3254
f 3254 3286 3287
f 3254 3287 3255
f 3255 3287 3288
f 3255 3288 3256
f 3256 3288 3289
f 3256 3289 3257
f 3257 3289 3290
f 3257 3290 3258
f 3258 3290 3291
f 3258 3291 3259
f 3259 3291 3260
f 3259 3260 3228
f 3260 3292 3293
f 3260 3293 3261
f 3261 3293 3294
f 3261 3294 3262
f 3262 3294 3295
f 3262 3295 3263
f 3263 3295 3296
f 3263 3296 3264
f 3264 3296 3297
f 3264 3297 3265
f 3265 3297 3298
f 3265 3298 3266
f 3266 3298 3299
f 3266 3299 3267
f 3267 3299 3300
f 3267 3300 3268
f 3268 3300 3301
f 3268 3301 3269
f 3269 3301 3302
f 3269 3302 3270
f 3270 3302 3303
f 3270 3303 3271
f 3271 3303 3304
f 3271 3304 3272
f 3272 3304 3305
f 3272 3305 3273
f 3273 3305 3306
f 3273 3306 3274
f 3274 3306 3307
f 3274 3307 3275
f 3275 3307 3308
f 3275 3308 3276
f 3276 3308 3309
f 3276 3309 3277
f 3277 3309 3310
f 3277 3310 3278
f 3278 3310 3311
f 3278 3311 3279
f 3279 3311 3312
f 3279 3312 3280
f 3280 3312 3313
f 3280 3313 3281
f 3281 3313 3314
f 3281 3314 3282
f 3282 3314 3315
f 3282 3315 3283
f 3283 3315 3316
f 3283 3316 3284
f 3284 3316 3317
f 3284 3317 3285
f 3285 3317 3318
f 3285 3318 3286
f 3286 3318 3319
f 3286 3319 3287
f 3287 3319 3320
f 3287 3320 3288
f 3288 3320 3321
f 3288 3321 3289
f 3289 3321 3322
f 3289 3322 3290
f 3290 3322 3323
f 3290 3323 3291
f 3291 3323 3292
f 3291 3292 3260
f 3292 3324 3325
f 3292 3325 3293
f 3293 3325 3326
f 3293 3326 3294
f 3294 3326 3327
f 3294 3327 3295
f 3295 3327 3328
f 3295 3328 3296
f 3296 3328 3329
f 3296 3329 3297
f 3297 3329 3330
f 3297 3330 3298
f 3298 3330 3331
f 3298 3331 3299
f 3299 3331 3332
f 3299 3332 3300
f 3300 3332 3333
f 3300 3333 3301
f 3301 3333 3334
f 3301 3334 3302
f 3302 3334 3335
f 3302 3335 3303
f 3303 3335 3336
f 3303 3336 3304
f 3304 3336 3337
f 3304 3337 3305
f 3305 3337 3338
f 3305 3338 3306
f 3306 3338 3339
f 3306 3339 3307
f 3307 3339 3340
f 3307 3340 3308
f 3308 3340 3341
f 3308 3341 3309
f 3309 3341 3342
f 3309 3342 3310
f 3310 3342 3343
f 3310 3343 3311
f 3311 3343 3344
f 3311 3344 3312
f 3312 3344 3345
f 3312 3345 3313
f 3313 3345 3346
f 3313 3346 3314
f 3314 3346 3347
f 3314 3347 3315
f 3315 3347 3348
f 3315 3348 3316
f 3316 3348 3349
f 3316 3349 3317
f 3317 3349 3350
f 3317 3350 3318
f 3318 3350 3351
f 3318 3351 3319
f 3319 3351 3352
f 3319 3352 3320
f 3320 3352 3353
f 3320 3353 3321
f 3321 3353 3354
f 3321 3354 3322
f 3322 3354 3355
f 3322 3355 3323
f 3323 3355 3324
f 3323 3324 3292
f 3324 3356 3357
f 3324 3357 3325
f 3325 3357 3358
f 3325 3358 3326
f 3326 3358 3359
f 3326 3359 3327
f 3327 3359 3360
f 3327 3360 3328
f 3328 3360 3361
f 3328 3361 3329
f 3329 3361 3362
f 3329 3362 3330
f 3330 3362 3363
f 3330 3363 3331
f 3331 3363 3364
f 3331 3364 3332
f 3332 3364 3365
f 3332 3365 3333
f 3333 3365 3366
f 3333 3366 3334
f 3334 3366 3367
f 3334 3367 3335
f 3335 3367 3368
f 3335 3368 3336
f 3336 3368 3369
f 3336 3369 3337
f 3337 3369 3370
f 3337 3370 3338
f 3338 3370 3371
f 3338 3371 3339
f 3339 3371 3372
f 3339 3372 3340
f 3340 3372 3373
f 3340 3373 3341
f 3341 3373 3374
f 3341 3374 3342
f 3342 3374 3375
f 3342 3375 3343
f 3343 3375 3376
f 3343 3376 3344
f 3344 3376 3377
f 3344 3377 3345
f 3345 3377 3378
f 3345 3378 3346
f 3346 3378 3379
f 3346 3379 3347
f 3347 3379 3380
f 3347 3380 3348
f 3348 3380 3381
f 3348 3381 3349
f 3349 3381 3382
f 3349 3382 3350
f 3350 3382 3383
f 3350 3383 3351
f 3351 3383 3384
f 3351 3384 3352
f 3352 3384 3385
f 3352 3385 3353
f 3353 3385 3386
f 3353 3386 3354
f 3354 3386 3387
f 3354 3387 3355
f 3355 3387 3356
f 3355 3356 3324
f 3356 3388 3389
f 3356 3389 3357
f 3357 3389 3390
f 3357 3390 3358
f 3358 3390 3391
f 3358 3391 3359
f 3359 3391 3392
f 3359 3392 3360
f 3360 3392 3393
f 3360 3393 3361
f 3361 3393 3394
f 3361 3394 3362
f 3362 3394 3395
f 3362 3395 3363
f 3363 3395 3396
f 3363 3396 3364
f 3364 3396 3397
f 3364 3397 3365
f 3365 3397 3398
f 3365 3398 3366
f 3366 3398 3399
f 3366 3399 3367
f 3367 3399 3400
f 3367 3400 3368
f 3368 3400 3401
f 3368 3401 3369
f 3369 3401 3402
f 3369 3402 3370
f 3370 3402 3403
f 3370 3403 3371
f 3371 3403 3404
f 3371 3404 3372
f 3372 3404 3405
f 3372 3405 3373
f 3373 3405 3406
f 3373 3406 3374
f 3374 3406 3407
f 3374 3407 3375
f 3375 3407 3408
f 3375 3408 3376
f 3376 3408 3409
f 3376 3409 3377
f 3377 3409 3410
f 3377 3410 3378
f 3378 3410 3411
f 3378 3411 3379
f 3379 3411 3412
f 3379 3412 3380
f 3380 3412 3413
f 3380 3413 3381
f 3381 3413 3414
f 3381 3414 3382
f 3382 3414 3415
f 3382 3415 3383
f 3383 3415 3416
f 3383 3416 3384
f 3384 3416 3417
f 3384 3417 3385
f 3385 3417 3418
f 3385 3418 3386
f 3386 3418 3419
f 3386 3419 3387
f 3387 3419 3388
f 3387 3388 3356
f 3388 3420 3421
f 3388 3421 3389
f 3389 3421 3422
f 3389 3422 3390
f 3390 3422 3423
f 3390 3423 3391
f 3391 3423 3424
f 3391 3424 3392
f 3392 3424 3425
f 3392 3425 3393
f 3393 3425 3426
f 3393 3426 3394
f 3394 3426 3427
f 3394 3427 3395
f 3395 3427 3428
f 3395 3428 3396
f 3396 3428 3429
f 3396 3429 3397
f 3397 3429 3430
f 3397 3430 3398
f 3398 3430 3431
f 3398 3431 3399
f 3399 3431 3432
f 3399 3432 3400
f 3400 3432 3433
f 3400 3433 3401
f 3401 3433 3434
f 3401 3434 3402
f 3402 3434 3435
f 3402 3435 3403
f 3403 3435 3436
f 3403 3436 3404
f 3404 3436 3437
f 3404 3437 3405
f 3405 3437 3438
f 3405 3438 3406
f 3406 3438 3439
f 3406 3439 3407
f 3407 3439 3440
f 3407 3440 3408
f 3408 3440 3441
f 3408 3441 3409
f 3409 3441 3442
f 3409 3442 3410
f 3410 3442 3443
f 3410 3443 3411
f 3411 3443 3444
f 3411 3444 3412
f 3412 3444 3445
f 3412 3445 3413
f 3413 3445 3446
f 3413 3446 3414
f 3414 3446 3447
f 3414 3447 3415
f 3415 3447 3448
f 3415 3448 3416
f 3416 3448 3449
f 3416 3449 3417
f 3417 3449 3450
f 3417 3450 3418
f 3418 3450 3451
f 3418 3451 3419
f 3419 3451 3420
f 3419 3420 3388
f 3420 3452 3453
f 3420 3453 3421
f 3421 3453 3454
f 3421 3454 3422
f 3422 3454 3455
f 3422 3455 3423
f 3423 3455 3456
f 3423 3456 3424
f 3424 3456 3457
f 3424 3457 3425
f 3425 3457 3458
f 3425 3458 3426
f 3426 3458 3459
f 3426 3459 3427
f 3427 3459 3460
f 3427 3460 3428
f 3428 3460 3461
f 3428 3461 3429
f 3429 3461 3462
f 3429 3462 3430
f 3430 3462 3463
f 3430 3463 3431
f 3431 3463 3464
f 3431 3464 3432
f 3432 3464 3465
f 3432 3465 3433
f 3433 3465 3466
f 3433 3466 3434
f 3434 3466 3467
f 3434 3467 3435
f 3435 3467 3468
f 3435 3468 3436
f 3436 3468 3469
f 3436 3469 3437
f 3437 3469 3470
f 3437 3470 3438
f 3438 3470 3471
f 3438 3471 3439
f 3439 3471 3472
f 3439 3472 3440
f 3440 3472 3473
f 3440 3473 3441
f 3441 3473 3474
f 3441 3474 3442
f 3442 3474 3475
f 3442 3475 3443
f 3443 3475 3476
f 3443 3476 3444
f 3444 3476 3477
f 3444 3477 3445
f 3445 3477 3478
f 3445 3478 3446
f 3446 3478 3479
f 3446 3479 3447
f 3447 3479 3480
f 3447 3480 3448
f 3448 3480 3481
f 3448 3481 3449
f 3449 3481 3482
f 3449 3482 3450
f 3450 3482 3483
f 3450 3483 3451
f 3451 3483 3452
f 3451 3452 3420
f 3452 3484 3485
f 3452 3485 3453
f 3453 3485 3486
f 3453 3486 3454
f 3454 3486 3487
f 3454 3487 3455
f 3455 3487 3488
f 3455 3488 3456
f 3456 3488 3489
f 3456 3489 3457
f 3457 3489 3490
f 3457 3490 3458
f 3458 3490 3491
f 3458 3491 3459
f 3459 3491 3492
f 3459 3492 3460
f 3460 3492 3493
f 3460 3493 3461
f 3461 3493 3494
f 3461 3494 3462
f 3462 3494 3495
f 3462 3495 3463
f 3463 3495 3496
f 3463 3496 3464
f 3464 3496 3497
f 3464 3497 3465
f 3465 3497 3498
f 3465 3498 3466
f 3466 3498 3499
f 3466 3499 3467
f 3467 3499 3500
f 3467 3500 3468
f 3468 3500 3501
f 3468 3501 3469
f 3469 3501 3502
f 3469 3502 3470
f 3470 3502 3503
f 3470 3503 3471
f 3471 3503 3504
f 3471 3504 3472
f 3472 3504 3505
f 3472 3505 3473
f 3473 3505 3506
f 3473 3506 3474
f 3474 3506 3507
f 3474 3507 3475
f 3475 3507 3508
f 3475 3508 3476
f 3476 3508 3509
f 3476 3509 3477
f 3477 3509 3510
f 3477 3510 3478
f 3478 3510 3511
f 3478 3511 3479
f 3479 3511 3512
f 3479 3512 3480
f 3480 3512 3513
f 3480 3513 3481
f 3481 3513 3514
f 3481 3514 3482
f 3482 3514 3515
f 3482 3515 3483
f 3483 3515 3484
f 3483 3484 3452
f 3516 3485 3484
f 3516 3486 3485
f 3516 3487 3486
f 3516 3488 3487
f 3516 3489 3488
f 3516 3490 3489
f 3516 3491 3490
f 3516 3492 3491
f 3516 3493 3492
f 3516 3494 3493
f 3516 3495 3494
f 3516 3496 3495
f 3516 3497 3496
f 3516 3498 3497
f 3516 3499 3498
f 3516 3500 3499
f 3516 3501 3500
f 3516 3502 3501
f 3516 3503 3502
f 3516 3504 3503
f 3516 3505 3504
f 3516 3506 3505
f 3516 3507 3506
f 3516 3508 3507
f 3516 3509 3508
f 3516 3510 3509
f 3516 3511 3510
f 3516 3512 3511
f 3516 3513 3512
f 3516 3514 3513
f 3516 3515 3514
f 3516 3484 3515
o right_eye
usemtl eye_gray
v 0.008200000 0.046500000 0.022000000
v 0.009175452 0.046500000 0.021827068
v 0.009156709 0.046614181 0.021827068
v 0.009101200 0.046723974 0.021827068
v 0.009011058 0.046825159 0.021827068
v 0.008889748 0.046913849 0.021827068
v 0.008741932 0.046986635 0.021827068
v 0.008573289 0.047040720 0.021827068
v 0.008390301 0.047074025 0.021827068
v 0.008200000 0.047085271 0.021827068
v 0.008009699 0.047074025 0.021827068
v 0.007826711 0.047040720 0.021827068
v 0.007658068 0.046986635 0.021827068
v 0.007510252 0.046913849 0.021827068
v 0.007388942 0.046825159 0.021827068
v 0.007298800 0.046723974 0.021827068
v 0.007243291 0.046614181 0.021827068
v 0.007224548 0.046500000 0.021827068
v 0.007243291 0.046385819 0.021827068
v 0.007298800 0.046276026 0.021827068
v 0.007388942 0.046174841 0.021827068
v 0.007510252 0.046086151 0.021827068
v 0.007658068 0.046013365 0.021827068
v 0.007826711 0.045959280 0.021827068
v 0.008009699 0.045925975 0.021827068
v 0.008200000 0.045914729 0.021827068
v 0.008390301 0.045925975 0.021827068
v 0.008573289 0.045959280 0.021827068
v 0.008741932 0.046013365 0.021827068
v 0.008889748 0.046086151 0.021827068
v 0.009011058 0.046174841 0.021827068
v 0.009101200 0.046276026 0.021827068
v 0.009156709 0.046385819 0.021827068
v 0.010113417 0.046500000 0.021314916
v 0.010076651 0.046723974 0.021314916
v 0.009967767 0.046939340 0.021314916
v 0.009790948 0.047137823 0.021314916
v 0.009552990 0.047311794 0.021314916
v 0.009263038 0.047454569 0.021314916
v 0.008932233 0.047560660 0.021314916
v 0.008573289 0.047625991 0.021314916
v 0.008200000 0.047648050 0.021314916
v 0.007826711 0.047625991 0.021314916
v 0.007467767 0.047560660 0.021314916
v 0.007136962 0.047454569 0.021314916
v 0.006847010 0.047311794 0.021314916
v 0.006609052 0.047137823 0.021314916
v 0.006432233 0.046939340 0.021314916
v 0.006323349 0.046723974 0.021314916
v 0.006286583 0.046500000 0.021314916
v 0.006323349 0.046276026 0.021314916
v 0.006432233 0.046060660 0.021314916
v 0.006609052 0.045862177 0.021314916
v 0.006847010 0.045688206 0.021314916
v 0.007136962 0.045545431 0.021314916
v 0.007467767 0.045439340 0.021314916
v 0.007826711 0.045374009 0.021314916
v 0.008200000 0.045351950 0.021314916
v 0.008573289 0.045374009 0.021314916
v 0.008932233 0.045439340 0.021314916
v 0.009263038 0.045545431 0.021314916
v 0.009552990 0.045688206 0.021314916
v 0.009790948 0.045862177 0.021314916
v 0.009967767 0.046060660 0.021314916
v 0.010076651 0.046276026 0.021314916
v 0.010977851 0.046500000 0.020483227
v 0.010924476 0.046825159 0.020483227
v 0.010766400 0.047137823 0.020483227
v 0.010509699 0.047425975 0.020483227
v 0.010164237 0.047678542 0.020483227
v 0.009743291 0.047885819 0.020483227
v 0.009263038 0.048039840 0.020483227
v 0.008741932 0.048134685 0.020483227
v 0.008200000 0.048166711 0.020483227
v 0.007658068 0.048134685 0.020483227
v 0.007136962 0.048039840 0.020483227
v 0.006656709 0.047885819 0.020483227
v 0.006235763 0.047678542 0.020483227
v 0.005890301 0.047425975 0.020483227
v 0.005633600 0.047137823 0.020483227
v 0.005475524 0.046825159 0.020483227
v 0.005422149 0.046500000 0.020483227
v 0.005475524 0.046174841 0.020483227
v 0.005633600 0.045862177 0.020483227
v 0.005890301 0.045574025 0.020483227
v 0.006235763 0.045321458 0.020483227
v 0.006656709 0.045114181 0.020483227
v 0.007136962 0.044960160 0.020483227
v 0.007658068 0.044865315 0.020483227
v 0.008200000 0.044833289 0.020483227
v 0.008741932 0.044865315 0.020483227
v 0.009263038 0.044960160 0.020483227
v 0.009743291 0.045114181 0.020483227
v 0.010164237 0.045321458 0.020483227
v 0.010509699 0.045574025 0.020483227
v 0.010766400 0.045862177 0.020483227
v 0.010924476 0.046174841 0.020483227
v 0.011735534 0.046500000 0.019363961
v 0.011667600 0.046913849 0.019363961
v 0.011466407 0.047311794 0.019363961
v 0.011139689 0.047678542 0.019363961
v 0.010700000 0.048000000 0.019363961
v 0.010164237 0.048263813 0.019363961
v 0.009552990 0.048459844 0.019363961
v 0.008889748 0.048580560 0.019363961
v 0.008200000 0.048621320 0.019363961
v 0.007510252 0.048580560 0.019363961
v 0.006847010 0.048459844 0.019363961
v 0.006235763 0.048263813 0.019363961
v 0.005700000 0.048000000 0.019363961
v 0.005260311 0.047678542 0.019363961
v 0.004933593 0.047311794 0.019363961
v 0.004732400 0.046913849 0.019363961
v 0.004664466 0.046500000 0.019363961
v 0.004732400 0.046086151 0.019363961
v 0.004933593 0.045688206 0.019363961
v 0.005260311 0.045321458 0.019363961
v 0.005700000 0.045000000 0.019363961
v 0.006235763 0.044736187 0.019363961
v 0.006847010 0.044540156 0.019363961
v 0.007510252 0.044419440 0.019363961
v 0.008200000 0.044378680 0.019363961
v 0.008889748 0.044419440 0.019363961
v 0.009552990 0.044540156 0.019363961
v 0.010164237 0.044736187 0.019363961
v 0.010700000 0.045000000 0.019363961
v 0.011139689 0.045321458 0.019363961
v 0.011466407 0.045688206 0.019363961
v 0.011667600 0.046086151 0.019363961
v 0.012357348 0.046500000 0.018000132
v 0.012277466 0.046986635 0.018000132
v 0.012040889 0.047454569 0.018000132
v 0.011656709 0.047885819 0.018000132
v 0.011139689 0.048263813 0.018000132
v 0.010509699 0.048574025 0.018000132
v 0.009790948 0.048804533 0.018000132
v 0.009011058 0.048946479 0.018000132
v 0.008200000 0.048994409 0.018000132
v 0.007388942 0.048946479 0.018000132
v 0.006609052 0.048804533 0.018000132
v 0.005890301 0.048574025 0.018000132
v 0.005260311 0.048263813 0.018000132
v 0.004743291 0.047885819 0.018000132
v 0.004359111 0.047454569 0.018000132
v 0.004122534 0.046986635 0.018000132
v 0.004042652 0.046500000 0.018000132
v 0.004122534 0.046013365 0.018000132
v 0.004359111 0.045545431 0.018000132
v 0.004743291 0.045114181 0.018000132
v 0.005260311 0.044736187 0.018000132
v 0.005890301 0.044425975 0.018000132
v 0.006609052 0.044195467 0.018000132
v 0.007388942 0.044053521 0.018000132
v 0.008200000 0.044005591 0.018000132
v 0.009011058 0.044053521 0.018000132
v 0.009790948 0.044195467 0.018000132
v 0.010509699 0.044425975 0.018000132
v 0.011139689 0.044736187 0.018000132
v 0.011656709 0.045114181 0.018000132
v 0.012040889 0.045545431 0.018000132
v 0.012277466 0.046013365 0.018000132
v 0.012819398 0.046500000 0.016444151
v 0.012730637 0.047040720 0.016444151
v 0.012467767 0.047560660 0.016444151
v 0.012040889 0.048039840 0.016444151
v 0.011466407 0.048459844 0.016444151
v 0.010766400 0.048804533 0.016444151
v 0.009967767 0.049060660 0.016444151
v 0.009101200 0.049218382 0.016444151
v 0.008200000 0.049271639 0.016444151
v 0.007298800 0.049218382 0.016444151
v 0.006432233 0.049060660 0.016444151
v 0.005633600 0.048804533 0.016444151
v 0.004933593 0.048459844 0.016444151
v 0.004359111 0.048039840 0.016444151
v 0.003932233 0.047560660 0.016444151
v 0.003669363 0.047040720 0.016444151
v 0.003580602 0.046500000 0.016444151
v 0.003669363 0.045959280 0.016444151
v 0.003932233 0.045439340 0.016444151
v 0.004359111 0.044960160 0.016444151
v 0.004933593 0.044540156 0.016444151
v 0.005633600 0.044195467 0.016444151
v 0.006432233 0.043939340 0.016444151
v 0.007298800 0.043781618 0.016444151
v 0.008200000 0.043728361 0.016444151
v 0.009101200 0.043781618 0.016444151
v 0.009967767 0.043939340 0.016444151
v 0.010766400 0.044195467 0.016444151
v 0.011466407 0.044540156 0.016444151
v 0.012040889 0.044960160 0.016444151
v 0.012467767 0.045439340 0.016444151
v 0.012730637 0.045959280 0.016444151
v 0.013103926 0.046500000 0.014755813
v 0.013009699 0.047074025 0.014755813
v 0.012730637 0.047625991 0.014755813
v 0.012277466 0.048134685 0.014755813
v 0.011667600 0.048580560 0.014755813
v 0.010924476 0.048946479 0.014755813
v 0.010076651 0.049218382 0.014755813
v 0.009156709 0.049385819 0.014755813
v 0.008200000 0.049442356 0.014755813
v 0.007243291 0.049385819 0.014755813
v 0.006323349 0.049218382 0.014755813
v 0.005475524 0.048946479 0.014755813
v 0.004732400 0.048580560 0.014755813
v 0.004122534 0.048134685 0.014755813
v 0.003669363 0.047625991 0.014755813
v 0.003390301 0.047074025 0.014755813
v 0.003296074 0.046500000 0.014755813
v 0.003390301 0.045925975 0.014755813
v 0.003669363 0.045374009 0.014755813
v 0.004122534 0.044865315 0.014755813
v 0.004732400 0.044419440 0.014755813
v 0.005475524 0.044053521 0.014755813
v 0.006323349 0.043781618 0.014755813
v 0.007243291 0.043614181 0.014755813
v 0.008200000 0.043557644 0.014755813
v 0.009156709 0.043614181 0.014755813
v 0.010076651 0.043781618 0.014755813
v 0.010924476 0.044053521 0.014755813
v 0.011667600 0.044419440 0.014755813
v 0.012277466 0.044865315 0.014755813
v 0.012730637 0.045374009 0.014755813
v 0.013009699 0.045925975 0.014755813
v 0.013200000 0.046500000 0.013000000
v 0.013103926 0.047085271 0.013000000
v 0.012819398 0.047648050 0.013000000
v 0.012357348 0.048166711 0.013000000
v 0.011735534 0.048621320 0.013000000
v 0.010977851 0.048994409 0.013000000
v 0.010113417 0.049271639 0.013000000
v 0.009175452 0.049442356 0.013000000
v 0.008200000 0.049500000 0.013000000
v 0.007224548 0.049442356 0.013000000
v 0.006286583 0.049271639 0.013000000
v 0.005422149 0.048994409 0.013000000
v 0.004664466 0.048621320 0.013000000
v 0.004042652 0.048166711 0.013000000
v 0.003580602 0.047648050 0.013000000
v 0.003296074 0.047085271 0.013000000
v 0.003200000 0.046500000 0.013000000
v 0.003296074 0.045914729 0.013000000
v 0.003580602 0.045351950 0.013000000
v 0.004042652 0.044833289 0.013000000
v 0.004664466 0.044378680 0.013000000
v 0.005422149 0.044005591 0.013000000
v 0.006286583 0.043728361 0.013000000
v 0.007224548 0.043557644 0.013000000
v 0.008200000 0.043500000 0.013000000
v 0.009175452 0.043557644 0.013000000
v 0.010113417 0.043728361 0.013000000
v 0.010977851 0.044005591 0.013000000
v 0.011735534 0.044378680 0.013000000
v 0.012357348 0.044833289 0.013000000
v 0.012819398 0.045351950 0.013000000
v 0.013103926 0.045914729 0.013000000
v 0.013103926 0.046500000 0.011244187
v 0.013009699 0.047074025 0.011244187
v 0.012730637 0.047625991 0.011244187
v 0.012277466 0.048134685 0.011244187
v 0.011667600 0.048580560 0.011244187
v 0.010924476 0.048946479 0.011244187
v 0.010076651 0.049218382 0.011244187
v 0.009156709 0.049385819 0.011244187
v 0.008200000 0.049442356 0.011244187
v 0.007243291 0.049385819 0.011244187
v 0.006323349 0.049218382 0.011244187
v 0.005475524 0.048946479 0.011244187
v 0.004732400 0.048580560 0.011244187
v 0.004122534 0.048134685 0.011244187
v 0.003669363 0.047625991 0.011244187
v 0.003390301 0.047074025 0.011244187
v 0.003296074 0.046500000 0.011244187
v 0.003390301 0.045925975 0.011244187
v 0.003669363 0.045374009 0.011244187
v 0.004122534 0.044865315 0.011244187
v 0.004732400 0.044419440 0.011244187
v 0.005475524 0.044053521 0.011244187
v 0.006323349 0.043781618 0.011244187
v 0.007243291 0.043614181 0.011244187
v 0.008200000 0.043557644 0.011244187
v 0.009156709 0.043614181 0.011244187
v 0.010076651 0.043781618 0.011244187
v 0.010924476 0.044053521 0.011244187
v 0.011667600 0.044419440 0.011244187
v 0.012277466 0.044865315 0.011244187
v 0.012730637 0.045374009 0.011244187
v 0.013009699 0.045925975 0.011244187
v 0.012819398 0.046500000 0.009555849
v 0.012730637 0.047040720 0.009555849
v 0.012467767 0.047560660 0.009555849
v 0.012040889 0.048039840 0.009555849
v 0.011466407 0.048459844 0.009555849
v 0.010766400 0.048804533 0.009555849
v 0.009967767 0.049060660 0.009555849
v 0.009101200 0.049218382 0.009555849
v 0.008200000 0.049271639 0.009555849
v 0.007298800 0.049218382 0.009555849
v 0.006432233 0.049060660 0.009555849
v 0.005633600 0.048804533 0.009555849
v 0.004933593 0.048459844 0.009555849
v 0.004359111 0.048039840 0.009555849
v 0.003932233 0.047560660 0.009555849
v 0.003669363 0.047040720 0.009555849
v 0.003580602 0.046500000 0.009555849
v 0.003669363 0.045959280 0.009555849
v 0.003932233 0.045439340 0.009555849
v 0.004359111 0.044960160 0.009555849
v 0.004933593 0.044540156 0.009555849
v 0.005633600 0.044195467 0.009555849
v 0.006432233 0.043939340 0.009555849
v 0.007298800 0.043781618 0.009555849
v 0.008200000 0.043728361 0.009555849
v 0.009101200 0.043781618 0.009555849
v 0.009967767 0.043939340 0.009555849
v 0.010766400 0.044195467 0.009555849
v 0.011466407 0.044540156 0.009555849
v 0.012040889 0.044960160 0.009555849
v 0.012467767 0.045439340 0.009555849
v 0.012730637 0.045959280 0.009555849
v 0.012357348 0.046500000 0.007999868
v 0.012277466 0.046986635 0.007999868
v 0.012040889 0.047454569 0.007999868
v 0.011656709 0.047885819 0.007999868
v 0.011139689 0.048263813 0.007999868
v 0.010509699 0.048574025 0.007999868
v 0.009790948 0.048804533 0.007999868
v 0.009011058 0.048946479 0.007999868
v 0.008200000 0.048994409 0.007999868
v 0.007388942 0.048946479 0.007999868
v 0.006609052 0.048804533 0.007999868
v 0.005890301 0.048574025 0.007999868
v 0.005260311 0.048263813 0.007999868
v 0.004743291 0.047885819 0.007999868
v 0.004359111 0.047454569 0.007999868
v 0.004122534 0.046986635 0.007999868
v 0.004042652 0.046500000 0.007999868
v 0.004122534 0.046013365 0.007999868
v 0.004359111 0.045545431 0.007999868
v 0.004743291 0.045114181 0.007999868
v 0.005260311 0.044736187 0.007999868
v 0.005890301 0.044425975 0.007999868
v 0.006609052 0.044195467 0.007999868
v 0.007388942 0.044053521 0.007999868
v 0.008200000 0.044005591 0.007999868
v 0.009011058 0.044053521 0.007999868
v 0.009790948 0.044195467 0.007999868
v 0.010509699 0.044425975 0.007999868
v 0.011139689 0.044736187 0.007999868
v 0.011656709 0.045114181 0.007999868
v 0.012040889 0.045545431 0.007999868
v 0.012277466 0.046013365 0.007999868
v 0.011735534 0.046500000 0.006636039
v 0.011667600 0.046913849 0.006636039
v 0.011466407 0.047311794 0.006636039
v 0.011139689 0.047678542 0.006636039
v 0.010700000 0.048000000 0.006636039
v 0.010164237 0.048263813 0.006636039
v 0.009552990 0.048459844 0.006636039
v 0.008889748 0.048580560 0.006636039
v 0.008200000 0.048621320 0.006636039
v 0.007510252 0.048580560 0.006636039
v 0.006847010 0.048459844 0.006636039
v 0.006235763 0.048263813 0.006636039
v 0.005700000 0.048000000 0.006636039
v 0.005260311 0.047678542 0.006636039
v 0.004933593 0.047311794 0.006636039
v 0.004732400 0.046913849 0.006636039
v 0.004664466 0.046500000 0.006636039
v 0.004732400 0.046086151 0.006636039
v 0.004933593 0.045688206 0.006636039
v 0.005260311 0.045321458 0.006636039
v 0.005700000 0.045000000 0.006636039
v 0.006235763 0.044736187 0.006636039
v 0.006847010 0.044540156 0.006636039
v 0.007510252 0.044419440 0.006636039
v 0.008200000 0.044378680 0.006636039
v 0.008889748 0.044419440 0.006636039
v 0.009552990 0.044540156 0.006636039
v 0.010164237 0.044736187 0.006636039
v 0.010700000 0.045000000 0.006636039
v 0.011139689 0.045321458 0.006636039
v 0.011466407 0.045688206 0.006636039
v 0.011667600 0.046086151 0.006636039
v 0.010977851 0.046500000 0.005516773
v 0.010924476 0.046825159 0.005516773
v 0.010766400 0.047137823 0.005516773
v 0.010509699 0.047425975 0.005516773
v 0.010164237 0.047678542 0.005516773
v 0.009743291 0.047885819 0.005516773
v 0.009263038 0.048039840 0.005516773
v 0.008741932 0.048134685 0.005516773
v 0.008200000 0.048166711 0.005516773
v 0.007658068 0.048134685 0.005516773
v 0.007136962 0.048039840 0.005516773
v 0.006656709 0.047885819 0.005516773
v 0.006235763 0.047678542 0.005516773
v 0.005890301 0.047425975 0.005516773
v 0.005633600 0.047137823 0.005516773
v 0.005475524 0.046825159 0.005516773
v 0.005422149 0.046500000 0.005516773
v 0.005475524 0.046174841 0.005516773
v 0.005633600 0.045862177 0.005516773
v 0.005890301 0.045574025 0.005516773
v 0.006235763 0.045321458 0.005516773
v 0.006656709 0.045114181 0.005516773
v 0.007136962 0.044960160 0.005516773
v 0.007658068 0.044865315 0.005516773
v 0.008200000 0.044833289 0.005516773
v 0.008741932 0.044865315 0.005516773
v 0.009263038 0.044960160 0.005516773
v 0.009743291 0.045114181 0.005516773
v 0.010164237 0.045321458 0.005516773
v 0.010509699 0.045574025 0.005516773
v 0.010766400 0.045862177 0.005516773
v 0.010924476 0.046174841 0.005516773
v 0.010113417 0.046500000 0.004685084
v 0.010076651 0.046723974 0.004685084
v 0.009967767 0.046939340 0.004685084
v 0.009790948 0.047137823 0.004685084
v 0.009552990 0.047311794 0.004685084
v 0.009263038 0.047454569 0.004685084
v 0.008932233 0.047560660 0.004685084
v 0.008573289 0.047625991 0.004685084
v 0.008200000 0.047648050 0.004685084
v 0.007826711 0.047625991 0.004685084
v 0.007467767 0.047560660 0.004685084
v 0.007136962 0.047454569 0.004685084
v 0.006847010 0.047311794 0.004685084
v 0.006609052 0.047137823 0.004685084
v 0.006432233 0.046939340 0.004685084
v 0.006323349 0.046723974 0.004685084
v 0.006286583 0.046500000 0.004685084
v 0.006323349 0.046276026 0.004685084
v 0.006432233 0.046060660 0.004685084
v 0.006609052 0.045862177 0.004685084
v 0.006847010 0.045688206 0.004685084
v 0.007136962 0.045545431 0.004685084
v 0.007467767 0.045439340 0.004685084
v 0.007826711 0.045374009 0.004685084
v 0.008200000 0.045351950 0.004685084
v 0.008573289 0.045374009 0.004685084
v 0.008932233 0.045439340 0.004685084
v 0.009263038 0.045545431 0.004685084
v 0.009552990 0.045688206 0.004685084
v 0.009790948 0.045862177 0.004685084
v 0.009967767 0.046060660 0.004685084
v 0.010076651 0.046276026 0.004685084
v 0.009175452 0.046500000 0.004172932
v 0.009156709 0.046614181 0.004172932
v 0.009101200 0.046723974 0.004172932
v 0.009011058 0.046825159 0.004172932
v 0.008889748 0.046913849 0.004172932
v 0.008741932 0.046986635 0.004172932
v 0.008573289 0.047040720 0.004172932
v 0.008390301 0.047074025 0.004172932
v 0.008200000 0.047085271 0.004172932
v 0.008009699 0.047074025 0.004172932
v 0.007826711 0.047040720 0.004172932
v 0.007658068 0.046986635 0.004172932
v 0.007510252 0.046913849 0.004172932
v 0.007388942 0.046825159 0.004172932
v 0.007298800 0.046723974 0.004172932
v 0.007243291 0.046614181 0.004172932
v 0.007224548 0.046500000 0.004172932
v 0.007243291 0.046385819 0.004172932
v 0.007298800 0.046276026 0.004172932
v 0.007388942 0.046174841 0.004172932
v 0.007510252 0.046086151 0.004172932
v 0.007658068 0.046013365 0.004172932
v 0.007826711 0.045959280 0.004172932
v 0.008009699 0.045925975 0.004172932
v 0.008200000 0.045914729 0.004172932
v 0.008390301 0.045925975 0.004172932
v 0.008573289 0.045959280 0.004172932
v 0.008741932 0.046013365 0.004172932
v 0.008889748 0.046086151 0.004172932
v 0.009011058 0.046174841 0.004172932
v 0.009101200 0.046276026 0.004172932
v 0.009156709 0.046385819 0.004172932
v 0.008200000 0.046500000 0.004000000
f 3517 3518 3519
f 3517 3519 3520
f 3517 3520 3521
f 3517 3521 3522
f 3517 3522 3523
f 3517 3523 3524
f 3517 3524 3525
f 3517 3525 3526
f 3517 3526 3527
f 3517 3527 3528
f 3517 3528 3529
f 3517 3529 3530
f 3517 3530 3531
f 3517 3531 3532
f 3517 3532 3533
f 3517 3533 3534
f 3517 3534 3535
f 3517 3535 3536
f 3517 3536 3537
f 3517 3537 3538
f 3517 3538 3539
f 3517 3539 3540
f 3517 3540 3541
f 3517 3541 3542
f 3517 3542 3543
f 3517 3543 3544
f 3517 3544 3545
f 3517 3545 3546
f 3517 3546 3547
f 3517 3547 3548
f 3517 3548 3549
f 3517 3549 3518
f 3518 3550 3551
f 3518 3551 3519
f 3519 3551 3552
f 3519 3552 3520
f 3520 3552 3553
f 3520 3553 3521
f 3521 3553 3554
f 3521 3554 3522
f 3522 3554 3555
f 3522 3555 3523
f 3523 3555 3556
f 3523 3556 3524
f 3524 3556 3557
f 3524 3557 3525
f 3525 3557 3558
f 3525 3558 3526
f 3526 3558 3559
f 3526 3559 3527
f 3527 3559 3560
f 3527 3560 3528
f 3528 3560 3561
f 3528 3561 3529
f 3529 3561 3562
f 3529 3562 3530
f 3530 3562 3563
f 3530 3563 3531
f 3531 3563 3564
f 3531 3564 3532
f 3532 3564 3565
f 3532 3565 3533
f 3533 3565 3566
f 3533 3566 3534
f 3534 3566 3567
f 3534 3567 3535
f 3535 3567 3568
f 3535 3568 3536
f 3536 3568 3569
f 3536 3569 3537
f 3537 3569 3570
f 3537 3570 3538
f 3538 3570 3571
f 3538 3571 3539
f 3539 3571 3572
f 3539 3572 3540
f 3540 3572 3573
f 3540 3573 3541
f 3541 3573 3574
f 3541 3574 3542
f 3542 3574 3575
f 3542 3575 3543
f 3543 3575 3576
f 3543 3576 3544
f 3544 3576 3577
f 3544 3577 3545
f 3545 3577 3578
f 3545 3578 3546
f 3546 3578 3579
f 3546 3579 3547
f 3547 3579 3580
f 3547 3580 3548
f 3548 3580 3581
f 3548 3581 3549
f 3549 3581 3550
f 3549 3550 3518
f 3550 3582 3583
f 3550 3583 3551
f 3551 3583 3584
f 3551 3584 3552
f 3552 3584 3585
f 3552 3585 3553
f 3553 3585 3586
f 3553 3586 3554
f 3554 3586 3587
f 3554 3587 3555
f 3555 3587 3588
f 3555 3588 3556
f 3556 3588 3589
f 3556 3589 3557
f 3557 3589 3590
f 3557 3590 3558
f 3558 3590 3591
f 3558 3591 3559
f 3559 3591 3592
f 3559 3592 3560
f 3560 3592 3593
f 3560 3593 3561
f 3561 3593 3594
f 3561 3594 3562
f 3562 3594 3595
f 3562 3595 3563
f 3563 3595 3596
f 3563 3596 3564
f 3564 3596 3597
f 3564 3597 3565
f 3565 3597 3598
f 3565 3598 3566
f 3566 3598 3599
f 3566 3599 3567
f 3567 3599 3600
f 3567 3600 3568
f 3568 3600 3601
f 3568 3601 3569
f 3569 3601 3602
f 3569 3602 3570
f 3570 3602 3603
f 3570 3603 3571
f 3571 3603 3604
f 3571 3604 3572
f 3572 3604 3605
f 3572 3605 3573
f 3573 3605 3606
f 3573 3606 3574
f 3574 3606 3607
f 3574 3607 3575
f 3575 3607 3608
f 3575 3608 3576
f 3576 3608 3609
f 3576 3609 3577
f 3577 3609 3610
f 3577 3610 3578
f 3578 3610 3611
f 3578 3611 3579
f 3579 3611 3612
f 3579 3612 3580
f 3580 3612 3613
f 3580 3613 3581
f 3581 3613 3582
f 3581 3582 3550
f 3582 3614 3615
f 3582 3615 3583
f 3583 3615 3616
f 3583 3616 3584
f 3584 3616 3617
f 3584 3617 3585
f 3585 3617 3618
f 3585 3618 3586
f 3586 3618 3619
f 3586 3619 3587
f 3587 3619 3620
f 3587 3620 3588
f 3588 3620 3621
f 3588 3621 3589
f 3589 3621 3622
f 3589 3622 3590
f 3590 3622 3623
f 3590 3623 3591
f 3591 3623 3624
f 3591 3624 3592
f 3592 3624 3625
f 3592 3625 3593
f 3593 3625 3626
f 3593 3626 3594
f 3594 3626 3627
f 3594 3627 3595
f 3595 3627 3628
f 3595 3628 3596
f 3596 3628 3629
f 3596 3629 3597
f 3597 3629 3630
f 3597 3630 3598
f 3598 3630 3631
f 3598 3631 3599
f 3599 3631 3632
f 3599 3632 3600
f 3600 3632 3633
f 3600 3633 3601
f 3601 3633 3634
f 3601 3634 3602
f 3602 3634 3635
f 3602 3635 3603
f 3603 3635 3636
f 3603 3636 3604
f 3604 3636 3637
f 3604 3637 3605
f 3605 3637 3638
f 3605 3638 3606
f 3606 3638 3639
f 3606 3639 3607
f 3607 3639 3640
f 3607 3640 3608
f 3608 3640 3641
f 3608 3641 3609
f 3609 3641 3642
f 3609 3642 3610
f 3610 3642 3643
f 3610 3643 3611
f 3611 3643 3644
f 3611 3644 3612
f 3612 3644 3645
f 3612 3645 3613
f 3613 3645 3614
f 3613 3614 3582
f 3614 3646 3647
f 3614 3647 3615
f 3615 3647 3648
f 3615 3648 3616
f 3616 3648 3649
f 3616 3649 3617
f 3617 3649 3650
f 3617 3650 3618
f 3618 3650 3651
f 3618 3651 3619
f 3619 3651 3652
f 3619 3652 3620
f 3620 3652 3653
f 3620 3653 3621
f 3621 3653 3654
f 3621 3654 3622
f 3622 3654 3655
f 3622 3655 3623
f 3623 3655 3656
f 3623 3656 3624
f 3624 3656 3657
f 3624 3657 3625
f 3625 3657 3658
f 3625 3658 3626
f 3626 3658 3659
f 3626 3659 3627
f 3627 3659 3660
f 3627 3660 3628
f 3628 3660 3661
f 3628 3661 3629
f 3629 3661 3662
f 3629 3662 3630
f 3630 3662 3663
f 3630 3663 3631
f 3631 3663 3664
f 3631 3664 3632
f 3632 3664 3665
f 3632 3665 3633
f 3633 3665 3666
f 3633 3666 3634
f 3634 3666 3667
f 3634 3667 3635
f 3635 3667 3668
f 3635 3668 3636
f 3636 3668 3669
f 3636 3669 3637
f 3637 3669 3670
f 3637 3670 3638
f 3638 3670 3671
f 3638 3671 3639
f 3639 3671 3672
f 3639 3672 3640
f 3640 3672 3673
f 3640 3673 3641
f 3641 3673 3674
f 3641 3674 3642
f 3642 3674 3675
f 3642 3675 3643
f 3643 3675 3676
f 3643 3676 3644
f 3644 3676 3677
f 3644 3677 3645
f 3645 3677 3646
f 3645 3646 3614
f 3646 3678 3679
f 3646 3679 3647
f 3647 3679 3680
f 3647 3680 3648
f 3648 3680 3681
f 3648 3681 3649
f 3649 3681 3682
f 3649 3682 3650
f 3650 3682 3683
f 3650 3683 3651
f 3651 3683 3684
f 3651 3684 3652
f 3652 3684 3685
f 3652 3685 3653
f 3653 3685 3686
f 3653 3686 3654
f 3654 3686 3687
f 3654 3687 3655
f 3655 3687 3688
f 3655 3688 3656
f 3656 3688 3689
f 3656 3689 3657
f 3657 3689 3690
f 3657 3690 3658
f 3658 3690 3691
f 3658 3691 3659
f 3659 3691 3692
f 3659 3692 3660
f 3660 3692 3693
f 3660 3693 3661
f 3661 3693 3694
f 3661 3694 3662
f 3662 3694 3695
f 3662 3695 3663
f 3663 3695 3696
f 3663 3696 3664
f 3664 3696 3697
f 3664 3697 3665
f 3665 3697 3698
f 3665 3698 3666
f 3666 3698 3699
f 3666 3699 3667
f 3667 3699 3700
f 3667 3700 3668
f 3668 3700 3701
f 3668 3701 3669
f 3669 3701 3702
f 3669 3702 3670
f 3670 3702 3703
f 3670 3703 3671
f 3671 3703 3704
f 3671 3704 3672
f 3672 3704 3705
f 3672 3705 3673
f 3673 3705 3706
f 3673 3706 3674
f 3674 3706 3707
f 3674 3707 3675
f 3675 3707 3708
f 3675 3708 3676
f 3676 3708 3709
f 3676 3709 3677
f 3677 3709 3678
f 3677 3678 3646
f 3678 3710 3711
f 3678 3711 3679
f 3679 3711 3712
f 3679 3712 3680
f 3680 3712 3713
f 3680 3713 3681
f 3681 3713 3714
f 3681 3714 3682
f 3682 3714 3715
f 3682 3715 3683
f 3683 3715 3716
f 3683 3716 3684
f 3684 3716 3717
f 3684 3717 3685
f 3685 3717 3718
f 3685 3718 3686
f 3686 3718 3719
f 3686 3719 3687
f 3687 3719 3720
f 3687 3720 3688
f 3688 3720 3721
f 3688 3721 3689
f 3689 3721 3722
f 3689 3722 3690
f 3690 3722 3723
f 3690 3723 3691
f 3691 3723 3724
f 3691 3724 3692
f 3692 3724 3725
f 3692 3725 3693
f 3693 3725 3726
f 3693 3726 3694
f 3694 3726 3727
f 3694 3727 3695
f 3695 3727 3728
f 3695 3728 3696
f 3696 3728 3729
f 3696 3729 3697
f 3697 3729 3730
f 3697 3730 3698
f 3698 3730 3731
f 3698 3731 3699
f 3699 3731 3732
f 3699 3732 3700
f 3700 3732 3733
f 3700 3733 3701
f 3701 3733 3734
f 3701 3734 3702
f 3702 3734 3735
f 3702 3735 3703
f 3703 3735 3736
f 3703 3736 3704
f 3704 3736 3737
f 3704 3737 3705
f 3705 3737 3738
f 3705 3738 3706
f 3706 3738 3739
f 3706 3739 3707
f 3707 3739 3740
f 3707 3740 3708
f 3708 3740 3741
f 3708 3741 3709
f 3709 3741 3710
f 3709 3710 3678
f 3710 3742 3743
f 3710 3743 3711
f 3711 3743 3744
f 3711 3744 3712
f 3712 3744 3745
f 3712 3745 3713
f 3713 3745 3746
f 3713 3746 3714
f 3714 3746 3747
f 3714 3747 3715
f 3715 3747 3748
f 3715 3748 3716
f 3716 3748 3749
f 3716 3749 3717
f 3717 3749 3750
f 3717 3750 3718
f 3718 3750 3751
f 3718 3751 3719
f 3719 3751 3752
f 3719 3752 3720
f 3720 3752 3753
f 3720 3753 3721
f 3721 3753 3754
f 3721 3754 3722
f 3722 3754 3755
f 3722 3755 3723
f 3723 3755 3756
f 3723 3756 3724
f 3724 3756 3757
f 3724 3757 3725
f 3725 3757 3758
f 3725 3758 3726
f 3726 3758 3759
f 3726 3759 3727
f 3727 3759 3760
f 3727 3760 3728
f 3728 3760 3761
f 3728 3761 3729
f 3729 3761 3762
f 3729 3762 3730
f 3730 3762 3763
f 3730 3763 3731
f 3731 3763 3764
f 3731 3764 3732
f 3732 3764 3765
f 3732 3765 3733
f 3733 3765 3766
f 3733 3766 3734
f 3734 3766 3767
f 3734 3767 3735
f 3735 3767 3768
f 3735 3768 3736
f 3736 3768 3769
f 3736 3769 3737
f 3737 3769 3770
f 3737 3770 3738
f 3738 3770 3771
f 3738 3771 3739
f 3739 3771 3772
f 3739 3772 3740
f 3740 3772 3773
f 3740 3773 3741
f 3741 3773 3742
f 3741 3742 3710
f 3742 3774 3775
f 3742 3775 3743
f 3743 3775 3776
f 3743 3776 3744
f 3744 3776 3777
f 3744 3777 3745
f 3745 3777 3778
f 3745 3778 3746
f 3746 3778 3779
f 3746 3779 3747
f 3747 3779 3780
f 3747 3780 3748
f 3748 3780 3781
f 3748 3781 3749
f 3749 3781 3782
f 3749 3782 3750
f 3750 3782 3783
f 3750 3783 3751
f 3751 3783 3784
f 3751 3784 3752
f 3752 3784 3785
f 3752 3785 3753
f 3753 3785 3786
f 3753 3786 3754
f 3754 3786 3787
f 3754 3787 3755
f 3755 3787 3788
f 3755 3788 3756
f 3756 3788 3789
f 3756 3789 3757
f 3757 3789 3790
f 3757 3790 3758
f 3758 3790 3791
f 3758 3791 3759
f 3759 3791 3792
f 3759 3792 3760
f 3760 3792 3793
f 3760 3793 3761
f 3761 3793 3794
f 3761 3794 3762
f 3762 3794 3795
f 3762 3795 3763
f 3763 3795 3796
f 3763 3796 3764
f 3764 3796 3797
f 3764 3797 3765
f 3765 3797 3798
f 3765 3798 3766
f 3766 3798 3799
f 3766 3799 3767
f 3767 3799 3800
f 3767 3800 3768
f 3768 3800 3801
f 3768 3801 3769
f 3769 3801 3802
f 3769 3802 3770
f 3770 3802 3803
f 3770 3803 3771
f 3771 3803 3804
f 3771 3804 3772
f 3772 3804 3805
f 3772 3805 3773
f 3773 3805 3774
f 3773 3774 3742
f 3774 3806 3807
f 3774 3807 3775
f 3775 3807 3808
f 3775 3808 3776
f 3776 3808 3809
f 3776 3809 3777
f 3777 3809 3810
f 3777 3810 3778
f 3778 3810 3811
f 3778 3811 3779
f 3779 3811 3812
f 3779 3812 3780
f 3780 3812 3813
f 3780 3813 3781
f 3781 3813 3814
f 3781 3814 3782
f 3782 3814 3815
f 3782 3815 3783
f 3783 3815 3816
f 3783 3816 3784
f 3784 3816 3817
f 3784 3817 3785
f 3785 3817 3818
f 3785 3818 3786
f 3786 3818 3819
f 3786 3819 3787
f 3787 3819 3820
f 3787 3820 3788
f 3788 3820 3821
f 3788 3821 3789
f 3789 3821 3822
f 3789 3822 3790
f 3790 3822 3823
f 3790 3823 3791
f 3791 3823 3824
f 3791 3824 3792
f 3792 3824 3825
f 3792 3825 3793
f 3793 3825 3826
f 3793 3826 3794
f 3794 3826 3827
f 3794 3827 3795
f 3795 3827 3828
f 3795 3828 3796
f 3796 3828 3829
f 3796 3829 3797
f 3797 3829 3830
f 3797 3830 3798
f 3798 3830 3831
f 3798 3831 3799
f 3799 3831 3832
f 3799 3832 3800
f 3800 3832 3833
f 3800 3833 3801
f 3801 3833 3834
f 3801 3834 3802
f 3802 3834 3835
f 3802 3835 3803
f 3803 3835 3836
f 3803 3836 3804
f 3804 3836 3837
f 3804 3837 3805
f 3805 3837 3806
f 3805 3806 3774
f 3806 3838 3839
f 3806 3839 3807
f 3807 3839 3840
f 3807 3840 3808
f 3808 3840 3841
f 3808 3841 3809
f 3809 3841 3842
f 3809 3842 3810
f 3810 3842 3843
f 3810 3843 3811
f 3811 3843 3844
f 3811 3844 3812
f 3812 3844 3845
f 3812 3845 3813
f 3813 3845 3846
f 3813 3846 3814
f 3814 3846 3847
f 3814 3847 3815
f 3815 3847 3848
f 3815 3848 3816
f 3816 3848 3849
f 3816 3849 3817
f 3817 3849 3850
f 3817 3850 3818
f 3818 3850 3851
f 3818 3851 3819
f 3819 3851 3852
f 3819 3852 3820
f 3820 3852 3853
f 3820 3853 3821
f 3821 3853 3854
f 3821 3854 3822
f 3822 3854 3855
f 3822 3855 3823
f 3823 3855 3856
f 3823 3856 3824
f 3824 3856 3857
f 3824 3857 3825
f 3825 3857 3858
f 3825 3858 3826
f 3826 3858 3859
f 3826 3859 3827
f 3827 3859 3860
f 3827 3860 3828
f 3828 3860 3861
f 3828 3861 3829
f 3829 3861 3862
f 3829 3862 3830
f 3830 3862 3863
f 3830 3863 3831
f 3831 3863 3864
f 3831 3864 3832
f 3832 3864 3865
f 3832 3865 3833
f 3833 3865 3866
f 3833 3866 3834
f 3834 3866 3867
f 3834 3867 3835
f 3835 3867 3868
f 3835 3868 3836
f 3836 3868 3869
f 3836 3869 3837
f 3837 3869 3838
f 3837 3838 3806
f 3838 3870 3871
f 3838 3871 3839
f 3839 3871 3872
f 3839 3872 3840
f 3840 3872 3873
f 3840 3873 3841
f 3841 3873 3874
f 3841 3874 3842
f 3842 3874 3875
f 3842 3875 3843
f 3843 3875 3876
f 3843 3876 3844
f 3844 3876 3877
f 3844 3877 3845
f 3845 3877 3878
f 3845 3878 3846
f 3846 3878 3879
f 3846 3879 3847
f 3847 3879 3880
f 3847 3880 3848
f 3848 3880 3881
f 3848 3881 3849
f 3849 3881 3882
f 3849 3882 3850
f 3850 3882 3883
f 3850 3883 3851
f 3851 3883 3884
f 3851 3884 3852
f 3852 3884 3885
f 3852 3885 3853
f 3853 3885 3886
f 3853 3886 3854
f 3854 3886 3887
f 3854 3887 3855
f 3855 3887 3888
f 3855 3888 3856
f 3856 3888 3889
f 3856 3889 3857
f 3857 3889 3890
f 3857 3890 3858
f 3858 3890 3891
f 3858 3891 3859
f 3859 3891 3892
f 3859 3892 3860
f 3860 3892 3893
f 3860 3893 3861
f 3861 3893 3894
f 3861 3894 3862
f 3862 3894 3895
f 3862 3895 3863
f 3863 3895 3896
f 3863 3896 3864
f 3864 3896 3897
f 3864 3897 3865
f 3865 3897 3898
f 3865 3898 3866
f 3866 3898 3899
f 3866 3899 3867
f 3867 3899 3900
f 3867 3900 3868
f 3868 3900 3901
f 3868 3901 3869
f 3869 3901 3870
f 3869 3870 3838
f 3870 3902 3903
f 3870 3903 3871
f 3871 3903 3904
f 3871 3904 3872
f 3872 3904 3905
f 3872 3905 3873
f 3873 3905 3906
f 3873 3906 3874
f 3874 3906 3907
f 3874 3907 3875
f 3875 3907 3908
f 3875 3908 3876
f 3876 3908 3909
f 3876 3909 3877
f 3877 3909 3910
f 3877 3910 3878
f 3878 3910 3911
f 3878 3911 3879
f 3879 3911 3912
f 3879 3912 3880
f 3880 3912 3913
f 3880 3913 3881
f 3881 3913 3914
f 3881 3914 3882
f 3882 3914 3915
f 3882 3915 3883
f 3883 3915 3916
f 3883 3916 3884
f 3884 3916 3917
f 3884 3917 3885
f 3885 3917 3918
f 3885 3918 3886
f 3886 3918 3919
f 3886 3919 3887
f 3887 3919 3920
f 3887 3920 3888
f 3888 3920 3921
f 3888 3921 3889
f 3889 3921 3922
f 3889 3922 3890
f 3890 3922 3923
f 3890 3923 3891
f 3891 3923 3924
f 3891 3924 3892
f 3892 3924 3925
f 3892 3925 3893
f 3893 3925 3926
f 3893 3926 3894
f 3894 3926 3927
f 3894 3927 3895
f 3895 3927 3928
f 3895 3928 3896
f 3896 3928 3929
f 3896 3929 3897
f 3897 3929 3930
f 3897 3930 3898
f 3898 3930 3931
f 3898 3931 3899
f 3899 3931 3932
f 3899 3932 3900
f 3900 3932 3933
f 3900 3933 3901
f 3901 3933 3902
f 3901 3902 3870
f 3902 3934 3935
f 3902 3935 3903
f 3903 3935 3936
f 3903 3936 3904
f 3904 3936 3937
f 3904 3937 3905
f 3905 3937 3938
f 3905 3938 3906
f 3906 3938 3939
f 3906 3939 3907
f 3907 3939 3940
f 3907 3940 3908
f 3908 3940 3941
f 3908 3941 3909
f 3909 3941 3942
f 3909 3942 3910
f 3910 3942 3943
f 3910 3943 3911
f 3911 3943 3944
f 3911 3944 3912
f 3912 3944 3945
f 3912 3945 3913
f 3913 3945 3946
f 3913 3946 3914
f 3914 3946 3947
f 3914 3947 3915
f 3915 3947 3948
f 3915 3948 3916
f 3916 3948 3949
f 3916 3949 3917
f 3917 3949 3950
f 3917 3950 3918
f 3918 3950 3951
f 3918 3951 3919
f 3919 3951 3952
f 3919 3952 3920
f 3920 3952 3953
f 3920 3953 3921
f 3921 3953 3954
f 3921 3954 3922
f 3922 3954 3955
f 3922 3955 3923
f 3923 3955 3956
f 3923 3956 3924
f 3924 3956 3957
f 3924 3957 3925
f 3925 3957 3958
f 3925 3958 3926
f 3926 3958 3959
f 3926 3959 3927
f 3927 3959 3960
f 3927 3960 3928
f 3928 3960 3961
f 3928 3961 3929
f 3929 3961 3962
f 3929 3962 3930
f 3930 3962 3963
f 3930 3963 3931
f 3931 3963 3964
f 3931 3964 3932
f 3932 3964 3965
f 3932 3965 3933
f 3933 3965 3934
f 3933 3934 3902
f 3934 3966 3967
f 3934 3967 3935
f 3935 3967 3968
f 3935 3968 3936
f 3936 3968 3969
f 3936 3969 3937
f 3937 3969 3970
f 3937 3970 3938
f 3938 3970 3971
f 3938 3971 3939
f 3939 3971 3972
f 3939 3972 3940
f 3940 3972 3973
f 3940 3973 3941
f 3941 3973 3974
f 3941 3974 3942
f 3942 3974 3975
f 3942 3975 3943
f 3943 3975 3976
f 3943 3976 3944
f 3944 3976 3977
f 3944 3977 3945
f 3945 3977 3978
f 3945 3978 3946
f 3946 3978 3979
f 3946 3979 3947
f 3947 3979 3980
f 3947 3980 3948
f 3948 3980 3981
f 3948 3981 3949
f 3949 3981 3982
f 3949 3982 3950
f 3950 3982 3983
f 3950 3983 3951
f 3951 3983 3984
f 3951 3984 3952
f 3952 3984 3985
f 3952 3985 3953
f 3953 3985 3986
f 3953 3986 3954
f 3954 3986 3987
f 3954 3987 3955
f 3955 3987 3988
f 3955 3988 3956
f 3956 3988 3989
f 3956 3989 3957
f 3957 3989 3990
f 3957 3990 3958
f 3958 3990 3991
f 3958 3991 3959
f 3959 3991 3992
f 3959 3992 3960
f 3960 3992 3993
f 3960 3993 3961
f 3961 3993 3994
f 3961 3994 3962
f 3962 3994 3995
f 3962 3995 3963
f 3963 3995 3996
f 3963 3996 3964
f 3964 3996 3997
f 3964 3997 3965
f 3965 3997 3966
f 3965 3966 3934
f 3998 3967 3966
f 3998 3968 3967
f 3998 3969 3968
f 3998 3970 3969
f 3998 3971 3970
f 3998 3972 3971
f 3998 3973 3972
f 3998 3974 3973
f 3998 3975 3974
f 3998 3976 3975
f 3998 3977 3976
f 3998 3978 3977
f 3998 3979 3978
f 3998 3980 3979
f 3998 3981 3980
f 3998 3982 3981
f 3998 3983 3982
f 3998 3984 3983
f 3998 3985 3984
f 3998 3986 3985
f 3998 3987 3986
f 3998 3988 3987
f 3998 3989 3988
f 3998 3990 3989
f 3998 3991 3990
f 3998 3992 3991
f 3998 3993 3992
f 3998 3994 3993
f 3998 3995 3994
f 3998 3996 3995
f 3998 3997 3996
f 3998 3966 3997
o left_pupil
usemtl vinyl_black
v -0.008200000 0.049500000 0.018500000
v -0.007673256 0.049500000 0.018403926
v -0.007683377 0.049576120 0.018403926
v -0.007713352 0.049649316 0.018403926
v -0.007762028 0.049716773 0.018403926
v -0.007827536 0.049775899 0.018403926
v -0.007907357 0.049824423 0.018403926
v -0.007998424 0.049860480 0.018403926
v -0.008097237 0.049882683 0.018403926
v -0.008200000 0.049890181 0.018403926
v -0.008302763 0.049882683 0.018403926
v -0.008401576 0.049860480 0.018403926
v -0.008492643 0.049824423 0.018403926
v -0.008572464 0.049775899 0.018403926
v -0.008637972 0.049716773 0.018403926
v -0.008686648 0.049649316 0.018403926
v -0.008716623 0.049576120 0.018403926
v -0.008726744 0.049500000 0.018403926
v -0.008716623 0.049423880 0.018403926
v -0.008686648 0.049350684 0.018403926
v -0.008637972 0.049283227 0.018403926
v -0.008572464 0.049224101 0.018403926
v -0.008492643 0.049175577 0.018403926
v -0.008401576 0.049139520 0.018403926
v -0.008302763 0.049117317 0.018403926
v -0.008200000 0.049109819 0.018403926
v -0.008097237 0.049117317 0.018403926
v -0.007998424 0.049139520 0.018403926
v -0.007907357 0.049175577 0.018403926
v -0.007827536 0.049224101 0.018403926
v -0.007762028 0.049283227 0.018403926
v -0.007713352 0.049350684 0.018403926
v -0.007683377 0.049423880 0.018403926
v -0.007166755 0.049500000 0.018119398
v -0.007186608 0.049649316 0.018119398
v -0.007245406 0.049792893 0.018119398
v -0.007340888 0.049925215 0.018119398
v -0.007469385 0.050041196 0.018119398
v -0.007625960 0.050136379 0.018119398
v -0.007804594 0.050207107 0.018119398
v -0.007998424 0.050250661 0.018119398
v -0.008200000 0.050265367 0.018119398
v -0.008401576 0.050250661 0.018119398
v -0.008595406 0.050207107 0.018119398
v -0.008774040 0.050136379 0.018119398
v -0.008930615 0.050041196 0.018119398
v -0.009059112 0.049925215 0.018119398
v -0.009154594 0.049792893 0.018119398
v -0.009213392 0.049649316 0.018119398
v -0.009233245 0.049500000 0.018119398
v -0.009213392 0.049350684 0.018119398
v -0.009154594 0.049207107 0.018119398
v -0.009059112 0.049074785 0.018119398
v -0.008930615 0.048958804 0.018119398
v -0.008774040 0.048863621 0.018119398
v -0.008595406 0.048792893 0.018119398
v -0.008401576 0.048749339 0.018119398
v -0.008200000 0.048734633 0.018119398
v -0.007998424 0.048749339 0.018119398
v -0.007804594 0.048792893 0.018119398
v -0.007625960 0.048863621 0.018119398
v -0.007469385 0.048958804 0.018119398
v -0.007340888 0.049074785 0.018119398
v -0.007245406 0.049207107 0.018119398
v -0.007186608 0.049350684 0.018119398
v -0.006699960 0.049500000 0.017657348
v -0.006728783 0.049716773 0.017657348
v -0.006814144 0.049925215 0.017657348
v -0.006952763 0.050117317 0.017657348
v -0.007139312 0.050285695 0.017657348
v -0.007366623 0.050423880 0.017657348
v -0.007625960 0.050526560 0.017657348
v -0.007907357 0.050589790 0.017657348
v -0.008200000 0.050611140 0.017657348
v -0.008492643 0.050589790 0.017657348
v -0.008774040 0.050526560 0.017657348
v -0.009033377 0.050423880 0.017657348
v -0.009260688 0.050285695 0.017657348
v -0.009447237 0.050117317 0.017657348
v -0.009585856 0.049925215 0.017657348
v -0.009671217 0.049716773 0.017657348
v -0.009700040 0.049500000 0.017657348
v -0.009671217 0.049283227 0.017657348
v -0.009585856 0.049074785 0.017657348
v -0.009447237 0.048882683 0.017657348
v -0.009260688 0.048714305 0.017657348
v -0.009033377 0.048576120 0.017657348
v -0.008774040 0.048473440 0.017657348
v -0.008492643 0.048410210 0.017657348
v -0.008200000 0.048388860 0.017657348
v -0.007907357 0.048410210 0.017657348
v -0.007625960 0.048473440 0.017657348
v -0.007366623 0.048576120 0.017657348
v -0.007139312 0.048714305 0.017657348
v -0.006952763 0.048882683 0.017657348
v -0.006814144 0.049074785 0.017657348
v -0.006728783 0.049283227 0.017657348
v -0.006290812 0.049500000 0.017035534
v -0.006327496 0.049775899 0.017035534
v -0.006436140 0.050041196 0.017035534
v -0.006612568 0.050285695 0.017035534
v -0.006850000 0.050500000 0.017035534
v -0.007139312 0.050675876 0.017035534
v -0.007469385 0.050806563 0.017035534
v -0.007827536 0.050887040 0.017035534
v -0.008200000 0.050914214 0.017035534
v -0.008572464 0.050887040 0.017035534
v -0.008930615 0.050806563 0.017035534
v -0.009260688 0.050675876 0.017035534
v -0.009550000 0.050500000 0.017035534
v -0.009787432 0.050285695 0.017035534
v -0.009963860 0.050041196 0.017035534
v -0.010072504 0.049775899 0.017035534
v -0.010109188 0.049500000 0.017035534
v -0.010072504 0.049224101 0.017035534
v -0.009963860 0.048958804 0.017035534
v -0.009787432 0.048714305 0.017035534
v -0.009550000 0.048500000 0.017035534
v -0.009260688 0.048324124 0.017035534
v -0.008930615 0.048193437 0.017035534
v -0.008572464 0.048112960 0.017035534
v -0.008200000 0.048085786 0.017035534
v -0.007827536 0.048112960 0.017035534
v -0.007469385 0.048193437 0.017035534
v -0.007139312 0.048324124 0.017035534
v -0.006850000 0.048500000 0.017035534
v -0.006612568 0.048714305 0.017035534
v -0.006436140 0.048958804 0.017035534
v -0.006327496 0.049224101 0.017035534
v -0.005955032 0.049500000 0.016277851
v -0.005998168 0.049824423 0.016277851
v -0.006125920 0.050136379 0.016277851
v -0.006333377 0.050423880 0.016277851
v -0.006612568 0.050675876 0.016277851
v -0.006952763 0.050882683 0.016277851
v -0.007340888 0.051036356 0.016277851
v -0.007762028 0.051130986 0.016277851
v -0.008200000 0.051162939 0.016277851
v -0.008637972 0.051130986 0.016277851
v -0.009059112 0.051036356 0.016277851
v -0.009447237 0.050882683 0.016277851
v -0.009787432 0.050675876 0.016277851
v -0.010066623 0.050423880 0.016277851
v -0.010274080 0.050136379 0.016277851
v -0.010401832 0.049824423 0.016277851
v -0.010444968 0.049500000 0.016277851
v -0.010401832 0.049175577 0.016277851
v -0.010274080 0.048863621 0.016277851
v -0.010066623 0.048576120 0.016277851
v -0.009787432 0.048324124 0.016277851
v -0.009447237 0.048117317 0.016277851
v -0.009059112 0.047963644 0.016277851
v -0.008637972 0.047869014 0.016277851
v -0.008200000 0.047837061 0.016277851
v -0.007762028 0.047869014 0.016277851
v -0.007340888 0.047963644 0.016277851
v -0.006952763 0.048117317 0.016277851
v -0.006612568 0.048324124 0.016277851
v -0.006333377 0.048576120 0.016277851
v -0.006125920 0.048863621 0.016277851
v -0.005998168 0.049175577 0.016277851
v -0.005705525 0.049500000 0.015413417
v -0.005753456 0.049860480 0.015413417
v -0.005895406 0.050207107 0.015413417
v -0.006125920 0.050526560 0.015413417
v -0.006436140 0.050806563 0.015413417
v -0.006814144 0.051036356 0.015413417
v -0.007245406 0.051207107 0.015413417
v -0.007713352 0.051312255 0.015413417
v -0.008200000 0.051347759 0.015413417
v -0.008686648 0.051312255 0.015413417
v -0.009154594 0.051207107 0.015413417
v -0.009585856 0.051036356 0.015413417
v -0.009963860 0.050806563 0.015413417
v -0.010274080 0.050526560 0.015413417
v -0.010504594 0.050207107 0.015413417
v -0.010646544 0.049860480 0.015413417
v -0.010694475 0.049500000 0.015413417
v -0.010646544 0.049139520 0.015413417
v -0.010504594 0.048792893 0.015413417
v -0.010274080 0.048473440 0.015413417
v -0.009963860 0.048193437 0.015413417
v -0.009585856 0.047963644 0.015413417
v -0.009154594 0.047792893 0.015413417
v -0.008686648 0.047687745 0.015413417
v -0.008200000 0.047652241 0.015413417
v -0.007713352 0.047687745 0.015413417
v -0.007245406 0.047792893 0.015413417
v -0.006814144 0.047963644 0.015413417
v -0.006436140 0.048193437 0.015413417
v -0.006125920 0.048473440 0.015413417
v -0.005895406 0.048792893 0.015413417
v -0.005753456 0.049139520 0.015413417
v -0.005551880 0.049500000 0.014475452
v -0.005602763 0.049882683 0.014475452
v -0.005753456 0.050250661 0.014475452
v -0.005998168 0.050589790 0.014475452
v -0.006327496 0.050887040 0.014475452
v -0.006728783 0.051130986 0.014475452
v -0.007186608 0.051312255 0.014475452
v -0.007683377 0.051423880 0.014475452
v -0.008200000 0.051461571 0.014475452
v -0.008716623 0.051423880 0.014475452
v -0.009213392 0.051312255 0.014475452
v -0.009671217 0.051130986 0.014475452
v -0.010072504 0.050887040 0.014475452
v -0.010401832 0.050589790 0.014475452
v -0.010646544 0.050250661 0.014475452
v -0.010797237 0.049882683 0.014475452
v -0.010848120 0.049500000 0.014475452
v -0.010797237 0.049117317 0.014475452
v -0.010646544 0.048749339 0.014475452
v -0.010401832 0.048410210 0.014475452
v -0.010072504 0.048112960 0.014475452
v -0.009671217 0.047869014 0.014475452
v -0.009213392 0.047687745 0.014475452
v -0.008716623 0.047576120 0.014475452
v -0.008200000 0.047538429 0.014475452
v -0.007683377 0.047576120 0.014475452
v -0.007186608 0.047687745 0.014475452
v -0.006728783 0.047869014 0.014475452
v -0.006327496 0.048112960 0.014475452
v -0.005998168 0.048410210 0.014475452
v -0.005753456 0.048749339 0.014475452
v -0.005602763 0.049117317 0.014475452
v -0.005500000 0.049500000 0.013500000
v -0.005551880 0.049890181 0.013500000
v -0.005705525 0.050265367 0.013500000
v -0.005955032 0.050611140 0.013500000
v -0.006290812 0.050914214 0.013500000
v -0.006699960 0.051162939 0.013500000
v -0.007166755 0.051347759 0.013500000
v -0.007673256 0.051461571 0.013500000
v -0.008200000 0.051500000 0.013500000
v -0.008726744 0.051461571 0.013500000
v -0.009233245 0.051347759 0.013500000
v -0.009700040 0.051162939 0.013500000
v -0.010109188 0.050914214 0.013500000
v -0.010444968 0.050611140 0.013500000
v -0.010694475 0.050265367 0.013500000
v -0.010848120 0.049890181 0.013500000
v -0.010900000 0.049500000 0.013500000
v -0.010848120 0.049109819 0.013500000
v -0.010694475 0.048734633 0.013500000
v -0.010444968 0.048388860 0.013500000
v -0.010109188 0.048085786 0.013500000
v -0.009700040 0.047837061 0.013500000
v -0.009233245 0.047652241 0.013500000
v -0.008726744 0.047538429 0.013500000
v -0.008200000 0.047500000 0.013500000
v -0.007673256 0.047538429 0.013500000
v -0.007166755 0.047652241 0.013500000
v -0.006699960 0.047837061 0.013500000
v -0.006290812 0.048085786 0.013500000
v -0.005955032 0.048388860 0.013500000
v -0.005705525 0.048734633 0.013500000
v -0.005551880 0.049109819 0.013500000
v -0.005551880 0.049500000 0.012524548
v -0.005602763 0.049882683 0.012524548
v -0.005753456 0.050250661 0.012524548
v -0.005998168 0.050589790 0.012524548
v -0.006327496 0.050887040 0.012524548
v -0.006728783 0.051130986 0.012524548
v -0.007186608 0.051312255 0.012524548
v -0.007683377 0.051423880 0.012524548
v -0.008200000 0.051461571 0.012524548
v -0.008716623 0.051423880 0.012524548
v -0.009213392 0.051312255 0.012524548
v -0.009671217 0.051130986 0.012524548
v -0.010072504 0.050887040 0.012524548
v -0.010401832 0.050589790 0.012524548
v -0.010646544 0.050250661 0.012524548
v -0.010797237 0.049882683 0.012524548
v -0.010848120 0.049500000 0.012524548
v -0.010797237 0.049117317 0.012524548
v -0.010646544 0.048749339 0.012524548
v -0.010401832 0.048410210 0.012524548
v -0.010072504 0.048112960 0.012524548
v -0.009671217 0.047869014 0.012524548
v -0.009213392 0.047687745 0.012524548
v -0.008716623 0.047576120 0.012524548
v -0.008200000 0.047538429 0.012524548
v -0.007683377 0.047576120 0.012524548
v -0.007186608 0.047687745 0.012524548
v -0.006728783 0.047869014 0.012524548
v -0.006327496 0.048112960 0.012524548
v -0.005998168 0.048410210 0.012524548
v -0.005753456 0.048749339 0.012524548
v -0.005602763 0.049117317 0.012524548
v -0.005705525 0.049500000 0.011586583
v -0.005753456 0.049860480 0.011586583
v -0.005895406 0.050207107 0.011586583
v -0.006125920 0.050526560 0.011586583
v -0.006436140 0.050806563 0.011586583
v -0.006814144 0.051036356 0.011586583
v -0.007245406 0.051207107 0.011586583
v -0.007713352 0.051312255 0.011586583
v -0.008200000 0.051347759 0.011586583
v -0.008686648 0.051312255 0.011586583
v -0.009154594 0.051207107 0.011586583
v -0.009585856 0.051036356 0.011586583
v -0.009963860 0.050806563 0.011586583
v -0.010274080 0.050526560 0.011586583
v -0.010504594 0.050207107 0.011586583
v -0.010646544 0.049860480 0.011586583
v -0.010694475 0.049500000 0.011586583
v -0.010646544 0.049139520 0.011586583
v -0.010504594 0.048792893 0.011586583
v -0.010274080 0.048473440 0.011586583
v -0.009963860 0.048193437 0.011586583
v -0.009585856 0.047963644 0.011586583
v -0.009154594 0.047792893 0.011586583
v -0.008686648 0.047687745 0.011586583
v -0.008200000 0.047652241 0.011586583
v -0.007713352 0.047687745 0.011586583
v -0.007245406 0.047792893 0.011586583
v -0.006814144 0.047963644 0.011586583
v -0.006436140 0.048193437 0.011586583
v -0.006125920 0.048473440 0.011586583
v -0.005895406 0.048792893 0.011586583
v -0.005753456 0.049139520 0.011586583
v -0.005955032 0.049500000 0.010722149
v -0.005998168 0.049824423 0.010722149
v -0.006125920 0.050136379 0.010722149
v -0.006333377 0.050423880 0.010722149
v -0.006612568 0.050675876 0.010722149
v -0.006952763 0.050882683 0.010722149
v -0.007340888 0.051036356 0.010722149
v -0.007762028 0.051130986 0.010722149
v -0.008200000 0.051162939 0.010722149
v -0.008637972 0.051130986 0.010722149
v -0.009059112 0.051036356 0.010722149
v -0.009447237 0.050882683 0.010722149
v -0.009787432 0.050675876 0.010722149
v -0.010066623 0.050423880 0.010722149
v -0.010274080 0.050136379 0.010722149
v -0.010401832 0.049824423 0.010722149
v -0.010444968 0.049500000 0.010722149
v -0.010401832 0.049175577 0.010722149
v -0.010274080 0.048863621 0.010722149
v -0.010066623 0.048576120 0.010722149
v -0.009787432 0.048324124 0.010722149
v -0.009447237 0.048117317 0.010722149
v -0.009059112 0.047963644 0.010722149
v -0.008637972 0.047869014 0.010722149
v -0.008200000 0.047837061 0.010722149
v -0.007762028 0.047869014 0.010722149
v -0.007340888 0.047963644 0.010722149
v -0.006952763 0.048117317 0.010722149
v -0.006612568 0.048324124 0.010722149
v -0.006333377 0.048576120 0.010722149
v -0.006125920 0.048863621 0.010722149
v -0.005998168 0.049175577 0.010722149
v -0.006290812 0.049500000 0.009964466
v -0.006327496 0.049775899 0.009964466
v -0.006436140 0.050041196 0.009964466
v -0.006612568 0.050285695 0.009964466
v -0.006850000 0.050500000 0.009964466
v -0.007139312 0.050675876 0.009964466
v -0.007469385 0.050806563 0.009964466
v -0.007827536 0.050887040 0.009964466
v -0.008200000 0.050914214 0.009964466
v -0.008572464 0.050887040 0.009964466
v -0.008930615 0.050806563 0.009964466
v -0.009260688 0.050675876 0.009964466
v -0.009550000 0.050500000 0.009964466
v -0.009787432 0.050285695 0.009964466
v -0.009963860 0.050041196 0.009964466
v -0.010072504 0.049775899 0.009964466
v -0.010109188 0.049500000 0.009964466
v -0.010072504 0.049224101 0.009964466
v -0.009963860 0.048958804 0.009964466
v -0.009787432 0.048714305 0.009964466
v -0.009550000 0.048500000 0.009964466
v -0.009260688 0.048324124 0.009964466
v -0.008930615 0.048193437 0.009964466
v -0.008572464 0.048112960 0.009964466
v -0.008200000 0.048085786 0.009964466
v -0.007827536 0.048112960 0.009964466
v -0.007469385 0.048193437 0.009964466
v -0.007139312 0.048324124 0.009964466
v -0.006850000 0.048500000 0.009964466
v -0.006612568 0.048714305 0.009964466
v -0.006436140 0.048958804 0.009964466
v -0.006327496 0.049224101 0.009964466
v -0.006699960 0.049500000 0.009342652
v -0.006728783 0.049716773 0.009342652
v -0.006814144 0.049925215 0.009342652
v -0.006952763 0.050117317 0.009342652
v -0.007139312 0.050285695 0.009342652
v -0.007366623 0.050423880 0.009342652
v -0.007625960 0.050526560 0.009342652
v -0.007907357 0.050589790 0.009342652
v -0.008200000 0.050611140 0.009342652
v -0.008492643 0.050589790 0.009342652
v -0.008774040 0.050526560 0.009342652
v -0.009033377 0.050423880 0.009342652
v -0.009260688 0.050285695 0.009342652
v -0.009447237 0.050117317 0.009342652
v -0.009585856 0.049925215 0.009342652
v -0.009671217 0.049716773 0.009342652
v -0.009700040 0.049500000 0.009342652
v -0.009671217 0.049283227 0.009342652
v -0.009585856 0.049074785 0.009342652
v -0.009447237 0.048882683 0.009342652
v -0.009260688 0.048714305 0.009342652
v -0.009033377 0.048576120 0.009342652
v -0.008774040 0.048473440 0.009342652
v -0.008492643 0.048410210 0.009342652
v -0.008200000 0.048388860 0.009342652
v -0.007907357 0.048410210 0.009342652
v -0.007625960 0.048473440 0.009342652
v -0.007366623 0.048576120 0.009342652
v -0.007139312 0.048714305 0.009342652
v -0.006952763 0.048882683 0.009342652
v -0.006814144 0.049074785 0.009342652
v -0.006728783 0.049283227 0.009342652
v -0.007166755 0.049500000 0.008880602
v -0.007186608 0.049649316 0.008880602
v -0.007245406 0.049792893 0.008880602
v -0.007340888 0.049925215 0.008880602
v -0.007469385 0.050041196 0.008880602
v -0.007625960 0.050136379 0.008880602
v -0.007804594 0.050207107 0.008880602
v -0.007998424 0.050250661 0.008880602
v -0.008200000 0.050265367 0.008880602
v -0.008401576 0.050250661 0.008880602
v -0.008595406 0.050207107 0.008880602
v -0.008774040 0.050136379 0.008880602
v -0.008930615 0.050041196 0.008880602
v -0.009059112 0.049925215 0.008880602
v -0.009154594 0.049792893 0.008880602
v -0.009213392 0.049649316 0.008880602
v -0.009233245 0.049500000 0.008880602
v -0.009213392 0.049350684 0.008880602
v -0.009154594 0.049207107 0.008880602
v -0.009059112 0.049074785 0.008880602
v -0.008930615 0.048958804 0.008880602
v -0.008774040 0.048863621 0.008880602
v -0.008595406 0.048792893 0.008880602
v -0.008401576 0.048749339 0.008880602
v -0.008200000 0.048734633 0.008880602
v -0.007998424 0.048749339 0.008880602
v -0.007804594 0.048792893 0.008880602
v -0.007625960 0.048863621 0.008880602
v -0.007469385 0.048958804 0.008880602
v -0.007340888 0.049074785 0.008880602
v -0.007245406 0.049207107 0.008880602
v -0.007186608 0.049350684 0.008880602
v -0.007673256 0.049500000 0.008596074
v -0.007683377 0.049576120 0.008596074
v -0.007713352 0.049649316 0.008596074
v -0.007762028 0.049716773 0.008596074
v -0.007827536 0.049775899 0.008596074
v -0.007907357 0.049824423 0.008596074
v -0.007998424 0.049860480 0.008596074
v -0.008097237 0.049882683 0.008596074
v -0.008200000 0.049890181 0.008596074
v -0.008302763 0.049882683 0.008596074
v -0.008401576 0.049860480 0.008596074
v -0.008492643 0.049824423 0.008596074
v -0.008572464 0.049775899 0.008596074
v -0.008637972 0.049716773 0.008596074
v -0.008686648 0.049649316 0.008596074
v -0.008716623 0.049576120 0.008596074
v -0.008726744 0.049500000 0.008596074
v -0.008716623 0.049423880 0.008596074
v -0.008686648 0.049350684 0.008596074
v -0.008637972 0.049283227 0.008596074
v -0.008572464 0.049224101 0.008596074
v -0.008492643 0.049175577 0.008596074
v -0.008401576 0.049139520 0.008596074
v -0.008302763 0.049117317 0.008596074
v -0.008200000 0.049109819 0.008596074
v -0.008097237 0.049117317 0.008596074
v -0.007998424 0.049139520 0.008596074
v -0.007907357 0.049175577 0.008596074
v -0.007827536 0.049224101 0.008596074
v -0.007762028 0.049283227 0.008596074
v -0.007713352 0.049350684 0.008596074
v -0.007683377 0.049423880 0.008596074
v -0.008200000 0.049500000 0.008500000
f 3999 4000 4001
f 3999 4001 4002
f 3999 4002 4003
f 3999 4003 4004
f 3999 4004 4005
f 3999 4005 4006
f 3999 4006 4007
f 3999 4007 4008
f 3999 4008 4009
f 3999 4009 4010
f 3999 4010 4011
f 3999 4011 4012
f 3999 4012 4013
f 3999 4013 4014
f 3999 4014 4015
f 3999 4015 4016
f 3999 4016 4017
f 3999 4017 4018
f 3999 4018 4019
f 3999 4019 4020
f 3999 4020 4021
f 3999 4021 4022
f 3999 4022 4023
f 3999 4023 4024
f 3999 4024 4025
f 3999 4025 4026
f 3999 4026 4027
f 3999 4027 4028
f 3999 4028 4029
f 3999 4029 4030
f 3999 4030 4031
f 3999 4031 4000
f 4000 4032 4033
f 4000 4033 4001
f 4001 4033 4034
f 4001 4034 4002
f 4002 4034 4035
f 4002 4035 4003
f 4003 4035 4036
f 4003 4036 4004
f 4004 4036 4037
f 4004 4037 4005
f 4005 4037 4038
f 4005 4038 4006
f 4006 4038 4039
f 4006 4039 4007
f 4007 4039 4040
f 4007 4040 4008
f 4008 4040 4041
f 4008 4041 4009
f 4009 4041 4042
f 4009 4042 4010
f 4010 4042 4043
f 4010 4043 4011
f 4011 4043 4044
f 4011 4044 4012
f 4012 4044 4045
f 4012 4045 4013
f 4013 4045 4046
f 4013 4046 4014
f 4014 4046 4047
f 4014 4047 4015
f 4015 4047 4048
f 4015 4048 4016
f 4016 4048 4049
f 4016 4049 4017
f 4017 4049 4050
f 4017 4050 4018
f 4018 4050 4051
f 4018 4051 4019
f 4019 4051 4052
f 4019 4052 4020
f 4020 4052 4053
f 4020 4053 4021
f 4021 4053 4054
f 4021 4054 4022
f 4022 4054 4055
f 4022 4055 4023
f 4023 4055 4056
f 4023 4056 4024
f 4024 4056 4057
f 4024 4057 4025
f 4025 4057 4058
f 4025 4058 4026
f 4026 4058 4059
f 4026 4059 4027
f 4027 4059 4060
f 4027 4060 4028
f 4028 4060 4061
f 4028 4061 4029
f 4029 4061 4062
f 4029 4062 4030
f 4030 4062 4063
f 4030 4063 4031
f 4031 4063 4032
f 4031 4032 4000
f 4032 4064 4065
f 4032 4065 4033
f 4033 4065 4066
f 4033 4066 4034
f 4034 4066 4067
f 4034 4067 4035
f 4035 4067 4068
f 4035 4068 4036
f 4036 4068 4069
f 4036 4069 4037
f 4037 4069 4070
f 4037 4070 4038
f 4038 4070 4071
f 4038 4071 4039
f 4039 4071 4072
f 4039 4072 4040
f 4040 4072 4073
f 4040 4073 4041
f 4041 4073 4074
f 4041 4074 4042
f 4042 4074 4075
f 4042 4075 4043
f 4043 4075 4076
f 4043 4076 4044
f 4044 4076 4077
f 4044 4077 4045
f 4045 4077 4078
f 4045 4078 4046
f 4046 4078 4079
f 4046 4079 4047
f 4047 4079 4080
f 4047 4080 4048
f 4048 4080 4081
f 4048 4081 4049
f 4049 4081 4082
f 4049 4082 4050
f 4050 4082 4083
f 4050 4083 4051
f 4051 4083 4084
f 4051 4084 4052
f 4052 4084 4085
f 4052 4085 4053
f 4053 4085 4086
f 4053 4086 4054
f 4054 4086 4087
f 4054 4087 4055
f 4055 4087 4088
f 4055 4088 4056
f 4056 4088 4089
f 4056 4089 4057
f 4057 4089 4090
f 4057 4090 4058
f 4058 4090 4091
f 4058 4091 4059
f 4059 4091 4092
f 4059 4092 4060
f 4060 4092 4093
f 4060 4093 4061
f 4061 4093 4094
f 4061 4094 4062
f 4062 4094 4095
f 4062 4095 4063
f 4063 4095 4064
f 4063 4064 4032
f 4064 4096 4097
f 4064 4097 4065
f 4065 4097 4098
f 4065 4098 4066
f 4066 4098 4099
f 4066 4099 4067
f 4067 4099 4100
f 4067 4100 4068
f 4068 4100 4101
f 4068 4101 4069
f 4069 4101 4102
f 4069 4102 4070
f 4070 4102 4103
f 4070 4103 4071
f 4071 4103 4104
f 4071 4104 4072
f 4072 4104 4105
f 4072 4105 4073
f 4073 4105 4106
f 4073 4106 4074
f 4074 4106 4107
f 4074 4107 4075
f 4075 4107 4108
f 4075 4108 4076
f 4076 4108 4109
f 4076 4109 4077
f 4077 4109 4110
f 4077 4110 4078
f 4078 4110 4111
f 4078 4111 4079
f 4079 4111 4112
f 4079 4112 4080
f 4080 4112 4113
f 4080 4113 4081
f 4081 4113 4114
f 4081 4114 4082
f 4082 4114 4115
f 4082 4115 4083
f 4083 4115 4116
f 4083 4116 4084
f 4084 4116 4117
f 4084 4117 4085
f 4085 4117 4118
f 4085 4118 4086
f 4086 4118 4119
f 4086 4119 4087
f 4087 4119 4120
f 4087 4120 4088
f 4088 4120 4121
f 4088 4121 4089
f 4089 4121 4122
f 4089 4122 4090
f 4090 4122 4123
f 4090 4123 4091
f 4091 4123 4124
f 4091 4124 4092
f 4092 4124 4125
f 4092 4125 4093
f 4093 4125 4126
f 4093 4126 4094
f 4094 4126 4127
f 4094 4127 4095
f 4095 4127 4096
f 4095 4096 4064
f 4096 4128 4129
f 4096 4129 4097
f 4097 4129 4130
f 4097 4130 4098
f 4098 4130 4131
f 4098 4131 4099
f 4099 4131 4132
f 4099 4132 4100
f 4100 4132 4133
f 4100 4133 4101
f 4101 4133 4134
f 4101 4134 4102
f 4102 4134 4135
f 4102 4135 4103
f 4103 4135 4136
f 4103 4136 4104
f 4104 4136 4137
f 4104 4137 4105
f 4105 4137 4138
f 4105 4138 4106
f 4106 4138 4139
f 4106 4139 4107
f 4107 4139 4140
f 4107 4140 4108
f 4108 4140 4141
f 4108 4141 4109
f 4109 4141 4142
f 4109 4142 4110
f 4110 4142 4143
f 4110 4143 4111
f 4111 4143 4144
f 4111 4144 4112
f 4112 4144 4145
f 4112 4145 4113
f 4113 4145 4146
f 4113 4146 4114
f 4114 4146 4147
f 4114 4147 4115
f 4115 4147 4148
f 4115 4148 4116
f 4116 4148 4149
f 4116 4149 4117
f 4117 4149 4150
f 4117 4150 4118
f 4118 4150 4151
f 4118 4151 4119
f 4119 4151 4152
f 4119 4152 4120
f 4120 4152 4153
f 4120 4153 4121
f 4121 4153 4154
f 4121 4154 4122
f 4122 4154 4155
f 4122 4155 4123
f 4123 4155 4156
f 4123 4156 4124
f 4124 4156 4157
f 4124 4157 4125
f 4125 4157 4158
f 4125 4158 4126
f 4126 4158 4159
f 4126 4159 4127
f 4127 4159 4128
f 4127 4128 4096
f 4128 4160 4161
f 4128 4161 4129
f 4129 4161 4162
f 4129 4162 4130
f 4130 4162 4163
f 4130 4163 4131
f 4131 4163 4164
f 4131 4164 4132
f 4132 4164 4165
f 4132 4165 4133
f 4133 4165 4166
f 4133 4166 4134
f 4134 4166 4167
f 4134 4167 4135
f 4135 4167 4168
f 4135 4168 4136
f 4136 4168 4169
f 4136 4169 4137
f 4137 4169 4170
f 4137 4170 4138
f 4138 4170 4171
f 4138 4171 4139
f 4139 4171 4172
f 4139 4172 4140
f 4140 4172 4173
f 4140 4173 4141
f 4141 4173 4174
f 4141 4174 4142
f 4142 4174 4175
f 4142 4175 4143
f 4143 4175 4176
f 4143 4176 4144
f 4144 4176 4177
f 4144 4177 4145
f 4145 4177 4178
f 4145 4178 4146
f 4146 4178 4179
f 4146 4179 4147
f 4147 4179 4180
f 4147 4180 4148
f 4148 4180 4181
f 4148 4181 4149
f 4149 4181 4182
f 4149 4182 4150
f 4150 4182 4183
f 4150 4183 4151
f 4151 4183 4184
f 4151 4184 4152
f 4152 4184 4185
f 4152 4185 4153
f 4153 4185 4186
f 4153 4186 4154
f 4154 4186 4187
f 4154 4187 4155
f 4155 4187 4188
f 4155 4188 4156
f 4156 4188 4189
f 4156 4189 4157
f 4157 4189 4190
f 4157 4190 4158
f 4158 4190 4191
f 4158 4191 4159
f 4159 4191 4160
f 4159 4160 4128
f 4160 4192 4193
f 4160 4193 4161
f 4161 4193 4194
f 4161 4194 4162
f 4162 4194 4195
f 4162 4195 4163
f 4163 4195 4196
f 4163 4196 4164
f 4164 4196 4197
f 4164 4197 4165
f 4165 4197 4198
f 4165 4198 4166
f 4166 4198 4199
f 4166 4199 4167
f 4167 4199 4200
f 4167 4200 4168
f 4168 4200 4201
f 4168 4201 4169
f 4169 4201 4202
f 4169 4202 4170
f 4170 4202 4203
f 4170 4203 4171
f 4171 4203 4204
f 4171 4204 4172
f 4172 4204 4205
f 4172 4205 4173
f 4173 4205 4206
f 4173 4206 4174
f 4174 4206 4207
f 4174 4207 4175
f 4175 4207 4208
f 4175 4208 4176
f 4176 4208 4209
f 4176 4209 4177
f 4177 4209 4210
f 4177 4210 4178
f 4178 4210 4211
f 4178 4211 4179
f 4179 4211 4212
f 4179 4212 4180
f 4180 4212 4213
f 4180 4213 4181
f 4181 4213 4214
f 4181 4214 4182
f 4182 4214 4215
f 4182 4215 4183
f 4183 4215 4216
f 4183 4216 4184
f 4184 4216 4217
f 4184 4217 4185
f 4185 4217 4218
f 4185 4218 4186
f 4186 4218 4219
f 4186 4219 4187
f 4187 4219 4220
f 4187 4220 4188
f 4188 4220 4221
f 4188 4221 4189
f 4189 4221 4222
f 4189 4222 4190
f 4190 4222 4223
f 4190 4223 4191
f 4191 4223 4192
f 4191 4192 4160
f 4192 4224 4225
f 4192 4225 4193
f 4193 4225 4226
f 4193 4226 4194
f 4194 4226 4227
f 4194 4227 4195
f 4195 4227 4228
f 4195 4228 4196
f 4196 4228 4229
f 4196 4229 4197
f 4197 4229 4230
f 4197 4230 4198
f 4198 4230 4231
f 4198 4231 4199
f 4199 4231 4232
f 4199 4232 4200
f 4200 4232 4233
f 4200 4233 4201
f 4201 4233 4234
f 4201 4234 4202
f 4202 4234 4235
f 4202 4235 4203
f 4203 4235 4236
f 4203 4236 4204
f 4204 4236 4237
f 4204 4237 4205
f 4205 4237 4238
f 4205 4238 4206
f 4206 4238 4239
f 4206 4239 4207
f 4207 4239 4240
f 4207 4240 4208
f 4208 4240 4241
f 4208 4241 4209
f 4209 4241 4242
f 4209 4242 4210
f 4210 4242 4243
f 4210 4243 4211
f 4211 4243 4244
f 4211 4244 4212
f 4212 4244 4245
f 4212 4245 4213
f 4213 4245 4246
f 4213 4246 4214
f 4214 4246 4247
f 4214 4247 4215
f 4215 4247 4248
f 4215 4248 4216
f 4216 4248 4249
f 4216 4249 4217
f 4217 4249 4250
f 4217 4250 4218
f 4218 4250 4251
f 4218 4251 4219
f 4219 4251 4252
f 4219 4252 4220
f 4220 4252 4253
f 4220 4253 4221
f 4221 4253 4254
f 4221 4254 4222
f 4222 4254 4255
f 4222 4255 4223
f 4223 4255 4224
f 4223 4224 4192
f 4224 4256 4257
f 4224 4257 4225
f 4225 4257 4258
f 4225 4258 4226
f 4226 4258 4259
f 4226 4259 4227
f 4227 4259 4260
f 4227 4260 4228
f 4228 4260 4261
f 4228 4261 4229
f 4229 4261 4262
f 4229 4262 4230
f 4230 4262 4263
f 4230 4263 4231
f 4231 4263 4264
f 4231 4264 4232
f 4232 4264 4265
f 4232 4265 4233
f 4233 4265 4266
f 4233 4266 4234
f 4234 4266 4267
f 4234 4267 4235
f 4235 4267 4268
f 4235 4268 4236
f 4236 4268 4269
f 4236 4269 4237
f 4237 4269 4270
f 4237 4270 4238
f 4238 4270 4271
f 4238 4271 4239
f 4239 4271 4272
f 4239 4272 4240
f 4240 4272 4273
f 4240 4273 4241
f 4241 4273 4274
f 4241 4274 4242
f 4242 4274 4275
f 4242 4275 4243
f 4243 4275 4276
f 4243 4276 4244
f 4244 4276 4277
f 4244 4277 4245
f 4245 4277 4278
f 4245 4278 4246
f 4246 4278 4279
f 4246 4279 4247
f 4247 4279 4280
f 4247 4280 4248
f 4248 4280 4281
f 4248 4281 4249
f 4249 4281 4282
f 4249 4282 4250
f 4250 4282 4283
f 4250 4283 4251
f 4251 4283 4284
f 4251 4284 4252
f 4252 4284 4285
f 4252 4285 4253
f 4253 4285 4286
f 4253 4286 4254
f 4254 4286 4287
f 4254 4287 4255
f 4255 4287 4256
f 4255 4256 4224
f 4256 4288 4289
f 4256 4289 4257
f 4257 4289 4290
f 4257 4290 4258
f 4258 4290 4291
f 4258 4291 4259
f 4259 4291 4292
f 4259 4292 4260
f 4260 4292 4293
f 4260 4293 4261
f 4261 4293 4294
f 4261 4294 4262
f 4262 4294 4295
f 4262 4295 4263
f 4263 4295 4296
f 4263 4296 4264
f 4264 4296 4297
f 4264 4297 4265
f 4265 4297 4298
f 4265 4298 4266
f 4266 4298 4299
f 4266 4299 4267
f 4267 4299 4300
f 4267 4300 4268
f 4268 4300 4301
f 4268 4301 4269
f 4269 4301 4302
f 4269 4302 4270
f 4270 4302 4303
f 4270 4303 4271
f 4271 4303 4304
f 4271 4304 4272
f 4272 4304 4305
f 4272 4305 4273
f 4273 4305 4306
f 4273 4306 4274
f 4274 4306 4307
f 4274 4307 4275
f 4275 4307 4308
f 4275 4308 4276
f 4276 4308 4309
f 4276 4309 4277
f 4277 4309 4310
f 4277 4310 4278
f 4278 4310 4311
f 4278 4311 4279
f 4279 4311 4312
f 4279 4312 4280
f 4280 4312 4313
f 4280 4313 4281
f 4281 4313 4314
f 4281 4314 4282
f 4282 4314 4315
f 4282 4315 4283
f 4283 4315 4316
f 4283 4316 4284
f 4284 4316 4317
f 4284 4317 4285
f 4285 4317 4318
f 4285 4318 4286
f 4286 4318 4319
f 4286 4319 4287
f 4287 4319 4288
f 4287 4288 4256
f 4288 4320 4321
f 4288 4321 4289
f 4289 4321 4322
f 4289 4322 4290
f 4290 4322 4323
f 4290 4323 4291
f 4291 4323 4324
f 4291 4324 4292
f 4292 4324 4325
f 4292 4325 4293
f 4293 4325 4326
f 4293 4326 4294
f 4294 4326 4327
f 4294 4327 4295
f 4295 4327 4328
f 4295 4328 4296
f 4296 4328 4329
f 4296 4329 4297
f 4297 4329 4330
f 4297 4330 4298
f 4298 4330 4331
f 4298 4331 4299
f 4299 4331 4332
f 4299 4332 4300
f 4300 4332 4333
f 4300 4333 4301
f 4301 4333 4334
f 4301 4334 4302
f 4302 4334 4335
f 4302 4335 4303
f 4303 4335 4336
f 4303 4336 4304
f 4304 4336 4337
f 4304 4337 4305
f 4305 4337 4338
f 4305 4338 4306
f 4306 4338 4339
f 4306 4339 4307
f 4307 4339 4340
f 4307 4340 4308
f 4308 4340 4341
f 4308 4341 4309
f 4309 4341 4342
f 4309 4342 4310
f 4310 4342 4343
f 4310 4343 4311
f 4311 4343 4344
f 4311 4344 4312
f 4312 4344 4345
f 4312 4345 4313
f 4313 4345 4346
f 4313 4346 4314
f 4314 4346 4347
f 4314 4347 4315
f 4315 4347 4348
f 4315 4348 4316
f 4316 4348 4349
f 4316 4349 4317
f 4317 4349 4350
f 4317 4350 4318
f 4318 4350 4351
f 4318 4351 4319
f 4319 4351 4320
f 4319 4320 4288
f 4320 4352 4353
f 4320 4353 4321
f 4321 4353 4354
f 4321 4354 4322
f 4322 4354 4355
f 4322 4355 4323
f 4323 4355 4356
f 4323 4356 4324
f 4324 4356 4357
f 4324 4357 4325
f 4325 4357 4358
f 4325 4358 4326
f 4326 4358 4359
f 4326 4359 4327
f 4327 4359 4360
f 4327 4360 4328
f 4328 4360 4361
f 4328 4361 4329
f 4329 4361 4362
f 4329 4362 4330
f 4330 4362 4363
f 4330 4363 4331
f 4331 4363 4364
f 4331 4364 4332
f 4332 4364 4365
f 4332 4365 4333
f 4333 4365 4366
f 4333 4366 4334
f 4334 4366 4367
f 4334 4367 4335
f 4335 4367 4368
f 4335 4368 4336
f 4336 4368 4369
f 4336 4369 4337
f 4337 4369 4370
f 4337 4370 4338
f 4338 4370 4371
f 4338 4371 4339
f 4339 4371 4372
f 4339 4372 4340
f 4340 4372 4373
f 4340 4373 4341
f 4341 4373 4374
f 4341 4374 4342
f 4342 4374 4375
f 4342 4375 4343
f 4343 4375 4376
f 4343 4376 4344
f 4344 4376 4377
f 4344 4377 4345
f 4345 4377 4378
f 4345 4378 4346
f 4346 4378 4379
f 4346 4379 4347
f 4347 4379 4380
f 4347 4380 4348
f 4348 4380 4381
f 4348 4381 4349
f 4349 4381 4382
f 4349 4382 4350
f 4350 4382 4383
f 4350 4383 4351
f 4351 4383 4352
f 4351 4352 4320
f 4352 4384 4385
f 4352 4385 4353
f 4353 4385 4386
f 4353 4386 4354
f 4354 4386 4387
f 4354 4387 4355
f 4355 4387 4388
f 4355 4388 4356
f 4356 4388 4389
f 4356 4389 4357
f 4357 4389 4390
f 4357 4390 4358
f 4358 4390 4391
f 4358 4391 4359
f 4359 4391 4392
f 4359 4392 4360
f 4360 4392 4393
f 4360 4393 4361
f 4361 4393 4394
f 4361 4394 4362
f 4362 4394 4395
f 4362 4395 4363
f 4363 4395 4396
f 4363 4396 4364
f 4364 4396 4397
f 4364 4397 4365
f 4365 4397 4398
f 4365 4398 4366
f 4366 4398 4399
f 4366 4399 4367
f 4367 4399 4400
f 4367 4400 4368
f 4368 4400 4401
f 4368 4401 4369
f 4369 4401 4402
f 4369 4402 4370
f 4370 4402 4403
f 4370 4403 4371
f 4371 4403 4404
f 4371 4404 4372
f 4372 4404 4405
f 4372 4405 4373
f 4373 4405 4406
f 4373 4406 4374
f 4374 4406 4407
f 4374 4407 4375
f 4375 4407 4408
f 4375 4408 4376
f 4376 4408 4409
f 4376 4409 4377
f 4377 4409 4410
f 4377 4410 4378
f 4378 4410 4411
f 4378 4411 4379
f 4379 4411 4412
f 4379 4412 4380
f 4380 4412 4413
f 4380 4413 4381
f 4381 4413 4414
f 4381 4414 4382
f 4382 4414 4415
f 4382 4415 4383
f 4383 4415 4384
f 4383 4384 4352
f 4384 4416 4417
f 4384 4417 4385
f 4385 4417 4418
f 4385 4418 4386
f 4386 4418 4419
f 4386 4419 4387
f 4387 4419 4420
f 4387 4420 4388
f 4388 4420 4421
f 4388 4421 4389
f 4389 4421 4422
f 4389 4422 4390
f 4390 4422 4423
f 4390 4423 4391
f 4391 4423 4424
f 4391 4424 4392
f 4392 4424 4425
f 4392 4425 4393
f 4393 4425 4426
f 4393 4426 4394
f 4394 4426 4427
f 4394 4427 4395
f 4395 4427 4428
f 4395 4428 4396
f 4396 4428 4429
f 4396 4429 4397
f 4397 4429 4430
f 4397 4430 4398
f 4398 4430 4431
f 4398 4431 4399
f 4399 4431 4432
f 4399 4432 4400
f 4400 4432 4433
f 4400 4433 4401
f 4401 4433 4434
f 4401 4434 4402
f 4402 4434 4435
f 4402 4435 4403
f 4403 4435 4436
f 4403 4436 4404
f 4404 4436 4437
f 4404 4437 4405
f 4405 4437 4438
f 4405 4438 4406
f 4406 4438 4439
f 4406 4439 4407
f 4407 4439 4440
f 4407 4440 4408
f 4408 4440 4441
f 4408 4441 4409
f 4409 4441 4442
f 4409 4442 4410
f 4410 4442 4443
f 4410 4443 4411
f 4411 4443 4444
f 4411 4444 4412
f 4412 4444 4445
f 4412 4445 4413
f 4413 4445 4446
f 4413 4446 4414
f 4414 4446 4447
f 4414 4447 4415
f 4415 4447 4416
f 4415 4416 4384
f 4416 4448 4449
f 4416 4449 4417
f 4417 4449 4450
f 4417 4450 4418
f 4418 4450 4451
f 4418 4451 4419
f 4419 4451 4452
f 4419 4452 4420
f 4420 4452 4453
f 4420 4453 4421
f 4421 4453 4454
f 4421 4454 4422
f 4422 4454 4455
f 4422 4455 4423
f 4423 4455 4456
f 4423 4456 4424
f 4424 4456 4457
f 4424 4457 4425
f 4425 4457 4458
f 4425 4458 4426
f 4426 4458 4459
f 4426 4459 4427
f 4427 4459 4460
f 4427 4460 4428
f 4428 4460 4461
f 4428 4461 4429
f 4429 4461 4462
f 4429 4462 4430
f 4430 4462 4463
f 4430 4463 4431
f 4431 4463 4464
f 4431 4464 4432
f 4432 4464 4465
f 4432 4465 4433
f 4433 4465 4466
f 4433 4466 4434
f 4434 4466 4467
f 4434 4467 4435
f 4435 4467 4468
f 4435 4468 4436
f 4436 4468 4469
f 4436 4469 4437
f 4437 4469 4470
f 4437 4470 4438
f 4438 4470 4471
f 4438 4471 4439
f 4439 4471 4472
f 4439 4472 4440
f 4440 4472 4473
f 4440 4473 4441
f 4441 4473 4474
f 4441 4474 4442
f 4442 4474 4475
f 4442 4475 4443
f 4443 4475 4476
f 4443 4476 4444
f 4444 4476 4477
f 4444 4477 4445
f 4445 4477 4478
f 4445 4478 4446
f 4446 4478 4479
f 4446 4479 4447
f 4447 4479 4448
f 4447 4448 4416
f 4480 4449 4448
f 4480 4450 4449
f 4480 4451 4450
f 4480 4452 4451
f 4480 4453 4452
f 4480 4454 4453
f 4480 4455 4454
f 4480 4456 4455
f 4480 4457 4456
f 4480 4458 4457
f 4480 4459 4458
f 4480 4460 4459
f 4480 4461 4460
f 4480 4462 4461
f 4480 4463 4462
f 4480 4464 4463
f 4480 4465 4464
f 4480 4466 4465
f 4480 4467 4466
f 4480 4468 4467
f 4480 4469 4468
f 4480 4470 4469
f 4480 4471 4470
f 4480 4472 4471
f 4480 4473 4472
f 4480 4474 4473
f 4480 4475 4474
f 4480 4476 4475
f 4480 4477 4476
f 4480 4478 4477
f 4480 4479 4478
f 4480 4448 4479
o right_pupil
usemtl vinyl_black
v 0.008200000 0.049500000 0.018500000
v 0.008726744 0.049500000 0.018403926
v 0.008716623 0.049576120 0.018403926
v 0.008686648 0.049649316 0.018403926
v 0.008637972 0.049716773 0.018403926
v 0.008572464 0.049775899 0.018403926
v 0.008492643 0.049824423 0.018403926
v 0.008401576 0.049860480 0.018403926
v 0.008302763 0.049882683 0.018403926
v 0.008200000 0.049890181 0.018403926
v 0.008097237 0.049882683 0.018403926
v 0.007998424 0.049860480 0.018403926
v 0.007907357 0.049824423 0.018403926
v 0.007827536 0.049775899 0.018403926
v 0.007762028 0.049716773 0.018403926
v 0.007713352 0.049649316 0.018403926
v 0.007683377 0.049576120 0.018403926
v 0.007673256 0.049500000 0.018403926
v 0.007683377 0.049423880 0.018403926
v 0.007713352 0.049350684 0.018403926
v 0.007762028 0.049283227 0.018403926
v 0.007827536 0.049224101 0.018403926
v 0.007907357 0.049175577 0.018403926
v 0.007998424 0.049139520 0.018403926
v 0.008097237 0.049117317 0.018403926
v 0.008200000 0.049109819 0.018403926
v 0.008302763 0.049117317 0.018403926
v 0.008401576 0.049139520 0.018403926
v 0.008492643 0.049175577 0.018403926
v 0.008572464 0.049224101 0.018403926
v 0.008637972 0.049283227 0.018403926
v 0.008686648 0.049350684 0.018403926
v 0.008716623 0.049423880 0.018403926
v 0.009233245 0.049500000 0.018119398
v 0.009213392 0.049649316 0.018119398
v 0.009154594 0.049792893 0.018119398
v 0.009059112 0.049925215 0.018119398
v 0.008930615 0.050041196 0.018119398
v 0.008774040 0.050136379 0.018119398
v 0.008595406 0.050207107 0.018119398
v 0.008401576 0.050250661 0.018119398
v 0.008200000 0.050265367 0.018119398
v 0.007998424 0.050250661 0.018119398
v 0.007804594 0.050207107 0.018119398
v 0.007625960 0.050136379 0.018119398
v 0.007469385 0.050041196 0.018119398
v 0.007340888 0.049925215 0.018119398
v 0.007245406 0.049792893 0.018119398
v 0.007186608 0.049649316 0.018119398
v 0.007166755 0.049500000 0.018119398
v 0.007186608 0.049350684 0.018119398
v 0.007245406 0.049207107 0.018119398
v 0.007340888 0.049074785 0.018119398
v 0.007469385 0.048958804 0.018119398
v 0.007625960 0.048863621 0.018119398
v 0.007804594 0.048792893 0.018119398
v 0.007998424 0.048749339 0.018119398
v 0.008200000 0.048734633 0.018119398
v 0.008401576 0.048749339 0.018119398
v 0.008595406 0.048792893 0.018119398
v 0.008774040 0.048863621 0.018119398
v 0.008930615 0.048958804 0.018119398
v 0.009059112 0.049074785 0.018119398
v 0.009154594 0.049207107 0.018119398
v 0.009213392 0.049350684 0.018119398
v 0.009700040 0.049500000 0.017657348
v 0.009671217 0.049716773 0.017657348
v 0.009585856 0.049925215 0.017657348
v 0.009447237 0.050117317 0.017657348
v 0.009260688 0.050285695 0.017657348
v 0.009033377 0.050423880 0.017657348
v 0.008774040 0.050526560 0.017657348
v 0.008492643 0.050589790 0.017657348
v 0.008200000 0.050611140 0.017657348
v 0.007907357 0.050589790 0.017657348
v 0.007625960 0.050526560 0.017657348
v 0.007366623 0.050423880 0.017657348
v 0.007139312 0.050285695 0.017657348
v 0.006952763 0.050117317 0.017657348
v 0.006814144 0.049925215 0.017657348
v 0.006728783 0.049716773 0.017657348
v 0.006699960 0.049500000 0.017657348
v 0.006728783 0.049283227 0.017657348
v 0.006814144 0.049074785 0.017657348
v 0.006952763 0.048882683 0.017657348
v 0.007139312 0.048714305 0.017657348
v 0.007366623 0.048576120 0.017657348
v 0.007625960 0.048473440 0.017657348
v 0.007907357 0.048410210 0.017657348
v 0.008200000 0.048388860 0.017657348
v 0.008492643 0.048410210 0.017657348
v 0.008774040 0.048473440 0.017657348
v 0.009033377 0.048576120 0.017657348
v 0.009260688 0.048714305 0.017657348
v 0.009447237 0.048882683 0.017657348
v 0.009585856 0.049074785 0.017657348
v 0.009671217 0.049283227 0.017657348
v 0.010109188 0.049500000 0.017035534
v 0.010072504 0.049775899 0.017035534
v 0.009963860 0.050041196 0.017035534
v 0.009787432 0.050285695 0.017035534
v 0.009550000 0.050500000 0.017035534
v 0.009260688 0.050675876 0.017035534
v 0.008930615 0.050806563 0.017035534
v 0.008572464 0.050887040 0.017035534
v 0.008200000 0.050914214 0.017035534
v 0.007827536 0.050887040 0.017035534
v 0.007469385 0.050806563 0.017035534
v 0.007139312 0.050675876 0.017035534
v 0.006850000 0.050500000 0.017035534
v 0.006612568 0.050285695 0.017035534
v 0.006436140 0.050041196 0.017035534
v 0.006327496 0.049775899 0.017035534
v 0.006290812 0.049500000 0.017035534
v 0.006327496 0.049224101 0.017035534
v 0.006436140 0.048958804 0.017035534
v 0.006612568 0.048714305 0.017035534
v 0.006850000 0.048500000 0.017035534
v 0.007139312 0.048324124 0.017035534
v 0.007469385 0.048193437 0.017035534
v 0.007827536 0.048112960 0.017035534
v 0.008200000 0.048085786 0.017035534
v 0.008572464 0.048112960 0.017035534
v 0.008930615 0.048193437 0.017035534
v 0.009260688 0.048324124 0.017035534
v 0.009550000 0.048500000 0.017035534
v 0.009787432 0.048714305 0.017035534
v 0.009963860 0.048958804 0.017035534
v 0.010072504 0.049224101 0.017035534
v 0.010444968 0.049500000 0.016277851
v 0.010401832 0.049824423 0.016277851
v 0.010274080 0.050136379 0.016277851
v 0.010066623 0.050423880 0.016277851
v 0.009787432 0.050675876 0.016277851
v 0.009447237 0.050882683 0.016277851
v 0.009059112 0.051036356 0.016277851
v 0.008637972 0.051130986 0.016277851
v 0.008200000 0.051162939 0.016277851
v 0.007762028 0.051130986 0.016277851
v 0.007340888 0.051036356 0.016277851
v 0.006952763 0.050882683 0.016277851
v 0.006612568 0.050675876 0.016277851
v 0.006333377 0.050423880 0.016277851
v 0.006125920 0.050136379 0.016277851
v 0.005998168 0.049824423 0.016277851
v 0.005955032 0.049500000 0.016277851
v 0.005998168 0.049175577 0.016277851
v 0.006125920 0.048863621 0.016277851
v 0.006333377 0.048576120 0.016277851
v 0.006612568 0.048324124 0.016277851
v 0.006952763 0.048117317 0.016277851
v 0.007340888 0.047963644 0.016277851
v 0.007762028 0.047869014 0.016277851
v 0.008200000 0.047837061 0.016277851
v 0.008637972 0.047869014 0.016277851
v 0.009059112 0.047963644 0.016277851
v 0.009447237 0.048117317 0.016277851
v 0.009787432 0.048324124 0.016277851
v 0.010066623 0.048576120 0.016277851
v 0.010274080 0.048863621 0.016277851
v 0.010401832 0.049175577 0.016277851
v 0.010694475 0.049500000 0.015413417
v 0.010646544 0.049860480 0.015413417
v 0.010504594 0.050207107 0.015413417
v 0.010274080 0.050526560 0.015413417
v 0.009963860 0.050806563 0.015413417
v 0.009585856 0.051036356 0.015413417
v 0.009154594 0.051207107 0.015413417
v 0.008686648 0.051312255 0.015413417
v 0.008200000 0.051347759 0.015413417
v 0.007713352 0.051312255 0.015413417
v 0.007245406 0.051207107 0.015413417
v 0.006814144 0.051036356 0.015413417
v 0.006436140 0.050806563 0.015413417
v 0.006125920 0.050526560 0.015413417
v 0.005895406 0.050207107 0.015413417
v 0.005753456 0.049860480 0.015413417
v 0.005705525 0.049500000 0.015413417
v 0.005753456 0.049139520 0.015413417
v 0.005895406 0.048792893 0.015413417
v 0.006125920 0.048473440 0.015413417
v 0.006436140 0.048193437 0.015413417
v 0.006814144 0.047963644 0.015413417
v 0.007245406 0.047792893 0.015413417
v 0.007713352 0.047687745 0.015413417
v 0.008200000 0.047652241 0.015413417
v 0.008686648 0.047687745 0.015413417
v 0.009154594 0.047792893 0.015413417
v 0.009585856 0.047963644 0.015413417
v 0.009963860 0.048193437 0.015413417
v 0.010274080 0.048473440 0.015413417
v 0.010504594 0.048792893 0.015413417
v 0.010646544 0.049139520 0.015413417
v 0.010848120 0.049500000 0.014475452
v 0.010797237 0.049882683 0.014475452
v 0.010646544 0.050250661 0.014475452
v 0.010401832 0.050589790 0.014475452
v 0.010072504 0.050887040 0.014475452
v 0.009671217 0.051130986 0.014475452
v 0.009213392 0.051312255 0.014475452
v 0.008716623 0.051423880 0.014475452
v 0.008200000 0.051461571 0.014475452
v 0.007683377 0.051423880 0.014475452
v 0.007186608 0.051312255 0.014475452
v 0.006728783 0.051130986 0.014475452
v 0.006327496 0.050887040 0.014475452
v 0.005998168 0.050589790 0.014475452
v 0.005753456 0.050250661 0.014475452
v 0.005602763 0.049882683 0.014475452
v 0.005551880 0.049500000 0.014475452
v 0.005602763 0.049117317 0.014475452
v 0.005753456 0.048749339 0.014475452
v 0.005998168 0.048410210 0.014475452
v 0.006327496 0.048112960 0.014475452
v 0.006728783 0.047869014 0.014475452
v 0.007186608 0.047687745 0.014475452
v 0.007683377 0.047576120 0.014475452
v 0.008200000 0.047538429 0.014475452
v 0.008716623 0.047576120 0.014475452
v 0.009213392 0.047687745 0.014475452
v 0.009671217 0.047869014 0.014475452
v 0.010072504 0.048112960 0.014475452
v 0.010401832 0.048410210 0.014475452
v 0.010646544 0.048749339 0.014475452
v 0.010797237 0.049117317 0.014475452
v 0.010900000 0.049500000 0.013500000
v 0.010848120 0.049890181 0.013500000
v 0.010694475 0.050265367 0.013500000
v 0.010444968 0.050611140 0.013500000
v 0.010109188 0.050914214 0.013500000
v 0.009700040 0.051162939 0.013500000
v 0.009233245 0.051347759 0.013500000
v 0.008726744 0.051461571 0.013500000
v 0.008200000 0.051500000 0.013500000
v 0.007673256 0.051461571 0.013500000
v 0.007166755 0.051347759 0.013500000
v 0.006699960 0.051162939 0.013500000
v 0.006290812 0.050914214 0.013500000
v 0.005955032 0.050611140 0.013500000
v 0.005705525 0.050265367 0.013500000
v 0.005551880 0.049890181 0.013500000
v 0.005500000 0.049500000 0.013500000
v 0.005551880 0.049109819 0.013500000
v 0.005705525 0.048734633 0.013500000
v 0.005955032 0.048388860 0.013500000
v 0.006290812 0.048085786 0.013500000
v 0.006699960 0.047837061 0.013500000
v 0.007166755 0.047652241 0.013500000
v 0.007673256 0.047538429 0.013500000
v 0.008200000 0.047500000 0.013500000
v 0.008726744 0.047538429 0.013500000
v 0.009233245 0.047652241 0.013500000
v 0.009700040 0.047837061 0.013500000
v 0.010109188 0.048085786 0.013500000
v 0.010444968 0.048388860 0.013500000
v 0.010694475 0.048734633 0.013500000
v 0.010848120 0.049109819 0.013500000
v 0.010848120 0.049500000 0.012524548
v 0.010797237 0.049882683 0.012524548
v 0.010646544 0.050250661 0.012524548
v 0.010401832 0.050589790 0.012524548
v 0.010072504 0.050887040 0.012524548
v 0.009671217 0.051130986 0.012524548
v 0.009213392 0.051312255 0.012524548
v 0.008716623 0.051423880 0.012524548
v 0.008200000 0.051461571 0.012524548
v 0.007683377 0.051423880 0.012524548
v 0.007186608 0.051312255 0.012524548
v 0.006728783 0.051130986 0.012524548
v 0.006327496 0.050887040 0.012524548
v 0.005998168 0.050589790 0.012524548
v 0.005753456 0.050250661 0.012524548
v 0.005602763 0.049882683 0.012524548
v 0.005551880 0.049500000 0.012524548
v 0.005602763 0.049117317 0.012524548
v 0.005753456 0.048749339 0.012524548
v 0.005998168 0.048410210 0.012524548
v 0.006327496 0.048112960 0.012524548
v 0.006728783 0.047869014 0.012524548
v 0.007186608 0.047687745 0.012524548
v 0.007683377 0.047576120 0.012524548
v 0.008200000 0.047538429 0.012524548
v 0.008716623 0.047576120 0.012524548
v 0.009213392 0.047687745 0.012524548
v 0.009671217 0.047869014 0.012524548
v 0.010072504 0.048112960 0.012524548
v 0.010401832 0.048410210 0.012524548
v 0.010646544 0.048749339 0.012524548
v 0.010797237 0.049117317 0.012524548
v 0.010694475 0.049500000 0.011586583
v 0.010646544 0.049860480 0.011586583
v 0.010504594 0.050207107 0.011586583
v 0.010274080 0.050526560 0.011586583
v 0.009963860 0.050806563 0.011586583
v 0.009585856 0.051036356 0.011586583
v 0.009154594 0.051207107 0.011586583
v 0.008686648 0.051312255 0.011586583
v 0.008200000 0.051347759 0.011586583
v 0.007713352 0.051312255 0.011586583
v 0.007245406 0.051207107 0.011586583
v 0.006814144 0.051036356 0.011586583
v 0.006436140 0.050806563 0.011586583
v 0.006125920 0.050526560 0.011586583
v 0.005895406 0.050207107 0.011586583
v 0.005753456 0.049860480 0.011586583
v 0.005705525 0.049500000 0.011586583
v 0.005753456 0.049139520 0.011586583
v 0.005895406 0.048792893 0.011586583
v 0.006125920 0.048473440 0.011586583
v 0.006436140 0.048193437 0.011586583
v 0.006814144 0.047963644 0.011586583
v 0.007245406 0.047792893 0.011586583
v 0.007713352 0.047687745 0.011586583
v 0.008200000 0.047652241 0.011586583
v 0.008686648 0.047687745 0.011586583
v 0.009154594 0.047792893 0.011586583
v 0.009585856 0.047963644 0.011586583
v 0.009963860 0.048193437 0.011586583
v 0.010274080 0.048473440 0.011586583
v 0.010504594 0.048792893 0.011586583
v 0.010646544 0.049139520 0.011586583
v 0.010444968 0.049500000 0.010722149
v 0.010401832 0.049824423 0.010722149
v 0.010274080 0.050136379 0.010722149
v 0.010066623 0.050423880 0.010722149
v 0.009787432 0.050675876 0.010722149
v 0.009447237 0.050882683 0.010722149
v 0.009059112 0.051036356 0.010722149
v 0.008637972 0.051130986 0.010722149
v 0.008200000 0.051162939 0.010722149
v 0.007762028 0.051130986 0.010722149
v 0.007340888 0.051036356 0.010722149
v 0.006952763 0.050882683 0.010722149
v 0.006612568 0.050675876 0.010722149
v 0.006333377 0.050423880 0.010722149
v 0.006125920 0.050136379 0.010722149
v 0.005998168 0.049824423 0.010722149
v 0.005955032 0.049500000 0.010722149
v 0.005998168 0.049175577 0.010722149
v 0.006125920 0.048863621 0.010722149
v 0.006333377 0.048576120 0.010722149
v 0.006612568 0.048324124 0.010722149
v 0.006952763 0.048117317 0.010722149
v 0.007340888 0.047963644 0.010722149
v 0.007762028 0.047869014 0.010722149
v 0.008200000 0.047837061 0.010722149
v 0.008637972 0.047869014 0.010722149
v 0.009059112 0.047963644 0.010722149
v 0.009447237 0.048117317 0.010722149
v 0.009787432 0.048324124 0.010722149
v 0.010066623 0.048576120 0.010722149
v 0.010274080 0.048863621 0.010722149
v 0.010401832 0.049175577 0.010722149
v 0.010109188 0.049500000 0.009964466
v 0.010072504 0.049775899 0.009964466
v 0.009963860 0.050041196 0.009964466
v 0.009787432 0.050285695 0.009964466
v 0.009550000 0.050500000 0.009964466
v 0.009260688 0.050675876 0.009964466
v 0.008930615 0.050806563 0.009964466
v 0.008572464 0.050887040 0.009964466
v 0.008200000 0.050914214 0.009964466
v 0.007827536 0.050887040 0.009964466
v 0.007469385 0.050806563 0.009964466
v 0.007139312 0.050675876 0.009964466
v 0.006850000 0.050500000 0.009964466
v 0.006612568 0.050285695 0.009964466
v 0.006436140 0.050041196 0.009964466
v 0.006327496 0.049775899 0.009964466
v 0.006290812 0.049500000 0.009964466
v 0.006327496 0.049224101 0.009964466
v 0.006436140 0.048958804 0.009964466
v 0.006612568 0.048714305 0.009964466
v 0.006850000 0.048500000 0.009964466
v 0.007139312 0.048324124 0.009964466
v 0.007469385 0.048193437 0.009964466
v 0.007827536 0.048112960 0.009964466
v 0.008200000 0.048085786 0.009964466
v 0.008572464 0.048112960 0.009964466
v 0.008930615 0.048193437 0.009964466
v 0.009260688 0.048324124 0.009964466
v 0.009550000 0.048500000 0.009964466
v 0.009787432 0.048714305 0.009964466
v 0.009963860 0.048958804 0.009964466
v 0.010072504 0.049224101 0.009964466
v 0.009700040 0.049500000 0.009342652
v 0.009671217 0.049716773 0.009342652
v 0.009585856 0.049925215 0.009342652
v 0.009447237 0.050117317 0.009342652
v 0.009260688 0.050285695 0.009342652
v 0.009033377 0.050423880 0.009342652
v 0.008774040 0.050526560 0.009342652
v 0.008492643 0.050589790 0.009342652
v 0.008200000 0.050611140 0.009342652
v 0.007907357 0.050589790 0.009342652
v 0.007625960 0.050526560 0.009342652
v 0.007366623 0.050423880 0.009342652
v 0.007139312 0.050285695 0.009342652
v 0.006952763 0.050117317 0.009342652
v 0.006814144 0.049925215 0.009342652
v 0.006728783 0.049716773 0.009342652
v 0.006699960 0.049500000 0.009342652
v 0.006728783 0.049283227 0.009342652
v 0.006814144 0.049074785 0.009342652
v 0.006952763 0.048882683 0.009342652
v 0.007139312 0.048714305 0.009342652
v 0.007366623 0.048576120 0.009342652
v 0.007625960 0.048473440 0.009342652
v 0.007907357 0.048410210 0.009342652
v 0.008200000 0.048388860 0.009342652
v 0.008492643 0.048410210 0.009342652
v 0.008774040 0.048473440 0.009342652
v 0.009033377 0.048576120 0.009342652
v 0.009260688 0.048714305 0.009342652
v 0.009447237 0.048882683 0.009342652
v 0.009585856 0.049074785 0.009342652
v 0.009671217 0.049283227 0.009342652
v 0.009233245 0.049500000 0.008880602
v 0.009213392 0.049649316 0.008880602
v 0.009154594 0.049792893 0.008880602
v 0.009059112 0.049925215 0.008880602
v 0.008930615 0.050041196 0.008880602
v 0.008774040 0.050136379 0.008880602
v 0.008595406 0.050207107 0.008880602
v 0.008401576 0.050250661 0.008880602
v 0.008200000 0.050265367 0.008880602
v 0.007998424 0.050250661 0.008880602
v 0.007804594 0.050207107 0.008880602
v 0.007625960 0.050136379 0.008880602
v 0.007469385 0.050041196 0.008880602
v 0.007340888 0.049925215 0.008880602
v 0.007245406 0.049792893 0.008880602
v 0.007186608 0.049649316 0.008880602
v 0.007166755 0.049500000 0.008880602
v 0.007186608 0.049350684 0.008880602
v 0.007245406 0.049207107 0.008880602
v 0.007340888 0.049074785 0.008880602
v 0.007469385 0.048958804 0.008880602
v 0.007625960 0.048863621 0.008880602
v 0.007804594 0.048792893 0.008880602
v 0.007998424 0.048749339 0.008880602
v 0.008200000 0.048734633 0.008880602
v 0.008401576 0.048749339 0.008880602
v 0.008595406 0.048792893 0.008880602
v 0.008774040 0.048863621 0.008880602
v 0.008930615 0.048958804 0.008880602
v 0.009059112 0.049074785 0.008880602
v 0.009154594 0.049207107 0.008880602
v 0.009213392 0.049350684 0.008880602
v 0.008726744 0.049500000 0.008596074
v 0.008716623 0.049576120 0.008596074
v 0.008686648 0.049649316 0.008596074
v 0.008637972 0.049716773 0.008596074
v 0.008572464 0.049775899 0.008596074
v 0.008492643 0.049824423 0.008596074
v 0.008401576 0.049860480 0.008596074
v 0.008302763 0.049882683 0.008596074
v 0.008200000 0.049890181 0.008596074
v 0.008097237 0.049882683 0.008596074
v 0.007998424 0.049860480 0.008596074
v 0.007907357 0.049824423 0.008596074
v 0.007827536 0.049775899 0.008596074
v 0.007762028 0.049716773 0.008596074
v 0.007713352 0.049649316 0.008596074
v 0.007683377 0.049576120 0.008596074
v 0.007673256 0.049500000 0.008596074
v 0.007683377 0.049423880 0.008596074
v 0.007713352 0.049350684 0.008596074
v 0.007762028 0.049283227 0.008596074
v 0.007827536 0.049224101 0.008596074
v 0.007907357 0.049175577 0.008596074
v 0.007998424 0.049139520 0.008596074
v 0.008097237 0.049117317 0.008596074
v 0.008200000 0.049109819 0.008596074
v 0.008302763 0.049117317 0.008596074
v 0.008401576 0.049139520 0.008596074
v 0.008492643 0.049175577 0.008596074
v 0.008572464 0.049224101 0.008596074
v 0.008637972 0.049283227 0.008596074
v 0.008686648 0.049350684 0.008596074
v 0.008716623 0.049423880 0.008596074
v 0.008200000 0.049500000 0.008500000
f 4481 4482 4483
f 4481 4483 4484
f 4481 4484 4485
f 4481 4485 4486
f 4481 4486 4487
f 4481 4487 4488
f 4481 4488 4489
f 4481 4489 4490
f 4481 4490 4491
f 4481 4491 4492
f 4481 4492 4493
f 4481 4493 4494
f 4481 4494 4495
f 4481 4495 4496
f 4481 4496 4497
f 4481 4497 4498
f 4481 4498 4499
f 4481 4499 4500
f 4481 4500 4501
f 4481 4501 4502
f 4481 4502 4503
f 4481 4503 4504
f 4481 4504 4505
f 4481 4505 4506
f 4481 4506 4507
f 4481 4507 4508
f 4481 4508 4509
f 4481 4509 4510
f 4481 4510 4511
f 4481 4511 4512
f 4481 4512 4513
f 4481 4513 4482
f 4482 4514 4515
f 4482 4515 4483
f 4483 4515 4516
f 4483 4516 4484
f 4484 4516 4517
f 4484 4517 4485
f 4485 4517 4518
f 4485 4518 4486
f 4486 4518 4519
f 4486 4519 4487
f 4487 4519 4520
f 4487 4520 4488
f 4488 4520 4521
f 4488 4521 4489
f 4489 4521 4522
f 4489 4522 4490
f 4490 4522 4523
f 4490 4523 4491
f 4491 4523 4524
f 4491 4524 4492
f 4492 4524 4525
f 4492 4525 4493
f 4493 4525 4526
f 4493 4526 4494
f 4494 4526 4527
f 4494 4527 4495
f 4495 4527 4528
f 4495 4528 4496
f 4496 4528 4529
f 4496 4529 4497
f 4497 4529 4530
f 4497 4530 4498
f 4498 4530 4531
f 4498 4531 4499
f 4499 4531 4532
f 4499 4532 4500
f 4500 4532 4533
f 4500 4533 4501
f 4501 4533 4534
f 4501 4534 4502
f 4502 4534 4535
f 4502 4535 4503
f 4503 4535 4536
f 4503 4536 4504
f 4504 4536 4537
f 4504 4537 4505
f 4505 4537 4538
f 4505 4538 4506
f 4506 4538 4539
f 4506 4539 4507
f 4507 4539 4540
f 4507 4540 4508
f 4508 4540 4541
f 4508 4541 4509
f 4509 4541 4542
f 4509 4542 4510
f 4510 4542 4543
f 4510 4543 4511
f 4511 4543 4544
f 4511 4544 4512
f 4512 4544 4545
f 4512 4545 4513
f 4513 4545 4514
f 4513 4514 4482
f 4514 4546 4547
f 4514 4547 4515
f 4515 4547 4548
f 4515 4548 4516
f 4516 4548 4549
f 4516 4549 4517
f 4517 4549 4550
f 4517 4550 4518
f 4518 4550 4551
f 4518 4551 4519
f 4519 4551 4552
f 4519 4552 4520
f 4520 4552 4553
f 4520 4553 4521
f 4521 4553 4554
f 4521 4554 4522
f 4522 4554 4555
f 4522 4555 4523
f 4523 4555 4556
f 4523 4556 4524
f 4524 4556 4557
f 4524 4557 4525
f 4525 4557 4558
f 4525 4558 4526
f 4526 4558 4559
f 4526 4559 4527
f 4527 4559 4560
f 4527 4560 4528
f 4528 4560 4561
f 4528 4561 4529
f 4529 4561 4562
f 4529 4562 4530
f 4530 4562 4563
f 4530 4563 4531
f 4531 4563 4564
f 4531 4564 4532
f 4532 4564 4565
f 4532 4565 4533
f 4533 4565 4566
f 4533 4566 4534
f 4534 4566 4567
f 4534 4567 4535
f 4535 4567 4568
f 4535 4568 4536
f 4536 4568 4569
f 4536 4569 4537
f 4537 4569 4570
f 4537 4570 4538
f 4538 4570 4571
f 4538 4571 4539
f 4539 4571 4572
f 4539 4572 4540
f 4540 4572 4573
f 4540 4573 4541
f 4541 4573 4574
f 4541 4574 4542
f 4542 4574 4575
f 4542 4575 4543
f 4543 4575 4576
f 4543 4576 4544
f 4544 4576 4577
f 4544 4577 4545
f 4545 4577 4546
f 4545 4546 4514
f 4546 4578 4579
f 4546 4579 4547
f 4547 4579 4580
f 4547 4580 4548
f 4548 4580 4581
f 4548 4581 4549
f 4549 4581 4582
f 4549 4582 4550
f 4550 4582 4583
f 4550 4583 4551
f 4551 4583 4584
f 4551 4584 4552
f 4552 4584 4585
f 4552 4585 4553
f 4553 4585 4586
f 4553 4586 4554
f 4554 4586 4587
f 4554 4587 4555
f 4555 4587 4588
f 4555 4588 4556
f 4556 4588 4589
f 4556 4589 4557
f 4557 4589 4590
f 4557 4590 4558
f 4558 4590 4591
f 4558 4591 4559
f 4559 4591 4592
f 4559 4592 4560
f 4560 4592 4593
f 4560 4593 4561
f 4561 4593 4594
f 4561 4594 4562
f 4562 4594 4595
f 4562 4595 4563
f 4563 4595 4596
f 4563 4596 4564
f 4564 4596 4597
f 4564 4597 4565
f 4565 4597 4598
f 4565 4598 4566
f 4566 4598 4599
f 4566 4599 4567
f 4567 4599 4600
f 4567 4600 4568
f 4568 4600 4601
f 4568 4601 4569
f 4569 4601 4602
f 4569 4602 4570
f 4570 4602 4603
f 4570 4603 4571
f 4571 4603 4604
f 4571 4604 4572
f 4572 4604 4605
f 4572 4605 4573
f 4573 4605 4606
f 4573 4606 4574
f 4574 4606 4607
f 4574 4607 4575
f 4575 4607 4608
f 4575 4608 4576
f 4576 4608 4609
f 4576 4609 4577
f 4577 4609 4578
f 4577 4578 4546
f 4578 4610 4611
f 4578 4611 4579
f 4579 4611 4612
f 4579 4612 4580
f 4580 4612 4613
f 4580 4613 4581
f 4581 4613 4614
f 4581 4614 4582
f 4582 4614 4615
f 4582 4615 4583
f 4583 4615 4616
f 4583 4616 4584
f 4584 4616 4617
f 4584 4617 4585
f 4585 4617 4618
f 4585 4618 4586
f 4586 4618 4619
f 4586 4619 4587
f 4587 4619 4620
f 4587 4620 4588
f 4588 4620 4621
f 4588 4621 4589
f 4589 4621 4622
f 4589 4622 4590
f 4590 4622 4623
f 4590 4623 4591
f 4591 4623 4624
f 4591 4624 4592
f 4592 4624 4625
f 4592 4625 4593
f 4593 4625 4626
f 4593 4626 4594
f 4594 4626 4627
f 4594 4627 4595
f 4595 4627 4628
f 4595 4628 4596
f 4596 4628 4629
f 4596 4629 4597
f 4597 4629 4630
f 4597 4630 4598
f 4598 4630 4631
f 4598 4631 4599
f 4599 4631 4632
f 4599 4632 4600
f 4600 4632 4633
f 4600 4633 4601
f 4601 4633 4634
f 4601 4634 4602
f 4602 4634 4635
f 4602 4635 4603
f 4603 4635 4636
f 4603 4636 4604
f 4604 4636 4637
f 4604 4637 4605
f 4605 4637 4638
f 4605 4638 4606
f 4606 4638 4639
f 4606 4639 4607
f 4607 4639 4640
f 4607 4640 4608
f 4608 4640 4641
f 4608 4641 4609
f 4609 4641 4610
f 4609 4610 4578
f 4610 4642 4643
f 4610 4643 4611
f 4611 4643 4644
f 4611 4644 4612
f 4612 4644 4645
f 4612 4645 4613
f 4613 4645 4646
f 4613 4646 4614
f 4614 4646 4647
f 4614 4647 4615
f 4615 4647 4648
f 4615 4648 4616
f 4616 4648 4649
f 4616 4649 4617
f 4617 4649 4650
f 4617 4650 4618
f 4618 4650 4651
f 4618 4651 4619
f 4619 4651 4652
f 4619 4652 4620
f 4620 4652 4653
f 4620 4653 4621
f 4621 4653 4654
f 4621 4654 4622
f 4622 4654 4655
f 4622 4655 4623
f 4623 4655 4656
f 4623 4656 4624
f 4624 4656 4657
f 4624 4657 4625
f 4625 4657 4658
f 4625 4658 4626
f 4626 4658 4659
f 4626 4659 4627
f 4627 4659 4660
f 4627 4660 4628
f 4628 4660 4661
f 4628 4661 4629
f 4629 4661 4662
f 4629 4662 4630
f 4630 4662 4663
f 4630 4663 4631
f 4631 4663 4664
f 4631 4664 4632
f 4632 4664 4665
f 4632 4665 4633
f 4633 4665 4666
f 4633 4666 4634
f 4634 4666 4667
f 4634 4667 4635
f 4635 4667 4668
f 4635 4668 4636
f 4636 4668 4669
f 4636 4669 4637
f 4637 4669 4670
f 4637 4670 4638
f 4638 4670 4671
f 4638 4671 4639
f 4639 4671 4672
f 4639 4672 4640
f 4640 4672 4673
f 4640 4673 4641
f 4641 4673 4642
f 4641 4642 4610
f 4642 4674 4675
f 4642 4675 4643
f 4643 4675 4676
f 4643 4676 4644
f 4644 4676 4677
f 4644 4677 4645
f 4645 4677 4678
f 4645 4678 4646
f 4646 4678 4679
f 4646 4679 4647
f 4647 4679 4680
f 4647 4680 4648
f 4648 4680 4681
f 4648 4681 4649
f 4649 4681 4682
f 4649 4682 4650
f 4650 4682 4683
f 4650 4683 4651
f 4651 4683 4684
f 4651 4684 4652
f 4652 4684 4685
f 4652 4685 4653
f 4653 4685 4686
f 4653 4686 4654
f 4654 4686 4687
f 4654 4687 4655
f 4655 4687 4688
f 4655 4688 4656
f 4656 4688 4689
f 4656 4689 4657
f 4657 4689 4690
f 4657 4690 4658
f 4658 4690 4691
f 4658 4691 4659
f 4659 4691 4692
f 4659 4692 4660
f 4660 4692 4693
f 4660 4693 4661
f 4661 4693 4694
f 4661 4694 4662
f 4662 4694 4695
f 4662 4695 4663
f 4663 4695 4696
f 4663 4696 4664
f 4664 4696 4697
f 4664 4697 4665
f 4665 4697 4698
f 4665 4698 4666
f 4666 4698 4699
f 4666 4699 4667
f 4667 4699 4700
f 4667 4700 4668
f 4668 4700 4701
f 4668 4701 4669
f 4669 4701 4702
f 4669 4702 4670
f 4670 4702 4703
f 4670 4703 4671
f 4671 4703 4704
f 4671 4704 4672
f 4672 4704 4705
f 4672 4705 4673
f 4673 4705 4674
f 4673 4674 4642
f 4674 4706 4707
f 4674 4707 4675
f 4675 4707 4708
f 4675 4708 4676
f 4676 4708 4709
f 4676 4709 4677
f 4677 4709 4710
f 4677 4710 4678
f 4678 4710 4711
f 4678 4711 4679
f 4679 4711 4712
f 4679 4712 4680
f 4680 4712 4713
f 4680 4713 4681
f 4681 4713 4714
f 4681 4714 4682
f 4682 4714 4715
f 4682 4715 4683
f 4683 4715 4716
f 4683 4716 4684
f 4684 4716 4717
f 4684 4717 4685
f 4685 4717 4718
f 4685 4718 4686
f 4686 4718 4719
f 4686 4719 4687
f 4687 4719 4720
f 4687 4720 4688
f 4688 4720 4721
f 4688 4721 4689
f 4689 4721 4722
f 4689 4722 4690
f 4690 4722 4723
f 4690 4723 4691
f 4691 4723 4724
f 4691 4724 4692
f 4692 4724 4725
f 4692 4725 4693
f 4693 4725 4726
f 4693 4726 4694
f 4694 4726 4727
f 4694 4727 4695
f 4695 4727 4728
f 4695 4728 4696
f 4696 4728 4729
f 4696 4729 4697
f 4697 4729 4730
f 4697 4730 4698
f 4698 4730 4731
f 4698 4731 4699
f 4699 4731 4732
f 4699 4732 4700
f 4700 4732 4733
f 4700 4733 4701
f 4701 4733 4734
f 4701 4734 4702
f 4702 4734 4735
f 4702 4735 4703
f 4703 4735 4736
f 4703 4736 4704
f 4704 4736 4737
f 4704 4737 4705
f 4705 4737 4706
f 4705 4706 4674
f 4706 4738 4739
f 4706 4739 4707
f 4707 4739 4740
f 4707 4740 4708
f 4708 4740 4741
f 4708 4741 4709
f 4709 4741 4742
f 4709 4742 4710
f 4710 4742 4743
f 4710 4743 4711
f 4711 4743 4744
f 4711 4744 4712
f 4712 4744 4745
f 4712 4745 4713
f 4713 4745 4746
f 4713 4746 4714
f 4714 4746 4747
f 4714 4747 4715
f 4715 4747 4748
f 4715 4748 4716
f 4716 4748 4749
f 4716 4749 4717
f 4717 4749 4750
f 4717 4750 4718
f 4718 4750 4751
f 4718 4751 4719
f 4719 4751 4752
f 4719 4752 4720
f 4720 4752 4753
f 4720 4753 4721
f 4721 4753 4754
f 4721 4754 4722
f 4722 4754 4755
f 4722 4755 4723
f 4723 4755 4756
f 4723 4756 4724
f 4724 4756 4757
f 4724 4757 4725
f 4725 4757 4758
f 4725 4758 4726
f 4726 4758 4759
f 4726 4759 4727
f 4727 4759 4760
f 4727 4760 4728
f 4728 4760 4761
f 4728 4761 4729
f 4729 4761 4762
f 4729 4762 4730
f 4730 4762 4763
f 4730 4763 4731
f 4731 4763 4764
f 4731 4764 4732
f 4732 4764 4765
f 4732 4765 4733
f 4733 4765 4766
f 4733 4766 4734
f 4734 4766 4767
f 4734 4767 4735
f 4735 4767 4768
f 4735 4768 4736
f 4736 4768 4769
f 4736 4769 4737
f 4737 4769 4738
f 4737 4738 4706
f 4738 4770 4771
f 4738 4771 4739
f 4739 4771 4772
f 4739 4772 4740
f 4740 4772 4773
f 4740 4773 4741
f 4741 4773 4774
f 4741 4774 4742
f 4742 4774 4775
f 4742 4775 4743
f 4743 4775 4776
f 4743 4776 4744
f 4744 4776 4777
f 4744 4777 4745
f 4745 4777 4778
f 4745 4778 4746
f 4746 4778 4779
f 4746 4779 4747
f 4747 4779 4780
f 4747 4780 4748
f 4748 4780 4781
f 4748 4781 4749
f 4749 4781 4782
f 4749 4782 4750
f 4750 4782 4783
f 4750 4783 4751
f 4751 4783 4784
f 4751 4784 4752
f 4752 4784 4785
f 4752 4785 4753
f 4753 4785 4786
f 4753 4786 4754
f 4754 4786 4787
f 4754 4787 4755
f 4755 4787 4788
f 4755 4788 4756
f 4756 4788 4789
f 4756 4789 4757
f 4757 4789 4790
f 4757 4790 4758
f 4758 4790 4791
f 4758 4791 4759
f 4759 4791 4792
f 4759 4792 4760
f 4760 4792 4793
f 4760 4793 4761
f 4761 4793 4794
f 4761 4794 4762
f 4762 4794 4795
f 4762 4795 4763
f 4763 4795 4796
f 4763 4796 4764
f 4764 4796 4797
f 4764 4797 4765
f 4765 4797 4798
f 4765 4798 4766
f 4766 4798 4799
f 4766 4799 4767
f 4767 4799 4800
f 4767 4800 4768
f 4768 4800 4801
f 4768 4801 4769
f 4769 4801 4770
f 4769 4770 4738
f 4770 4802 4803
f 4770 4803 4771
f 4771 4803 4804
f 4771 4804 4772
f 4772 4804 4805
f 4772 4805 4773
f 4773 4805 4806
f 4773 4806 4774
f 4774 4806 4807
f 4774 4807 4775
f 4775 4807 4808
f 4775 4808 4776
f 4776 4808 4809
f 4776 4809 4777
f 4777 4809 4810
f 4777 4810 4778
f 4778 4810 4811
f 4778 4811 4779
f 4779 4811 4812
f 4779 4812 4780
f 4780 4812 4813
f 4780 4813 4781
f 4781 4813 4814
f 4781 4814 4782
f 4782 4814 4815
f 4782 4815 4783
f 4783 4815 4816
f 4783 4816 4784
f 4784 4816 4817
f 4784 4817 4785
f 4785 4817 4818
f 4785 4818 4786
f 4786 4818 4819
f 4786 4819 4787
f 4787 4819 4820
f 4787 4820 4788
f 4788 4820 4821
f 4788 4821 4789
f 4789 4821 4822
f 4789 4822 4790
f 4790 4822 4823
f 4790 4823 4791
f 4791 4823 4824
f 4791 4824 4792
f 4792 4824 4825
f 4792 4825 4793
f 4793 4825 4826
f 4793 4826 4794
f 4794 4826 4827
f 4794 4827 4795
f 4795 4827 4828
f 4795 4828 4796
f 4796 4828 4829
f 4796 4829 4797
f 4797 4829 4830
f 4797 4830 4798
f 4798 4830 4831
f 4798 4831 4799
f 4799 4831 4832
f 4799 4832 4800
f 4800 4832 4833
f 4800 4833 4801
f 4801 4833 4802
f 4801 4802 4770
f 4802 4834 4835
f 4802 4835 4803
f 4803 4835 4836
f 4803 4836 4804
f 4804 4836 4837
f 4804 4837 4805
f 4805 4837 4838
f 4805 4838 4806
f 4806 4838 4839
f 4806 4839 4807
f 4807 4839 4840
f 4807 4840 4808
f 4808 4840 4841
f 4808 4841 4809
f 4809 4841 4842
f 4809 4842 4810
f 4810 4842 4843
f 4810 4843 4811
f 4811 4843 4844
f 4811 4844 4812
f 4812 4844 4845
f 4812 4845 4813
f 4813 4845 4846
f 4813 4846 4814
f 4814 4846 4847
f 4814 4847 4815
f 4815 4847 4848
f 4815 4848 4816
f 4816 4848 4849
f 4816 4849 4817
f 4817 4849 4850
f 4817 4850 4818
f 4818 4850 4851
f 4818 4851 4819
f 4819 4851 4852
f 4819 4852 4820
f 4820 4852 4853
f 4820 4853 4821
f 4821 4853 4854
f 4821 4854 4822
f 4822 4854 4855
f 4822 4855 4823
f 4823 4855 4856
f 4823 4856 4824
f 4824 4856 4857
f 4824 4857 4825
f 4825 4857 4858
f 4825 4858 4826
f 4826 4858 4859
f 4826 4859 4827
f 4827 4859 4860
f 4827 4860 4828
f 4828 4860 4861
f 4828 4861 4829
f 4829 4861 4862
f 4829 4862 4830
f 4830 4862 4863
f 4830 4863 4831
f 4831 4863 4864
f 4831 4864 4832
f 4832 4864 4865
f 4832 4865 4833
f 4833 4865 4834
f 4833 4834 4802
f 4834 4866 4867
f 4834 4867 4835
f 4835 4867 4868
f 4835 4868 4836
f 4836 4868 4869
f 4836 4869 4837
f 4837 4869 4870
f 4837 4870 4838
f 4838 4870 4871
f 4838 4871 4839
f 4839 4871 4872
f 4839 4872 4840
f 4840 4872 4873
f 4840 4873 4841
f 4841 4873 4874
f 4841 4874 4842
f 4842 4874 4875
f 4842 4875 4843
f 4843 4875 4876
f 4843 4876 4844
f 4844 4876 4877
f 4844 4877 4845
f 4845 4877 4878
f 4845 4878 4846
f 4846 4878 4879
f 4846 4879 4847
f 4847 4879 4880
f 4847 4880 4848
f 4848 4880 4881
f 4848 4881 4849
f 4849 4881 4882
f 4849 4882 4850
f 4850 4882 4883
f 4850 4883 4851
f 4851 4883 4884
f 4851 4884 4852
f 4852 4884 4885
f 4852 4885 4853
f 4853 4885 4886
f 4853 4886 4854
f 4854 4886 4887
f 4854 4887 4855
f 4855 4887 4888
f 4855 4888 4856
f 4856 4888 4889
f 4856 4889 4857
f 4857 4889 4890
f 4857 4890 4858
f 4858 4890 4891
f 4858 4891 4859
f 4859 4891 4892
f 4859 4892 4860
f 4860 4892 4893
f 4860 4893 4861
f 4861 4893 4894
f 4861 4894 4862
f 4862 4894 4895
f 4862 4895 4863
f 4863 4895 4896
f 4863 4896 4864
f 4864 4896 4897
f 4864 4897 4865
f 4865 4897 4866
f 4865 4866 4834
f 4866 4898 4899
f 4866 4899 4867
f 4867 4899 4900
f 4867 4900 4868
f 4868 4900 4901
f 4868 4901 4869
f 4869 4901 4902
f 4869 4902 4870
f 4870 4902 4903
f 4870 4903 4871
f 4871 4903 4904
f 4871 4904 4872
f 4872 4904 4905
f 4872 4905 4873
f 4873 4905 4906
f 4873 4906 4874
f 4874 4906 4907
f 4874 4907 4875
f 4875 4907 4908
f 4875 4908 4876
f 4876 4908 4909
f 4876 4909 4877
f 4877 4909 4910
f 4877 4910 4878
f 4878 4910 4911
f 4878 4911 4879
f 4879 4911 4912
f 4879 4912 4880
f 4880 4912 4913
f 4880 4913 4881
f 4881 4913 4914
f 4881 4914 4882
f 4882 4914 4915
f 4882 4915 4883
f 4883 4915 4916
f 4883 4916 4884
f 4884 4916 4917
f 4884 4917 4885
f 4885 4917 4918
f 4885 4918 4886
f 4886 4918 4919
f 4886 4919 4887
f 4887 4919 4920
f 4887 4920 4888
f 4888 4920 4921
f 4888 4921 4889
f 4889 4921 4922
f 4889 4922 4890
f 4890 4922 4923
f 4890 4923 4891
f 4891 4923 4924
f 4891 4924 4892
f 4892 4924 4925
f 4892 4925 4893
f 4893 4925 4926
f 4893 4926 4894
f 4894 4926 4927
f 4894 4927 4895
f 4895 4927 4928
f 4895 4928 4896
f 4896 4928 4929
f 4896 4929 4897
f 4897 4929 4898
f 4897 4898 4866
f 4898 4930 4931
f 4898 4931 4899
f 4899 4931 4932
f 4899 4932 4900
f 4900 4932 4933
f 4900 4933 4901
f 4901 4933 4934
f 4901 4934 4902
f 4902 4934 4935
f 4902 4935 4903
f 4903 4935 4936
f 4903 4936 4904
f 4904 4936 4937
f 4904 4937 4905
f 4905 4937 4938
f 4905 4938 4906
f 4906 4938 4939
f 4906 4939 4907
f 4907 4939 4940
f 4907 4940 4908
f 4908 4940 4941
f 4908 4941 4909
f 4909 4941 4942
f 4909 4942 4910
f 4910 4942 4943
f 4910 4943 4911
f 4911 4943 4944
f 4911 4944 4912
f 4912 4944 4945
f 4912 4945 4913
f 4913 4945 4946
f 4913 4946 4914
f 4914 4946 4947
f 4914 4947 4915
f 4915 4947 4948
f 4915 4948 4916
f 4916 4948 4949
f 4916 4949 4917
f 4917 4949 4950
f 4917 4950 4918
f 4918 4950 4951
f 4918 4951 4919
f 4919 4951 4952
f 4919 4952 4920
f 4920 4952 4953
f 4920 4953 4921
f 4921 4953 4954
f 4921 4954 4922
f 4922 4954 4955
f 4922 4955 4923
f 4923 4955 4956
f 4923 4956 4924
f 4924 4956 4957
f 4924 4957 4925
f 4925 4957 4958
f 4925 4958 4926
f 4926 4958 4959
f 4926 4959 4927
f 4927 4959 4960
f 4927 4960 4928
f 4928 4960 4961
f 4928 4961 4929
f 4929 4961 4930
f 4929 4930 4898
f 4962 4931 4930
f 4962 4932 4931
f 4962 4933 4932
f 4962 4934 4933
f 4962 4935 4934
f 4962 4936 4935
f 4962 4937 4936
f 4962 4938 4937
f 4962 4939 4938
f 4962 4940 4939
f 4962 4941 4940
f 4962 4942 4941
f 4962 4943 4942
f 4962 4944 4943
f 4962 4945 4944
f 4962 4946 4945
f 4962 4947 4946
f 4962 4948 4947
f 4962 4949 4948
f 4962 4950 4949
f 4962 4951 4950
f 4962 4952 4951
f 4962 4953 4952
f 4962 4954 4953
f 4962 4955 4954
f 4962 4956 4955
f 4962 4957 4956
f 4962 4958 4957
f 4962 4959 4958
f 4962 4960 4959
f 4962 4961 4960
f 4962 4930 4961
o nose
usemtl vinyl_black
v 0.000000000 0.050000000 0.003000000
v 0.001560723 0.050000000 0.002903926
v 0.001530734 0.050190301 0.002903926
v 0.001441920 0.050373289 0.002903926
v 0.001297693 0.050541932 0.002903926
v 0.001103598 0.050689748 0.002903926
v 0.000867091 0.050811058 0.002903926
v 0.000597263 0.050901200 0.002903926
v 0.000304482 0.050956709 0.002903926
v 0.000000000 0.050975452 0.002903926
v -0.000304482 0.050956709 0.002903926
v -0.000597263 0.050901200 0.002903926
v -0.000867091 0.050811058 0.002903926
v -0.001103598 0.050689748 0.002903926
v -0.001297693 0.050541932 0.002903926
v -0.001441920 0.050373289 0.002903926
v -0.001530734 0.050190301 0.002903926
v -0.001560723 0.050000000 0.002903926
v -0.001530734 0.049809699 0.002903926
v -0.001441920 0.049626711 0.002903926
v -0.001297693 0.049458068 0.002903926
v -0.001103598 0.049310252 0.002903926
v -0.000867091 0.049188942 0.002903926
v -0.000597263 0.049098800 0.002903926
v -0.000304482 0.049043291 0.002903926
v -0.000000000 0.049024548 0.002903926
v 0.000304482 0.049043291 0.002903926
v 0.000597263 0.049098800 0.002903926
v 0.000867091 0.049188942 0.002903926
v 0.001103598 0.049310252 0.002903926
v 0.001297693 0.049458068 0.002903926
v 0.001441920 0.049626711 0.002903926
v 0.001530734 0.049809699 0.002903926
v 0.003061467 0.050000000 0.002619398
v 0.003002642 0.050373289 0.002619398
v 0.002828427 0.050732233 0.002619398
v 0.002545517 0.051063038 0.002619398
v 0.002164784 0.051352990 0.002619398
v 0.001700860 0.051590948 0.002619398
v 0.001171573 0.051767767 0.002619398
v 0.000597263 0.051876651 0.002619398
v 0.000000000 0.051913417 0.002619398
v -0.000597263 0.051876651 0.002619398
v -0.001171573 0.051767767 0.002619398
v -0.001700860 0.051590948 0.002619398
v -0.002164784 0.051352990 0.002619398
v -0.002545517 0.051063038 0.002619398
v -0.002828427 0.050732233 0.002619398
v -0.003002642 0.050373289 0.002619398
v -0.003061467 0.050000000 0.002619398
v -0.003002642 0.049626711 0.002619398
v -0.002828427 0.049267767 0.002619398
v -0.002545517 0.048936962 0.002619398
v -0.002164784 0.048647010 0.002619398
v -0.001700860 0.048409052 0.002619398
v -0.001171573 0.048232233 0.002619398
v -0.000597263 0.048123349 0.002619398
v -0.000000000 0.048086583 0.002619398
v 0.000597263 0.048123349 0.002619398
v 0.001171573 0.048232233 0.002619398
v 0.001700860 0.048409052 0.002619398
v 0.002164784 0.048647010 0.002619398
v 0.002545517 0.048936962 0.002619398
v 0.002828427 0.049267767 0.002619398
v 0.003002642 0.049626711 0.002619398
v 0.004444562 0.050000000 0.002157348
v 0.004359161 0.050541932 0.002157348
v 0.004106240 0.051063038 0.002157348
v 0.003695518 0.051543291 0.002157348
v 0.003142780 0.051964237 0.002157348
v 0.002469266 0.052309699 0.002157348
v 0.001700860 0.052566400 0.002157348
v 0.000867091 0.052724476 0.002157348
v 0.000000000 0.052777851 0.002157348
v -0.000867091 0.052724476 0.002157348
v -0.001700860 0.052566400 0.002157348
v -0.002469266 0.052309699 0.002157348
v -0.003142780 0.051964237 0.002157348
v -0.003695518 0.051543291 0.002157348
v -0.004106240 0.051063038 0.002157348
v -0.004359161 0.050541932 0.002157348
v -0.004444562 0.050000000 0.002157348
v -0.004359161 0.049458068 0.002157348
v -0.004106240 0.048936962 0.002157348
v -0.003695518 0.048456709 0.002157348
v -0.003142780 0.048035763 0.002157348
v -0.002469266 0.047690301 0.002157348
v -0.001700860 0.047433600 0.002157348
v -0.000867091 0.047275524 0.002157348
v -0.000000000 0.047222149 0.002157348
v 0.000867091 0.047275524 0.002157348
v 0.001700860 0.047433600 0.002157348
v 0.002469266 0.047690301 0.002157348
v 0.003142780 0.048035763 0.002157348
v 0.003695518 0.048456709 0.002157348
v 0.004106240 0.048936962 0.002157348
v 0.004359161 0.049458068 0.002157348
v 0.005656854 0.050000000 0.001535534
v 0.005548159 0.050689748 0.001535534
v 0.005226252 0.051352990 0.001535534
v 0.004703502 0.051964237 0.001535534
v 0.004000000 0.052500000 0.001535534
v 0.003142780 0.052939689 0.001535534
v 0.002164784 0.053266407 0.001535534
v 0.001103598 0.053467600 0.001535534
v 0.000000000 0.053535534 0.001535534
v -0.001103598 0.053467600 0.001535534
v -0.002164784 0.053266407 0.001535534
v -0.003142780 0.052939689 0.001535534
v -0.004000000 0.052500000 0.001535534
v -0.004703502 0.051964237 0.001535534
v -0.005226252 0.051352990 0.001535534
v -0.005548159 0.050689748 0.001535534
v -0.005656854 0.050000000 0.001535534
v -0.005548159 0.049310252 0.001535534
v -0.005226252 0.048647010 0.001535534
v -0.004703502 0.048035763 0.001535534
v -0.004000000 0.047500000 0.001535534
v -0.003142780 0.047060311 0.001535534
v -0.002164784 0.046733593 0.001535534
v -0.001103598 0.046532400 0.001535534
v -0.000000000 0.046464466 0.001535534
v 0.001103598 0.046532400 0.001535534
v 0.002164784 0.046733593 0.001535534
v 0.003142780 0.047060311 0.001535534
v 0.004000000 0.047500000 0.001535534
v 0.004703502 0.048035763 0.001535534
v 0.005226252 0.048647010 0.001535534
v 0.005548159 0.049310252 0.001535534
v 0.006651757 0.050000000 0.000777851
v 0.006523945 0.050811058 0.000777851
v 0.006145422 0.051590948 0.000777851
v 0.005530734 0.052309699 0.000777851
v 0.004703502 0.052939689 0.000777851
v 0.003695518 0.053456709 0.000777851
v 0.002545517 0.053840889 0.000777851
v 0.001297693 0.054077466 0.000777851
v 0.000000000 0.054157348 0.000777851
v -0.001297693 0.054077466 0.000777851
v -0.002545517 0.053840889 0.000777851
v -0.003695518 0.053456709 0.000777851
v -0.004703502 0.052939689 0.000777851
v -0.005530734 0.052309699 0.000777851
v -0.006145422 0.051590948 0.000777851
v -0.006523945 0.050811058 0.000777851
v -0.006651757 0.050000000 0.000777851
v -0.006523945 0.049188942 0.000777851
v -0.006145422 0.048409052 0.000777851
v -0.005530734 0.047690301 0.000777851
v -0.004703502 0.047060311 0.000777851
v -0.003695518 0.046543291 0.000777851
v -0.002545517 0.046159111 0.000777851
v -0.001297693 0.045922534 0.000777851
v -0.000000000 0.045842652 0.000777851
v 0.001297693 0.045922534 0.000777851
v 0.002545517 0.046159111 0.000777851
v 0.003695518 0.046543291 0.000777851
v 0.004703502 0.047060311 0.000777851
v 0.005530734 0.047690301 0.000777851
v 0.006145422 0.048409052 0.000777851
v 0.006523945 0.049188942 0.000777851
v 0.007391036 0.050000000 -0.000086583
v 0.007249020 0.050901200 -0.000086583
v 0.006828427 0.051767767 -0.000086583
v 0.006145422 0.052566400 -0.000086583
v 0.005226252 0.053266407 -0.000086583
v 0.004106240 0.053840889 -0.000086583
v 0.002828427 0.054267767 -0.000086583
v 0.001441920 0.054530637 -0.000086583
v 0.000000000 0.054619398 -0.000086583
v -0.001441920 0.054530637 -0.000086583
v -0.002828427 0.054267767 -0.000086583
v -0.004106240 0.053840889 -0.000086583
v -0.005226252 0.053266407 -0.000086583
v -0.006145422 0.052566400 -0.000086583
v -0.006828427 0.051767767 -0.000086583
v -0.007249020 0.050901200 -0.000086583
v -0.007391036 0.050000000 -0.000086583
v -0.007249020 0.049098800 -0.000086583
v -0.006828427 0.048232233 -0.000086583
v -0.006145422 0.047433600 -0.000086583
v -0.005226252 0.046733593 -0.000086583
v -0.004106240 0.046159111 -0.000086583
v -0.002828427 0.045732233 -0.000086583
v -0.001441920 0.045469363 -0.000086583
v -0.000000000 0.045380602 -0.000086583
v 0.001441920 0.045469363 -0.000086583
v 0.002828427 0.045732233 -0.000086583
v 0.004106240 0.046159111 -0.000086583
v 0.005226252 0.046733593 -0.000086583
v 0.006145422 0.047433600 -0.000086583
v 0.006828427 0.048232233 -0.000086583
v 0.007249020 0.049098800 -0.000086583
v 0.007846282 0.050000000 -0.001024548
v 0.007695518 0.050956709 -0.001024548
v 0.007249020 0.051876651 -0.001024548
v 0.006523945 0.052724476 -0.001024548
v 0.005548159 0.053467600 -0.001024548
v 0.004359161 0.054077466 -0.001024548
v 0.003002642 0.054530637 -0.001024548
v 0.001530734 0.054809699 -0.001024548
v 0.000000000 0.054903926 -0.001024548
v -0.001530734 0.054809699 -0.001024548
v -0.003002642 0.054530637 -0.001024548
v -0.004359161 0.054077466 -0.001024548
v -0.005548159 0.053467600 -0.001024548
v -0.006523945 0.052724476 -0.001024548
v -0.007249020 0.051876651 -0.001024548
v -0.007695518 0.050956709 -0.001024548
v -0.007846282 0.050000000 -0.001024548
v -0.007695518 0.049043291 -0.001024548
v -0.007249020 0.048123349 -0.001024548
v -0.006523945 0.047275524 -0.001024548
v -0.005548159 0.046532400 -0.001024548
v -0.004359161 0.045922534 -0.001024548
v -0.003002642 0.045469363 -0.001024548
v -0.001530734 0.045190301 -0.001024548
v -0.000000000 0.045096074 -0.001024548
v 0.001530734 0.045190301 -0.001024548
v 0.003002642 0.045469363 -0.001024548
v 0.004359161 0.045922534 -0.001024548
v 0.005548159 0.046532400 -0.001024548
v 0.006523945 0.047275524 -0.001024548
v 0.007249020 0.048123349 -0.001024548
v 0.007695518 0.049043291 -0.001024548
v 0.008000000 0.050000000 -0.002000000
v 0.007846282 0.050975452 -0.002000000
v 0.007391036 0.051913417 -0.002000000
v 0.006651757 0.052777851 -0.002000000
v 0.005656854 0.053535534 -0.002000000
v 0.004444562 0.054157348 -0.002000000
v 0.003061467 0.054619398 -0.002000000
v 0.001560723 0.054903926 -0.002000000
v 0.000000000 0.055000000 -0.002000000
v -0.001560723 0.054903926 -0.002000000
v -0.003061467 0.054619398 -0.002000000
v -0.004444562 0.054157348 -0.002000000
v -0.005656854 0.053535534 -0.002000000
v -0.006651757 0.052777851 -0.002000000
v -0.007391036 0.051913417 -0.002000000
v -0.007846282 0.050975452 -0.002000000
v -0.008000000 0.050000000 -0.002000000
v -0.007846282 0.049024548 -0.002000000
v -0.007391036 0.048086583 -0.002000000
v -0.006651757 0.047222149 -0.002000000
v -0.005656854 0.046464466 -0.002000000
v -0.004444562 0.045842652 -0.002000000
v -0.003061467 0.045380602 -0.002000000
v -0.001560723 0.045096074 -0.002000000
v -0.000000000 0.045000000 -0.002000000
v 0.001560723 0.045096074 -0.002000000
v 0.003061467 0.045380602 -0.002000000
v 0.004444562 0.045842652 -0.002000000
v 0.005656854 0.046464466 -0.002000000
v 0.006651757 0.047222149 -0.002000000
v 0.007391036 0.048086583 -0.002000000
v 0.007846282 0.049024548 -0.002000000
v 0.007846282 0.050000000 -0.002975452
v 0.007695518 0.050956709 -0.002975452
v 0.007249020 0.051876651 -0.002975452
v 0.006523945 0.052724476 -0.002975452
v 0.005548159 0.053467600 -0.002975452
v 0.004359161 0.054077466 -0.002975452
v 0.003002642 0.054530637 -0.002975452
v 0.001530734 0.054809699 -0.002975452
v 0.000000000 0.054903926 -0.002975452
v -0.001530734 0.054809699 -0.002975452
v -0.003002642 0.054530637 -0.002975452
v -0.004359161 0.054077466 -0.002975452
v -0.005548159 0.053467600 -0.002975452
v -0.006523945 0.052724476 -0.002975452
v -0.007249020 0.051876651 -0.002975452
v -0.007695518 0.050956709 -0.002975452
v -0.007846282 0.050000000 -0.002975452
v -0.007695518 0.049043291 -0.002975452
v -0.007249020 0.048123349 -0.002975452
v -0.006523945 0.047275524 -0.002975452
v -0.005548159 0.046532400 -0.002975452
v -0.004359161 0.045922534 -0.002975452
v -0.003002642 0.045469363 -0.002975452
v -0.001530734 0.045190301 -0.002975452
v -0.000000000 0.045096074 -0.002975452
v 0.001530734 0.045190301 -0.002975452
v 0.003002642 0.045469363 -0.002975452
v 0.004359161 0.045922534 -0.002975452
v 0.005548159 0.046532400 -0.002975452
v 0.006523945 0.047275524 -0.002975452
v 0.007249020 0.048123349 -0.002975452
v 0.007695518 0.049043291 -0.002975452
v 0.007391036 0.050000000 -0.003913417
v 0.007249020 0.050901200 -0.003913417
v 0.006828427 0.051767767 -0.003913417
v 0.006145422 0.052566400 -0.003913417
v 0.005226252 0.053266407 -0.003913417
v 0.004106240 0.053840889 -0.003913417
v 0.002828427 0.054267767 -0.003913417
v 0.001441920 0.054530637 -0.003913417
v 0.000000000 0.054619398 -0.003913417
v -0.001441920 0.054530637 -0.003913417
v -0.002828427 0.054267767 -0.003913417
v -0.004106240 0.053840889 -0.003913417
v -0.005226252 0.053266407 -0.003913417
v -0.006145422 0.052566400 -0.003913417
v -0.006828427 0.051767767 -0.003913417
v -0.007249020 0.050901200 -0.003913417
v -0.007391036 0.050000000 -0.003913417
v -0.007249020 0.049098800 -0.003913417
v -0.006828427 0.048232233 -0.003913417
v -0.006145422 0.047433600 -0.003913417
v -0.005226252 0.046733593 -0.003913417
v -0.004106240 0.046159111 -0.003913417
v -0.002828427 0.045732233 -0.003913417
v -0.001441920 0.045469363 -0.003913417
v -0.000000000 0.045380602 -0.003913417
v 0.001441920 0.045469363 -0.003913417
v 0.002828427 0.045732233 -0.003913417
v 0.004106240 0.046159111 -0.003913417
v 0.005226252 0.046733593 -0.003913417
v 0.006145422 0.047433600 -0.003913417
v 0.006828427 0.048232233 -0.003913417
v 0.007249020 0.049098800 -0.003913417
v 0.006651757 0.050000000 -0.004777851
v 0.006523945 0.050811058 -0.004777851
v 0.006145422 0.051590948 -0.004777851
v 0.005530734 0.052309699 -0.004777851
v 0.004703502 0.052939689 -0.004777851
v 0.003695518 0.053456709 -0.004777851
v 0.002545517 0.053840889 -0.004777851
v 0.001297693 0.054077466 -0.004777851
v 0.000000000 0.054157348 -0.004777851
v -0.001297693 0.054077466 -0.004777851
v -0.002545517 0.053840889 -0.004777851
v -0.003695518 0.053456709 -0.004777851
v -0.004703502 0.052939689 -0.004777851
v -0.005530734 0.052309699 -0.004777851
v -0.006145422 0.051590948 -0.004777851
v -0.006523945 0.050811058 -0.004777851
v -0.006651757 0.050000000 -0.004777851
v -0.006523945 0.049188942 -0.004777851
v -0.006145422 0.048409052 -0.004777851
v -0.005530734 0.047690301 -0.004777851
v -0.004703502 0.047060311 -0.004777851
v -0.003695518 0.046543291 -0.004777851
v -0.002545517 0.046159111 -0.004777851
v -0.001297693 0.045922534 -0.004777851
v -0.000000000 0.045842652 -0.004777851
v 0.001297693 0.045922534 -0.004777851
v 0.002545517 0.046159111 -0.004777851
v 0.003695518 0.046543291 -0.004777851
v 0.004703502 0.047060311 -0.004777851
v 0.005530734 0.047690301 -0.004777851
v 0.006145422 0.048409052 -0.004777851
v 0.006523945 0.049188942 -0.004777851
v 0.005656854 0.050000000 -0.005535534
v 0.005548159 0.050689748 -0.005535534
v 0.005226252 0.051352990 -0.005535534
v 0.004703502 0.051964237 -0.005535534
v 0.004000000 0.052500000 -0.005535534
v 0.003142780 0.052939689 -0.005535534
v 0.002164784 0.053266407 -0.005535534
v 0.001103598 0.053467600 -0.005535534
v 0.000000000 0.053535534 -0.005535534
v -0.001103598 0.053467600 -0.005535534
v -0.002164784 0.053266407 -0.005535534
v -0.003142780 0.052939689 -0.005535534
v -0.004000000 0.052500000 -0.005535534
v -0.004703502 0.051964237 -0.005535534
v -0.005226252 0.051352990 -0.005535534
v -0.005548159 0.050689748 -0.005535534
v -0.005656854 0.050000000 -0.005535534
v -0.005548159 0.049310252 -0.005535534
v -0.005226252 0.048647010 -0.005535534
v -0.004703502 0.048035763 -0.005535534
v -0.004000000 0.047500000 -0.005535534
v -0.003142780 0.047060311 -0.005535534
v -0.002164784 0.046733593 -0.005535534
v -0.001103598 0.046532400 -0.005535534
v -0.000000000 0.046464466 -0.005535534
v 0.001103598 0.046532400 -0.005535534
v 0.002164784 0.046733593 -0.005535534
v 0.003142780 0.047060311 -0.005535534
v 0.004000000 0.047500000 -0.005535534
v 0.004703502 0.048035763 -0.005535534
v 0.005226252 0.048647010 -0.005535534
v 0.005548159 0.049310252 -0.005535534
v 0.004444562 0.050000000 -0.006157348
v 0.004359161 0.050541932 -0.006157348
v 0.004106240 0.051063038 -0.006157348
v 0.003695518 0.051543291 -0.006157348
v 0.003142780 0.051964237 -0.006157348
v 0.002469266 0.052309699 -0.006157348
v 0.001700860 0.052566400 -0.006157348
v 0.000867091 0.052724476 -0.006157348
v 0.000000000 0.052777851 -0.006157348
v -0.000867091 0.052724476 -0.006157348
v -0.001700860 0.052566400 -0.006157348
v -0.002469266 0.052309699 -0.006157348
v -0.003142780 0.051964237 -0.006157348
v -0.003695518 0.051543291 -0.006157348
v -0.004106240 0.051063038 -0.006157348
v -0.004359161 0.050541932 -0.006157348
v -0.004444562 0.050000000 -0.006157348
v -0.004359161 0.049458068 -0.006157348
v -0.004106240 0.048936962 -0.006157348
v -0.003695518 0.048456709 -0.006157348
v -0.003142780 0.048035763 -0.006157348
v -0.002469266 0.047690301 -0.006157348
v -0.001700860 0.047433600 -0.006157348
v -0.000867091 0.047275524 -0.006157348
v -0.000000000 0.047222149 -0.006157348
v 0.000867091 0.047275524 -0.006157348
v 0.001700860 0.047433600 -0.006157348
v 0.002469266 0.047690301 -0.006157348
v 0.003142780 0.048035763 -0.006157348
v 0.003695518 0.048456709 -0.006157348
v 0.004106240 0.048936962 -0.006157348
v 0.004359161 0.049458068 -0.006157348
v 0.003061467 0.050000000 -0.006619398
v 0.003002642 0.050373289 -0.006619398
v 0.002828427 0.050732233 -0.006619398
v 0.002545517 0.051063038 -0.006619398
v 0.002164784 0.051352990 -0.006619398
v 0.001700860 0.051590948 -0.006619398
v 0.001171573 0.051767767 -0.006619398
v 0.000597263 0.051876651 -0.006619398
v 0.000000000 0.051913417 -0.006619398
v -0.000597263 0.051876651 -0.006619398
v -0.001171573 0.051767767 -0.006619398
v -0.001700860 0.051590948 -0.006619398
v -0.002164784 0.051352990 -0.006619398
v -0.002545517 0.051063038 -0.006619398
v -0.002828427 0.050732233 -0.006619398
v -0.003002642 0.050373289 -0.006619398
v -0.003061467 0.050000000 -0.006619398
v -0.003002642 0.049626711 -0.006619398
v -0.002828427 0.049267767 -0.006619398
v -0.002545517 0.048936962 -0.006619398
v -0.002164784 0.048647010 -0.006619398
v -0.001700860 0.048409052 -0.006619398
v -0.001171573 0.048232233 -0.006619398
v -0.000597263 0.048123349 -0.006619398
v -0.000000000 0.048086583 -0.006619398
v 0.000597263 0.048123349 -0.006619398
v 0.001171573 0.048232233 -0.006619398
v 0.001700860 0.048409052 -0.006619398
v 0.002164784 0.048647010 -0.006619398
v 0.002545517 0.048936962 -0.006619398
v 0.002828427 0.049267767 -0.006619398
v 0.003002642 0.049626711 -0.006619398
v 0.001560723 0.050000000 -0.006903926
v 0.001530734 0.050190301 -0.006903926
v 0.001441920 0.050373289 -0.006903926
v 0.001297693 0.050541932 -0.006903926
v 0.001103598 0.050689748 -0.006903926
v 0.000867091 0.050811058 -0.006903926
v 0.000597263 0.050901200 -0.006903926
v 0.000304482 0.050956709 -0.006903926
v 0.000000000 0.050975452 -0.006903926
v -0.000304482 0.050956709 -0.006903926
v -0.000597263 0.050901200 -0.006903926
v -0.000867091 0.050811058 -0.006903926
v -0.001103598 0.050689748 -0.006903926
v -0.001297693 0.050541932 -0.006903926
v -0.001441920 0.050373289 -0.006903926
v -0.001530734 0.050190301 -0.006903926
v -0.001560723 0.050000000 -0.006903926
v -0.001530734 0.049809699 -0.006903926
v -0.001441920 0.049626711 -0.006903926
v -0.001297693 0.049458068 -0.006903926
v -0.001103598 0.049310252 -0.006903926
v -0.000867091 0.049188942 -0.006903926
v -0.000597263 0.049098800 -0.006903926
v -0.000304482 0.049043291 -0.006903926
v -0.000000000 0.049024548 -0.006903926
v 0.000304482 0.049043291 -0.006903926
v 0.000597263 0.049098800 -0.006903926
v 0.000867091 0.049188942 -0.006903926
v 0.001103598 0.049310252 -0.006903926
v 0.001297693 0.049458068 -0.006903926
v 0.001441920 0.049626711 -0.006903926
v 0.001530734 0.049809699 -0.006903926
v 0.000000000 0.050000000 -0.007000000
f 4963 4964 4965
f 4963 4965 4966
f 4963 4966 4967
f 4963 4967 4968
f 4963 4968 4969
f 4963 4969 4970
f 4963 4970 4971
f 4963 4971 4972
f 4963 4972 4973
f 4963 4973 4974
f 4963 4974 4975
f 4963 4975 4976
f 4963 4976 4977
f 4963 4977 4978
f 4963 4978 4979
f 4963 4979 4980
f 4963 4980 4981
f 4963 4981 4982
f 4963 4982 4983
f 4963 4983 4984
f 4963 4984 4985
f 4963 4985 4986
f 4963 4986 4987
f 4963 4987 4988
f 4963 4988 4989
f 4963 4989 4990
f 4963 4990 4991
f 4963 4991 4992
f 4963 4992 4993
f 4963 4993 4994
f 4963 4994 4995
f 4963 4995 4964
f 4964 4996 4997
f 4964 4997 4965
f 4965 4997 4998
f 4965 4998 4966
f 4966 4998 4999
f 4966 4999 4967
f 4967 4999 5000
f 4967 5000 4968
f 4968 5000 5001
f 4968 5001 4969
f 4969 5001 5002
f 4969 5002 4970
f 4970 5002 5003
f 4970 5003 4971
f 4971 5003 5004
f 4971 5004 4972
f 4972 5004 5005
f 4972 5005 4973
f 4973 5005 5006
f 4973 5006 4974
f 4974 5006 5007
f 4974 5007 4975
f 4975 5007 5008
f 4975 5008 4976
f 4976 5008 5009
f 4976 5009 4977
f 4977 5009 5010
f 4977 5010 4978
f 4978 5010 5011
f 4978 5011 4979
f 4979 5011 5012
f 4979 5012 4980
f 4980 5012 5013
f 4980 5013 4981
f 4981 5013 5014
f 4981 5014 4982
f 4982 5014 5015
f 4982 5015 4983
f 4983 5015 5016
f 4983 5016 4984
f 4984 5016 5017
f 4984 5017 4985
f 4985 5017 5018
f 4985 5018 4986
f 4986 5018 5019
f 4986 5019 4987
f 4987 5019 5020
f 4987 5020 4988
f 4988 5020 5021
f 4988 5021 4989
f 4989 5021 5022
f 4989 5022 4990
f 4990 5022 5023
f 4990 5023 4991
f 4991 5023 5024
f 4991 5024 4992
f 4992 5024 5025
f 4992 5025 4993
f 4993 5025 5026
f 4993 5026 4994
f 4994 5026 5027
f 4994 5027 4995
f 4995 5027 4996
f 4995 4996 4964
f 4996 5028 5029
f 4996 5029 4997
f 4997 5029 5030
f 4997 5030 4998
f 4998 5030 5031
f 4998 5031 4999
f 4999 5031 5032
f 4999 5032 5000
f 5000 5032 5033
f 5000 5033 5001
f 5001 5033 5034
f 5001 5034 5002
f 5002 5034 5035
f 5002 5035 5003
f 5003 5035 5036
f 5003 5036 5004
f 5004 5036 5037
f 5004 5037 5005
f 5005 5037 5038
f 5005 5038 5006
f 5006 5038 5039
f 5006 5039 5007
f 5007 5039 5040
f 5007 5040 5008
f 5008 5040 5041
f 5008 5041 5009
f 5009 5041 5042
f 5009 5042 5010
f 5010 5042 5043
f 5010 5043 5011
f 5011 5043 5044
f 5011 5044 5012
f 5012 5044 5045
f 5012 5045 5013
f 5013 5045 5046
f 5013 5046 5014
f 5014 5046 5047
f 5014 5047 5015
f 5015 5047 5048
f 5015 5048 5016
f 5016 5048 5049
f 5016 5049 5017
f 5017 5049 5050
f 5017 5050 5018
f 5018 5050 5051
f 5018 5051 5019
f 5019 5051 5052
f 5019 5052 5020
f 5020 5052 5053
f 5020 5053 5021
f 5021 5053 5054
f 5021 5054 5022
f 5022 5054 5055
f 5022 5055 5023
f 5023 5055 5056
f 5023 5056 5024
f 5024 5056 5057
f 5024 5057 5025
f 5025 5057 5058
f 5025 5058 5026
f 5026 5058 5059
f 5026 5059 5027
f 5027 5059 5028
f 5027 5028 4996
f 5028 5060 5061
f 5028 5061 5029
f 5029 5061 5062
f 5029 5062 5030
f 5030 5062 5063
f 5030 5063 5031
f 5031 5063 5064
f 5031 5064 5032
f 5032 5064 5065
f 5032 5065 5033
f 5033 5065 5066
f 5033 5066 5034
f 5034 5066 5067
f 5034 5067 5035
f 5035 5067 5068
f 5035 5068 5036
f 5036 5068 5069
f 5036 5069 5037
f 5037 5069 5070
f 5037 5070 5038
f 5038 5070 5071
f 5038 5071 5039
f 5039 5071 5072
f 5039 5072 5040
f 5040 5072 5073
f 5040 5073 5041
f 5041 5073 5074
f 5041 5074 5042
f 5042 5074 5075
f 5042 5075 5043
f 5043 5075 5076
f 5043 5076 5044
f 5044 5076 5077
f 5044 5077 5045
f 5045 5077 5078
f 5045 5078 5046
f 5046 5078 5079
f 5046 5079 5047
f 5047 5079 5080
f 5047 5080 5048
f 5048 5080 5081
f 5048 5081 5049
f 5049 5081 5082
f 5049 5082 5050
f 5050 5082 5083
f 5050 5083 5051
f 5051 5083 5084
f 5051 5084 5052
f 5052 5084 5085
f 5052 5085 5053
f 5053 5085 5086
f 5053 5086 5054
f 5054 5086 5087
f 5054 5087 5055
f 5055 5087 5088
f 5055 5088 5056
f 5056 5088 5089
f 5056 5089 5057
f 5057 5089 5090
f 5057 5090 5058
f 5058 5090 5091
f 5058 5091 5059
f 5059 5091 5060
f 5059 5060 5028
f 5060 5092 5093
f 5060 5093 5061
f 5061 5093 5094
f 5061 5094 5062
f 5062 5094 5095
f 5062 5095 5063
f 5063 5095 5096
f 5063 5096 5064
f 5064 5096 5097
f 5064 5097 5065
f 5065 5097 5098
f 5065 5098 5066
f 5066 5098 5099
f 5066 5099 5067
f 5067 5099 5100
f 5067 5100 5068
f 5068 5100 5101
f 5068 5101 5069
f 5069 5101 5102
f 5069 5102 5070
f 5070 5102 5103
f 5070 5103 5071
f 5071 5103 5104
f 5071 5104 5072
f 5072 5104 5105
f 5072 5105 5073
f 5073 5105 5106
f 5073 5106 5074
f 5074 5106 5107
f 5074 5107 5075
f 5075 5107 5108
f 5075 5108 5076
f 5076 5108 5109
f 5076 5109 5077
f 5077 5109 5110
f 5077 5110 5078
f 5078 5110 5111
f 5078 5111 5079
f 5079 5111 5112
f 5079 5112 5080
f 5080 5112 5113
f 5080 5113 5081
f 5081 5113 5114
f 5081 5114 5082
f 5082 5114 5115
f 5082 5115 5083
f 5083 5115 5116
f 5083 5116 5084
f 5084 5116 5117
f 5084 5117 5085
f 5085 5117 5118
f 5085 5118 5086
f 5086 5118 5119
f 5086 5119 5087
f 5087 5119 5120
f 5087 5120 5088
f 5088 5120 5121
f 5088 5121 5089
f 5089 5121 5122
f 5089 5122 5090
f 5090 5122 5123
f 5090 5123 5091
f 5091 5123 5092
f 5091 5092 5060
f 5092 5124 5125
f 5092 5125 5093
f 5093 5125 5126
f 5093 5126 5094
f 5094 5126 5127
f 5094 5127 5095
f 5095 5127 5128
f 5095 5128 5096
f 5096 5128 5129
f 5096 5129 5097
f 5097 5129 5130
f 5097 5130 5098
f 5098 5130 5131
f 5098 5131 5099
f 5099 5131 5132
f 5099 5132 5100
f 5100 5132 5133
f 5100 5133 5101
f 5101 5133 5134
f 5101 5134 5102
f 5102 5134 5135
f 5102 5135 5103
f 5103 5135 5136
f 5103 5136 5104
f 5104 5136 5137
f 5104 5137 5105
f 5105 5137 5138
f 5105 5138 5106
f 5106 5138 5139
f 5106 5139 5107
f 5107 5139 5140
f 5107 5140 5108
f 5108 5140 5141
f 5108 5141 5109
f 5109 5141 5142
f 5109 5142 5110
f 5110 5142 5143
f 5110 5143 5111
f 5111 5143 5144
f 5111 5144 5112
f 5112 5144 5145
f 5112 5145 5113
f 5113 5145 5146
f 5113 5146 5114
f 5114 5146 5147
f 5114 5147 5115
f 5115 5147 5148
f 5115 5148 5116
f 5116 5148 5149
f 5116 5149 5117
f 5117 5149 5150
f 5117 5150 5118
f 5118 5150 5151
f 5118 5151 5119
f 5119 5151 5152
f 5119 5152 5120
f 5120 5152 5153
f 5120 5153 5121
f 5121 5153 5154
f 5121 5154 5122
f 5122 5154 5155
f 5122 5155 5123
f 5123 5155 5124
f 5123 5124 5092
f 5124 5156 5157
f 5124 5157 5125
f 5125 5157 5158
f 5125 5158 5126
f 5126 5158 5159
f 5126 5159 5127
f 5127 5159 5160
f 5127 5160 5128
f 5128 5160 5161
f 5128 5161 5129
f 5129 5161 5162
f 5129 5162 5130
f 5130 5162 5163
f 5130 5163 5131
f 5131 5163 5164
f 5131 5164 5132
f 5132 5164 5165
f 5132 5165 5133
f 5133 5165 5166
f 5133 5166 5134
f 5134 5166 5167
f 5134 5167 5135
f 5135 5167 5168
f 5135 5168 5136
f 5136 5168 5169
f 5136 5169 5137
f 5137 5169 5170
f 5137 5170 5138
f 5138 5170 5171
f 5138 5171 5139
f 5139 5171 5172
f 5139 5172 5140
f 5140 5172 5173
f 5140 5173 5141
f 5141 5173 5174
f 5141 5174 5142
f 5142 5174 5175
f 5142 5175 5143
f 5143 5175 5176
f 5143 5176 5144
f 5144 5176 5177
f 5144 5177 5145
f 5145 5177 5178
f 5145 5178 5146
f 5146 5178 5179
f 5146 5179 5147
f 5147 5179 5180
f 5147 5180 5148
f 5148 5180 5181
f 5148 5181 5149
f 5149 5181 5182
f 5149 5182 5150
f 5150 5182 5183
f 5150 5183 5151
f 5151 5183 5184
f 5151 5184 5152
f 5152 5184 5185
f 5152 5185 5153
f 5153 5185 5186
f 5153 5186 5154
f 5154 5186 5187
f 5154 5187 5155
f 5155 5187 5156
f 5155 5156 5124
f 5156 5188 5189
f 5156 5189 5157
f 5157 5189 5190
f 5157 5190 5158
f 5158 5190 5191
f 5158 5191 5159
f 5159 5191 5192
f 5159 5192 5160
f 5160 5192 5193
f 5160 5193 5161
f 5161 5193 5194
f 5161 5194 5162
f 5162 5194 5195
f 5162 5195 5163
f 5163 5195 5196
f 5163 5196 5164
f 5164 5196 5197
f 5164 5197 5165
f 5165 5197 5198
f 5165 5198 5166
f 5166 5198 5199
f 5166 5199 5167
f 5167 5199 5200
f 5167 5200 5168
f 5168 5200 5201
f 5168 5201 5169
f 5169 5201 5202
f 5169 5202 5170
f 5170 5202 5203
f 5170 5203 5171
f 5171 5203 5204
f 5171 5204 5172
f 5172 5204 5205
f 5172 5205 5173
f 5173 5205 5206
f 5173 5206 5174
f 5174 5206 5207
f 5174 5207 5175
f 5175 5207 5208
f 5175 5208 5176
f 5176 5208 5209
f 5176 5209 5177
f 5177 5209 5210
f 5177 5210 5178
f 5178 5210 5211
f 5178 5211 5179
f 5179 5211 5212
f 5179 5212 5180
f 5180 5212 5213
f 5180 5213 5181
f 5181 5213 5214
f 5181 5214 5182
f 5182 5214 5215
f 5182 5215 5183
f 5183 5215 5216
f 5183 5216 5184
f 5184 5216 5217
f 5184 5217 5185
f 5185 5217 5218
f 5185 5218 5186
f 5186 5218 5219
f 5186 5219 5187
f 5187 5219 5188
f 5187 5188 5156
f 5188 5220 5221
f 5188 5221 5189
f 5189 5221 5222
f 5189 5222 5190
f 5190 5222 5223
f 5190 5223 5191
f 5191 5223 5224
f 5191 5224 5192
f 5192 5224 5225
f 5192 5225 5193
f 5193 5225 5226
f 5193 5226 5194
f 5194 5226 5227
f 5194 5227 5195
f 5195 5227 5228
f 5195 5228 5196
f 5196 5228 5229
f 5196 5229 5197
f 5197 5229 5230
f 5197 5230 5198
f 5198 5230 5231
f 5198 5231 5199
f 5199 5231 5232
f 5199 5232 5200
f 5200 5232 5233
f 5200 5233 5201
f 5201 5233 5234
f 5201 5234 5202
f 5202 5234 5235
f 5202 5235 5203
f 5203 5235 5236
f 5203 5236 5204
f 5204 5236 5237
f 5204 5237 5205
f 5205 5237 5238
f 5205 5238 5206
f 5206 5238 5239
f 5206 5239 5207
f 5207 5239 5240
f 5207 5240 5208
f 5208 5240 5241
f 5208 5241 5209
f 5209 5241 5242
f 5209 5242 5210
f 5210 5242 5243
f 5210 5243 5211
f 5211 5243 5244
f 5211 5244 5212
f 5212 5244 5245
f 5212 5245 5213
f 5213 5245 5246
f 5213 5246 5214
f 5214 5246 5247
f 5214 5247 5215
f 5215 5247 5248
f 5215 5248 5216
f 5216 5248 5249
f 5216 5249 5217
f 5217 5249 5250
f 5217 5250 5218
f 5218 5250 5251
f 5218 5251 5219
f 5219 5251 5220
f 5219 5220 5188
f 5220 5252 5253
f 5220 5253 5221
f 5221 5253 5254
f 5221 5254 5222
f 5222 5254 5255
f 5222 5255 5223
f 5223 5255 5256
f 5223 5256 5224
f 5224 5256 5257
f 5224 5257 5225
f 5225 5257 5258
f 5225 5258 5226
f 5226 5258 5259
f 5226 5259 5227
f 5227 5259 5260
f 5227 5260 5228
f 5228 5260 5261
f 5228 5261 5229
f 5229 5261 5262
f 5229 5262 5230
f 5230 5262 5263
f 5230 5263 5231
f 5231 5263 5264
f 5231 5264 5232
f 5232 5264 5265
f 5232 5265 5233
f 5233 5265 5266
f 5233 5266 5234
f 5234 5266 5267
f 5234 5267 5235
f 5235 5267 5268
f 5235 5268 5236
f 5236 5268 5269
f 5236 5269 5237
f 5237 5269 5270
f 5237 5270 5238
f 5238 5270 5271
f 5238 5271 5239
f 5239 5271 5272
f 5239 5272 5240
f 5240 5272 5273
f 5240 5273 5241
f 5241 5273 5274
f 5241 5274 5242
f 5242 5274 5275
f 5242 5275 5243
f 5243 5275 5276
f 5243 5276 5244
f 5244 5276 5277
f 5244 5277 5245
f 5245 5277 5278
f 5245 5278 5246
f 5246 5278 5279
f 5246 5279 5247
f 5247 5279 5280
f 5247 5280 5248
f 5248 5280 5281
f 5248 5281 5249
f 5249 5281 5282
f 5249 5282 5250
f 5250 5282 5283
f 5250 5283 5251
f 5251 5283 5252
f 5251 5252 5220
f 5252 5284 5285
f 5252 5285 5253
f 5253 5285 5286
f 5253 5286 5254
f 5254 5286 5287
f 5254 5287 5255
f 5255 5287 5288
f 5255 5288 5256
f 5256 5288 5289
f 5256 5289 5257
f 5257 5289 5290
f 5257 5290 5258
f 5258 5290 5291
f 5258 5291 5259
f 5259 5291 5292
f 5259 5292 5260
f 5260 5292 5293
f 5260 5293 5261
f 5261 5293 5294
f 5261 5294 5262
f 5262 5294 5295
f 5262 5295 5263
f 5263 5295 5296
f 5263 5296 5264
f 5264 5296 5297
f 5264 5297 5265
f 5265 5297 5298
f 5265 5298 5266
f 5266 5298 5299
f 5266 5299 5267
f 5267 5299 5300
f 5267 5300 5268
f 5268 5300 5301
f 5268 5301 5269
f 5269 5301 5302
f 5269 5302 5270
f 5270 5302 5303
f 5270 5303 5271
f 5271 5303 5304
f 5271 5304 5272
f 5272 5304 5305
f 5272 5305 5273
f 5273 5305 5306
f 5273 5306 5274
f 5274 5306 5307
f 5274 5307 5275
f 5275 5307 5308
f 5275 5308 5276
f 5276 5308 5309
f 5276 5309 5277
f 5277 5309 5310
f 5277 5310 5278
f 5278 5310 5311
f 5278 5311 5279
f 5279 5311 5312
f 5279 5312 5280
f 5280 5312 5313
f 5280 5313 5281
f 5281 5313 5314
f 5281 5314 5282
f 5282 5314 5315
f 5282 5315 5283
f 5283 5315 5284
f 5283 5284 5252
f 5284 5316 5317
f 5284 5317 5285
f 5285 5317 5318
f 5285 5318 5286
f 5286 5318 5319
f 5286 5319 5287
f 5287 5319 5320
f 5287 5320 5288
f 5288 5320 5321
f 5288 5321 5289
f 5289 5321 5322
f 5289 5322 5290
f 5290 5322 5323
f 5290 5323 5291
f 5291 5323 5324
f 5291 5324 5292
f 5292 5324 5325
f 5292 5325 5293
f 5293 5325 5326
f 5293 5326 5294
f 5294 5326 5327
f 5294 5327 5295
f 5295 5327 5328
f 5295 5328 5296
f 5296 5328 5329
f 5296 5329 5297
f 5297 5329 5330
f 5297 5330 5298
f 5298 5330 5331
f 5298 5331 5299
f 5299 5331 5332
f 5299 5332 5300
f 5300 5332 5333
f 5300 5333 5301
f 5301 5333 5334
f 5301 5334 5302
f 5302 5334 5335
f 5302 5335 5303
f 5303 5335 5336
f 5303 5336 5304
f 5304 5336 5337
f 5304 5337 5305
f 5305 5337 5338
f 5305 5338 5306
f 5306 5338 5339
f 5306 5339 5307
f 5307 5339 5340
f 5307 5340 5308
f 5308 5340 5341
f 5308 5341 5309
f 5309 5341 5342
f 5309 5342 5310
f 5310 5342 5343
f 5310 5343 5311
f 5311 5343 5344
f 5311 5344 5312
f 5312 5344 5345
f 5312 5345 5313
f 5313 5345 5346
f 5313 5346 5314
f 5314 5346 5347
f 5314 5347 5315
f 5315 5347 5316
f 5315 5316 5284
f 5316 5348 5349
f 5316 5349 5317
f 5317 5349 5350
f 5317 5350 5318
f 5318 5350 5351
f 5318 5351 5319
f 5319 5351 5352
f 5319 5352 5320
f 5320 5352 5353
f 5320 5353 5321
f 5321 5353 5354
f 5321 5354 5322
f 5322 5354 5355
f 5322 5355 5323
f 5323 5355 5356
f 5323 5356 5324
f 5324 5356 5357
f 5324 5357 5325
f 5325 5357 5358
f 5325 5358 5326
f 5326 5358 5359
f 5326 5359 5327
f 5327 5359 5360
f 5327 5360 5328
f 5328 5360 5361
f 5328 5361 5329
f 5329 5361 5362
f 5329 5362 5330
f 5330 5362 5363
f 5330 5363 5331
f 5331 5363 5364
f 5331 5364 5332
f 5332 5364 5365
f 5332 5365 5333
f 5333 5365 5366
f 5333 5366 5334
f 5334 5366 5367
f 5334 5367 5335
f 5335 5367 5368
f 5335 5368 5336
f 5336 5368 5369
f 5336 5369 5337
f 5337 5369 5370
f 5337 5370 5338
f 5338 5370 5371
f 5338 5371 5339
f 5339 5371 5372
f 5339 5372 5340
f 5340 5372 5373
f 5340 5373 5341
f 5341 5373 5374
f 5341 5374 5342
f 5342 5374 5375
f 5342 5375 5343
f 5343 5375 5376
f 5343 5376 5344
f 5344 5376 5377
f 5344 5377 5345
f 5345 5377 5378
f 5345 5378 5346
f 5346 5378 5379
f 5346 5379 5347
f 5347 5379 5348
f 5347 5348 5316
f 5348 5380 5381
f 5348 5381 5349
f 5349 5381 5382
f 5349 5382 5350
f 5350 5382 5383
f 5350 5383 5351
f 5351 5383 5384
f 5351 5384 5352
f 5352 5384 5385
f 5352 5385 5353
f 5353 5385 5386
f 5353 5386 5354
f 5354 5386 5387
f 5354 5387 5355
f 5355 5387 5388
f 5355 5388 5356
f 5356 5388 5389
f 5356 5389 5357
f 5357 5389 5390
f 5357 5390 5358
f 5358 5390 5391
f 5358 5391 5359
f 5359 5391 5392
f 5359 5392 5360
f 5360 5392 5393
f 5360 5393 5361
f 5361 5393 5394
f 5361 5394 5362
f 5362 5394 5395
f 5362 5395 5363
f 5363 5395 5396
f 5363 5396 5364
f 5364 5396 5397
f 5364 5397 5365
f 5365 5397 5398
f 5365 5398 5366
f 5366 5398 5399
f 5366 5399 5367
f 5367 5399 5400
f 5367 5400 5368
f 5368 5400 5401
f 5368 5401 5369
f 5369 5401 5402
f 5369 5402 5370
f 5370 5402 5403
f 5370 5403 5371
f 5371 5403 5404
f 5371 5404 5372
f 5372 5404 5405
f 5372 5405 5373
f 5373 5405 5406
f 5373 5406 5374
f 5374 5406 5407
f 5374 5407 5375
f 5375 5407 5408
f 5375 5408 5376
f 5376 5408 5409
f 5376 5409 5377
f 5377 5409 5410
f 5377 5410 5378
f 5378 5410 5411
f 5378 5411 5379
f 5379 5411 5380
f 5379 5380 5348
f 5380 5412 5413
f 5380 5413 5381
f 5381 5413 5414
f 5381 5414 5382
f 5382 5414 5415
f 5382 5415 5383
f 5383 5415 5416
f 5383 5416 5384
f 5384 5416 5417
f 5384 5417 5385
f 5385 5417 5418
f 5385 5418 5386
f 5386 5418 5419
f 5386 5419 5387
f 5387 5419 5420
f 5387 5420 5388
f 5388 5420 5421
f 5388 5421 5389
f 5389 5421 5422
f 5389 5422 5390
f 5390 5422 5423
f 5390 5423 5391
f 5391 5423 5424
f 5391 5424 5392
f 5392 5424 5425
f 5392 5425 5393
f 5393 5425 5426
f 5393 5426 5394
f 5394 5426 5427
f 5394 5427 5395
f 5395 5427 5428
f 5395 5428 5396
f 5396 5428 5429
f 5396 5429 5397
f 5397 5429 5430
f 5397 5430 5398
f 5398 5430 5431
f 5398 5431 5399
f 5399 5431 5432
f 5399 5432 5400
f 5400 5432 5433
f 5400 5433 5401
f 5401 5433 5434
f 5401 5434 5402
f 5402 5434 5435
f 5402 5435 5403
f 5403 5435 5436
f 5403 5436 5404
f 5404 5436 5437
f 5404 5437 5405
f 5405 5437 5438
f 5405 5438 5406
f 5406 5438 5439
f 5406 5439 5407
f 5407 5439 5440
f 5407 5440 5408
f 5408 5440 5441
f 5408 5441 5409
f 5409 5441 5442
f 5409 5442 5410
f 5410 5442 5443
f 5410 5443 5411
f 5411 5443 5412
f 5411 5412 5380
f 5444 5413 5412
f 5444 5414 5413
f 5444 5415 5414
f 5444 5416 5415
f 5444 5417 5416
f 5444 5418 5417
f 5444 5419 5418
f 5444 5420 5419
f 5444 5421 5420
f 5444 5422 5421
f 5444 5423 5422
f 5444 5424 5423
f 5444 5425 5424
f 5444 5426 5425
f 5444 5427 5426
f 5444 5428 5427
f 5444 5429 5428
f 5444 5430 5429
f 5444 5431 5430
f 5444 5432 5431
f 5444 5433 5432
f 5444 5434 5433
f 5444 5435 5434
f 5444 5436 5435
f 5444 5437 5436
f 5444 5438 5437
f 5444 5439 5438
f 5444 5440 5439
f 5444 5441 5440
f 5444 5442 5441
f 5444 5443 5442
f 5444 5412 5443
o viewer_left_ear
usemtl vinyl_black
v 0.031000000 0.001000000 0.055000000
v 0.033341084 0.001000000 0.054730994
v 0.033296101 0.001152241 0.054730994
v 0.033162879 0.001298631 0.054730994
v 0.032946540 0.001433546 0.054730994
v 0.032655396 0.001551799 0.054730994
v 0.032300637 0.001648847 0.054730994
v 0.031895894 0.001720960 0.054730994
v 0.031456723 0.001765367 0.054730994
v 0.031000000 0.001780361 0.054730994
v 0.030543277 0.001765367 0.054730994
v 0.030104106 0.001720960 0.054730994
v 0.029699363 0.001648847 0.054730994
v 0.029344604 0.001551799 0.054730994
v 0.029053460 0.001433546 0.054730994
v 0.028837121 0.001298631 0.054730994
v 0.028703899 0.001152241 0.054730994
v 0.028658916 0.001000000 0.054730994
v 0.028703899 0.000847759 0.054730994
v 0.028837121 0.000701369 0.054730994
v 0.029053460 0.000566454 0.054730994
v 0.029344604 0.000448201 0.054730994
v 0.029699363 0.000351153 0.054730994
v 0.030104106 0.000279040 0.054730994
v 0.030543277 0.000234633 0.054730994
v 0.031000000 0.000219639 0.054730994
v 0.031456723 0.000234633 0.054730994
v 0.031895894 0.000279040 0.054730994
v 0.032300637 0.000351153 0.054730994
v 0.032655396 0.000448201 0.054730994
v 0.032946540 0.000566454 0.054730994
v 0.033162879 0.000701369 0.054730994
v 0.033296101 0.000847759 0.054730994
v 0.035592201 0.001000000 0.053934313
v 0.035503963 0.001298631 0.053934313
v 0.035242641 0.001585786 0.053934313
v 0.034818276 0.001850430 0.053934313
v 0.034247177 0.002082392 0.053934313
v 0.033551290 0.002272759 0.053934313
v 0.032757359 0.002414214 0.053934313
v 0.031895894 0.002501321 0.053934313
v 0.031000000 0.002530734 0.053934313
v 0.030104106 0.002501321 0.053934313
v 0.029242641 0.002414214 0.053934313
v 0.028448710 0.002272759 0.053934313
v 0.027752823 0.002082392 0.053934313
v 0.027181724 0.001850430 0.053934313
v 0.026757359 0.001585786 0.053934313
v 0.026496037 0.001298631 0.053934313
v 0.026407799 0.001000000 0.053934313
v 0.026496037 0.000701369 0.053934313
v 0.026757359 0.000414214 0.053934313
v 0.027181724 0.000149570 0.053934313
v 0.027752823 -0.000082392 0.053934313
v 0.028448710 -0.000272759 0.053934313
v 0.029242641 -0.000414214 0.053934313
v 0.030104106 -0.000501321 0.053934313
v 0.031000000 -0.000530734 0.053934313
v 0.031895894 -0.000501321 0.053934313
v 0.032757359 -0.000414214 0.053934313
v 0.033551290 -0.000272759 0.053934313
v 0.034247177 -0.000082392 0.053934313
v 0.034818276 0.000149570 0.053934313
v 0.035242641 0.000414214 0.053934313
v 0.035503963 0.000701369 0.053934313
v 0.037666843 0.001000000 0.052640575
v 0.037538741 0.001433546 0.052640575
v 0.037159360 0.001850430 0.052640575
v 0.036543277 0.002234633 0.052640575
v 0.035714170 0.002571390 0.052640575
v 0.034703899 0.002847759 0.052640575
v 0.033551290 0.003053120 0.052640575
v 0.032300637 0.003179580 0.052640575
v 0.031000000 0.003222281 0.052640575
v 0.029699363 0.003179580 0.052640575
v 0.028448710 0.003053120 0.052640575
v 0.027296101 0.002847759 0.052640575
v 0.026285830 0.002571390 0.052640575
v 0.025456723 0.002234633 0.052640575
v 0.024840640 0.001850430 0.052640575
v 0.024461259 0.001433546 0.052640575
v 0.024333157 0.001000000 0.052640575
v 0.024461259 0.000566454 0.052640575
v 0.024840640 0.000149570 0.052640575
v 0.025456723 -0.000234633 0.052640575
v 0.026285830 -0.000571390 0.052640575
v 0.027296101 -0.000847759 0.052640575
v 0.028448710 -0.001053120 0.052640575
v 0.029699363 -0.001179580 0.052640575
v 0.031000000 -0.001222281 0.052640575
v 0.032300637 -0.001179580 0.052640575
v 0.033551290 -0.001053120 0.052640575
v 0.034703899 -0.000847759 0.052640575
v 0.035714170 -0.000571390 0.052640575
v 0.036543277 -0.000234633 0.052640575
v 0.037159360 0.000149570 0.052640575
v 0.037538741 0.000566454 0.052640575
v 0.039485281 0.001000000 0.050899495
v 0.039322239 0.001551799 0.050899495
v 0.038839378 0.002082392 0.050899495
v 0.038055254 0.002571390 0.050899495
v 0.037000000 0.003000000 0.050899495
v 0.035714170 0.003351751 0.050899495
v 0.034247177 0.003613126 0.050899495
v 0.032655396 0.003774080 0.050899495
v 0.031000000 0.003828427 0.050899495
v 0.029344604 0.003774080 0.050899495
v 0.027752823 0.003613126 0.050899495
v 0.026285830 0.003351751 0.050899495
v 0.025000000 0.003000000 0.050899495
v 0.023944746 0.002571390 0.050899495
v 0.023160622 0.002082392 0.050899495
v 0.022677761 0.001551799 0.050899495
v 0.022514719 0.001000000 0.050899495
v 0.022677761 0.000448201 0.050899495
v 0.023160622 -0.000082392 0.050899495
v 0.023944746 -0.000571390 0.050899495
v 0.025000000 -0.001000000 0.050899495
v 0.026285830 -0.001351751 0.050899495
v 0.027752823 -0.001613126 0.050899495
v 0.029344604 -0.001774080 0.050899495
v 0.031000000 -0.001828427 0.050899495
v 0.032655396 -0.001774080 0.050899495
v 0.034247177 -0.001613126 0.050899495
v 0.035714170 -0.001351751 0.050899495
v 0.037000000 -0.001000000 0.050899495
v 0.038055254 -0.000571390 0.050899495
v 0.038839378 -0.000082392 0.050899495
v 0.039322239 0.000448201 0.050899495
v 0.040977635 0.001000000 0.048777983
v 0.040785918 0.001648847 0.048777983
v 0.040218133 0.002272759 0.048777983
v 0.039296101 0.002847759 0.048777983
v 0.038055254 0.003351751 0.048777983
v 0.036543277 0.003765367 0.048777983
v 0.034818276 0.004072711 0.048777983
v 0.032946540 0.004261973 0.048777983
v 0.031000000 0.004325878 0.048777983
v 0.029053460 0.004261973 0.048777983
v 0.027181724 0.004072711 0.048777983
v 0.025456723 0.003765367 0.048777983
v 0.023944746 0.003351751 0.048777983
v 0.022703899 0.002847759 0.048777983
v 0.021781867 0.002272759 0.048777983
v 0.021214082 0.001648847 0.048777983
v 0.021022365 0.001000000 0.048777983
v 0.021214082 0.000351153 0.048777983
v 0.021781867 -0.000272759 0.048777983
v 0.022703899 -0.000847759 0.048777983
v 0.023944746 -0.001351751 0.048777983
v 0.025456723 -0.001765367 0.048777983
v 0.027181724 -0.002072711 0.048777983
v 0.029053460 -0.002261973 0.048777983
v 0.031000000 -0.002325878 0.048777983
v 0.032946540 -0.002261973 0.048777983
v 0.034818276 -0.002072711 0.048777983
v 0.036543277 -0.001765367 0.048777983
v 0.038055254 -0.001351751 0.048777983
v 0.039296101 -0.000847759 0.048777983
v 0.040218133 -0.000272759 0.048777983
v 0.040785918 0.000351153 0.048777983
v 0.042086554 0.001000000 0.046357568
v 0.041873529 0.001720960 0.046357568
v 0.041242641 0.002414214 0.046357568
v 0.040218133 0.003053120 0.046357568
v 0.038839378 0.003613126 0.046357568
v 0.037159360 0.004072711 0.046357568
v 0.035242641 0.004414214 0.046357568
v 0.033162879 0.004624510 0.046357568
v 0.031000000 0.004695518 0.046357568
v 0.028837121 0.004624510 0.046357568
v 0.026757359 0.004414214 0.046357568
v 0.024840640 0.004072711 0.046357568
v 0.023160622 0.003613126 0.046357568
v 0.021781867 0.003053120 0.046357568
v 0.020757359 0.002414214 0.046357568
v 0.020126471 0.001720960 0.046357568
v 0.019913446 0.001000000 0.046357568
v 0.020126471 0.000279040 0.046357568
v 0.020757359 -0.000414214 0.046357568
v 0.021781867 -0.001053120 0.046357568
v 0.023160622 -0.001613126 0.046357568
v 0.024840640 -0.002072711 0.046357568
v 0.026757359 -0.002414214 0.046357568
v 0.028837121 -0.002624510 0.046357568
v 0.031000000 -0.002695518 0.046357568
v 0.033162879 -0.002624510 0.046357568
v 0.035242641 -0.002414214 0.046357568
v 0.037159360 -0.002072711 0.046357568
v 0.038839378 -0.001613126 0.046357568
v 0.040218133 -0.001053120 0.046357568
v 0.041242641 -0.000414214 0.046357568
v 0.041873529 0.000279040 0.046357568
v 0.042769423 0.001000000 0.043731265
v 0.042543277 0.001765367 0.043731265
v 0.041873529 0.002501321 0.043731265
v 0.040785918 0.003179580 0.043731265
v 0.039322239 0.003774080 0.043731265
v 0.037538741 0.004261973 0.043731265
v 0.035503963 0.004624510 0.043731265
v 0.033296101 0.004847759 0.043731265
v 0.031000000 0.004923141 0.043731265
v 0.028703899 0.004847759 0.043731265
v 0.026496037 0.004624510 0.043731265
v 0.024461259 0.004261973 0.043731265
v 0.022677761 0.003774080 0.043731265
v 0.021214082 0.003179580 0.043731265
v 0.020126471 0.002501321 0.043731265
v 0.019456723 0.001765367 0.043731265
v 0.019230577 0.001000000 0.043731265
v 0.019456723 0.000234633 0.043731265
v 0.020126471 -0.000501321 0.043731265
v 0.021214082 -0.001179580 0.043731265
v 0.022677761 -0.001774080 0.043731265
v 0.024461259 -0.002261973 0.043731265
v 0.026496037 -0.002624510 0.043731265
v 0.028703899 -0.002847759 0.043731265
v 0.031000000 -0.002923141 0.043731265
v 0.033296101 -0.002847759 0.043731265
v 0.035503963 -0.002624510 0.043731265
v 0.037538741 -0.002261973 0.043731265
v 0.039322239 -0.001774080 0.043731265
v 0.040785918 -0.001179580 0.043731265
v 0.041873529 -0.000501321 0.043731265
v 0.042543277 0.000234633 0.043731265
v 0.043000000 0.001000000 0.041000000
v 0.042769423 0.001780361 0.041000000
v 0.042086554 0.002530734 0.041000000
v 0.040977635 0.003222281 0.041000000
v 0.039485281 0.003828427 0.041000000
v 0.037666843 0.004325878 0.041000000
v 0.035592201 0.004695518 0.041000000
v 0.033341084 0.004923141 0.041000000
v 0.031000000 0.005000000 0.041000000
v 0.028658916 0.004923141 0.041000000
v 0.026407799 0.004695518 0.041000000
v 0.024333157 0.004325878 0.041000000
v 0.022514719 0.003828427 0.041000000
v 0.021022365 0.003222281 0.041000000
v 0.019913446 0.002530734 0.041000000
v 0.019230577 0.001780361 0.041000000
v 0.019000000 0.001000000 0.041000000
v 0.019230577 0.000219639 0.041000000
v 0.019913446 -0.000530734 0.041000000
v 0.021022365 -0.001222281 0.041000000
v 0.022514719 -0.001828427 0.041000000
v 0.024333157 -0.002325878 0.041000000
v 0.026407799 -0.002695518 0.041000000
v 0.028658916 -0.002923141 0.041000000
v 0.031000000 -0.003000000 0.041000000
v 0.033341084 -0.002923141 0.041000000
v 0.035592201 -0.002695518 0.041000000
v 0.037666843 -0.002325878 0.041000000
v 0.039485281 -0.001828427 0.041000000
v 0.040977635 -0.001222281 0.041000000
v 0.042086554 -0.000530734 0.041000000
v 0.042769423 0.000219639 0.041000000
v 0.042769423 0.001000000 0.038268735
v 0.042543277 0.001765367 0.038268735
v 0.041873529 0.002501321 0.038268735
v 0.040785918 0.003179580 0.038268735
v 0.039322239 0.003774080 0.038268735
v 0.037538741 0.004261973 0.038268735
v 0.035503963 0.004624510 0.038268735
v 0.033296101 0.004847759 0.038268735
v 0.031000000 0.004923141 0.038268735
v 0.028703899 0.004847759 0.038268735
v 0.026496037 0.004624510 0.038268735
v 0.024461259 0.004261973 0.038268735
v 0.022677761 0.003774080 0.038268735
v 0.021214082 0.003179580 0.038268735
v 0.020126471 0.002501321 0.038268735
v 0.019456723 0.001765367 0.038268735
v 0.019230577 0.001000000 0.038268735
v 0.019456723 0.000234633 0.038268735
v 0.020126471 -0.000501321 0.038268735
v 0.021214082 -0.001179580 0.038268735
v 0.022677761 -0.001774080 0.038268735
v 0.024461259 -0.002261973 0.038268735
v 0.026496037 -0.002624510 0.038268735
v 0.028703899 -0.002847759 0.038268735
v 0.031000000 -0.002923141 0.038268735
v 0.033296101 -0.002847759 0.038268735
v 0.035503963 -0.002624510 0.038268735
v 0.037538741 -0.002261973 0.038268735
v 0.039322239 -0.001774080 0.038268735
v 0.040785918 -0.001179580 0.038268735
v 0.041873529 -0.000501321 0.038268735
v 0.042543277 0.000234633 0.038268735
v 0.042086554 0.001000000 0.035642432
v 0.041873529 0.001720960 0.035642432
v 0.041242641 0.002414214 0.035642432
v 0.040218133 0.003053120 0.035642432
v 0.038839378 0.003613126 0.035642432
v 0.037159360 0.004072711 0.035642432
v 0.035242641 0.004414214 0.035642432
v 0.033162879 0.004624510 0.035642432
v 0.031000000 0.004695518 0.035642432
v 0.028837121 0.004624510 0.035642432
v 0.026757359 0.004414214 0.035642432
v 0.024840640 0.004072711 0.035642432
v 0.023160622 0.003613126 0.035642432
v 0.021781867 0.003053120 0.035642432
v 0.020757359 0.002414214 0.035642432
v 0.020126471 0.001720960 0.035642432
v 0.019913446 0.001000000 0.035642432
v 0.020126471 0.000279040 0.035642432
v 0.020757359 -0.000414214 0.035642432
v 0.021781867 -0.001053120 0.035642432
v 0.023160622 -0.001613126 0.035642432
v 0.024840640 -0.002072711 0.035642432
v 0.026757359 -0.002414214 0.035642432
v 0.028837121 -0.002624510 0.035642432
v 0.031000000 -0.002695518 0.035642432
v 0.033162879 -0.002624510 0.035642432
v 0.035242641 -0.002414214 0.035642432
v 0.037159360 -0.002072711 0.035642432
v 0.038839378 -0.001613126 0.035642432
v 0.040218133 -0.001053120 0.035642432
v 0.041242641 -0.000414214 0.035642432
v 0.041873529 0.000279040 0.035642432
v 0.040977635 0.001000000 0.033222017
v 0.040785918 0.001648847 0.033222017
v 0.040218133 0.002272759 0.033222017
v 0.039296101 0.002847759 0.033222017
v 0.038055254 0.003351751 0.033222017
v 0.036543277 0.003765367 0.033222017
v 0.034818276 0.004072711 0.033222017
v 0.032946540 0.004261973 0.033222017
v 0.031000000 0.004325878 0.033222017
v 0.029053460 0.004261973 0.033222017
v 0.027181724 0.004072711 0.033222017
v 0.025456723 0.003765367 0.033222017
v 0.023944746 0.003351751 0.033222017
v 0.022703899 0.002847759 0.033222017
v 0.021781867 0.002272759 0.033222017
v 0.021214082 0.001648847 0.033222017
v 0.021022365 0.001000000 0.033222017
v 0.021214082 0.000351153 0.033222017
v 0.021781867 -0.000272759 0.033222017
v 0.022703899 -0.000847759 0.033222017
v 0.023944746 -0.001351751 0.033222017
v 0.025456723 -0.001765367 0.033222017
v 0.027181724 -0.002072711 0.033222017
v 0.029053460 -0.002261973 0.033222017
v 0.031000000 -0.002325878 0.033222017
v 0.032946540 -0.002261973 0.033222017
v 0.034818276 -0.002072711 0.033222017
v 0.036543277 -0.001765367 0.033222017
v 0.038055254 -0.001351751 0.033222017
v 0.039296101 -0.000847759 0.033222017
v 0.040218133 -0.000272759 0.033222017
v 0.040785918 0.000351153 0.033222017
v 0.039485281 0.001000000 0.031100505
v 0.039322239 0.001551799 0.031100505
v 0.038839378 0.002082392 0.031100505
v 0.038055254 0.002571390 0.031100505
v 0.037000000 0.003000000 0.031100505
v 0.035714170 0.003351751 0.031100505
v 0.034247177 0.003613126 0.031100505
v 0.032655396 0.003774080 0.031100505
v 0.031000000 0.003828427 0.031100505
v 0.029344604 0.003774080 0.031100505
v 0.027752823 0.003613126 0.031100505
v 0.026285830 0.003351751 0.031100505
v 0.025000000 0.003000000 0.031100505
v 0.023944746 0.002571390 0.031100505
v 0.023160622 0.002082392 0.031100505
v 0.022677761 0.001551799 0.031100505
v 0.022514719 0.001000000 0.031100505
v 0.022677761 0.000448201 0.031100505
v 0.023160622 -0.000082392 0.031100505
v 0.023944746 -0.000571390 0.031100505
v 0.025000000 -0.001000000 0.031100505
v 0.026285830 -0.001351751 0.031100505
v 0.027752823 -0.001613126 0.031100505
v 0.029344604 -0.001774080 0.031100505
v 0.031000000 -0.001828427 0.031100505
v 0.032655396 -0.001774080 0.031100505
v 0.034247177 -0.001613126 0.031100505
v 0.035714170 -0.001351751 0.031100505
v 0.037000000 -0.001000000 0.031100505
v 0.038055254 -0.000571390 0.031100505
v 0.038839378 -0.000082392 0.031100505
v 0.039322239 0.000448201 0.031100505
v 0.037666843 0.001000000 0.029359425
v 0.037538741 0.001433546 0.029359425
v 0.037159360 0.001850430 0.029359425
v 0.036543277 0.002234633 0.029359425
v 0.035714170 0.002571390 0.029359425
v 0.034703899 0.002847759 0.029359425
v 0.033551290 0.003053120 0.029359425
v 0.032300637 0.003179580 0.029359425
v 0.031000000 0.003222281 0.029359425
v 0.029699363 0.003179580 0.029359425
v 0.028448710 0.003053120 0.029359425
v 0.027296101 0.002847759 0.029359425
v 0.026285830 0.002571390 0.029359425
v 0.025456723 0.002234633 0.029359425
v 0.024840640 0.001850430 0.029359425
v 0.024461259 0.001433546 0.029359425
v 0.024333157 0.001000000 0.029359425
v 0.024461259 0.000566454 0.029359425
v 0.024840640 0.000149570 0.029359425
v 0.025456723 -0.000234633 0.029359425
v 0.026285830 -0.000571390 0.029359425
v 0.027296101 -0.000847759 0.029359425
v 0.028448710 -0.001053120 0.029359425
v 0.029699363 -0.001179580 0.029359425
v 0.031000000 -0.001222281 0.029359425
v 0.032300637 -0.001179580 0.029359425
v 0.033551290 -0.001053120 0.029359425
v 0.034703899 -0.000847759 0.029359425
v 0.035714170 -0.000571390 0.029359425
v 0.036543277 -0.000234633 0.029359425
v 0.037159360 0.000149570 0.029359425
v 0.037538741 0.000566454 0.029359425
v 0.035592201 0.001000000 0.028065687
v 0.035503963 0.001298631 0.028065687
v 0.035242641 0.001585786 0.028065687
v 0.034818276 0.001850430 0.028065687
v 0.034247177 0.002082392 0.028065687
v 0.033551290 0.002272759 0.028065687
v 0.032757359 0.002414214 0.028065687
v 0.031895894 0.002501321 0.028065687
v 0.031000000 0.002530734 0.028065687
v 0.030104106 0.002501321 0.028065687
v 0.029242641 0.002414214 0.028065687
v 0.028448710 0.002272759 0.028065687
v 0.027752823 0.002082392 0.028065687
v 0.027181724 0.001850430 0.028065687
v 0.026757359 0.001585786 0.028065687
v 0.026496037 0.001298631 0.028065687
v 0.026407799 0.001000000 0.028065687
v 0.026496037 0.000701369 0.028065687
v 0.026757359 0.000414214 0.028065687
v 0.027181724 0.000149570 0.028065687
v 0.027752823 -0.000082392 0.028065687
v 0.028448710 -0.000272759 0.028065687
v 0.029242641 -0.000414214 0.028065687
v 0.030104106 -0.000501321 0.028065687
v 0.031000000 -0.000530734 0.028065687
v 0.031895894 -0.000501321 0.028065687
v 0.032757359 -0.000414214 0.028065687
v 0.033551290 -0.000272759 0.028065687
v 0.034247177 -0.000082392 0.028065687
v 0.034818276 0.000149570 0.028065687
v 0.035242641 0.000414214 0.028065687
v 0.035503963 0.000701369 0.028065687
v 0.033341084 0.001000000 0.027269006
v 0.033296101 0.001152241 0.027269006
v 0.033162879 0.001298631 0.027269006
v 0.032946540 0.001433546 0.027269006
v 0.032655396 0.001551799 0.027269006
v 0.032300637 0.001648847 0.027269006
v 0.031895894 0.001720960 0.027269006
v 0.031456723 0.001765367 0.027269006
v 0.031000000 0.001780361 0.027269006
v 0.030543277 0.001765367 0.027269006
v 0.030104106 0.001720960 0.027269006
v 0.029699363 0.001648847 0.027269006
v 0.029344604 0.001551799 0.027269006
v 0.029053460 0.001433546 0.027269006
v 0.028837121 0.001298631 0.027269006
v 0.028703899 0.001152241 0.027269006
v 0.028658916 0.001000000 0.027269006
v 0.028703899 0.000847759 0.027269006
v 0.028837121 0.000701369 0.027269006
v 0.029053460 0.000566454 0.027269006
v 0.029344604 0.000448201 0.027269006
v 0.029699363 0.000351153 0.027269006
v 0.030104106 0.000279040 0.027269006
v 0.030543277 0.000234633 0.027269006
v 0.031000000 0.000219639 0.027269006
v 0.031456723 0.000234633 0.027269006
v 0.031895894 0.000279040 0.027269006
v 0.032300637 0.000351153 0.027269006
v 0.032655396 0.000448201 0.027269006
v 0.032946540 0.000566454 0.027269006
v 0.033162879 0.000701369 0.027269006
v 0.033296101 0.000847759 0.027269006
v 0.031000000 0.001000000 0.027000000
f 5445 5446 5447
f 5445 5447 5448
f 5445 5448 5449
f 5445 5449 5450
f 5445 5450 5451
f 5445 5451 5452
f 5445 5452 5453
f 5445 5453 5454
f 5445 5454 5455
f 5445 5455 5456
f 5445 5456 5457
f 5445 5457 5458
f 5445 5458 5459
f 5445 5459 5460
f 5445 5460 5461
f 5445 5461 5462
f 5445 5462 5463
f 5445 5463 5464
f 5445 5464 5465
f 5445 5465 5466
f 5445 5466 5467
f 5445 5467 5468
f 5445 5468 5469
f 5445 5469 5470
f 5445 5470 5471
f 5445 5471 5472
f 5445 5472 5473
f 5445 5473 5474
f 5445 5474 5475
f 5445 5475 5476
f 5445 5476 5477
f 5445 5477 5446
f 5446 5478 5479
f 5446 5479 5447
f 5447 5479 5480
f 5447 5480 5448
f 5448 5480 5481
f 5448 5481 5449
f 5449 5481 5482
f 5449 5482 5450
f 5450 5482 5483
f 5450 5483 5451
f 5451 5483 5484
f 5451 5484 5452
f 5452 5484 5485
f 5452 5485 5453
f 5453 5485 5486
f 5453 5486 5454
f 5454 5486 5487
f 5454 5487 5455
f 5455 5487 5488
f 5455 5488 5456
f 5456 5488 5489
f 5456 5489 5457
f 5457 5489 5490
f 5457 5490 5458
f 5458 5490 5491
f 5458 5491 5459
f 5459 5491 5492
f 5459 5492 5460
f 5460 5492 5493
f 5460 5493 5461
f 5461 5493 5494
f 5461 5494 5462
f 5462 5494 5495
f 5462 5495 5463
f 5463 5495 5496
f 5463 5496 5464
f 5464 5496 5497
f 5464 5497 5465
f 5465 5497 5498
f 5465 5498 5466
f 5466 5498 5499
f 5466 5499 5467
f 5467 5499 5500
f 5467 5500 5468
f 5468 5500 5501
f 5468 5501 5469
f 5469 5501 5502
f 5469 5502 5470
f 5470 5502 5503
f 5470 5503 5471
f 5471 5503 5504
f 5471 5504 5472
f 5472 5504 5505
f 5472 5505 5473
f 5473 5505 5506
f 5473 5506 5474
f 5474 5506 5507
f 5474 5507 5475
f 5475 5507 5508
f 5475 5508 5476
f 5476 5508 5509
f 5476 5509 5477
f 5477 5509 5478
f 5477 5478 5446
f 5478 5510 5511
f 5478 5511 5479
f 5479 5511 5512
f 5479 5512 5480
f 5480 5512 5513
f 5480 5513 5481
f 5481 5513 5514
f 5481 5514 5482
f 5482 5514 5515
f 5482 5515 5483
f 5483 5515 5516
f 5483 5516 5484
f 5484 5516 5517
f 5484 5517 5485
f 5485 5517 5518
f 5485 5518 5486
f 5486 5518 5519
f 5486 5519 5487
f 5487 5519 5520
f 5487 5520 5488
f 5488 5520 5521
f 5488 5521 5489
f 5489 5521 5522
f 5489 5522 5490
f 5490 5522 5523
f 5490 5523 5491
f 5491 5523 5524
f 5491 5524 5492
f 5492 5524 5525
f 5492 5525 5493
f 5493 5525 5526
f 5493 5526 5494
f 5494 5526 5527
f 5494 5527 5495
f 5495 5527 5528
f 5495 5528 5496
f 5496 5528 5529
f 5496 5529 5497
f 5497 5529 5530
f 5497 5530 5498
f 5498 5530 5531
f 5498 5531 5499
f 5499 5531 5532
f 5499 5532 5500
f 5500 5532 5533
f 5500 5533 5501
f 5501 5533 5534
f 5501 5534 5502
f 5502 5534 5535
f 5502 5535 5503
f 5503 5535 5536
f 5503 5536 5504
f 5504 5536 5537
f 5504 5537 5505
f 5505 5537 5538
f 5505 5538 5506
f 5506 5538 5539
f 5506 5539 5507
f 5507 5539 5540
f 5507 5540 5508
f 5508 5540 5541
f 5508 5541 5509
f 5509 5541 5510
f 5509 5510 5478
f 5510 5542 5543
f 5510 5543 5511
f 5511 5543 5544
f 5511 5544 5512
f 5512 5544 5545
f 5512 5545 5513
f 5513 5545 5546
f 5513 5546 5514
f 5514 5546 5547
f 5514 5547 5515
f 5515 5547 5548
f 5515 5548 5516
f 5516 5548 5549
f 5516 5549 5517
f 5517 5549 5550
f 5517 5550 5518
f 5518 5550 5551
f 5518 5551 5519
f 5519 5551 5552
f 5519 5552 5520
f 5520 5552 5553
f 5520 5553 5521
f 5521 5553 5554
f 5521 5554 5522
f 5522 5554 5555
f 5522 5555 5523
f 5523 5555 5556
f 5523 5556 5524
f 5524 5556 5557
f 5524 5557 5525
f 5525 5557 5558
f 5525 5558 5526
f 5526 5558 5559
f 5526 5559 5527
f 5527 5559 5560
f 5527 5560 5528
f 5528 5560 5561
f 5528 5561 5529
f 5529 5561 5562
f 5529 5562 5530
f 5530 5562 5563
f 5530 5563 5531
f 5531 5563 5564
f 5531 5564 5532
f 5532 5564 5565
f 5532 5565 5533
f 5533 5565 5566
f 5533 5566 5534
f 5534 5566 5567
f 5534 5567 5535
f 5535 5567 5568
f 5535 5568 5536
f 5536 5568 5569
f 5536 5569 5537
f 5537 5569 5570
f 5537 5570 5538
f 5538 5570 5571
f 5538 5571 5539
f 5539 5571 5572
f 5539 5572 5540
f 5540 5572 5573
f 5540 5573 5541
f 5541 5573 5542
f 5541 5542 5510
f 5542 5574 5575
f 5542 5575 5543
f 5543 5575 5576
f 5543 5576 5544
f 5544 5576 5577
f 5544 5577 5545
f 5545 5577 5578
f 5545 5578 5546
f 5546 5578 5579
f 5546 5579 5547
f 5547 5579 5580
f 5547 5580 5548
f 5548 5580 5581
f 5548 5581 5549
f 5549 5581 5582
f 5549 5582 5550
f 5550 5582 5583
f 5550 5583 5551
f 5551 5583 5584
f 5551 5584 5552
f 5552 5584 5585
f 5552 5585 5553
f 5553 5585 5586
f 5553 5586 5554
f 5554 5586 5587
f 5554 5587 5555
f 5555 5587 5588
f 5555 5588 5556
f 5556 5588 5589
f 5556 5589 5557
f 5557 5589 5590
f 5557 5590 5558
f 5558 5590 5591
f 5558 5591 5559
f 5559 5591 5592
f 5559 5592 5560
f 5560 5592 5593
f 5560 5593 5561
f 5561 5593 5594
f 5561 5594 5562
f 5562 5594 5595
f 5562 5595 5563
f 5563 5595 5596
f 5563 5596 5564
f 5564 5596 5597
f 5564 5597 5565
f 5565 5597 5598
f 5565 5598 5566
f 5566 5598 5599
f 5566 5599 5567
f 5567 5599 5600
f 5567 5600 5568
f 5568 5600 5601
f 5568 5601 5569
f 5569 5601 5602
f 5569 5602 5570
f 5570 5602 5603
f 5570 5603 5571
f 5571 5603 5604
f 5571 5604 5572
f 5572 5604 5605
f 5572 5605 5573
f 5573 5605 5574
f 5573 5574 5542
f 5574 5606 5607
f 5574 5607 5575
f 5575 5607 5608
f 5575 5608 5576
f 5576 5608 5609
f 5576 5609 5577
f 5577 5609 5610
f 5577 5610 5578
f 5578 5610 5611
f 5578 5611 5579
f 5579 5611 5612
f 5579 5612 5580
f 5580 5612 5613
f 5580 5613 5581
f 5581 5613 5614
f 5581 5614 5582
f 5582 5614 5615
f 5582 5615 5583
f 5583 5615 5616
f 5583 5616 5584
f 5584 5616 5617
f 5584 5617 5585
f 5585 5617 5618
f 5585 5618 5586
f 5586 5618 5619
f 5586 5619 5587
f 5587 5619 5620
f 5587 5620 5588
f 5588 5620 5621
f 5588 5621 5589
f 5589 5621 5622
f 5589 5622 5590
f 5590 5622 5623
f 5590 5623 5591
f 5591 5623 5624
f 5591 5624 5592
f 5592 5624 5625
f 5592 5625 5593
f 5593 5625 5626
f 5593 5626 5594
f 5594 5626 5627
f 5594 5627 5595
f 5595 5627 5628
f 5595 5628 5596
f 5596 5628 5629
f 5596 5629 5597
f 5597 5629 5630
f 5597 5630 5598
f 5598 5630 5631
f 5598 5631 5599
f 5599 5631 5632
f 5599 5632 5600
f 5600 5632 5633
f 5600 5633 5601
f 5601 5633 5634
f 5601 5634 5602
f 5602 5634 5635
f 5602 5635 5603
f 5603 5635 5636
f 5603 5636 5604
f 5604 5636 5637
f 5604 5637 5605
f 5605 5637 5606
f 5605 5606 5574
f 5606 5638 5639
f 5606 5639 5607
f 5607 5639 5640
f 5607 5640 5608
f 5608 5640 5641
f 5608 5641 5609
f 5609 5641 5642
f 5609 5642 5610
f 5610 5642 5643
f 5610 5643 5611
f 5611 5643 5644
f 5611 5644 5612
f 5612 5644 5645
f 5612 5645 5613
f 5613 5645 5646
f 5613 5646 5614
f 5614 5646 5647
f 5614 5647 5615
f 5615 5647 5648
f 5615 5648 5616
f 5616 5648 5649
f 5616 5649 5617
f 5617 5649 5650
f 5617 5650 5618
f 5618 5650 5651
f 5618 5651 5619
f 5619 5651 5652
f 5619 5652 5620
f 5620 5652 5653
f 5620 5653 5621
f 5621 5653 5654
f 5621 5654 5622
f 5622 5654 5655
f 5622 5655 5623
f 5623 5655 5656
f 5623 5656 5624
f 5624 5656 5657
f 5624 5657 5625
f 5625 5657 5658
f 5625 5658 5626
f 5626 5658 5659
f 5626 5659 5627
f 5627 5659 5660
f 5627 5660 5628
f 5628 5660 5661
f 5628 5661 5629
f 5629 5661 5662
f 5629 5662 5630
f 5630 5662 5663
f 5630 5663 5631
f 5631 5663 5664
f 5631 5664 5632
f 5632 5664 5665
f 5632 5665 5633
f 5633 5665 5666
f 5633 5666 5634
f 5634 5666 5667
f 5634 5667 5635
f 5635 5667 5668
f 5635 5668 5636
f 5636 5668 5669
f 5636 5669 5637
f 5637 5669 5638
f 5637 5638 5606
f 5638 5670 5671
f 5638 5671 5639
f 5639 5671 5672
f 5639 5672 5640
f 5640 5672 5673
f 5640 5673 5641
f 5641 5673 5674
f 5641 5674 5642
f 5642 5674 5675
f 5642 5675 5643
f 5643 5675 5676
f 5643 5676 5644
f 5644 5676 5677
f 5644 5677 5645
f 5645 5677 5678
f 5645 5678 5646
f 5646 5678 5679
f 5646 5679 5647
f 5647 5679 5680
f 5647 5680 5648
f 5648 5680 5681
f 5648 5681 5649
f 5649 5681 5682
f 5649 5682 5650
f 5650 5682 5683
f 5650 5683 5651
f 5651 5683 5684
f 5651 5684 5652
f 5652 5684 5685
f 5652 5685 5653
f 5653 5685 5686
f 5653 5686 5654
f 5654 5686 5687
f 5654 5687 5655
f 5655 5687 5688
f 5655 5688 5656
f 5656 5688 5689
f 5656 5689 5657
f 5657 5689 5690
f 5657 5690 5658
f 5658 5690 5691
f 5658 5691 5659
f 5659 5691 5692
f 5659 5692 5660
f 5660 5692 5693
f 5660 5693 5661
f 5661 5693 5694
f 5661 5694 5662
f 5662 5694 5695
f 5662 5695 5663
f 5663 5695 5696
f 5663 5696 5664
f 5664 5696 5697
f 5664 5697 5665
f 5665 5697 5698
f 5665 5698 5666
f 5666 5698 5699
f 5666 5699 5667
f 5667 5699 5700
f 5667 5700 5668
f 5668 5700 5701
f 5668 5701 5669
f 5669 5701 5670
f 5669 5670 5638
f 5670 5702 5703
f 5670 5703 5671
f 5671 5703 5704
f 5671 5704 5672
f 5672 5704 5705
f 5672 5705 5673
f 5673 5705 5706
f 5673 5706 5674
f 5674 5706 5707
f 5674 5707 5675
f 5675 5707 5708
f 5675 5708 5676
f 5676 5708 5709
f 5676 5709 5677
f 5677 5709 5710
f 5677 5710 5678
f 5678 5710 5711
f 5678 5711 5679
f 5679 5711 5712
f 5679 5712 5680
f 5680 5712 5713
f 5680 5713 5681
f 5681 5713 5714
f 5681 5714 5682
f 5682 5714 5715
f 5682 5715 5683
f 5683 5715 5716
f 5683 5716 5684
f 5684 5716 5717
f 5684 5717 5685
f 5685 5717 5718
f 5685 5718 5686
f 5686 5718 5719
f 5686 5719 5687
f 5687 5719 5720
f 5687 5720 5688
f 5688 5720 5721
f 5688 5721 5689
f 5689 5721 5722
f 5689 5722 5690
f 5690 5722 5723
f 5690 5723 5691
f 5691 5723 5724
f 5691 5724 5692
f 5692 5724 5725
f 5692 5725 5693
f 5693 5725 5726
f 5693 5726 5694
f 5694 5726 5727
f 5694 5727 5695
f 5695 5727 5728
f 5695 5728 5696
f 5696 5728 5729
f 5696 5729 5697
f 5697 5729 5730
f 5697 5730 5698
f 5698 5730 5731
f 5698 5731 5699
f 5699 5731 5732
f 5699 5732 5700
f 5700 5732 5733
f 5700 5733 5701
f 5701 5733 5702
f 5701 5702 5670
f 5702 5734 5735
f 5702 5735 5703
f 5703 5735 5736
f 5703 5736 5704
f 5704 5736 5737
f 5704 5737 5705
f 5705 5737 5738
f 5705 5738 5706
f 5706 5738 5739
f 5706 5739 5707
f 5707 5739 5740
f 5707 5740 5708
f 5708 5740 5741
f 5708 5741 5709
f 5709 5741 5742
f 5709 5742 5710
f 5710 5742 5743
f 5710 5743 5711
f 5711 5743 5744
f 5711 5744 5712
f 5712 5744 5745
f 5712 5745 5713
f 5713 5745 5746
f 5713 5746 5714
f 5714 5746 5747
f 5714 5747 5715
f 5715 5747 5748
f 5715 5748 5716
f 5716 5748 5749
f 5716 5749 5717
f 5717 5749 5750
f 5717 5750 5718
f 5718 5750 5751
f 5718 5751 5719
f 5719 5751 5752
f 5719 5752 5720
f 5720 5752 5753
f 5720 5753 5721
f 5721 5753 5754
f 5721 5754 5722
f 5722 5754 5755
f 5722 5755 5723
f 5723 5755 5756
f 5723 5756 5724
f 5724 5756 5757
f 5724 5757 5725
f 5725 5757 5758
f 5725 5758 5726
f 5726 5758 5759
f 5726 5759 5727
f 5727 5759 5760
f 5727 5760 5728
f 5728 5760 5761
f 5728 5761 5729
f 5729 5761 5762
f 5729 5762 5730
f 5730 5762 5763
f 5730 5763 5731
f 5731 5763 5764
f 5731 5764 5732
f 5732 5764 5765
f 5732 5765 5733
f 5733 5765 5734
f 5733 5734 5702
f 5734 5766 5767
f 5734 5767 5735
f 5735 5767 5768
f 5735 5768 5736
f 5736 5768 5769
f 5736 5769 5737
f 5737 5769 5770
f 5737 5770 5738
f 5738 5770 5771
f 5738 5771 5739
f 5739 5771 5772
f 5739 5772 5740
f 5740 5772 5773
f 5740 5773 5741
f 5741 5773 5774
f 5741 5774 5742
f 5742 5774 5775
f 5742 5775 5743
f 5743 5775 5776
f 5743 5776 5744
f 5744 5776 5777
f 5744 5777 5745
f 5745 5777 5778
f 5745 5778 5746
f 5746 5778 5779
f 5746 5779 5747
f 5747 5779 5780
f 5747 5780 5748
f 5748 5780 5781
f 5748 5781 5749
f 5749 5781 5782
f 5749 5782 5750
f 5750 5782 5783
f 5750 5783 5751
f 5751 5783 5784
f 5751 5784 5752
f 5752 5784 5785
f 5752 5785 5753
f 5753 5785 5786
f 5753 5786 5754
f 5754 5786 5787
f 5754 5787 5755
f 5755 5787 5788
f 5755 5788 5756
f 5756 5788 5789
f 5756 5789 5757
f 5757 5789 5790
f 5757 5790 5758
f 5758 5790 5791
f 5758 5791 5759
f 5759 5791 5792
f 5759 5792 5760
f 5760 5792 5793
f 5760 5793 5761
f 5761 5793 5794
f 5761 5794 5762
f 5762 5794 5795
f 5762 5795 5763
f 5763 5795 5796
f 5763 5796 5764
f 5764 5796 5797
f 5764 5797 5765
f 5765 5797 5766
f 5765 5766 5734
f 5766 5798 5799
f 5766 5799 5767
f 5767 5799 5800
f 5767 5800 5768
f 5768 5800 5801
f 5768 5801 5769
f 5769 5801 5802
f 5769 5802 5770
f 5770 5802 5803
f 5770 5803 5771
f 5771 5803 5804
f 5771 5804 5772
f 5772 5804 5805
f 5772 5805 5773
f 5773 5805 5806
f 5773 5806 5774
f 5774 5806 5807
f 5774 5807 5775
f 5775 5807 5808
f 5775 5808 5776
f 5776 5808 5809
f 5776 5809 5777
f 5777 5809 5810
f 5777 5810 5778
f 5778 5810 5811
f 5778 5811 5779
f 5779 5811 5812
f 5779 5812 5780
f 5780 5812 5813
f 5780 5813 5781
f 5781 5813 5814
f 5781 5814 5782
f 5782 5814 5815
f 5782 5815 5783
f 5783 5815 5816
f 5783 5816 5784
f 5784 5816 5817
f 5784 5817 5785
f 5785 5817 5818
f 5785 5818 5786
f 5786 5818 5819
f 5786 5819 5787
f 5787 5819 5820
f 5787 5820 5788
f 5788 5820 5821
f 5788 5821 5789
f 5789 5821 5822
f 5789 5822 5790
f 5790 5822 5823
f 5790 5823 5791
f 5791 5823 5824
f 5791 5824 5792
f 5792 5824 5825
f 5792 5825 5793
f 5793 5825 5826
f 5793 5826 5794
f 5794 5826 5827
f 5794 5827 5795
f 5795 5827 5828
f 5795 5828 5796
f 5796 5828 5829
f 5796 5829 5797
f 5797 5829 5798
f 5797 5798 5766
f 5798 5830 5831
f 5798 5831 5799
f 5799 5831 5832
f 5799 5832 5800
f 5800 5832 5833
f 5800 5833 5801
f 5801 5833 5834
f 5801 5834 5802
f 5802 5834 5835
f 5802 5835 5803
f 5803 5835 5836
f 5803 5836 5804
f 5804 5836 5837
f 5804 5837 5805
f 5805 5837 5838
f 5805 5838 5806
f 5806 5838 5839
f 5806 5839 5807
f 5807 5839 5840
f 5807 5840 5808
f 5808 5840 5841
f 5808 5841 5809
f 5809 5841 5842
f 5809 5842 5810
f 5810 5842 5843
f 5810 5843 5811
f 5811 5843 5844
f 5811 5844 5812
f 5812 5844 5845
f 5812 5845 5813
f 5813 5845 5846
f 5813 5846 5814
f 5814 5846 5847
f 5814 5847 5815
f 5815 5847 5848
f 5815 5848 5816
f 5816 5848 5849
f 5816 5849 5817
f 5817 5849 5850
f 5817 5850 5818
f 5818 5850 5851
f 5818 5851 5819
f 5819 5851 5852
f 5819 5852 5820
f 5820 5852 5853
f 5820 5853 5821
f 5821 5853 5854
f 5821 5854 5822
f 5822 5854 5855
f 5822 5855 5823
f 5823 5855 5856
f 5823 5856 5824
f 5824 5856 5857
f 5824 5857 5825
f 5825 5857 5858
f 5825 5858 5826
f 5826 5858 5859
f 5826 5859 5827
f 5827 5859 5860
f 5827 5860 5828
f 5828 5860 5861
f 5828 5861 5829
f 5829 5861 5830
f 5829 5830 5798
f 5830 5862 5863
f 5830 5863 5831
f 5831 5863 5864
f 5831 5864 5832
f 5832 5864 5865
f 5832 5865 5833
f 5833 5865 5866
f 5833 5866 5834
f 5834 5866 5867
f 5834 5867 5835
f 5835 5867 5868
f 5835 5868 5836
f 5836 5868 5869
f 5836 5869 5837
f 5837 5869 5870
f 5837 5870 5838
f 5838 5870 5871
f 5838 5871 5839
f 5839 5871 5872
f 5839 5872 5840
f 5840 5872 5873
f 5840 5873 5841
f 5841 5873 5874
f 5841 5874 5842
f 5842 5874 5875
f 5842 5875 5843
f 5843 5875 5876
f 5843 5876 5844
f 5844 5876 5877
f 5844 5877 5845
f 5845 5877 5878
f 5845 5878 5846
f 5846 5878 5879
f 5846 5879 5847
f 5847 5879 5880
f 5847 5880 5848
f 5848 5880 5881
f 5848 5881 5849
f 5849 5881 5882
f 5849 5882 5850
f 5850 5882 5883
f 5850 5883 5851
f 5851 5883 5884
f 5851 5884 5852
f 5852 5884 5885
f 5852 5885 5853
f 5853 5885 5886
f 5853 5886 5854
f 5854 5886 5887
f 5854 5887 5855
f 5855 5887 5888
f 5855 5888 5856
f 5856 5888 5889
f 5856 5889 5857
f 5857 5889 5890
f 5857 5890 5858
f 5858 5890 5891
f 5858 5891 5859
f 5859 5891 5892
f 5859 5892 5860
f 5860 5892 5893
f 5860 5893 5861
f 5861 5893 5862
f 5861 5862 5830
f 5862 5894 5895
f 5862 5895 5863
f 5863 5895 5896
f 5863 5896 5864
f 5864 5896 5897
f 5864 5897 5865
f 5865 5897 5898
f 5865 5898 5866
f 5866 5898 5899
f 5866 5899 5867
f 5867 5899 5900
f 5867 5900 5868
f 5868 5900 5901
f 5868 5901 5869
f 5869 5901 5902
f 5869 5902 5870
f 5870 5902 5903
f 5870 5903 5871
f 5871 5903 5904
f 5871 5904 5872
f 5872 5904 5905
f 5872 5905 5873
f 5873 5905 5906
f 5873 5906 5874
f 5874 5906 5907
f 5874 5907 5875
f 5875 5907 5908
f 5875 5908 5876
f 5876 5908 5909
f 5876 5909 5877
f 5877 5909 5910
f 5877 5910 5878
f 5878 5910 5911
f 5878 5911 5879
f 5879 5911 5912
f 5879 5912 5880
f 5880 5912 5913
f 5880 5913 5881
f 5881 5913 5914
f 5881 5914 5882
f 5882 5914 5915
f 5882 5915 5883
f 5883 5915 5916
f 5883 5916 5884
f 5884 5916 5917
f 5884 5917 5885
f 5885 5917 5918
f 5885 5918 5886
f 5886 5918 5919
f 5886 5919 5887
f 5887 5919 5920
f 5887 5920 5888
f 5888 5920 5921
f 5888 5921 5889
f 5889 5921 5922
f 5889 5922 5890
f 5890 5922 5923
f 5890 5923 5891
f 5891 5923 5924
f 5891 5924 5892
f 5892 5924 5925
f 5892 5925 5893
f 5893 5925 5894
f 5893 5894 5862
f 5926 5895 5894
f 5926 5896 5895
f 5926 5897 5896
f 5926 5898 5897
f 5926 5899 5898
f 5926 5900 5899
f 5926 5901 5900
f 5926 5902 5901
f 5926 5903 5902
f 5926 5904 5903
f 5926 5905 5904
f 5926 5906 5905
f 5926 5907 5906
f 5926 5908 5907
f 5926 5909 5908
f 5926 5910 5909
f 5926 5911 5910
f 5926 5912 5911
f 5926 5913 5912
f 5926 5914 5913
f 5926 5915 5914
f 5926 5916 5915
f 5926 5917 5916
f 5926 5918 5917
f 5926 5919 5918
f 5926 5920 5919
f 5926 5921 5920
f 5926 5922 5921
f 5926 5923 5922
f 5926 5924 5923
f 5926 5925 5924
f 5926 5894 5925
o viewer_right_ear
usemtl ear_blue
v -0.031000000 0.001000000 0.055000000
v -0.028658916 0.001000000 0.054730994
v -0.028703899 0.001152241 0.054730994
v -0.028837121 0.001298631 0.054730994
v -0.029053460 0.001433546 0.054730994
v -0.029344604 0.001551799 0.054730994
v -0.029699363 0.001648847 0.054730994
v -0.030104106 0.001720960 0.054730994
v -0.030543277 0.001765367 0.054730994
v -0.031000000 0.001780361 0.054730994
v -0.031456723 0.001765367 0.054730994
v -0.031895894 0.001720960 0.054730994
v -0.032300637 0.001648847 0.054730994
v -0.032655396 0.001551799 0.054730994
v -0.032946540 0.001433546 0.054730994
v -0.033162879 0.001298631 0.054730994
v -0.033296101 0.001152241 0.054730994
v -0.033341084 0.001000000 0.054730994
v -0.033296101 0.000847759 0.054730994
v -0.033162879 0.000701369 0.054730994
v -0.032946540 0.000566454 0.054730994
v -0.032655396 0.000448201 0.054730994
v -0.032300637 0.000351153 0.054730994
v -0.031895894 0.000279040 0.054730994
v -0.031456723 0.000234633 0.054730994
v -0.031000000 0.000219639 0.054730994
v -0.030543277 0.000234633 0.054730994
v -0.030104106 0.000279040 0.054730994
v -0.029699363 0.000351153 0.054730994
v -0.029344604 0.000448201 0.054730994
v -0.029053460 0.000566454 0.054730994
v -0.028837121 0.000701369 0.054730994
v -0.028703899 0.000847759 0.054730994
v -0.026407799 0.001000000 0.053934313
v -0.026496037 0.001298631 0.053934313
v -0.026757359 0.001585786 0.053934313
v -0.027181724 0.001850430 0.053934313
v -0.027752823 0.002082392 0.053934313
v -0.028448710 0.002272759 0.053934313
v -0.029242641 0.002414214 0.053934313
v -0.030104106 0.002501321 0.053934313
v -0.031000000 0.002530734 0.053934313
v -0.031895894 0.002501321 0.053934313
v -0.032757359 0.002414214 0.053934313
v -0.033551290 0.002272759 0.053934313
v -0.034247177 0.002082392 0.053934313
v -0.034818276 0.001850430 0.053934313
v -0.035242641 0.001585786 0.053934313
v -0.035503963 0.001298631 0.053934313
v -0.035592201 0.001000000 0.053934313
v -0.035503963 0.000701369 0.053934313
v -0.035242641 0.000414214 0.053934313
v -0.034818276 0.000149570 0.053934313
v -0.034247177 -0.000082392 0.053934313
v -0.033551290 -0.000272759 0.053934313
v -0.032757359 -0.000414214 0.053934313
v -0.031895894 -0.000501321 0.053934313
v -0.031000000 -0.000530734 0.053934313
v -0.030104106 -0.000501321 0.053934313
v -0.029242641 -0.000414214 0.053934313
v -0.028448710 -0.000272759 0.053934313
v -0.027752823 -0.000082392 0.053934313
v -0.027181724 0.000149570 0.053934313
v -0.026757359 0.000414214 0.053934313
v -0.026496037 0.000701369 0.053934313
v -0.024333157 0.001000000 0.052640575
v -0.024461259 0.001433546 0.052640575
v -0.024840640 0.001850430 0.052640575
v -0.025456723 0.002234633 0.052640575
v -0.026285830 0.002571390 0.052640575
v -0.027296101 0.002847759 0.052640575
v -0.028448710 0.003053120 0.052640575
v -0.029699363 0.003179580 0.052640575
v -0.031000000 0.003222281 0.052640575
v -0.032300637 0.003179580 0.052640575
v -0.033551290 0.003053120 0.052640575
v -0.034703899 0.002847759 0.052640575
v -0.035714170 0.002571390 0.052640575
v -0.036543277 0.002234633 0.052640575
v -0.037159360 0.001850430 0.052640575
v -0.037538741 0.001433546 0.052640575
v -0.037666843 0.001000000 0.052640575
v -0.037538741 0.000566454 0.052640575
v -0.037159360 0.000149570 0.052640575
v -0.036543277 -0.000234633 0.052640575
v -0.035714170 -0.000571390 0.052640575
v -0.034703899 -0.000847759 0.052640575
v -0.033551290 -0.001053120 0.052640575
v -0.032300637 -0.001179580 0.052640575
v -0.031000000 -0.001222281 0.052640575
v -0.029699363 -0.001179580 0.052640575
v -0.028448710 -0.001053120 0.052640575
v -0.027296101 -0.000847759 0.052640575
v -0.026285830 -0.000571390 0.052640575
v -0.025456723 -0.000234633 0.052640575
v -0.024840640 0.000149570 0.052640575
v -0.024461259 0.000566454 0.052640575
v -0.022514719 0.001000000 0.050899495
v -0.022677761 0.001551799 0.050899495
v -0.023160622 0.002082392 0.050899495
v -0.023944746 0.002571390 0.050899495
v -0.025000000 0.003000000 0.050899495
v -0.026285830 0.003351751 0.050899495
v -0.027752823 0.003613126 0.050899495
v -0.029344604 0.003774080 0.050899495
v -0.031000000 0.003828427 0.050899495
v -0.032655396 0.003774080 0.050899495
v -0.034247177 0.003613126 0.050899495
v -0.035714170 0.003351751 0.050899495
v -0.037000000 0.003000000 0.050899495
v -0.038055254 0.002571390 0.050899495
v -0.038839378 0.002082392 0.050899495
v -0.039322239 0.001551799 0.050899495
v -0.039485281 0.001000000 0.050899495
v -0.039322239 0.000448201 0.050899495
v -0.038839378 -0.000082392 0.050899495
v -0.038055254 -0.000571390 0.050899495
v -0.037000000 -0.001000000 0.050899495
v -0.035714170 -0.001351751 0.050899495
v -0.034247177 -0.001613126 0.050899495
v -0.032655396 -0.001774080 0.050899495
v -0.031000000 -0.001828427 0.050899495
v -0.029344604 -0.001774080 0.050899495
v -0.027752823 -0.001613126 0.050899495
v -0.026285830 -0.001351751 0.050899495
v -0.025000000 -0.001000000 0.050899495
v -0.023944746 -0.000571390 0.050899495
v -0.023160622 -0.000082392 0.050899495
v -0.022677761 0.000448201 0.050899495
v -0.021022365 0.001000000 0.048777983
v -0.021214082 0.001648847 0.048777983
v -0.021781867 0.002272759 0.048777983
v -0.022703899 0.002847759 0.048777983
v -0.023944746 0.003351751 0.048777983
v -0.025456723 0.003765367 0.048777983
v -0.027181724 0.004072711 0.048777983
v -0.029053460 0.004261973 0.048777983
v -0.031000000 0.004325878 0.048777983
v -0.032946540 0.004261973 0.048777983
v -0.034818276 0.004072711 0.048777983
v -0.036543277 0.003765367 0.048777983
v -0.038055254 0.003351751 0.048777983
v -0.039296101 0.002847759 0.048777983
v -0.040218133 0.002272759 0.048777983
v -0.040785918 0.001648847 0.048777983
v -0.040977635 0.001000000 0.048777983
v -0.040785918 0.000351153 0.048777983
v -0.040218133 -0.000272759 0.048777983
v -0.039296101 -0.000847759 0.048777983
v -0.038055254 -0.001351751 0.048777983
v -0.036543277 -0.001765367 0.048777983
v -0.034818276 -0.002072711 0.048777983
v -0.032946540 -0.002261973 0.048777983
v -0.031000000 -0.002325878 0.048777983
v -0.029053460 -0.002261973 0.048777983
v -0.027181724 -0.002072711 0.048777983
v -0.025456723 -0.001765367 0.048777983
v -0.023944746 -0.001351751 0.048777983
v -0.022703899 -0.000847759 0.048777983
v -0.021781867 -0.000272759 0.048777983
v -0.021214082 0.000351153 0.048777983
v -0.019913446 0.001000000 0.046357568
v -0.020126471 0.001720960 0.046357568
v -0.020757359 0.002414214 0.046357568
v -0.021781867 0.003053120 0.046357568
v -0.023160622 0.003613126 0.046357568
v -0.024840640 0.004072711 0.046357568
v -0.026757359 0.004414214 0.046357568
v -0.028837121 0.004624510 0.046357568
v -0.031000000 0.004695518 0.046357568
v -0.033162879 0.004624510 0.046357568
v -0.035242641 0.004414214 0.046357568
v -0.037159360 0.004072711 0.046357568
v -0.038839378 0.003613126 0.046357568
v -0.040218133 0.003053120 0.046357568
v -0.041242641 0.002414214 0.046357568
v -0.041873529 0.001720960 0.046357568
v -0.042086554 0.001000000 0.046357568
v -0.041873529 0.000279040 0.046357568
v -0.041242641 -0.000414214 0.046357568
v -0.040218133 -0.001053120 0.046357568
v -0.038839378 -0.001613126 0.046357568
v -0.037159360 -0.002072711 0.046357568
v -0.035242641 -0.002414214 0.046357568
v -0.033162879 -0.002624510 0.046357568
v -0.031000000 -0.002695518 0.046357568
v -0.028837121 -0.002624510 0.046357568
v -0.026757359 -0.002414214 0.046357568
v -0.024840640 -0.002072711 0.046357568
v -0.023160622 -0.001613126 0.046357568
v -0.021781867 -0.001053120 0.046357568
v -0.020757359 -0.000414214 0.046357568
v -0.020126471 0.000279040 0.046357568
v -0.019230577 0.001000000 0.043731265
v -0.019456723 0.001765367 0.043731265
v -0.020126471 0.002501321 0.043731265
v -0.021214082 0.003179580 0.043731265
v -0.022677761 0.003774080 0.043731265
v -0.024461259 0.004261973 0.043731265
v -0.026496037 0.004624510 0.043731265
v -0.028703899 0.004847759 0.043731265
v -0.031000000 0.004923141 0.043731265
v -0.033296101 0.004847759 0.043731265
v -0.035503963 0.004624510 0.043731265
v -0.037538741 0.004261973 0.043731265
v -0.039322239 0.003774080 0.043731265
v -0.040785918 0.003179580 0.043731265
v -0.041873529 0.002501321 0.043731265
v -0.042543277 0.001765367 0.043731265
v -0.042769423 0.001000000 0.043731265
v -0.042543277 0.000234633 0.043731265
v -0.041873529 -0.000501321 0.043731265
v -0.040785918 -0.001179580 0.043731265
v -0.039322239 -0.001774080 0.043731265
v -0.037538741 -0.002261973 0.043731265
v -0.035503963 -0.002624510 0.043731265
v -0.033296101 -0.002847759 0.043731265
v -0.031000000 -0.002923141 0.043731265
v -0.028703899 -0.002847759 0.043731265
v -0.026496037 -0.002624510 0.043731265
v -0.024461259 -0.002261973 0.043731265
v -0.022677761 -0.001774080 0.043731265
v -0.021214082 -0.001179580 0.043731265
v -0.020126471 -0.000501321 0.043731265
v -0.019456723 0.000234633 0.043731265
v -0.019000000 0.001000000 0.041000000
v -0.019230577 0.001780361 0.041000000
v -0.019913446 0.002530734 0.041000000
v -0.021022365 0.003222281 0.041000000
v -0.022514719 0.003828427 0.041000000
v -0.024333157 0.004325878 0.041000000
v -0.026407799 0.004695518 0.041000000
v -0.028658916 0.004923141 0.041000000
v -0.031000000 0.005000000 0.041000000
v -0.033341084 0.004923141 0.041000000
v -0.035592201 0.004695518 0.041000000
v -0.037666843 0.004325878 0.041000000
v -0.039485281 0.003828427 0.041000000
v -0.040977635 0.003222281 0.041000000
v -0.042086554 0.002530734 0.041000000
v -0.042769423 0.001780361 0.041000000
v -0.043000000 0.001000000 0.041000000
v -0.042769423 0.000219639 0.041000000
v -0.042086554 -0.000530734 0.041000000
v -0.040977635 -0.001222281 0.041000000
v -0.039485281 -0.001828427 0.041000000
v -0.037666843 -0.002325878 0.041000000
v -0.035592201 -0.002695518 0.041000000
v -0.033341084 -0.002923141 0.041000000
v -0.031000000 -0.003000000 0.041000000
v -0.028658916 -0.002923141 0.041000000
v -0.026407799 -0.002695518 0.041000000
v -0.024333157 -0.002325878 0.041000000
v -0.022514719 -0.001828427 0.041000000
v -0.021022365 -0.001222281 0.041000000
v -0.019913446 -0.000530734 0.041000000
v -0.019230577 0.000219639 0.041000000
v -0.019230577 0.001000000 0.038268735
v -0.019456723 0.001765367 0.038268735
v -0.020126471 0.002501321 0.038268735
v -0.021214082 0.003179580 0.038268735
v -0.022677761 0.003774080 0.038268735
v -0.024461259 0.004261973 0.038268735
v -0.026496037 0.004624510 0.038268735
v -0.028703899 0.004847759 0.038268735
v -0.031000000 0.004923141 0.038268735
v -0.033296101 0.004847759 0.038268735
v -0.035503963 0.004624510 0.038268735
v -0.037538741 0.004261973 0.038268735
v -0.039322239 0.003774080 0.038268735
v -0.040785918 0.003179580 0.038268735
v -0.041873529 0.002501321 0.038268735
v -0.042543277 0.001765367 0.038268735
v -0.042769423 0.001000000 0.038268735
v -0.042543277 0.000234633 0.038268735
v -0.041873529 -0.000501321 0.038268735
v -0.040785918 -0.001179580 0.038268735
v -0.039322239 -0.001774080 0.038268735
v -0.037538741 -0.002261973 0.038268735
v -0.035503963 -0.002624510 0.038268735
v -0.033296101 -0.002847759 0.038268735
v -0.031000000 -0.002923141 0.038268735
v -0.028703899 -0.002847759 0.038268735
v -0.026496037 -0.002624510 0.038268735
v -0.024461259 -0.002261973 0.038268735
v -0.022677761 -0.001774080 0.038268735
v -0.021214082 -0.001179580 0.038268735
v -0.020126471 -0.000501321 0.038268735
v -0.019456723 0.000234633 0.038268735
v -0.019913446 0.001000000 0.035642432
v -0.020126471 0.001720960 0.035642432
v -0.020757359 0.002414214 0.035642432
v -0.021781867 0.003053120 0.035642432
v -0.023160622 0.003613126 0.035642432
v -0.024840640 0.004072711 0.035642432
v -0.026757359 0.004414214 0.035642432
v -0.028837121 0.004624510 0.035642432
v -0.031000000 0.004695518 0.035642432
v -0.033162879 0.004624510 0.035642432
v -0.035242641 0.004414214 0.035642432
v -0.037159360 0.004072711 0.035642432
v -0.038839378 0.003613126 0.035642432
v -0.040218133 0.003053120 0.035642432
v -0.041242641 0.002414214 0.035642432
v -0.041873529 0.001720960 0.035642432
v -0.042086554 0.001000000 0.035642432
v -0.041873529 0.000279040 0.035642432
v -0.041242641 -0.000414214 0.035642432
v -0.040218133 -0.001053120 0.035642432
v -0.038839378 -0.001613126 0.035642432
v -0.037159360 -0.002072711 0.035642432
v -0.035242641 -0.002414214 0.035642432
v -0.033162879 -0.002624510 0.035642432
v -0.031000000 -0.002695518 0.035642432
v -0.028837121 -0.002624510 0.035642432
v -0.026757359 -0.002414214 0.035642432
v -0.024840640 -0.002072711 0.035642432
v -0.023160622 -0.001613126 0.035642432
v -0.021781867 -0.001053120 0.035642432
v -0.020757359 -0.000414214 0.035642432
v -0.020126471 0.000279040 0.035642432
v -0.021022365 0.001000000 0.033222017
v -0.021214082 0.001648847 0.033222017
v -0.021781867 0.002272759 0.033222017
v -0.022703899 0.002847759 0.033222017
v -0.023944746 0.003351751 0.033222017
v -0.025456723 0.003765367 0.033222017
v -0.027181724 0.004072711 0.033222017
v -0.029053460 0.004261973 0.033222017
v -0.031000000 0.004325878 0.033222017
v -0.032946540 0.004261973 0.033222017
v -0.034818276 0.004072711 0.033222017
v -0.036543277 0.003765367 0.033222017
v -0.038055254 0.003351751 0.033222017
v -0.039296101 0.002847759 0.033222017
v -0.040218133 0.002272759 0.033222017
v -0.040785918 0.001648847 0.033222017
v -0.040977635 0.001000000 0.033222017
v -0.040785918 0.000351153 0.033222017
v -0.040218133 -0.000272759 0.033222017
v -0.039296101 -0.000847759 0.033222017
v -0.038055254 -0.001351751 0.033222017
v -0.036543277 -0.001765367 0.033222017
v -0.034818276 -0.002072711 0.033222017
v -0.032946540 -0.002261973 0.033222017
v -0.031000000 -0.002325878 0.033222017
v -0.029053460 -0.002261973 0.033222017
v -0.027181724 -0.002072711 0.033222017
v -0.025456723 -0.001765367 0.033222017
v -0.023944746 -0.001351751 0.033222017
v -0.022703899 -0.000847759 0.033222017
v -0.021781867 -0.000272759 0.033222017
v -0.021214082 0.000351153 0.033222017
v -0.022514719 0.001000000 0.031100505
v -0.022677761 0.001551799 0.031100505
v -0.023160622 0.002082392 0.031100505
v -0.023944746 0.002571390 0.031100505
v -0.025000000 0.003000000 0.031100505
v -0.026285830 0.003351751 0.031100505
v -0.027752823 0.003613126 0.031100505
v -0.029344604 0.003774080 0.031100505
v -0.031000000 0.003828427 0.031100505
v -0.032655396 0.003774080 0.031100505
v -0.034247177 0.003613126 0.031100505
v -0.035714170 0.003351751 0.031100505
v -0.037000000 0.003000000 0.031100505
v -0.038055254 0.002571390 0.031100505
v -0.038839378 0.002082392 0.031100505
v -0.039322239 0.001551799 0.031100505
v -0.039485281 0.001000000 0.031100505
v -0.039322239 0.000448201 0.031100505
v -0.038839378 -0.000082392 0.031100505
v -0.038055254 -0.000571390 0.031100505
v -0.037000000 -0.001000000 0.031100505
v -0.035714170 -0.001351751 0.031100505
v -0.034247177 -0.001613126 0.031100505
v -0.032655396 -0.001774080 0.031100505
v -0.031000000 -0.001828427 0.031100505
v -0.029344604 -0.001774080 0.031100505
v -0.027752823 -0.001613126 0.031100505
v -0.026285830 -0.001351751 0.031100505
v -0.025000000 -0.001000000 0.031100505
v -0.023944746 -0.000571390 0.031100505
v -0.023160622 -0.000082392 0.031100505
v -0.022677761 0.000448201 0.031100505
v -0.024333157 0.001000000 0.029359425
v -0.024461259 0.001433546 0.029359425
v -0.024840640 0.001850430 0.029359425
v -0.025456723 0.002234633 0.029359425
v -0.026285830 0.002571390 0.029359425
v -0.027296101 0.002847759 0.029359425
v -0.028448710 0.003053120 0.029359425
v -0.029699363 0.003179580 0.029359425
v -0.031000000 0.003222281 0.029359425
v -0.032300637 0.003179580 0.029359425
v -0.033551290 0.003053120 0.029359425
v -0.034703899 0.002847759 0.029359425
v -0.035714170 0.002571390 0.029359425
v -0.036543277 0.002234633 0.029359425
v -0.037159360 0.001850430 0.029359425
v -0.037538741 0.001433546 0.029359425
v -0.037666843 0.001000000 0.029359425
v -0.037538741 0.000566454 0.029359425
v -0.037159360 0.000149570 0.029359425
v -0.036543277 -0.000234633 0.029359425
v -0.035714170 -0.000571390 0.029359425
v -0.034703899 -0.000847759 0.029359425
v -0.033551290 -0.001053120 0.029359425
v -0.032300637 -0.001179580 0.029359425
v -0.031000000 -0.001222281 0.029359425
v -0.029699363 -0.001179580 0.029359425
v -0.028448710 -0.001053120 0.029359425
v -0.027296101 -0.000847759 0.029359425
v -0.026285830 -0.000571390 0.029359425
v -0.025456723 -0.000234633 0.029359425
v -0.024840640 0.000149570 0.029359425
v -0.024461259 0.000566454 0.029359425
v -0.026407799 0.001000000 0.028065687
v -0.026496037 0.001298631 0.028065687
v -0.026757359 0.001585786 0.028065687
v -0.027181724 0.001850430 0.028065687
v -0.027752823 0.002082392 0.028065687
v -0.028448710 0.002272759 0.028065687
v -0.029242641 0.002414214 0.028065687
v -0.030104106 0.002501321 0.028065687
v -0.031000000 0.002530734 0.028065687
v -0.031895894 0.002501321 0.028065687
v -0.032757359 0.002414214 0.028065687
v -0.033551290 0.002272759 0.028065687
v -0.034247177 0.002082392 0.028065687
v -0.034818276 0.001850430 0.028065687
v -0.035242641 0.001585786 0.028065687
v -0.035503963 0.001298631 0.028065687
v -0.035592201 0.001000000 0.028065687
v -0.035503963 0.000701369 0.028065687
v -0.035242641 0.000414214 0.028065687
v -0.034818276 0.000149570 0.028065687
v -0.034247177 -0.000082392 0.028065687
v -0.033551290 -0.000272759 0.028065687
v -0.032757359 -0.000414214 0.028065687
v -0.031895894 -0.000501321 0.028065687
v -0.031000000 -0.000530734 0.028065687
v -0.030104106 -0.000501321 0.028065687
v -0.029242641 -0.000414214 0.028065687
v -0.028448710 -0.000272759 0.028065687
v -0.027752823 -0.000082392 0.028065687
v -0.027181724 0.000149570 0.028065687
v -0.026757359 0.000414214 0.028065687
v -0.026496037 0.000701369 0.028065687
v -0.028658916 0.001000000 0.027269006
v -0.028703899 0.001152241 0.027269006
v -0.028837121 0.001298631 0.027269006
v -0.029053460 0.001433546 0.027269006
v -0.029344604 0.001551799 0.027269006
v -0.029699363 0.001648847 0.027269006
v -0.030104106 0.001720960 0.027269006
v -0.030543277 0.001765367 0.027269006
v -0.031000000 0.001780361 0.027269006
v -0.031456723 0.001765367 0.027269006
v -0.031895894 0.001720960 0.027269006
v -0.032300637 0.001648847 0.027269006
v -0.032655396 0.001551799 0.027269006
v -0.032946540 0.001433546 0.027269006
v -0.033162879 0.001298631 0.027269006
v -0.033296101 0.001152241 0.027269006
v -0.033341084 0.001000000 0.027269006
v -0.033296101 0.000847759 0.027269006
v -0.033162879 0.000701369 0.027269006
v -0.032946540 0.000566454 0.027269006
v -0.032655396 0.000448201 0.027269006
v -0.032300637 0.000351153 0.027269006
v -0.031895894 0.000279040 0.027269006
v -0.031456723 0.000234633 0.027269006
v -0.031000000 0.000219639 0.027269006
v -0.030543277 0.000234633 0.027269006
v -0.030104106 0.000279040 0.027269006
v -0.029699363 0.000351153 0.027269006
v -0.029344604 0.000448201 0.027269006
v -0.029053460 0.000566454 0.027269006
v -0.028837121 0.000701369 0.027269006
v -0.028703899 0.000847759 0.027269006
v -0.031000000 0.001000000 0.027000000
f 5927 5928 5929
f 5927 5929 5930
f 5927 5930 5931
f 5927 5931 5932
f 5927 5932 5933
f 5927 5933 5934
f 5927 5934 5935
f 5927 5935 5936
f 5927 5936 5937
f 5927 5937 5938
f 5927 5938 5939
f 5927 5939 5940
f 5927 5940 5941
f 5927 5941 5942
f 5927 5942 5943
f 5927 5943 5944
f 5927 5944 5945
f 5927 5945 5946
f 5927 5946 5947
f 5927 5947 5948
f 5927 5948 5949
f 5927 5949 5950
f 5927 5950 5951
f 5927 5951 5952
f 5927 5952 5953
f 5927 5953 5954
f 5927 5954 5955
f 5927 5955 5956
f 5927 5956 5957
f 5927 5957 5958
f 5927 5958 5959
f 5927 5959 5928
f 5928 5960 5961
f 5928 5961 5929
f 5929 5961 5962
f 5929 5962 5930
f 5930 5962 5963
f 5930 5963 5931
f 5931 5963 5964
f 5931 5964 5932
f 5932 5964 5965
f 5932 5965 5933
f 5933 5965 5966
f 5933 5966 5934
f 5934 5966 5967
f 5934 5967 5935
f 5935 5967 5968
f 5935 5968 5936
f 5936 5968 5969
f 5936 5969 5937
f 5937 5969 5970
f 5937 5970 5938
f 5938 5970 5971
f 5938 5971 5939
f 5939 5971 5972
f 5939 5972 5940
f 5940 5972 5973
f 5940 5973 5941
f 5941 5973 5974
f 5941 5974 5942
f 5942 5974 5975
f 5942 5975 5943
f 5943 5975 5976
f 5943 5976 5944
f 5944 5976 5977
f 5944 5977 5945
f 5945 5977 5978
f 5945 5978 5946
f 5946 5978 5979
f 5946 5979 5947
f 5947 5979 5980
f 5947 5980 5948
f 5948 5980 5981
f 5948 5981 5949
f 5949 5981 5982
f 5949 5982 5950
f 5950 5982 5983
f 5950 5983 5951
f 5951 5983 5984
f 5951 5984 5952
f 5952 5984 5985
f 5952 5985 5953
f 5953 5985 5986
f 5953 5986 5954
f 5954 5986 5987
f 5954 5987 5955
f 5955 5987 5988
f 5955 5988 5956
f 5956 5988 5989
f 5956 5989 5957
f 5957 5989 5990
f 5957 5990 5958
f 5958 5990 5991
f 5958 5991 5959
f 5959 5991 5960
f 5959 5960 5928
f 5960 5992 5993
f 5960 5993 5961
f 5961 5993 5994
f 5961 5994 5962
f 5962 5994 5995
f 5962 5995 5963
f 5963 5995 5996
f 5963 5996 5964
f 5964 5996 5997
f 5964 5997 5965
f 5965 5997 5998
f 5965 5998 5966
f 5966 5998 5999
f 5966 5999 5967
f 5967 5999 6000
f 5967 6000 5968
f 5968 6000 6001
f 5968 6001 5969
f 5969 6001 6002
f 5969 6002 5970
f 5970 6002 6003
f 5970 6003 5971
f 5971 6003 6004
f 5971 6004 5972
f 5972 6004 6005
f 5972 6005 5973
f 5973 6005 6006
f 5973 6006 5974
f 5974 6006 6007
f 5974 6007 5975
f 5975 6007 6008
f 5975 6008 5976
f 5976 6008 6009
f 5976 6009 5977
f 5977 6009 6010
f 5977 6010 5978
f 5978 6010 6011
f 5978 6011 5979
f 5979 6011 6012
f 5979 6012 5980
f 5980 6012 6013
f 5980 6013 5981
f 5981 6013 6014
f 5981 6014 5982
f 5982 6014 6015
f 5982 6015 5983
f 5983 6015 6016
f 5983 6016 5984
f 5984 6016 6017
f 5984 6017 5985
f 5985 6017 6018
f 5985 6018 5986
f 5986 6018 6019
f 5986 6019 5987
f 5987 6019 6020
f 5987 6020 5988
f 5988 6020 6021
f 5988 6021 5989
f 5989 6021 6022
f 5989 6022 5990
f 5990 6022 6023
f 5990 6023 5991
f 5991 6023 5992
f 5991 5992 5960
f 5992 6024 6025
f 5992 6025 5993
f 5993 6025 6026
f 5993 6026 5994
f 5994 6026 6027
f 5994 6027 5995
f 5995 6027 6028
f 5995 6028 5996
f 5996 6028 6029
f 5996 6029 5997
f 5997 6029 6030
f 5997 6030 5998
f 5998 6030 6031
f 5998 6031 5999
f 5999 6031 6032
f 5999 6032 6000
f 6000 6032 6033
f 6000 6033 6001
f 6001 6033 6034
f 6001 6034 6002
f 6002 6034 6035
f 6002 6035 6003
f 6003 6035 6036
f 6003 6036 6004
f 6004 6036 6037
f 6004 6037 6005
f 6005 6037 6038
f 6005 6038 6006
f 6006 6038 6039
f 6006 6039 6007
f 6007 6039 6040
f 6007 6040 6008
f 6008 6040 6041
f 6008 6041 6009
f 6009 6041 6042
f 6009 6042 6010
f 6010 6042 6043
f 6010 6043 6011
f 6011 6043 6044
f 6011 6044 6012
f 6012 6044 6045
f 6012 6045 6013
f 6013 6045 6046
f 6013 6046 6014
f 6014 6046 6047
f 6014 6047 6015
f 6015 6047 6048
f 6015 6048 6016
f 6016 6048 6049
f 6016 6049 6017
f 6017 6049 6050
f 6017 6050 6018
f 6018 6050 6051
f 6018 6051 6019
f 6019 6051 6052
f 6019 6052 6020
f 6020 6052 6053
f 6020 6053 6021
f 6021 6053 6054
f 6021 6054 6022
f 6022 6054 6055
f 6022 6055 6023
f 6023 6055 6024
f 6023 6024 5992
f 6024 6056 6057
f 6024 6057 6025
f 6025 6057 6058
f 6025 6058 6026
f 6026 6058 6059
f 6026 6059 6027
f 6027 6059 6060
f 6027 6060 6028
f 6028 6060 6061
f 6028 6061 6029
f 6029 6061 6062
f 6029 6062 6030
f 6030 6062 6063
f 6030 6063 6031
f 6031 6063 6064
f 6031 6064 6032
f 6032 6064 6065
f 6032 6065 6033
f 6033 6065 6066
f 6033 6066 6034
f 6034 6066 6067
f 6034 6067 6035
f 6035 6067 6068
f 6035 6068 6036
f 6036 6068 6069
f 6036 6069 6037
f 6037 6069 6070
f 6037 6070 6038
f 6038 6070 6071
f 6038 6071 6039
f 6039 6071 6072
f 6039 6072 6040
f 6040 6072 6073
f 6040 6073 6041
f 6041 6073 6074
f 6041 6074 6042
f 6042 6074 6075
f 6042 6075 6043
f 6043 6075 6076
f 6043 6076 6044
f 6044 6076 6077
f 6044 6077 6045
f 6045 6077 6078
f 6045 6078 6046
f 6046 6078 6079
f 6046 6079 6047
f 6047 6079 6080
f 6047 6080 6048
f 6048 6080 6081
f 6048 6081 6049
f 6049 6081 6082
f 6049 6082 6050
f 6050 6082 6083
f 6050 6083 6051
f 6051 6083 6084
f 6051 6084 6052
f 6052 6084 6085
f 6052 6085 6053
f 6053 6085 6086
f 6053 6086 6054
f 6054 6086 6087
f 6054 6087 6055
f 6055 6087 6056
f 6055 6056 6024
f 6056 6088 6089
f 6056 6089 6057
f 6057 6089 6090
f 6057 6090 6058
f 6058 6090 6091
f 6058 6091 6059
f 6059 6091 6092
f 6059 6092 6060
f 6060 6092 6093
f 6060 6093 6061
f 6061 6093 6094
f 6061 6094 6062
f 6062 6094 6095
f 6062 6095 6063
f 6063 6095 6096
f 6063 6096 6064
f 6064 6096 6097
f 6064 6097 6065
f 6065 6097 6098
f 6065 6098 6066
f 6066 6098 6099
f 6066 6099 6067
f 6067 6099 6100
f 6067 6100 6068
f 6068 6100 6101
f 6068 6101 6069
f 6069 6101 6102
f 6069 6102 6070
f 6070 6102 6103
f 6070 6103 6071
f 6071 6103 6104
f 6071 6104 6072
f 6072 6104 6105
f 6072 6105 6073
f 6073 6105 6106
f 6073 6106 6074
f 6074 6106 6107
f 6074 6107 6075
f 6075 6107 6108
f 6075 6108 6076
f 6076 6108 6109
f 6076 6109 6077
f 6077 6109 6110
f 6077 6110 6078
f 6078 6110 6111
f 6078 6111 6079
f 6079 6111 6112
f 6079 6112 6080
f 6080 6112 6113
f 6080 6113 6081
f 6081 6113 6114
f 6081 6114 6082
f 6082 6114 6115
f 6082 6115 6083
f 6083 6115 6116
f 6083 6116 6084
f 6084 6116 6117
f 6084 6117 6085
f 6085 6117 6118
f 6085 6118 6086
f 6086 6118 6119
f 6086 6119 6087
f 6087 6119 6088
f 6087 6088 6056
f 6088 6120 6121
f 6088 6121 6089
f 6089 6121 6122
f 6089 6122 6090
f 6090 6122 6123
f 6090 6123 6091
f 6091 6123 6124
f 6091 6124 6092
f 6092 6124 6125
f 6092 6125 6093
f 6093 6125 6126
f 6093 6126 6094
f 6094 6126 6127
f 6094 6127 6095
f 6095 6127 6128
f 6095 6128 6096
f 6096 6128 6129
f 6096 6129 6097
f 6097 6129 6130
f 6097 6130 6098
f 6098 6130 6131
f 6098 6131 6099
f 6099 6131 6132
f 6099 6132 6100
f 6100 6132 6133
f 6100 6133 6101
f 6101 6133 6134
f 6101 6134 6102
f 6102 6134 6135
f 6102 6135 6103
f 6103 6135 6136
f 6103 6136 6104
f 6104 6136 6137
f 6104 6137 6105
f 6105 6137 6138
f 6105 6138 6106
f 6106 6138 6139
f 6106 6139 6107
f 6107 6139 6140
f 6107 6140 6108
f 6108 6140 6141
f 6108 6141 6109
f 6109 6141 6142
f 6109 6142 6110
f 6110 6142 6143
f 6110 6143 6111
f 6111 6143 6144
f 6111 6144 6112
f 6112 6144 6145
f 6112 6145 6113
f 6113 6145 6146
f 6113 6146 6114
f 6114 6146 6147
f 6114 6147 6115
f 6115 6147 6148
f 6115 6148 6116
f 6116 6148 6149
f 6116 6149 6117
f 6117 6149 6150
f 6117 6150 6118
f 6118 6150 6151
f 6118 6151 6119
f 6119 6151 6120
f 6119 6120 6088
f 6120 6152 6153
f 6120 6153 6121
f 6121 6153 6154
f 6121 6154 6122
f 6122 6154 6155
f 6122 6155 6123
f 6123 6155 6156
f 6123 6156 6124
f 6124 6156 6157
f 6124 6157 6125
f 6125 6157 6158
f 6125 6158 6126
f 6126 6158 6159
f 6126 6159 6127
f 6127 6159 6160
f 6127 6160 6128
f 6128 6160 6161
f 6128 6161 6129
f 6129 6161 6162
f 6129 6162 6130
f 6130 6162 6163
f 6130 6163 6131
f 6131 6163 6164
f 6131 6164 6132
f 6132 6164 6165
f 6132 6165 6133
f 6133 6165 6166
f 6133 6166 6134
f 6134 6166 6167
f 6134 6167 6135
f 6135 6167 6168
f 6135 6168 6136
f 6136 6168 6169
f 6136 6169 6137
f 6137 6169 6170
f 6137 6170 6138
f 6138 6170 6171
f 6138 6171 6139
f 6139 6171 6172
f 6139 6172 6140
f 6140 6172 6173
f 6140 6173 6141
f 6141 6173 6174
f 6141 6174 6142
f 6142 6174 6175
f 6142 6175 6143
f 6143 6175 6176
f 6143 6176 6144
f 6144 6176 6177
f 6144 6177 6145
f 6145 6177 6178
f 6145 6178 6146
f 6146 6178 6179
f 6146 6179 6147
f 6147 6179 6180
f 6147 6180 6148
f 6148 6180 6181
f 6148 6181 6149
f 6149 6181 6182
f 6149 6182 6150
f 6150 6182 6183
f 6150 6183 6151
f 6151 6183 6152
f 6151 6152 6120
f 6152 6184 6185
f 6152 6185 6153
f 6153 6185 6186
f 6153 6186 6154
f 6154 6186 6187
f 6154 6187 6155
f 6155 6187 6188
f 6155 6188 6156
f 6156 6188 6189
f 6156 6189 6157
f 6157 6189 6190
f 6157 6190 6158
f 6158 6190 6191
f 6158 6191 6159
f 6159 6191 6192
f 6159 6192 6160
f 6160 6192 6193
f 6160 6193 6161
f 6161 6193 6194
f 6161 6194 6162
f 6162 6194 6195
f 6162 6195 6163
f 6163 6195 6196
f 6163 6196 6164
f 6164 6196 6197
f 6164 6197 6165
f 6165 6197 6198
f 6165 6198 6166
f 6166 6198 6199
f 6166 6199 6167
f 6167 6199 6200
f 6167 6200 6168
f 6168 6200 6201
f 6168 6201 6169
f 6169 6201 6202
f 6169 6202 6170
f 6170 6202 6203
f 6170 6203 6171
f 6171 6203 6204
f 6171 6204 6172
f 6172 6204 6205
f 6172 6205 6173
f 6173 6205 6206
f 6173 6206 6174
f 6174 6206 6207
f 6174 6207 6175
f 6175 6207 6208
f 6175 6208 6176
f 6176 6208 6209
f 6176 6209 6177
f 6177 6209 6210
f 6177 6210 6178
f 6178 6210 6211
f 6178 6211 6179
f 6179 6211 6212
f 6179 6212 6180
f 6180 6212 6213
f 6180 6213 6181
f 6181 6213 6214
f 6181 6214 6182
f 6182 6214 6215
f 6182 6215 6183
f 6183 6215 6184
f 6183 6184 6152
f 6184 6216 6217
f 6184 6217 6185
f 6185 6217 6218
f 6185 6218 6186
f 6186 6218 6219
f 6186 6219 6187
f 6187 6219 6220
f 6187 6220 6188
f 6188 6220 6221
f 6188 6221 6189
f 6189 6221 6222
f 6189 6222 6190
f 6190 6222 6223
f 6190 6223 6191
f 6191 6223 6224
f 6191 6224 6192
f 6192 6224 6225
f 6192 6225 6193
f 6193 6225 6226
f 6193 6226 6194
f 6194 6226 6227
f 6194 6227 6195
f 6195 6227 6228
f 6195 6228 6196
f 6196 6228 6229
f 6196 6229 6197
f 6197 6229 6230
f 6197 6230 6198
f 6198 6230 6231
f 6198 6231 6199
f 6199 6231 6232
f 6199 6232 6200
f 6200 6232 6233
f 6200 6233 6201
f 6201 6233 6234
f 6201 6234 6202
f 6202 6234 6235
f 6202 6235 6203
f 6203 6235 6236
f 6203 6236 6204
f 6204 6236 6237
f 6204 6237 6205
f 6205 6237 6238
f 6205 6238 6206
f 6206 6238 6239
f 6206 6239 6207
f 6207 6239 6240
f 6207 6240 6208
f 6208 6240 6241
f 6208 6241 6209
f 6209 6241 6242
f 6209 6242 6210
f 6210 6242 6243
f 6210 6243 6211
f 6211 6243 6244
f 6211 6244 6212
f 6212 6244 6245
f 6212 6245 6213
f 6213 6245 6246
f 6213 6246 6214
f 6214 6246 6247
f 6214 6247 6215
f 6215 6247 6216
f 6215 6216 6184
f 6216 6248 6249
f 6216 6249 6217
f 6217 6249 6250
f 6217 6250 6218
f 6218 6250 6251
f 6218 6251 6219
f 6219 6251 6252
f 6219 6252 6220
f 6220 6252 6253
f 6220 6253 6221
f 6221 6253 6254
f 6221 6254 6222
f 6222 6254 6255
f 6222 6255 6223
f 6223 6255 6256
f 6223 6256 6224
f 6224 6256 6257
f 6224 6257 6225
f 6225 6257 6258
f 6225 6258 6226
f 6226 6258 6259
f 6226 6259 6227
f 6227 6259 6260
f 6227 6260 6228
f 6228 6260 6261
f 6228 6261 6229
f 6229 6261 6262
f 6229 6262 6230
f 6230 6262 6263
f 6230 6263 6231
f 6231 6263 6264
f 6231 6264 6232
f 6232 6264 6265
f 6232 6265 6233
f 6233 6265 6266
f 6233 6266 6234
f 6234 6266 6267
f 6234 6267 6235
f 6235 6267 6268
f 6235 6268 6236
f 6236 6268 6269
f 6236 6269 6237
f 6237 6269 6270
f 6237 6270 6238
f 6238 6270 6271
f 6238 6271 6239
f 6239 6271 6272
f 6239 6272 6240
f 6240 6272 6273
f 6240 6273 6241
f 6241 6273 6274
f 6241 6274 6242
f 6242 6274 6275
f 6242 6275 6243
f 6243 6275 6276
f 6243 6276 6244
f 6244 6276 6277
f 6244 6277 6245
f 6245 6277 6278
f 6245 6278 6246
f 6246 6278 6279
f 6246 6279 6247
f 6247 6279 6248
f 6247 6248 6216
f 6248 6280 6281
f 6248 6281 6249
f 6249 6281 6282
f 6249 6282 6250
f 6250 6282 6283
f 6250 6283 6251
f 6251 6283 6284
f 6251 6284 6252
f 6252 6284 6285
f 6252 6285 6253
f 6253 6285 6286
f 6253 6286 6254
f 6254 6286 6287
f 6254 6287 6255
f 6255 6287 6288
f 6255 6288 6256
f 6256 6288 6289
f 6256 6289 6257
f 6257 6289 6290
f 6257 6290 6258
f 6258 6290 6291
f 6258 6291 6259
f 6259 6291 6292
f 6259 6292 6260
f 6260 6292 6293
f 6260 6293 6261
f 6261 6293 6294
f 6261 6294 6262
f 6262 6294 6295
f 6262 6295 6263
f 6263 6295 6296
f 6263 6296 6264
f 6264 6296 6297
f 6264 6297 6265
f 6265 6297 6298
f 6265 6298 6266
f 6266 6298 6299
f 6266 6299 6267
f 6267 6299 6300
f 6267 6300 6268
f 6268 6300 6301
f 6268 6301 6269
f 6269 6301 6302
f 6269 6302 6270
f 6270 6302 6303
f 6270 6303 6271
f 6271 6303 6304
f 6271 6304 6272
f 6272 6304 6305
f 6272 6305 6273
f 6273 6305 6306
f 6273 6306 6274
f 6274 6306 6307
f 6274 6307 6275
f 6275 6307 6308
f 6275 6308 6276
f 6276 6308 6309
f 6276 6309 6277
f 6277 6309 6310
f 6277 6310 6278
f 6278 6310 6311
f 6278 6311 6279
f 6279 6311 6280
f 6279 6280 6248
f 6280 6312 6313
f 6280 6313 6281
f 6281 6313 6314
f 6281 6314 6282
f 6282 6314 6315
f 6282 6315 6283
f 6283 6315 6316
f 6283 6316 6284
f 6284 6316 6317
f 6284 6317 6285
f 6285 6317 6318
f 6285 6318 6286
f 6286 6318 6319
f 6286 6319 6287
f 6287 6319 6320
f 6287 6320 6288
f 6288 6320 6321
f 6288 6321 6289
f 6289 6321 6322
f 6289 6322 6290
f 6290 6322 6323
f 6290 6323 6291
f 6291 6323 6324
f 6291 6324 6292
f 6292 6324 6325
f 6292 6325 6293
f 6293 6325 6326
f 6293 6326 6294
f 6294 6326 6327
f 6294 6327 6295
f 6295 6327 6328
f 6295 6328 6296
f 6296 6328 6329
f 6296 6329 6297
f 6297 6329 6330
f 6297 6330 6298
f 6298 6330 6331
f 6298 6331 6299
f 6299 6331 6332
f 6299 6332 6300
f 6300 6332 6333
f 6300 6333 6301
f 6301 6333 6334
f 6301 6334 6302
f 6302 6334 6335
f 6302 6335 6303
f 6303 6335 6336
f 6303 6336 6304
f 6304 6336 6337
f 6304 6337 6305
f 6305 6337 6338
f 6305 6338 6306
f 6306 6338 6339
f 6306 6339 6307
f 6307 6339 6340
f 6307 6340 6308
f 6308 6340 6341
f 6308 6341 6309
f 6309 6341 6342
f 6309 6342 6310
f 6310 6342 6343
f 6310 6343 6311
f 6311 6343 6312
f 6311 6312 6280
f 6312 6344 6345
f 6312 6345 6313
f 6313 6345 6346
f 6313 6346 6314
f 6314 6346 6347
f 6314 6347 6315
f 6315 6347 6348
f 6315 6348 6316
f 6316 6348 6349
f 6316 6349 6317
f 6317 6349 6350
f 6317 6350 6318
f 6318 6350 6351
f 6318 6351 6319
f 6319 6351 6352
f 6319 6352 6320
f 6320 6352 6353
f 6320 6353 6321
f 6321 6353 6354
f 6321 6354 6322
f 6322 6354 6355
f 6322 6355 6323
f 6323 6355 6356
f 6323 6356 6324
f 6324 6356 6357
f 6324 6357 6325
f 6325 6357 6358
f 6325 6358 6326
f 6326 6358 6359
f 6326 6359 6327
f 6327 6359 6360
f 6327 6360 6328
f 6328 6360 6361
f 6328 6361 6329
f 6329 6361 6362
f 6329 6362 6330
f 6330 6362 6363
f 6330 6363 6331
f 6331 6363 6364
f 6331 6364 6332
f 6332 6364 6365
f 6332 6365 6333
f 6333 6365 6366
f 6333 6366 6334
f 6334 6366 6367
f 6334 6367 6335
f 6335 6367 6368
f 6335 6368 6336
f 6336 6368 6369
f 6336 6369 6337
f 6337 6369 6370
f 6337 6370 6338
f 6338 6370 6371
f 6338 6371 6339
f 6339 6371 6372
f 6339 6372 6340
f 6340 6372 6373
f 6340 6373 6341
f 6341 6373 6374
f 6341 6374 6342
f 6342 6374 6375
f 6342 6375 6343
f 6343 6375 6344
f 6343 6344 6312
f 6344 6376 6377
f 6344 6377 6345
f 6345 6377 6378
f 6345 6378 6346
f 6346 6378 6379
f 6346 6379 6347
f 6347 6379 6380
f 6347 6380 6348
f 6348 6380 6381
f 6348 6381 6349
f 6349 6381 6382
f 6349 6382 6350
f 6350 6382 6383
f 6350 6383 6351
f 6351 6383 6384
f 6351 6384 6352
f 6352 6384 6385
f 6352 6385 6353
f 6353 6385 6386
f 6353 6386 6354
f 6354 6386 6387
f 6354 6387 6355
f 6355 6387 6388
f 6355 6388 6356
f 6356 6388 6389
f 6356 6389 6357
f 6357 6389 6390
f 6357 6390 6358
f 6358 6390 6391
f 6358 6391 6359
f 6359 6391 6392
f 6359 6392 6360
f 6360 6392 6393
f 6360 6393 6361
f 6361 6393 6394
f 6361 6394 6362
f 6362 6394 6395
f 6362 6395 6363
f 6363 6395 6396
f 6363 6396 6364
f 6364 6396 6397
f 6364 6397 6365
f 6365 6397 6398
f 6365 6398 6366
f 6366 6398 6399
f 6366 6399 6367
f 6367 6399 6400
f 6367 6400 6368
f 6368 6400 6401
f 6368 6401 6369
f 6369 6401 6402
f 6369 6402 6370
f 6370 6402 6403
f 6370 6403 6371
f 6371 6403 6404
f 6371 6404 6372
f 6372 6404 6405
f 6372 6405 6373
f 6373 6405 6406
f 6373 6406 6374
f 6374 6406 6407
f 6374 6407 6375
f 6375 6407 6376
f 6375 6376 6344
f 6408 6377 6376
f 6408 6378 6377
f 6408 6379 6378
f 6408 6380 6379
f 6408 6381 6380
f 6408 6382 6381
f 6408 6383 6382
f 6408 6384 6383
f 6408 6385 6384
f 6408 6386 6385
f 6408 6387 6386
f 6408 6388 6387
f 6408 6389 6388
f 6408 6390 6389
f 6408 6391 6390
f 6408 6392 6391
f 6408 6393 6392
f 6408 6394 6393
f 6408 6395 6394
f 6408 6396 6395
f 6408 6397 6396
f 6408 6398 6397
f 6408 6399 6398
f 6408 6400 6399
f 6408 6401 6400
f 6408 6402 6401
f 6408 6403 6402
f 6408 6404 6403
f 6408 6405 6404
f 6408 6406 6405
f 6408 6407 6406
f 6408 6376 6407
o left_hand
usemtl plush_white
v -0.014500000 0.036000000 -0.013000000
v -0.013329458 0.036000000 -0.013134503
v -0.013351950 0.036152241 -0.013134503
v -0.013418560 0.036298631 -0.013134503
v -0.013526730 0.036433546 -0.013134503
v -0.013672302 0.036551799 -0.013134503
v -0.013849682 0.036648847 -0.013134503
v -0.014052053 0.036720960 -0.013134503
v -0.014271639 0.036765367 -0.013134503
v -0.014500000 0.036780361 -0.013134503
v -0.014728361 0.036765367 -0.013134503
v -0.014947947 0.036720960 -0.013134503
v -0.015150318 0.036648847 -0.013134503
v -0.015327698 0.036551799 -0.013134503
v -0.015473270 0.036433546 -0.013134503
v -0.015581440 0.036298631 -0.013134503
v -0.015648050 0.036152241 -0.013134503
v -0.015670542 0.036000000 -0.013134503
v -0.015648050 0.035847759 -0.013134503
v -0.015581440 0.035701369 -0.013134503
v -0.015473270 0.035566454 -0.013134503
v -0.015327698 0.035448201 -0.013134503
v -0.015150318 0.035351153 -0.013134503
v -0.014947947 0.035279040 -0.013134503
v -0.014728361 0.035234633 -0.013134503
v -0.014500000 0.035219639 -0.013134503
v -0.014271639 0.035234633 -0.013134503
v -0.014052053 0.035279040 -0.013134503
v -0.013849682 0.035351153 -0.013134503
v -0.013672302 0.035448201 -0.013134503
v -0.013526730 0.035566454 -0.013134503
v -0.013418560 0.035701369 -0.013134503
v -0.013351950 0.035847759 -0.013134503
v -0.012203899 0.036000000 -0.013532843
v -0.012248018 0.036298631 -0.013532843
v -0.012378680 0.036585786 -0.013532843
v -0.012590862 0.036850430 -0.013532843
v -0.012876412 0.037082392 -0.013532843
v -0.013224355 0.037272759 -0.013532843
v -0.013621320 0.037414214 -0.013532843
v -0.014052053 0.037501321 -0.013532843
v -0.014500000 0.037530734 -0.013532843
v -0.014947947 0.037501321 -0.013532843
v -0.015378680 0.037414214 -0.013532843
v -0.015775645 0.037272759 -0.013532843
v -0.016123588 0.037082392 -0.013532843
v -0.016409138 0.036850430 -0.013532843
v -0.016621320 0.036585786 -0.013532843
v -0.016751982 0.036298631 -0.013532843
v -0.016796101 0.036000000 -0.013532843
v -0.016751982 0.035701369 -0.013532843
v -0.016621320 0.035414214 -0.013532843
v -0.016409138 0.035149570 -0.013532843
v -0.016123588 0.034917608 -0.013532843
v -0.015775645 0.034727241 -0.013532843
v -0.015378680 0.034585786 -0.013532843
v -0.014947947 0.034498679 -0.013532843
v -0.014500000 0.034469266 -0.013532843
v -0.014052053 0.034498679 -0.013532843
v -0.013621320 0.034585786 -0.013532843
v -0.013224355 0.034727241 -0.013532843
v -0.012876412 0.034917608 -0.013532843
v -0.012590862 0.035149570 -0.013532843
v -0.012378680 0.035414214 -0.013532843
v -0.012248018 0.035701369 -0.013532843
v -0.011166579 0.036000000 -0.014179713
v -0.011230629 0.036433546 -0.014179713
v -0.011420320 0.036850430 -0.014179713
v -0.011728361 0.037234633 -0.014179713
v -0.012142915 0.037571390 -0.014179713
v -0.012648050 0.037847759 -0.014179713
v -0.013224355 0.038053120 -0.014179713
v -0.013849682 0.038179580 -0.014179713
v -0.014500000 0.038222281 -0.014179713
v -0.015150318 0.038179580 -0.014179713
v -0.015775645 0.038053120 -0.014179713
v -0.016351950 0.037847759 -0.014179713
v -0.016857085 0.037571390 -0.014179713
v -0.017271639 0.037234633 -0.014179713
v -0.017579680 0.036850430 -0.014179713
v -0.017769371 0.036433546 -0.014179713
v -0.017833421 0.036000000 -0.014179713
v -0.017769371 0.035566454 -0.014179713
v -0.017579680 0.035149570 -0.014179713
v -0.017271639 0.034765367 -0.014179713
v -0.016857085 0.034428610 -0.014179713
v -0.016351950 0.034152241 -0.014179713
v -0.015775645 0.033946880 -0.014179713
v -0.015150318 0.033820420 -0.014179713
v -0.014500000 0.033777719 -0.014179713
v -0.013849682 0.033820420 -0.014179713
v -0.013224355 0.033946880 -0.014179713
v -0.012648050 0.034152241 -0.014179713
v -0.012142915 0.034428610 -0.014179713
v -0.011728361 0.034765367 -0.014179713
v -0.011420320 0.035149570 -0.014179713
v -0.011230629 0.035566454 -0.014179713
v -0.010257359 0.036000000 -0.015050253
v -0.010338880 0.036551799 -0.015050253
v -0.010580311 0.037082392 -0.015050253
v -0.010972373 0.037571390 -0.015050253
v -0.011500000 0.038000000 -0.015050253
v -0.012142915 0.038351751 -0.015050253
v -0.012876412 0.038613126 -0.015050253
v -0.013672302 0.038774080 -0.015050253
v -0.014500000 0.038828427 -0.015050253
v -0.015327698 0.038774080 -0.015050253
v -0.016123588 0.038613126 -0.015050253
v -0.016857085 0.038351751 -0.015050253
v -0.017500000 0.038000000 -0.015050253
v -0.018027627 0.037571390 -0.015050253
v -0.018419689 0.037082392 -0.015050253
v -0.018661120 0.036551799 -0.015050253
v -0.018742641 0.036000000 -0.015050253
v -0.018661120 0.035448201 -0.015050253
v -0.018419689 0.034917608 -0.015050253
v -0.018027627 0.034428610 -0.015050253
v -0.017500000 0.034000000 -0.015050253
v -0.016857085 0.033648249 -0.015050253
v -0.016123588 0.033386874 -0.015050253
v -0.015327698 0.033225920 -0.015050253
v -0.014500000 0.033171573 -0.015050253
v -0.013672302 0.033225920 -0.015050253
v -0.012876412 0.033386874 -0.015050253
v -0.012142915 0.033648249 -0.015050253
v -0.011500000 0.034000000 -0.015050253
v -0.010972373 0.034428610 -0.015050253
v -0.010580311 0.034917608 -0.015050253
v -0.010338880 0.035448201 -0.015050253
v -0.009511182 0.036000000 -0.016111008
v -0.009607041 0.036648847 -0.016111008
v -0.009890933 0.037272759 -0.016111008
v -0.010351950 0.037847759 -0.016111008
v -0.010972373 0.038351751 -0.016111008
v -0.011728361 0.038765367 -0.016111008
v -0.012590862 0.039072711 -0.016111008
v -0.013526730 0.039261973 -0.016111008
v -0.014500000 0.039325878 -0.016111008
v -0.015473270 0.039261973 -0.016111008
v -0.016409138 0.039072711 -0.016111008
v -0.017271639 0.038765367 -0.016111008
v -0.018027627 0.038351751 -0.016111008
v -0.018648050 0.037847759 -0.016111008
v -0.019109067 0.037272759 -0.016111008
v -0.019392959 0.036648847 -0.016111008
v -0.019488818 0.036000000 -0.016111008
v -0.019392959 0.035351153 -0.016111008
v -0.019109067 0.034727241 -0.016111008
v -0.018648050 0.034152241 -0.016111008
v -0.018027627 0.033648249 -0.016111008
v -0.017271639 0.033234633 -0.016111008
v -0.016409138 0.032927289 -0.016111008
v -0.015473270 0.032738027 -0.016111008
v -0.014500000 0.032674122 -0.016111008
v -0.013526730 0.032738027 -0.016111008
v -0.012590862 0.032927289 -0.016111008
v -0.011728361 0.033234633 -0.016111008
v -0.010972373 0.033648249 -0.016111008
v -0.010351950 0.034152241 -0.016111008
v -0.009890933 0.034727241 -0.016111008
v -0.009607041 0.035351153 -0.016111008
v -0.008956723 0.036000000 -0.017321216
v -0.009063235 0.036720960 -0.017321216
v -0.009378680 0.037414214 -0.017321216
v -0.009890933 0.038053120 -0.017321216
v -0.010580311 0.038613126 -0.017321216
v -0.011420320 0.039072711 -0.017321216
v -0.012378680 0.039414214 -0.017321216
v -0.013418560 0.039624510 -0.017321216
v -0.014500000 0.039695518 -0.017321216
v -0.015581440 0.039624510 -0.017321216
v -0.016621320 0.039414214 -0.017321216
v -0.017579680 0.039072711 -0.017321216
v -0.018419689 0.038613126 -0.017321216
v -0.019109067 0.038053120 -0.017321216
v -0.019621320 0.037414214 -0.017321216
v -0.019936765 0.036720960 -0.017321216
v -0.020043277 0.036000000 -0.017321216
v -0.019936765 0.035279040 -0.017321216
v -0.019621320 0.034585786 -0.017321216
v -0.019109067 0.033946880 -0.017321216
v -0.018419689 0.033386874 -0.017321216
v -0.017579680 0.032927289 -0.017321216
v -0.016621320 0.032585786 -0.017321216
v -0.015581440 0.032375490 -0.017321216
v -0.014500000 0.032304482 -0.017321216
v -0.013418560 0.032375490 -0.017321216
v -0.012378680 0.032585786 -0.017321216
v -0.011420320 0.032927289 -0.017321216
v -0.010580311 0.033386874 -0.017321216
v -0.009890933 0.033946880 -0.017321216
v -0.009378680 0.034585786 -0.017321216
v -0.009063235 0.035279040 -0.017321216
v -0.008615288 0.036000000 -0.018634368
v -0.008728361 0.036765367 -0.018634368
v -0.009063235 0.037501321 -0.018634368
v -0.009607041 0.038179580 -0.018634368
v -0.010338880 0.038774080 -0.018634368
v -0.011230629 0.039261973 -0.018634368
v -0.012248018 0.039624510 -0.018634368
v -0.013351950 0.039847759 -0.018634368
v -0.014500000 0.039923141 -0.018634368
v -0.015648050 0.039847759 -0.018634368
v -0.016751982 0.039624510 -0.018634368
v -0.017769371 0.039261973 -0.018634368
v -0.018661120 0.038774080 -0.018634368
v -0.019392959 0.038179580 -0.018634368
v -0.019936765 0.037501321 -0.018634368
v -0.020271639 0.036765367 -0.018634368
v -0.020384712 0.036000000 -0.018634368
v -0.020271639 0.035234633 -0.018634368
v -0.019936765 0.034498679 -0.018634368
v -0.019392959 0.033820420 -0.018634368
v -0.018661120 0.033225920 -0.018634368
v -0.017769371 0.032738027 -0.018634368
v -0.016751982 0.032375490 -0.018634368
v -0.015648050 0.032152241 -0.018634368
v -0.014500000 0.032076859 -0.018634368
v -0.013351950 0.032152241 -0.018634368
v -0.012248018 0.032375490 -0.018634368
v -0.011230629 0.032738027 -0.018634368
v -0.010338880 0.033225920 -0.018634368
v -0.009607041 0.033820420 -0.018634368
v -0.009063235 0.034498679 -0.018634368
v -0.008728361 0.035234633 -0.018634368
v -0.008500000 0.036000000 -0.020000000
v -0.008615288 0.036780361 -0.020000000
v -0.008956723 0.037530734 -0.020000000
v -0.009511182 0.038222281 -0.020000000
v -0.010257359 0.038828427 -0.020000000
v -0.011166579 0.039325878 -0.020000000
v -0.012203899 0.039695518 -0.020000000
v -0.013329458 0.039923141 -0.020000000
v -0.014500000 0.040000000 -0.020000000
v -0.015670542 0.039923141 -0.020000000
v -0.016796101 0.039695518 -0.020000000
v -0.017833421 0.039325878 -0.020000000
v -0.018742641 0.038828427 -0.020000000
v -0.019488818 0.038222281 -0.020000000
v -0.020043277 0.037530734 -0.020000000
v -0.020384712 0.036780361 -0.020000000
v -0.020500000 0.036000000 -0.020000000
v -0.020384712 0.035219639 -0.020000000
v -0.020043277 0.034469266 -0.020000000
v -0.019488818 0.033777719 -0.020000000
v -0.018742641 0.033171573 -0.020000000
v -0.017833421 0.032674122 -0.020000000
v -0.016796101 0.032304482 -0.020000000
v -0.015670542 0.032076859 -0.020000000
v -0.014500000 0.032000000 -0.020000000
v -0.013329458 0.032076859 -0.020000000
v -0.012203899 0.032304482 -0.020000000
v -0.011166579 0.032674122 -0.020000000
v -0.010257359 0.033171573 -0.020000000
v -0.009511182 0.033777719 -0.020000000
v -0.008956723 0.034469266 -0.020000000
v -0.008615288 0.035219639 -0.020000000
v -0.008615288 0.036000000 -0.021365632
v -0.008728361 0.036765367 -0.021365632
v -0.009063235 0.037501321 -0.021365632
v -0.009607041 0.038179580 -0.021365632
v -0.010338880 0.038774080 -0.021365632
v -0.011230629 0.039261973 -0.021365632
v -0.012248018 0.039624510 -0.021365632
v -0.013351950 0.039847759 -0.021365632
v -0.014500000 0.039923141 -0.021365632
v -0.015648050 0.039847759 -0.021365632
v -0.016751982 0.039624510 -0.021365632
v -0.017769371 0.039261973 -0.021365632
v -0.018661120 0.038774080 -0.021365632
v -0.019392959 0.038179580 -0.021365632
v -0.019936765 0.037501321 -0.021365632
v -0.020271639 0.036765367 -0.021365632
v -0.020384712 0.036000000 -0.021365632
v -0.020271639 0.035234633 -0.021365632
v -0.019936765 0.034498679 -0.021365632
v -0.019392959 0.033820420 -0.021365632
v -0.018661120 0.033225920 -0.021365632
v -0.017769371 0.032738027 -0.021365632
v -0.016751982 0.032375490 -0.021365632
v -0.015648050 0.032152241 -0.021365632
v -0.014500000 0.032076859 -0.021365632
v -0.013351950 0.032152241 -0.021365632
v -0.012248018 0.032375490 -0.021365632
v -0.011230629 0.032738027 -0.021365632
v -0.010338880 0.033225920 -0.021365632
v -0.009607041 0.033820420 -0.021365632
v -0.009063235 0.034498679 -0.021365632
v -0.008728361 0.035234633 -0.021365632
v -0.008956723 0.036000000 -0.022678784
v -0.009063235 0.036720960 -0.022678784
v -0.009378680 0.037414214 -0.022678784
v -0.009890933 0.038053120 -0.022678784
v -0.010580311 0.038613126 -0.022678784
v -0.011420320 0.039072711 -0.022678784
v -0.012378680 0.039414214 -0.022678784
v -0.013418560 0.039624510 -0.022678784
v -0.014500000 0.039695518 -0.022678784
v -0.015581440 0.039624510 -0.022678784
v -0.016621320 0.039414214 -0.022678784
v -0.017579680 0.039072711 -0.022678784
v -0.018419689 0.038613126 -0.022678784
v -0.019109067 0.038053120 -0.022678784
v -0.019621320 0.037414214 -0.022678784
v -0.019936765 0.036720960 -0.022678784
v -0.020043277 0.036000000 -0.022678784
v -0.019936765 0.035279040 -0.022678784
v -0.019621320 0.034585786 -0.022678784
v -0.019109067 0.033946880 -0.022678784
v -0.018419689 0.033386874 -0.022678784
v -0.017579680 0.032927289 -0.022678784
v -0.016621320 0.032585786 -0.022678784
v -0.015581440 0.032375490 -0.022678784
v -0.014500000 0.032304482 -0.022678784
v -0.013418560 0.032375490 -0.022678784
v -0.012378680 0.032585786 -0.022678784
v -0.011420320 0.032927289 -0.022678784
v -0.010580311 0.033386874 -0.022678784
v -0.009890933 0.033946880 -0.022678784
v -0.009378680 0.034585786 -0.022678784
v -0.009063235 0.035279040 -0.022678784
v -0.009511182 0.036000000 -0.023888992
v -0.009607041 0.036648847 -0.023888992
v -0.009890933 0.037272759 -0.023888992
v -0.010351950 0.037847759 -0.023888992
v -0.010972373 0.038351751 -0.023888992
v -0.011728361 0.038765367 -0.023888992
v -0.012590862 0.039072711 -0.023888992
v -0.013526730 0.039261973 -0.023888992
v -0.014500000 0.039325878 -0.023888992
v -0.015473270 0.039261973 -0.023888992
v -0.016409138 0.039072711 -0.023888992
v -0.017271639 0.038765367 -0.023888992
v -0.018027627 0.038351751 -0.023888992
v -0.018648050 0.037847759 -0.023888992
v -0.019109067 0.037272759 -0.023888992
v -0.019392959 0.036648847 -0.023888992
v -0.019488818 0.036000000 -0.023888992
v -0.019392959 0.035351153 -0.023888992
v -0.019109067 0.034727241 -0.023888992
v -0.018648050 0.034152241 -0.023888992
v -0.018027627 0.033648249 -0.023888992
v -0.017271639 0.033234633 -0.023888992
v -0.016409138 0.032927289 -0.023888992
v -0.015473270 0.032738027 -0.023888992
v -0.014500000 0.032674122 -0.023888992
v -0.013526730 0.032738027 -0.023888992
v -0.012590862 0.032927289 -0.023888992
v -0.011728361 0.033234633 -0.023888992
v -0.010972373 0.033648249 -0.023888992
v -0.010351950 0.034152241 -0.023888992
v -0.009890933 0.034727241 -0.023888992
v -0.009607041 0.035351153 -0.023888992
v -0.010257359 0.036000000 -0.024949747
v -0.010338880 0.036551799 -0.024949747
v -0.010580311 0.037082392 -0.024949747
v -0.010972373 0.037571390 -0.024949747
v -0.011500000 0.038000000 -0.024949747
v -0.012142915 0.038351751 -0.024949747
v -0.012876412 0.038613126 -0.024949747
v -0.013672302 0.038774080 -0.024949747
v -0.014500000 0.038828427 -0.024949747
v -0.015327698 0.038774080 -0.024949747
v -0.016123588 0.038613126 -0.024949747
v -0.016857085 0.038351751 -0.024949747
v -0.017500000 0.038000000 -0.024949747
v -0.018027627 0.037571390 -0.024949747
v -0.018419689 0.037082392 -0.024949747
v -0.018661120 0.036551799 -0.024949747
v -0.018742641 0.036000000 -0.024949747
v -0.018661120 0.035448201 -0.024949747
v -0.018419689 0.034917608 -0.024949747
v -0.018027627 0.034428610 -0.024949747
v -0.017500000 0.034000000 -0.024949747
v -0.016857085 0.033648249 -0.024949747
v -0.016123588 0.033386874 -0.024949747
v -0.015327698 0.033225920 -0.024949747
v -0.014500000 0.033171573 -0.024949747
v -0.013672302 0.033225920 -0.024949747
v -0.012876412 0.033386874 -0.024949747
v -0.012142915 0.033648249 -0.024949747
v -0.011500000 0.034000000 -0.024949747
v -0.010972373 0.034428610 -0.024949747
v -0.010580311 0.034917608 -0.024949747
v -0.010338880 0.035448201 -0.024949747
v -0.011166579 0.036000000 -0.025820287
v -0.011230629 0.036433546 -0.025820287
v -0.011420320 0.036850430 -0.025820287
v -0.011728361 0.037234633 -0.025820287
v -0.012142915 0.037571390 -0.025820287
v -0.012648050 0.037847759 -0.025820287
v -0.013224355 0.038053120 -0.025820287
v -0.013849682 0.038179580 -0.025820287
v -0.014500000 0.038222281 -0.025820287
v -0.015150318 0.038179580 -0.025820287
v -0.015775645 0.038053120 -0.025820287
v -0.016351950 0.037847759 -0.025820287
v -0.016857085 0.037571390 -0.025820287
v -0.017271639 0.037234633 -0.025820287
v -0.017579680 0.036850430 -0.025820287
v -0.017769371 0.036433546 -0.025820287
v -0.017833421 0.036000000 -0.025820287
v -0.017769371 0.035566454 -0.025820287
v -0.017579680 0.035149570 -0.025820287
v -0.017271639 0.034765367 -0.025820287
v -0.016857085 0.034428610 -0.025820287
v -0.016351950 0.034152241 -0.025820287
v -0.015775645 0.033946880 -0.025820287
v -0.015150318 0.033820420 -0.025820287
v -0.014500000 0.033777719 -0.025820287
v -0.013849682 0.033820420 -0.025820287
v -0.013224355 0.033946880 -0.025820287
v -0.012648050 0.034152241 -0.025820287
v -0.012142915 0.034428610 -0.025820287
v -0.011728361 0.034765367 -0.025820287
v -0.011420320 0.035149570 -0.025820287
v -0.011230629 0.035566454 -0.025820287
v -0.012203899 0.036000000 -0.026467157
v -0.012248018 0.036298631 -0.026467157
v -0.012378680 0.036585786 -0.026467157
v -0.012590862 0.036850430 -0.026467157
v -0.012876412 0.037082392 -0.026467157
v -0.013224355 0.037272759 -0.026467157
v -0.013621320 0.037414214 -0.026467157
v -0.014052053 0.037501321 -0.026467157
v -0.014500000 0.037530734 -0.026467157
v -0.014947947 0.037501321 -0.026467157
v -0.015378680 0.037414214 -0.026467157
v -0.015775645 0.037272759 -0.026467157
v -0.016123588 0.037082392 -0.026467157
v -0.016409138 0.036850430 -0.026467157
v -0.016621320 0.036585786 -0.026467157
v -0.016751982 0.036298631 -0.026467157
v -0.016796101 0.036000000 -0.026467157
v -0.016751982 0.035701369 -0.026467157
v -0.016621320 0.035414214 -0.026467157
v -0.016409138 0.035149570 -0.026467157
v -0.016123588 0.034917608 -0.026467157
v -0.015775645 0.034727241 -0.026467157
v -0.015378680 0.034585786 -0.026467157
v -0.014947947 0.034498679 -0.026467157
v -0.014500000 0.034469266 -0.026467157
v -0.014052053 0.034498679 -0.026467157
v -0.013621320 0.034585786 -0.026467157
v -0.013224355 0.034727241 -0.026467157
v -0.012876412 0.034917608 -0.026467157
v -0.012590862 0.035149570 -0.026467157
v -0.012378680 0.035414214 -0.026467157
v -0.012248018 0.035701369 -0.026467157
v -0.013329458 0.036000000 -0.026865497
v -0.013351950 0.036152241 -0.026865497
v -0.013418560 0.036298631 -0.026865497
v -0.013526730 0.036433546 -0.026865497
v -0.013672302 0.036551799 -0.026865497
v -0.013849682 0.036648847 -0.026865497
v -0.014052053 0.036720960 -0.026865497
v -0.014271639 0.036765367 -0.026865497
v -0.014500000 0.036780361 -0.026865497
v -0.014728361 0.036765367 -0.026865497
v -0.014947947 0.036720960 -0.026865497
v -0.015150318 0.036648847 -0.026865497
v -0.015327698 0.036551799 -0.026865497
v -0.015473270 0.036433546 -0.026865497
v -0.015581440 0.036298631 -0.026865497
v -0.015648050 0.036152241 -0.026865497
v -0.015670542 0.036000000 -0.026865497
v -0.015648050 0.035847759 -0.026865497
v -0.015581440 0.035701369 -0.026865497
v -0.015473270 0.035566454 -0.026865497
v -0.015327698 0.035448201 -0.026865497
v -0.015150318 0.035351153 -0.026865497
v -0.014947947 0.035279040 -0.026865497
v -0.014728361 0.035234633 -0.026865497
v -0.014500000 0.035219639 -0.026865497
v -0.014271639 0.035234633 -0.026865497
v -0.014052053 0.035279040 -0.026865497
v -0.013849682 0.035351153 -0.026865497
v -0.013672302 0.035448201 -0.026865497
v -0.013526730 0.035566454 -0.026865497
v -0.013418560 0.035701369 -0.026865497
v -0.013351950 0.035847759 -0.026865497
v -0.014500000 0.036000000 -0.027000000
f 6409 6410 6411
f 6409 6411 6412
f 6409 6412 6413
f 6409 6413 6414
f 6409 6414 6415
f 6409 6415 6416
f 6409 6416 6417
f 6409 6417 6418
f 6409 6418 6419
f 6409 6419 6420
f 6409 6420 6421
f 6409 6421 6422
f 6409 6422 6423
f 6409 6423 6424
f 6409 6424 6425
f 6409 6425 6426
f 6409 6426 6427
f 6409 6427 6428
f 6409 6428 6429
f 6409 6429 6430
f 6409 6430 6431
f 6409 6431 6432
f 6409 6432 6433
f 6409 6433 6434
f 6409 6434 6435
f 6409 6435 6436
f 6409 6436 6437
f 6409 6437 6438
f 6409 6438 6439
f 6409 6439 6440
f 6409 6440 6441
f 6409 6441 6410
f 6410 6442 6443
f 6410 6443 6411
f 6411 6443 6444
f 6411 6444 6412
f 6412 6444 6445
f 6412 6445 6413
f 6413 6445 6446
f 6413 6446 6414
f 6414 6446 6447
f 6414 6447 6415
f 6415 6447 6448
f 6415 6448 6416
f 6416 6448 6449
f 6416 6449 6417
f 6417 6449 6450
f 6417 6450 6418
f 6418 6450 6451
f 6418 6451 6419
f 6419 6451 6452
f 6419 6452 6420
f 6420 6452 6453
f 6420 6453 6421
f 6421 6453 6454
f 6421 6454 6422
f 6422 6454 6455
f 6422 6455 6423
f 6423 6455 6456
f 6423 6456 6424
f 6424 6456 6457
f 6424 6457 6425
f 6425 6457 6458
f 6425 6458 6426
f 6426 6458 6459
f 6426 6459 6427
f 6427 6459 6460
f 6427 6460 6428
f 6428 6460 6461
f 6428 6461 6429
f 6429 6461 6462
f 6429 6462 6430
f 6430 6462 6463
f 6430 6463 6431
f 6431 6463 6464
f 6431 6464 6432
f 6432 6464 6465
f 6432 6465 6433
f 6433 6465 6466
f 6433 6466 6434
f 6434 6466 6467
f 6434 6467 6435
f 6435 6467 6468
f 6435 6468 6436
f 6436 6468 6469
f 6436 6469 6437
f 6437 6469 6470
f 6437 6470 6438
f 6438 6470 6471
f 6438 6471 6439
f 6439 6471 6472
f 6439 6472 6440
f 6440 6472 6473
f 6440 6473 6441
f 6441 6473 6442
f 6441 6442 6410
f 6442 6474 6475
f 6442 6475 6443
f 6443 6475 6476
f 6443 6476 6444
f 6444 6476 6477
f 6444 6477 6445
f 6445 6477 6478
f 6445 6478 6446
f 6446 6478 6479
f 6446 6479 6447
f 6447 6479 6480
f 6447 6480 6448
f 6448 6480 6481
f 6448 6481 6449
f 6449 6481 6482
f 6449 6482 6450
f 6450 6482 6483
f 6450 6483 6451
f 6451 6483 6484
f 6451 6484 6452
f 6452 6484 6485
f 6452 6485 6453
f 6453 6485 6486
f 6453 6486 6454
f 6454 6486 6487
f 6454 6487 6455
f 6455 6487 6488
f 6455 6488 6456
f 6456 6488 6489
f 6456 6489 6457
f 6457 6489 6490
f 6457 6490 6458
f 6458 6490 6491
f 6458 6491 6459
f 6459 6491 6492
f 6459 6492 6460
f 6460 6492 6493
f 6460 6493 6461
f 6461 6493 6494
f 6461 6494 6462
f 6462 6494 6495
f 6462 6495 6463
f 6463 6495 6496
f 6463 6496 6464
f 6464 6496 6497
f 6464 6497 6465
f 6465 6497 6498
f 6465 6498 6466
f 6466 6498 6499
f 6466 6499 6467
f 6467 6499 6500
f 6467 6500 6468
f 6468 6500 6501
f 6468 6501 6469
f 6469 6501 6502
f 6469 6502 6470
f 6470 6502 6503
f 6470 6503 6471
f 6471 6503 6504
f 6471 6504 6472
f 6472 6504 6505
f 6472 6505 6473
f 6473 6505 6474
f 6473 6474 6442
f 6474 6506 6507
f 6474 6507 6475
f 6475 6507 6508
f 6475 6508 6476
f 6476 6508 6509
f 6476 6509 6477
f 6477 6509 6510
f 6477 6510 6478
f 6478 6510 6511
f 6478 6511 6479
f 6479 6511 6512
f 6479 6512 6480
f 6480 6512 6513
f 6480 6513 6481
f 6481 6513 6514
f 6481 6514 6482
f 6482 6514 6515
f 6482 6515 6483
f 6483 6515 6516
f 6483 6516 6484
f 6484 6516 6517
f 6484 6517 6485
f 6485 6517 6518
f 6485 6518 6486
f 6486 6518 6519
f 6486 6519 6487
f 6487 6519 6520
f 6487 6520 6488
f 6488 6520 6521
f 6488 6521 6489
f 6489 6521 6522
f 6489 6522 6490
f 6490 6522 6523
f 6490 6523 6491
f 6491 6523 6524
f 6491 6524 6492
f 6492 6524 6525
f 6492 6525 6493
f 6493 6525 6526
f 6493 6526 6494
f 6494 6526 6527
f 6494 6527 6495
f 6495 6527 6528
f 6495 6528 6496
f 6496 6528 6529
f 6496 6529 6497
f 6497 6529 6530
f 6497 6530 6498
f 6498 6530 6531
f 6498 6531 6499
f 6499 6531 6532
f 6499 6532 6500
f 6500 6532 6533
f 6500 6533 6501
f 6501 6533 6534
f 6501 6534 6502
f 6502 6534 6535
f 6502 6535 6503
f 6503 6535 6536
f 6503 6536 6504
f 6504 6536 6537
f 6504 6537 6505
f 6505 6537 6506
f 6505 6506 6474
f 6506 6538 6539
f 6506 6539 6507
f 6507 6539 6540
f 6507 6540 6508
f 6508 6540 6541
f 6508 6541 6509
f 6509 6541 6542
f 6509 6542 6510
f 6510 6542 6543
f 6510 6543 6511
f 6511 6543 6544
f 6511 6544 6512
f 6512 6544 6545
f 6512 6545 6513
f 6513 6545 6546
f 6513 6546 6514
f 6514 6546 6547
f 6514 6547 6515
f 6515 6547 6548
f 6515 6548 6516
f 6516 6548 6549
f 6516 6549 6517
f 6517 6549 6550
f 6517 6550 6518
f 6518 6550 6551
f 6518 6551 6519
f 6519 6551 6552
f 6519 6552 6520
f 6520 6552 6553
f 6520 6553 6521
f 6521 6553 6554
f 6521 6554 6522
f 6522 6554 6555
f 6522 6555 6523
f 6523 6555 6556
f 6523 6556 6524
f 6524 6556 6557
f 6524 6557 6525
f 6525 6557 6558
f 6525 6558 6526
f 6526 6558 6559
f 6526 6559 6527
f 6527 6559 6560
f 6527 6560 6528
f 6528 6560 6561
f 6528 6561 6529
f 6529 6561 6562
f 6529 6562 6530
f 6530 6562 6563
f 6530 6563 6531
f 6531 6563 6564
f 6531 6564 6532
f 6532 6564 6565
f 6532 6565 6533
f 6533 6565 6566
f 6533 6566 6534
f 6534 6566 6567
f 6534 6567 6535
f 6535 6567 6568
f 6535 6568 6536
f 6536 6568 6569
f 6536 6569 6537
f 6537 6569 6538
f 6537 6538 6506
f 6538 6570 6571
f 6538 6571 6539
f 6539 6571 6572
f 6539 6572 6540
f 6540 6572 6573
f 6540 6573 6541
f 6541 6573 6574
f 6541 6574 6542
f 6542 6574 6575
f 6542 6575 6543
f 6543 6575 6576
f 6543 6576 6544
f 6544 6576 6577
f 6544 6577 6545
f 6545 6577 6578
f 6545 6578 6546
f 6546 6578 6579
f 6546 6579 6547
f 6547 6579 6580
f 6547 6580 6548
f 6548 6580 6581
f 6548 6581 6549
f 6549 6581 6582
f 6549 6582 6550
f 6550 6582 6583
f 6550 6583 6551
f 6551 6583 6584
f 6551 6584 6552
f 6552 6584 6585
f 6552 6585 6553
f 6553 6585 6586
f 6553 6586 6554
f 6554 6586 6587
f 6554 6587 6555
f 6555 6587 6588
f 6555 6588 6556
f 6556 6588 6589
f 6556 6589 6557
f 6557 6589 6590
f 6557 6590 6558
f 6558 6590 6591
f 6558 6591 6559
f 6559 6591 6592
f 6559 6592 6560
f 6560 6592 6593
f 6560 6593 6561
f 6561 6593 6594
f 6561 6594 6562
f 6562 6594 6595
f 6562 6595 6563
f 6563 6595 6596
f 6563 6596 6564
f 6564 6596 6597
f 6564 6597 6565
f 6565 6597 6598
f 6565 6598 6566
f 6566 6598 6599
f 6566 6599 6567
f 6567 6599 6600
f 6567 6600 6568
f 6568 6600 6601
f 6568 6601 6569
f 6569 6601 6570
f 6569 6570 6538
f 6570 6602 6603
f 6570 6603 6571
f 6571 6603 6604
f 6571 6604 6572
f 6572 6604 6605
f 6572 6605 6573
f 6573 6605 6606
f 6573 6606 6574
f 6574 6606 6607
f 6574 6607 6575
f 6575 6607 6608
f 6575 6608 6576
f 6576 6608 6609
f 6576 6609 6577
f 6577 6609 6610
f 6577 6610 6578
f 6578 6610 6611
f 6578 6611 6579
f 6579 6611 6612
f 6579 6612 6580
f 6580 6612 6613
f 6580 6613 6581
f 6581 6613 6614
f 6581 6614 6582
f 6582 6614 6615
f 6582 6615 6583
f 6583 6615 6616
f 6583 6616 6584
f 6584 6616 6617
f 6584 6617 6585
f 6585 6617 6618
f 6585 6618 6586
f 6586 6618 6619
f 6586 6619 6587
f 6587 6619 6620
f 6587 6620 6588
f 6588 6620 6621
f 6588 6621 6589
f 6589 6621 6622
f 6589 6622 6590
f 6590 6622 6623
f 6590 6623 6591
f 6591 6623 6624
f 6591 6624 6592
f 6592 6624 6625
f 6592 6625 6593
f 6593 6625 6626
f 6593 6626 6594
f 6594 6626 6627
f 6594 6627 6595
f 6595 6627 6628
f 6595 6628 6596
f 6596 6628 6629
f 6596 6629 6597
f 6597 6629 6630
f 6597 6630 6598
f 6598 6630 6631
f 6598 6631 6599
f 6599 6631 6632
f 6599 6632 6600
f 6600 6632 6633
f 6600 6633 6601
f 6601 6633 6602
f 6601 6602 6570
f 6602 6634 6635
f 6602 6635 6603
f 6603 6635 6636
f 6603 6636 6604
f 6604 6636 6637
f 6604 6637 6605
f 6605 6637 6638
f 6605 6638 6606
f 6606 6638 6639
f 6606 6639 6607
f 6607 6639 6640
f 6607 6640 6608
f 6608 6640 6641
f 6608 6641 6609
f 6609 6641 6642
f 6609 6642 6610
f 6610 6642 6643
f 6610 6643 6611
f 6611 6643 6644
f 6611 6644 6612
f 6612 6644 6645
f 6612 6645 6613
f 6613 6645 6646
f 6613 6646 6614
f 6614 6646 6647
f 6614 6647 6615
f 6615 6647 6648
f 6615 6648 6616
f 6616 6648 6649
f 6616 6649 6617
f 6617 6649 6650
f 6617 6650 6618
f 6618 6650 6651
f 6618 6651 6619
f 6619 6651 6652
f 6619 6652 6620
f 6620 6652 6653
f 6620 6653 6621
f 6621 6653 6654
f 6621 6654 6622
f 6622 6654 6655
f 6622 6655 6623
f 6623 6655 6656
f 6623 6656 6624
f 6624 6656 6657
f 6624 6657 6625
f 6625 6657 6658
f 6625 6658 6626
f 6626 6658 6659
f 6626 6659 6627
f 6627 6659 6660
f 6627 6660 6628
f 6628 6660 6661
f 6628 6661 6629
f 6629 6661 6662
f 6629 6662 6630
f 6630 6662 6663
f 6630 6663 6631
f 6631 6663 6664
f 6631 6664 6632
f 6632 6664 6665
f 6632 6665 6633
f 6633 6665 6634
f 6633 6634 6602
f 6634 6666 6667
f 6634 6667 6635
f 6635 6667 6668
f 6635 6668 6636
f 6636 6668 6669
f 6636 6669 6637
f 6637 6669 6670
f 6637 6670 6638
f 6638 6670 6671
f 6638 6671 6639
f 6639 6671 6672
f 6639 6672 6640
f 6640 6672 6673
f 6640 6673 6641
f 6641 6673 6674
f 6641 6674 6642
f 6642 6674 6675
f 6642 6675 6643
f 6643 6675 6676
f 6643 6676 6644
f 6644 6676 6677
f 6644 6677 6645
f 6645 6677 6678
f 6645 6678 6646
f 6646 6678 6679
f 6646 6679 6647
f 6647 6679 6680
f 6647 6680 6648
f 6648 6680 6681
f 6648 6681 6649
f 6649 6681 6682
f 6649 6682 6650
f 6650 6682 6683
f 6650 6683 6651
f 6651 6683 6684
f 6651 6684 6652
f 6652 6684 6685
f 6652 6685 6653
f 6653 6685 6686
f 6653 6686 6654
f 6654 6686 6687
f 6654 6687 6655
f 6655 6687 6688
f 6655 6688 6656
f 6656 6688 6689
f 6656 6689 6657
f 6657 6689 6690
f 6657 6690 6658
f 6658 6690 6691
f 6658 6691 6659
f 6659 6691 6692
f 6659 6692 6660
f 6660 6692 6693
f 6660 6693 6661
f 6661 6693 6694
f 6661 6694 6662
f 6662 6694 6695
f 6662 6695 6663
f 6663 6695 6696
f 6663 6696 6664
f 6664 6696 6697
f 6664 6697 6665
f 6665 6697 6666
f 6665 6666 6634
f 6666 6698 6699
f 6666 6699 6667
f 6667 6699 6700
f 6667 6700 6668
f 6668 6700 6701
f 6668 6701 6669
f 6669 6701 6702
f 6669 6702 6670
f 6670 6702 6703
f 6670 6703 6671
f 6671 6703 6704
f 6671 6704 6672
f 6672 6704 6705
f 6672 6705 6673
f 6673 6705 6706
f 6673 6706 6674
f 6674 6706 6707
f 6674 6707 6675
f 6675 6707 6708
f 6675 6708 6676
f 6676 6708 6709
f 6676 6709 6677
f 6677 6709 6710
f 6677 6710 6678
f 6678 6710 6711
f 6678 6711 6679
f 6679 6711 6712
f 6679 6712 6680
f 6680 6712 6713
f 6680 6713 6681
f 6681 6713 6714
f 6681 6714 6682
f 6682 6714 6715
f 6682 6715 6683
f 6683 6715 6716
f 6683 6716 6684
f 6684 6716 6717
f 6684 6717 6685
f 6685 6717 6718
f 6685 6718 6686
f 6686 6718 6719
f 6686 6719 6687
f 6687 6719 6720
f 6687 6720 6688
f 6688 6720 6721
f 6688 6721 6689
f 6689 6721 6722
f 6689 6722 6690
f 6690 6722 6723
f 6690 6723 6691
f 6691 6723 6724
f 6691 6724 6692
f 6692 6724 6725
f 6692 6725 6693
f 6693 6725 6726
f 6693 6726 6694
f 6694 6726 6727
f 6694 6727 6695
f 6695 6727 6728
f 6695 6728 6696
f 6696 6728 6729
f 6696 6729 6697
f 6697 6729 6698
f 6697 6698 6666
f 6698 6730 6731
f 6698 6731 6699
f 6699 6731 6732
f 6699 6732 6700
f 6700 6732 6733
f 6700 6733 6701
f 6701 6733 6734
f 6701 6734 6702
f 6702 6734 6735
f 6702 6735 6703
f 6703 6735 6736
f 6703 6736 6704
f 6704 6736 6737
f 6704 6737 6705
f 6705 6737 6738
f 6705 6738 6706
f 6706 6738 6739
f 6706 6739 6707
f 6707 6739 6740
f 6707 6740 6708
f 6708 6740 6741
f 6708 6741 6709
f 6709 6741 6742
f 6709 6742 6710
f 6710 6742 6743
f 6710 6743 6711
f 6711 6743 6744
f 6711 6744 6712
f 6712 6744 6745
f 6712 6745 6713
f 6713 6745 6746
f 6713 6746 6714
f 6714 6746 6747
f 6714 6747 6715
f 6715 6747 6748
f 6715 6748 6716
f 6716 6748 6749
f 6716 6749 6717
f 6717 6749 6750
f 6717 6750 6718
f 6718 6750 6751
f 6718 6751 6719
f 6719 6751 6752
f 6719 6752 6720
f 6720 6752 6753
f 6720 6753 6721
f 6721 6753 6754
f 6721 6754 6722
f 6722 6754 6755
f 6722 6755 6723
f 6723 6755 6756
f 6723 6756 6724
f 6724 6756 6757
f 6724 6757 6725
f 6725 6757 6758
f 6725 6758 6726
f 6726 6758 6759
f 6726 6759 6727
f 6727 6759 6760
f 6727 6760 6728
f 6728 6760 6761
f 6728 6761 6729
f 6729 6761 6730
f 6729 6730 6698
f 6730 6762 6763
f 6730 6763 6731
f 6731 6763 6764
f 6731 6764 6732
f 6732 6764 6765
f 6732 6765 6733
f 6733 6765 6766
f 6733 6766 6734
f 6734 6766 6767
f 6734 6767 6735
f 6735 6767 6768
f 6735 6768 6736
f 6736 6768 6769
f 6736 6769 6737
f 6737 6769 6770
f 6737 6770 6738
f 6738 6770 6771
f 6738 6771 6739
f 6739 6771 6772
f 6739 6772 6740
f 6740 6772 6773
f 6740 6773 6741
f 6741 6773 6774
f 6741 6774 6742
f 6742 6774 6775
f 6742 6775 6743
f 6743 6775 6776
f 6743 6776 6744
f 6744 6776 6777
f 6744 6777 6745
f 6745 6777 6778
f 6745 6778 6746
f 6746 6778 6779
f 6746 6779 6747
f 6747 6779 6780
f 6747 6780 6748
f 6748 6780 6781
f 6748 6781 6749
f 6749 6781 6782
f 6749 6782 6750
f 6750 6782 6783
f 6750 6783 6751
f 6751 6783 6784
f 6751 6784 6752
f 6752 6784 6785
f 6752 6785 6753
f 6753 6785 6786
f 6753 6786 6754
f 6754 6786 6787
f 6754 6787 6755
f 6755 6787 6788
f 6755 6788 6756
f 6756 6788 6789
f 6756 6789 6757
f 6757 6789 6790
f 6757 6790 6758
f 6758 6790 6791
f 6758 6791 6759
f 6759 6791 6792
f 6759 6792 6760
f 6760 6792 6793
f 6760 6793 6761
f 6761 6793 6762
f 6761 6762 6730
f 6762 6794 6795
f 6762 6795 6763
f 6763 6795 6796
f 6763 6796 6764
f 6764 6796 6797
f 6764 6797 6765
f 6765 6797 6798
f 6765 6798 6766
f 6766 6798 6799
f 6766 6799 6767
f 6767 6799 6800
f 6767 6800 6768
f 6768 6800 6801
f 6768 6801 6769
f 6769 6801 6802
f 6769 6802 6770
f 6770 6802 6803
f 6770 6803 6771
f 6771 6803 6804
f 6771 6804 6772
f 6772 6804 6805
f 6772 6805 6773
f 6773 6805 6806
f 6773 6806 6774
f 6774 6806 6807
f 6774 6807 6775
f 6775 6807 6808
f 6775 6808 6776
f 6776 6808 6809
f 6776 6809 6777
f 6777 6809 6810
f 6777 6810 6778
f 6778 6810 6811
f 6778 6811 6779
f 6779 6811 6812
f 6779 6812 6780
f 6780 6812 6813
f 6780 6813 6781
f 6781 6813 6814
f 6781 6814 6782
f 6782 6814 6815
f 6782 6815 6783
f 6783 6815 6816
f 6783 6816 6784
f 6784 6816 6817
f 6784 6817 6785
f 6785 6817 6818
f 6785 6818 6786
f 6786 6818 6819
f 6786 6819 6787
f 6787 6819 6820
f 6787 6820 6788
f 6788 6820 6821
f 6788 6821 6789
f 6789 6821 6822
f 6789 6822 6790
f 6790 6822 6823
f 6790 6823 6791
f 6791 6823 6824
f 6791 6824 6792
f 6792 6824 6825
f 6792 6825 6793
f 6793 6825 6794
f 6793 6794 6762
f 6794 6826 6827
f 6794 6827 6795
f 6795 6827 6828
f 6795 6828 6796
f 6796 6828 6829
f 6796 6829 6797
f 6797 6829 6830
f 6797 6830 6798
f 6798 6830 6831
f 6798 6831 6799
f 6799 6831 6832
f 6799 6832 6800
f 6800 6832 6833
f 6800 6833 6801
f 6801 6833 6834
f 6801 6834 6802
f 6802 6834 6835
f 6802 6835 6803
f 6803 6835 6836
f 6803 6836 6804
f 6804 6836 6837
f 6804 6837 6805
f 6805 6837 6838
f 6805 6838 6806
f 6806 6838 6839
f 6806 6839 6807
f 6807 6839 6840
f 6807 6840 6808
f 6808 6840 6841
f 6808 6841 6809
f 6809 6841 6842
f 6809 6842 6810
f 6810 6842 6843
f 6810 6843 6811
f 6811 6843 6844
f 6811 6844 6812
f 6812 6844 6845
f 6812 6845 6813
f 6813 6845 6846
f 6813 6846 6814
f 6814 6846 6847
f 6814 6847 6815
f 6815 6847 6848
f 6815 6848 6816
f 6816 6848 6849
f 6816 6849 6817
f 6817 6849 6850
f 6817 6850 6818
f 6818 6850 6851
f 6818 6851 6819
f 6819 6851 6852
f 6819 6852 6820
f 6820 6852 6853
f 6820 6853 6821
f 6821 6853 6854
f 6821 6854 6822
f 6822 6854 6855
f 6822 6855 6823
f 6823 6855 6856
f 6823 6856 6824
f 6824 6856 6857
f 6824 6857 6825
f 6825 6857 6826
f 6825 6826 6794
f 6826 6858 6859
f 6826 6859 6827
f 6827 6859 6860
f 6827 6860 6828
f 6828 6860 6861
f 6828 6861 6829
f 6829 6861 6862
f 6829 6862 6830
f 6830 6862 6863
f 6830 6863 6831
f 6831 6863 6864
f 6831 6864 6832
f 6832 6864 6865
f 6832 6865 6833
f 6833 6865 6866
f 6833 6866 6834
f 6834 6866 6867
f 6834 6867 6835
f 6835 6867 6868
f 6835 6868 6836
f 6836 6868 6869
f 6836 6869 6837
f 6837 6869 6870
f 6837 6870 6838
f 6838 6870 6871
f 6838 6871 6839
f 6839 6871 6872
f 6839 6872 6840
f 6840 6872 6873
f 6840 6873 6841
f 6841 6873 6874
f 6841 6874 6842
f 6842 6874 6875
f 6842 6875 6843
f 6843 6875 6876
f 6843 6876 6844
f 6844 6876 6877
f 6844 6877 6845
f 6845 6877 6878
f 6845 6878 6846
f 6846 6878 6879
f 6846 6879 6847
f 6847 6879 6880
f 6847 6880 6848
f 6848 6880 6881
f 6848 6881 6849
f 6849 6881 6882
f 6849 6882 6850
f 6850 6882 6883
f 6850 6883 6851
f 6851 6883 6884
f 6851 6884 6852
f 6852 6884 6885
f 6852 6885 6853
f 6853 6885 6886
f 6853 6886 6854
f 6854 6886 6887
f 6854 6887 6855
f 6855 6887 6888
f 6855 6888 6856
f 6856 6888 6889
f 6856 6889 6857
f 6857 6889 6858
f 6857 6858 6826
f 6890 6859 6858
f 6890 6860 6859
f 6890 6861 6860
f 6890 6862 6861
f 6890 6863 6862
f 6890 6864 6863
f 6890 6865 6864
f 6890 6866 6865
f 6890 6867 6866
f 6890 6868 6867
f 6890 6869 6868
f 6890 6870 6869
f 6890 6871 6870
f 6890 6872 6871
f 6890 6873 6872
f 6890 6874 6873
f 6890 6875 6874
f 6890 6876 6875
f 6890 6877 6876
f 6890 6878 6877
f 6890 6879 6878
f 6890 6880 6879
f 6890 6881 6880
f 6890 6882 6881
f 6890 6883 6882
f 6890 6884 6883
f 6890 6885 6884
f 6890 6886 6885
f 6890 6887 6886
f 6890 6888 6887
f 6890 6889 6888
f 6890 6858 6889
o right_hand
usemtl plush_white
v 0.014500000 0.036000000 -0.013000000
v 0.015670542 0.036000000 -0.013134503
v 0.015648050 0.036152241 -0.013134503
v 0.015581440 0.036298631 -0.013134503
v 0.015473270 0.036433546 -0.013134503
v 0.015327698 0.036551799 -0.013134503
v 0.015150318 0.036648847 -0.013134503
v 0.014947947 0.036720960 -0.013134503
v 0.014728361 0.036765367 -0.013134503
v 0.014500000 0.036780361 -0.013134503
v 0.014271639 0.036765367 -0.013134503
v 0.014052053 0.036720960 -0.013134503
v 0.013849682 0.036648847 -0.013134503
v 0.013672302 0.036551799 -0.013134503
v 0.013526730 0.036433546 -0.013134503
v 0.013418560 0.036298631 -0.013134503
v 0.013351950 0.036152241 -0.013134503
v 0.013329458 0.036000000 -0.013134503
v 0.013351950 0.035847759 -0.013134503
v 0.013418560 0.035701369 -0.013134503
v 0.013526730 0.035566454 -0.013134503
v 0.013672302 0.035448201 -0.013134503
v 0.013849682 0.035351153 -0.013134503
v 0.014052053 0.035279040 -0.013134503
v 0.014271639 0.035234633 -0.013134503
v 0.014500000 0.035219639 -0.013134503
v 0.014728361 0.035234633 -0.013134503
v 0.014947947 0.035279040 -0.013134503
v 0.015150318 0.035351153 -0.013134503
v 0.015327698 0.035448201 -0.013134503
v 0.015473270 0.035566454 -0.013134503
v 0.015581440 0.035701369 -0.013134503
v 0.015648050 0.035847759 -0.013134503
v 0.016796101 0.036000000 -0.013532843
v 0.016751982 0.036298631 -0.013532843
v 0.016621320 0.036585786 -0.013532843
v 0.016409138 0.036850430 -0.013532843
v 0.016123588 0.037082392 -0.013532843
v 0.015775645 0.037272759 -0.013532843
v 0.015378680 0.037414214 -0.013532843
v 0.014947947 0.037501321 -0.013532843
v 0.014500000 0.037530734 -0.013532843
v 0.014052053 0.037501321 -0.013532843
v 0.013621320 0.037414214 -0.013532843
v 0.013224355 0.037272759 -0.013532843
v 0.012876412 0.037082392 -0.013532843
v 0.012590862 0.036850430 -0.013532843
v 0.012378680 0.036585786 -0.013532843
v 0.012248018 0.036298631 -0.013532843
v 0.012203899 0.036000000 -0.013532843
v 0.012248018 0.035701369 -0.013532843
v 0.012378680 0.035414214 -0.013532843
v 0.012590862 0.035149570 -0.013532843
v 0.012876412 0.034917608 -0.013532843
v 0.013224355 0.034727241 -0.013532843
v 0.013621320 0.034585786 -0.013532843
v 0.014052053 0.034498679 -0.013532843
v 0.014500000 0.034469266 -0.013532843
v 0.014947947 0.034498679 -0.013532843
v 0.015378680 0.034585786 -0.013532843
v 0.015775645 0.034727241 -0.013532843
v 0.016123588 0.034917608 -0.013532843
v 0.016409138 0.035149570 -0.013532843
v 0.016621320 0.035414214 -0.013532843
v 0.016751982 0.035701369 -0.013532843
v 0.017833421 0.036000000 -0.014179713
v 0.017769371 0.036433546 -0.014179713
v 0.017579680 0.036850430 -0.014179713
v 0.017271639 0.037234633 -0.014179713
v 0.016857085 0.037571390 -0.014179713
v 0.016351950 0.037847759 -0.014179713
v 0.015775645 0.038053120 -0.014179713
v 0.015150318 0.038179580 -0.014179713
v 0.014500000 0.038222281 -0.014179713
v 0.013849682 0.038179580 -0.014179713
v 0.013224355 0.038053120 -0.014179713
v 0.012648050 0.037847759 -0.014179713
v 0.012142915 0.037571390 -0.014179713
v 0.011728361 0.037234633 -0.014179713
v 0.011420320 0.036850430 -0.014179713
v 0.011230629 0.036433546 -0.014179713
v 0.011166579 0.036000000 -0.014179713
v 0.011230629 0.035566454 -0.014179713
v 0.011420320 0.035149570 -0.014179713
v 0.011728361 0.034765367 -0.014179713
v 0.012142915 0.034428610 -0.014179713
v 0.012648050 0.034152241 -0.014179713
v 0.013224355 0.033946880 -0.014179713
v 0.013849682 0.033820420 -0.014179713
v 0.014500000 0.033777719 -0.014179713
v 0.015150318 0.033820420 -0.014179713
v 0.015775645 0.033946880 -0.014179713
v 0.016351950 0.034152241 -0.014179713
v 0.016857085 0.034428610 -0.014179713
v 0.017271639 0.034765367 -0.014179713
v 0.017579680 0.035149570 -0.014179713
v 0.017769371 0.035566454 -0.014179713
v 0.018742641 0.036000000 -0.015050253
v 0.018661120 0.036551799 -0.015050253
v 0.018419689 0.037082392 -0.015050253
v 0.018027627 0.037571390 -0.015050253
v 0.017500000 0.038000000 -0.015050253
v 0.016857085 0.038351751 -0.015050253
v 0.016123588 0.038613126 -0.015050253
v 0.015327698 0.038774080 -0.015050253
v 0.014500000 0.038828427 -0.015050253
v 0.013672302 0.038774080 -0.015050253
v 0.012876412 0.038613126 -0.015050253
v 0.012142915 0.038351751 -0.015050253
v 0.011500000 0.038000000 -0.015050253
v 0.010972373 0.037571390 -0.015050253
v 0.010580311 0.037082392 -0.015050253
v 0.010338880 0.036551799 -0.015050253
v 0.010257359 0.036000000 -0.015050253
v 0.010338880 0.035448201 -0.015050253
v 0.010580311 0.034917608 -0.015050253
v 0.010972373 0.034428610 -0.015050253
v 0.011500000 0.034000000 -0.015050253
v 0.012142915 0.033648249 -0.015050253
v 0.012876412 0.033386874 -0.015050253
v 0.013672302 0.033225920 -0.015050253
v 0.014500000 0.033171573 -0.015050253
v 0.015327698 0.033225920 -0.015050253
v 0.016123588 0.033386874 -0.015050253
v 0.016857085 0.033648249 -0.015050253
v 0.017500000 0.034000000 -0.015050253
v 0.018027627 0.034428610 -0.015050253
v 0.018419689 0.034917608 -0.015050253
v 0.018661120 0.035448201 -0.015050253
v 0.019488818 0.036000000 -0.016111008
v 0.019392959 0.036648847 -0.016111008
v 0.019109067 0.037272759 -0.016111008
v 0.018648050 0.037847759 -0.016111008
v 0.018027627 0.038351751 -0.016111008
v 0.017271639 0.038765367 -0.016111008
v 0.016409138 0.039072711 -0.016111008
v 0.015473270 0.039261973 -0.016111008
v 0.014500000 0.039325878 -0.016111008
v 0.013526730 0.039261973 -0.016111008
v 0.012590862 0.039072711 -0.016111008
v 0.011728361 0.038765367 -0.016111008
v 0.010972373 0.038351751 -0.016111008
v 0.010351950 0.037847759 -0.016111008
v 0.009890933 0.037272759 -0.016111008
v 0.009607041 0.036648847 -0.016111008
v 0.009511182 0.036000000 -0.016111008
v 0.009607041 0.035351153 -0.016111008
v 0.009890933 0.034727241 -0.016111008
v 0.010351950 0.034152241 -0.016111008
v 0.010972373 0.033648249 -0.016111008
v 0.011728361 0.033234633 -0.016111008
v 0.012590862 0.032927289 -0.016111008
v 0.013526730 0.032738027 -0.016111008
v 0.014500000 0.032674122 -0.016111008
v 0.015473270 0.032738027 -0.016111008
v 0.016409138 0.032927289 -0.016111008
v 0.017271639 0.033234633 -0.016111008
v 0.018027627 0.033648249 -0.016111008
v 0.018648050 0.034152241 -0.016111008
v 0.019109067 0.034727241 -0.016111008
v 0.019392959 0.035351153 -0.016111008
v 0.020043277 0.036000000 -0.017321216
v 0.019936765 0.036720960 -0.017321216
v 0.019621320 0.037414214 -0.017321216
v 0.019109067 0.038053120 -0.017321216
v 0.018419689 0.038613126 -0.017321216
v 0.017579680 0.039072711 -0.017321216
v 0.016621320 0.039414214 -0.017321216
v 0.015581440 0.039624510 -0.017321216
v 0.014500000 0.039695518 -0.017321216
v 0.013418560 0.039624510 -0.017321216
v 0.012378680 0.039414214 -0.017321216
v 0.011420320 0.039072711 -0.017321216
v 0.010580311 0.038613126 -0.017321216
v 0.009890933 0.038053120 -0.017321216
v 0.009378680 0.037414214 -0.017321216
v 0.009063235 0.036720960 -0.017321216
v 0.008956723 0.036000000 -0.017321216
v 0.009063235 0.035279040 -0.017321216
v 0.009378680 0.034585786 -0.017321216
v 0.009890933 0.033946880 -0.017321216
v 0.010580311 0.033386874 -0.017321216
v 0.011420320 0.032927289 -0.017321216
v 0.012378680 0.032585786 -0.017321216
v 0.013418560 0.032375490 -0.017321216
v 0.014500000 0.032304482 -0.017321216
v 0.015581440 0.032375490 -0.017321216
v 0.016621320 0.032585786 -0.017321216
v 0.017579680 0.032927289 -0.017321216
v 0.018419689 0.033386874 -0.017321216
v 0.019109067 0.033946880 -0.017321216
v 0.019621320 0.034585786 -0.017321216
v 0.019936765 0.035279040 -0.017321216
v 0.020384712 0.036000000 -0.018634368
v 0.020271639 0.036765367 -0.018634368
v 0.019936765 0.037501321 -0.018634368
v 0.019392959 0.038179580 -0.018634368
v 0.018661120 0.038774080 -0.018634368
v 0.017769371 0.039261973 -0.018634368
v 0.016751982 0.039624510 -0.018634368
v 0.015648050 0.039847759 -0.018634368
v 0.014500000 0.039923141 -0.018634368
v 0.013351950 0.039847759 -0.018634368
v 0.012248018 0.039624510 -0.018634368
v 0.011230629 0.039261973 -0.018634368
v 0.010338880 0.038774080 -0.018634368
v 0.009607041 0.038179580 -0.018634368
v 0.009063235 0.037501321 -0.018634368
v 0.008728361 0.036765367 -0.018634368
v 0.008615288 0.036000000 -0.018634368
v 0.008728361 0.035234633 -0.018634368
v 0.009063235 0.034498679 -0.018634368
v 0.009607041 0.033820420 -0.018634368
v 0.010338880 0.033225920 -0.018634368
v 0.011230629 0.032738027 -0.018634368
v 0.012248018 0.032375490 -0.018634368
v 0.013351950 0.032152241 -0.018634368
v 0.014500000 0.032076859 -0.018634368
v 0.015648050 0.032152241 -0.018634368
v 0.016751982 0.032375490 -0.018634368
v 0.017769371 0.032738027 -0.018634368
v 0.018661120 0.033225920 -0.018634368
v 0.019392959 0.033820420 -0.018634368
v 0.019936765 0.034498679 -0.018634368
v 0.020271639 0.035234633 -0.018634368
v 0.020500000 0.036000000 -0.020000000
v 0.020384712 0.036780361 -0.020000000
v 0.020043277 0.037530734 -0.020000000
v 0.019488818 0.038222281 -0.020000000
v 0.018742641 0.038828427 -0.020000000
v 0.017833421 0.039325878 -0.020000000
v 0.016796101 0.039695518 -0.020000000
v 0.015670542 0.039923141 -0.020000000
v 0.014500000 0.040000000 -0.020000000
v 0.013329458 0.039923141 -0.020000000
v 0.012203899 0.039695518 -0.020000000
v 0.011166579 0.039325878 -0.020000000
v 0.010257359 0.038828427 -0.020000000
v 0.009511182 0.038222281 -0.020000000
v 0.008956723 0.037530734 -0.020000000
v 0.008615288 0.036780361 -0.020000000
v 0.008500000 0.036000000 -0.020000000
v 0.008615288 0.035219639 -0.020000000
v 0.008956723 0.034469266 -0.020000000
v 0.009511182 0.033777719 -0.020000000
v 0.010257359 0.033171573 -0.020000000
v 0.011166579 0.032674122 -0.020000000
v 0.012203899 0.032304482 -0.020000000
v 0.013329458 0.032076859 -0.020000000
v 0.014500000 0.032000000 -0.020000000
v 0.015670542 0.032076859 -0.020000000
v 0.016796101 0.032304482 -0.020000000
v 0.017833421 0.032674122 -0.020000000
v 0.018742641 0.033171573 -0.020000000
v 0.019488818 0.033777719 -0.020000000
v 0.020043277 0.034469266 -0.020000000
v 0.020384712 0.035219639 -0.020000000
v 0.020384712 0.036000000 -0.021365632
v 0.020271639 0.036765367 -0.021365632
v 0.019936765 0.037501321 -0.021365632
v 0.019392959 0.038179580 -0.021365632
v 0.018661120 0.038774080 -0.021365632
v 0.017769371 0.039261973 -0.021365632
v 0.016751982 0.039624510 -0.021365632
v 0.015648050 0.039847759 -0.021365632
v 0.014500000 0.039923141 -0.021365632
v 0.013351950 0.039847759 -0.021365632
v 0.012248018 0.039624510 -0.021365632
v 0.011230629 0.039261973 -0.021365632
v 0.010338880 0.038774080 -0.021365632
v 0.009607041 0.038179580 -0.021365632
v 0.009063235 0.037501321 -0.021365632
v 0.008728361 0.036765367 -0.021365632
v 0.008615288 0.036000000 -0.021365632
v 0.008728361 0.035234633 -0.021365632
v 0.009063235 0.034498679 -0.021365632
v 0.009607041 0.033820420 -0.021365632
v 0.010338880 0.033225920 -0.021365632
v 0.011230629 0.032738027 -0.021365632
v 0.012248018 0.032375490 -0.021365632
v 0.013351950 0.032152241 -0.021365632
v 0.014500000 0.032076859 -0.021365632
v 0.015648050 0.032152241 -0.021365632
v 0.016751982 0.032375490 -0.021365632
v 0.017769371 0.032738027 -0.021365632
v 0.018661120 0.033225920 -0.021365632
v 0.019392959 0.033820420 -0.021365632
v 0.019936765 0.034498679 -0.021365632
v 0.020271639 0.035234633 -0.021365632
v 0.020043277 0.036000000 -0.022678784
v 0.019936765 0.036720960 -0.022678784
v 0.019621320 0.037414214 -0.022678784
v 0.019109067 0.038053120 -0.022678784
v 0.018419689 0.038613126 -0.022678784
v 0.017579680 0.039072711 -0.022678784
v 0.016621320 0.039414214 -0.022678784
v 0.015581440 0.039624510 -0.022678784
v 0.014500000 0.039695518 -0.022678784
v 0.013418560 0.039624510 -0.022678784
v 0.012378680 0.039414214 -0.022678784
v 0.011420320 0.039072711 -0.022678784
v 0.010580311 0.038613126 -0.022678784
v 0.009890933 0.038053120 -0.022678784
v 0.009378680 0.037414214 -0.022678784
v 0.009063235 0.036720960 -0.022678784
v 0.008956723 0.036000000 -0.022678784
v 0.009063235 0.035279040 -0.022678784
v 0.009378680 0.034585786 -0.022678784
v 0.009890933 0.033946880 -0.022678784
v 0.010580311 0.033386874 -0.022678784
v 0.011420320 0.032927289 -0.022678784
v 0.012378680 0.032585786 -0.022678784
v 0.013418560 0.032375490 -0.022678784
v 0.014500000 0.032304482 -0.022678784
v 0.015581440 0.032375490 -0.022678784
v 0.016621320 0.032585786 -0.022678784
v 0.017579680 0.032927289 -0.022678784
v 0.018419689 0.033386874 -0.022678784
v 0.019109067 0.033946880 -0.022678784
v 0.019621320 0.034585786 -0.022678784
v 0.019936765 0.035279040 -0.022678784
v 0.019488818 0.036000000 -0.023888992
v 0.019392959 0.036648847 -0.023888992
v 0.019109067 0.037272759 -0.023888992
v 0.018648050 0.037847759 -0.023888992
v 0.018027627 0.038351751 -0.023888992
v 0.017271639 0.038765367 -0.023888992
v 0.016409138 0.039072711 -0.023888992
v 0.015473270 0.039261973 -0.023888992
v 0.014500000 0.039325878 -0.023888992
v 0.013526730 0.039261973 -0.023888992
v 0.012590862 0.039072711 -0.023888992
v 0.011728361 0.038765367 -0.023888992
v 0.010972373 0.038351751 -0.023888992
v 0.010351950 0.037847759 -0.023888992
v 0.009890933 0.037272759 -0.023888992
v 0.009607041 0.036648847 -0.023888992
v 0.009511182 0.036000000 -0.023888992
v 0.009607041 0.035351153 -0.023888992
v 0.009890933 0.034727241 -0.023888992
v 0.010351950 0.034152241 -0.023888992
v 0.010972373 0.033648249 -0.023888992
v 0.011728361 0.033234633 -0.023888992
v 0.012590862 0.032927289 -0.023888992
v 0.013526730 0.032738027 -0.023888992
v 0.014500000 0.032674122 -0.023888992
v 0.015473270 0.032738027 -0.023888992
v 0.016409138 0.032927289 -0.023888992
v 0.017271639 0.033234633 -0.023888992
v 0.018027627 0.033648249 -0.023888992
v 0.018648050 0.034152241 -0.023888992
v 0.019109067 0.034727241 -0.023888992
v 0.019392959 0.035351153 -0.023888992
v 0.018742641 0.036000000 -0.024949747
v 0.018661120 0.036551799 -0.024949747
v 0.018419689 0.037082392 -0.024949747
v 0.018027627 0.037571390 -0.024949747
v 0.017500000 0.038000000 -0.024949747
v 0.016857085 0.038351751 -0.024949747
v 0.016123588 0.038613126 -0.024949747
v 0.015327698 0.038774080 -0.024949747
v 0.014500000 0.038828427 -0.024949747
v 0.013672302 0.038774080 -0.024949747
v 0.012876412 0.038613126 -0.024949747
v 0.012142915 0.038351751 -0.024949747
v 0.011500000 0.038000000 -0.024949747
v 0.010972373 0.037571390 -0.024949747
v 0.010580311 0.037082392 -0.024949747
v 0.010338880 0.036551799 -0.024949747
v 0.010257359 0.036000000 -0.024949747
v 0.010338880 0.035448201 -0.024949747
v 0.010580311 0.034917608 -0.024949747
v 0.010972373 0.034428610 -0.024949747
v 0.011500000 0.034000000 -0.024949747
v 0.012142915 0.033648249 -0.024949747
v 0.012876412 0.033386874 -0.024949747
v 0.013672302 0.033225920 -0.024949747
v 0.014500000 0.033171573 -0.024949747
v 0.015327698 0.033225920 -0.024949747
v 0.016123588 0.033386874 -0.024949747
v 0.016857085 0.033648249 -0.024949747
v 0.017500000 0.034000000 -0.024949747
v 0.018027627 0.034428610 -0.024949747
v 0.018419689 0.034917608 -0.024949747
v 0.018661120 0.035448201 -0.024949747
v 0.017833421 0.036000000 -0.025820287
v 0.017769371 0.036433546 -0.025820287
v 0.017579680 0.036850430 -0.025820287
v 0.017271639 0.037234633 -0.025820287
v 0.016857085 0.037571390 -0.025820287
v 0.016351950 0.037847759 -0.025820287
v 0.015775645 0.038053120 -0.025820287
v 0.015150318 0.038179580 -0.025820287
v 0.014500000 0.038222281 -0.025820287
v 0.013849682 0.038179580 -0.025820287
v 0.013224355 0.038053120 -0.025820287
v 0.012648050 0.037847759 -0.025820287
v 0.012142915 0.037571390 -0.025820287
v 0.011728361 0.037234633 -0.025820287
v 0.011420320 0.036850430 -0.025820287
v 0.011230629 0.036433546 -0.025820287
v 0.011166579 0.036000000 -0.025820287
v 0.011230629 0.035566454 -0.025820287
v 0.011420320 0.035149570 -0.025820287
v 0.011728361 0.034765367 -0.025820287
v 0.012142915 0.034428610 -0.025820287
v 0.012648050 0.034152241 -0.025820287
v 0.013224355 0.033946880 -0.025820287
v 0.013849682 0.033820420 -0.025820287
v 0.014500000 0.033777719 -0.025820287
v 0.015150318 0.033820420 -0.025820287
v 0.015775645 0.033946880 -0.025820287
v 0.016351950 0.034152241 -0.025820287
v 0.016857085 0.034428610 -0.025820287
v 0.017271639 0.034765367 -0.025820287
v 0.017579680 0.035149570 -0.025820287
v 0.017769371 0.035566454 -0.025820287
v 0.016796101 0.036000000 -0.026467157
v 0.016751982 0.036298631 -0.026467157
v 0.016621320 0.036585786 -0.026467157
v 0.016409138 0.036850430 -0.026467157
v 0.016123588 0.037082392 -0.026467157
v 0.015775645 0.037272759 -0.026467157
v 0.015378680 0.037414214 -0.026467157
v 0.014947947 0.037501321 -0.026467157
v 0.014500000 0.037530734 -0.026467157
v 0.014052053 0.037501321 -0.026467157
v 0.013621320 0.037414214 -0.026467157
v 0.013224355 0.037272759 -0.026467157
v 0.012876412 0.037082392 -0.026467157
v 0.012590862 0.036850430 -0.026467157
v 0.012378680 0.036585786 -0.026467157
v 0.012248018 0.036298631 -0.026467157
v 0.012203899 0.036000000 -0.026467157
v 0.012248018 0.035701369 -0.026467157
v 0.012378680 0.035414214 -0.026467157
v 0.012590862 0.035149570 -0.026467157
v 0.012876412 0.034917608 -0.026467157
v 0.013224355 0.034727241 -0.026467157
v 0.013621320 0.034585786 -0.026467157
v 0.014052053 0.034498679 -0.026467157
v 0.014500000 0.034469266 -0.026467157
v 0.014947947 0.034498679 -0.026467157
v 0.015378680 0.034585786 -0.026467157
v 0.015775645 0.034727241 -0.026467157
v 0.016123588 0.034917608 -0.026467157
v 0.016409138 0.035149570 -0.026467157
v 0.016621320 0.035414214 -0.026467157
v 0.016751982 0.035701369 -0.026467157
v 0.015670542 0.036000000 -0.026865497
v 0.015648050 0.036152241 -0.026865497
v 0.015581440 0.036298631 -0.026865497
v 0.015473270 0.036433546 -0.026865497
v 0.015327698 0.036551799 -0.026865497
v 0.015150318 0.036648847 -0.026865497
v 0.014947947 0.036720960 -0.026865497
v 0.014728361 0.036765367 -0.026865497
v 0.014500000 0.036780361 -0.026865497
v 0.014271639 0.036765367 -0.026865497
v 0.014052053 0.036720960 -0.026865497
v 0.013849682 0.036648847 -0.026865497
v 0.013672302 0.036551799 -0.026865497
v 0.013526730 0.036433546 -0.026865497
v 0.013418560 0.036298631 -0.026865497
v 0.013351950 0.036152241 -0.026865497
v 0.013329458 0.036000000 -0.026865497
v 0.013351950 0.035847759 -0.026865497
v 0.013418560 0.035701369 -0.026865497
v 0.013526730 0.035566454 -0.026865497
v 0.013672302 0.035448201 -0.026865497
v 0.013849682 0.035351153 -0.026865497
v 0.014052053 0.035279040 -0.026865497
v 0.014271639 0.035234633 -0.026865497
v 0.014500000 0.035219639 -0.026865497
v 0.014728361 0.035234633 -0.026865497
v 0.014947947 0.035279040 -0.026865497
v 0.015150318 0.035351153 -0.026865497
v 0.015327698 0.035448201 -0.026865497
v 0.015473270 0.035566454 -0.026865497
v 0.015581440 0.035701369 -0.026865497
v 0.015648050 0.035847759 -0.026865497
v 0.014500000 0.036000000 -0.027000000
f 6891 6892 6893
f 6891 6893 6894
f 6891 6894 6895
f 6891 6895 6896
f 6891 6896 6897
f 6891 6897 6898
f 6891 6898 6899
f 6891 6899 6900
f 6891 6900 6901
f 6891 6901 6902
f 6891 6902 6903
f 6891 6903 6904
f 6891 6904 6905
f 6891 6905 6906
f 6891 6906 6907
f 6891 6907 6908
f 6891 6908 6909
f 6891 6909 6910
f 6891 6910 6911
f 6891 6911 6912
f 6891 6912 6913
f 6891 6913 6914
f 6891 6914 6915
f 6891 6915 6916
f 6891 6916 6917
f 6891 6917 6918
f 6891 6918 6919
f 6891 6919 6920
f 6891 6920 6921
f 6891 6921 6922
f 6891 6922 6923
f 6891 6923 6892
f 6892 6924 6925
f 6892 6925 6893
f 6893 6925 6926
f 6893 6926 6894
f 6894 6926 6927
f 6894 6927 6895
f 6895 6927 6928
f 6895 6928 6896
f 6896 6928 6929
f 6896 6929 6897
f 6897 6929 6930
f 6897 6930 6898
f 6898 6930 6931
f 6898 6931 6899
f 6899 6931 6932
f 6899 6932 6900
f 6900 6932 6933
f 6900 6933 6901
f 6901 6933 6934
f 6901 6934 6902
f 6902 6934 6935
f 6902 6935 6903
f 6903 6935 6936
f 6903 6936 6904
f 6904 6936 6937
f 6904 6937 6905
f 6905 6937 6938
f 6905 6938 6906
f 6906 6938 6939
f 6906 6939 6907
f 6907 6939 6940
f 6907 6940 6908
f 6908 6940 6941
f 6908 6941 6909
f 6909 6941 6942
f 6909 6942 6910
f 6910 6942 6943
f 6910 6943 6911
f 6911 6943 6944
f 6911 6944 6912
f 6912 6944 6945
f 6912 6945 6913
f 6913 6945 6946
f 6913 6946 6914
f 6914 6946 6947
f 6914 6947 6915
f 6915 6947 6948
f 6915 6948 6916
f 6916 6948 6949
f 6916 6949 6917
f 6917 6949 6950
f 6917 6950 6918
f 6918 6950 6951
f 6918 6951 6919
f 6919 6951 6952
f 6919 6952 6920
f 6920 6952 6953
f 6920 6953 6921
f 6921 6953 6954
f 6921 6954 6922
f 6922 6954 6955
f 6922 6955 6923
f 6923 6955 6924
f 6923 6924 6892
f 6924 6956 6957
f 6924 6957 6925
f 6925 6957 6958
f 6925 6958 6926
f 6926 6958 6959
f 6926 6959 6927
f 6927 6959 6960
f 6927 6960 6928
f 6928 6960 6961
f 6928 6961 6929
f 6929 6961 6962
f 6929 6962 6930
f 6930 6962 6963
f 6930 6963 6931
f 6931 6963 6964
f 6931 6964 6932
f 6932 6964 6965
f 6932 6965 6933
f 6933 6965 6966
f 6933 6966 6934
f 6934 6966 6967
f 6934 6967 6935
f 6935 6967 6968
f 6935 6968 6936
f 6936 6968 6969
f 6936 6969 6937
f 6937 6969 6970
f 6937 6970 6938
f 6938 6970 6971
f 6938 6971 6939
f 6939 6971 6972
f 6939 6972 6940
f 6940 6972 6973
f 6940 6973 6941
f 6941 6973 6974
f 6941 6974 6942
f 6942 6974 6975
f 6942 6975 6943
f 6943 6975 6976
f 6943 6976 6944
f 6944 6976 6977
f 6944 6977 6945
f 6945 6977 6978
f 6945 6978 6946
f 6946 6978 6979
f 6946 6979 6947
f 6947 6979 6980
f 6947 6980 6948
f 6948 6980 6981
f 6948 6981 6949
f 6949 6981 6982
f 6949 6982 6950
f 6950 6982 6983
f 6950 6983 6951
f 6951 6983 6984
f 6951 6984 6952
f 6952 6984 6985
f 6952 6985 6953
f 6953 6985 6986
f 6953 6986 6954
f 6954 6986 6987
f 6954 6987 6955
f 6955 6987 6956
f 6955 6956 6924
f 6956 6988 6989
f 6956 6989 6957
f 6957 6989 6990
f 6957 6990 6958
f 6958 6990 6991
f 6958 6991 6959
f 6959 6991 6992
f 6959 6992 6960
f 6960 6992 6993
f 6960 6993 6961
f 6961 6993 6994
f 6961 6994 6962
f 6962 6994 6995
f 6962 6995 6963
f 6963 6995 6996
f 6963 6996 6964
f 6964 6996 6997
f 6964 6997 6965
f 6965 6997 6998
f 6965 6998 6966
f 6966 6998 6999
f 6966 6999 6967
f 6967 6999 7000
f 6967 7000 6968
f 6968 7000 7001
f 6968 7001 6969
f 6969 7001 7002
f 6969 7002 6970
f 6970 7002 7003
f 6970 7003 6971
f 6971 7003 7004
f 6971 7004 6972
f 6972 7004 7005
f 6972 7005 6973
f 6973 7005 7006
f 6973 7006 6974
f 6974 7006 7007
f 6974 7007 6975
f 6975 7007 7008
f 6975 7008 6976
f 6976 7008 7009
f 6976 7009 6977
f 6977 7009 7010
f 6977 7010 6978
f 6978 7010 7011
f 6978 7011 6979
f 6979 7011 7012
f 6979 7012 6980
f 6980 7012 7013
f 6980 7013 6981
f 6981 7013 7014
f 6981 7014 6982
f 6982 7014 7015
f 6982 7015 6983
f 6983 7015 7016
f 6983 7016 6984
f 6984 7016 7017
f 6984 7017 6985
f 6985 7017 7018
f 6985 7018 6986
f 6986 7018 7019
f 6986 7019 6987
f 6987 7019 6988
f 6987 6988 6956
f 6988 7020 7021
f 6988 7021 6989
f 6989 7021 7022
f 6989 7022 6990
f 6990 7022 7023
f 6990 7023 6991
f 6991 7023 7024
f 6991 7024 6992
f 6992 7024 7025
f 6992 7025 6993
f 6993 7025 7026
f 6993 7026 6994
f 6994 7026 7027
f 6994 7027 6995
f 6995 7027 7028
f 6995 7028 6996
f 6996 7028 7029
f 6996 7029 6997
f 6997 7029 7030
f 6997 7030 6998
f 6998 7030 7031
f 6998 7031 6999
f 6999 7031 7032
f 6999 7032 7000
f 7000 7032 7033
f 7000 7033 7001
f 7001 7033 7034
f 7001 7034 7002
f 7002 7034 7035
f 7002 7035 7003
f 7003 7035 7036
f 7003 7036 7004
f 7004 7036 7037
f 7004 7037 7005
f 7005 7037 7038
f 7005 7038 7006
f 7006 7038 7039
f 7006 7039 7007
f 7007 7039 7040
f 7007 7040 7008
f 7008 7040 7041
f 7008 7041 7009
f 7009 7041 7042
f 7009 7042 7010
f 7010 7042 7043
f 7010 7043 7011
f 7011 7043 7044
f 7011 7044 7012
f 7012 7044 7045
f 7012 7045 7013
f 7013 7045 7046
f 7013 7046 7014
f 7014 7046 7047
f 7014 7047 7015
f 7015 7047 7048
f 7015 7048 7016
f 7016 7048 7049
f 7016 7049 7017
f 7017 7049 7050
f 7017 7050 7018
f 7018 7050 7051
f 7018 7051 7019
f 7019 7051 7020
f 7019 7020 6988
f 7020 7052 7053
f 7020 7053 7021
f 7021 7053 7054
f 7021 7054 7022
f 7022 7054 7055
f 7022 7055 7023
f 7023 7055 7056
f 7023 7056 7024
f 7024 7056 7057
f 7024 7057 7025
f 7025 7057 7058
f 7025 7058 7026
f 7026 7058 7059
f 7026 7059 7027
f 7027 7059 7060
f 7027 7060 7028
f 7028 7060 7061
f 7028 7061 7029
f 7029 7061 7062
f 7029 7062 7030
f 7030 7062 7063
f 7030 7063 7031
f 7031 7063 7064
f 7031 7064 7032
f 7032 7064 7065
f 7032 7065 7033
f 7033 7065 7066
f 7033 7066 7034
f 7034 7066 7067
f 7034 7067 7035
f 7035 7067 7068
f 7035 7068 7036
f 7036 7068 7069
f 7036 7069 7037
f 7037 7069 7070
f 7037 7070 7038
f 7038 7070 7071
f 7038 7071 7039
f 7039 7071 7072
f 7039 7072 7040
f 7040 7072 7073
f 7040 7073 7041
f 7041 7073 7074
f 7041 7074 7042
f 7042 7074 7075
f 7042 7075 7043
f 7043 7075 7076
f 7043 7076 7044
f 7044 7076 7077
f 7044 7077 7045
f 7045 7077 7078
f 7045 7078 7046
f 7046 7078 7079
f 7046 7079 7047
f 7047 7079 7080
f 7047 7080 7048
f 7048 7080 7081
f 7048 7081 7049
f 7049 7081 7082
f 7049 7082 7050
f 7050 7082 7083
f 7050 7083 7051
f 7051 7083 7052
f 7051 7052 7020
f 7052 7084 7085
f 7052 7085 7053
f 7053 7085 7086
f 7053 7086 7054
f 7054 7086 7087
f 7054 7087 7055
f 7055 7087 7088
f 7055 7088 7056
f 7056 7088 7089
f 7056 7089 7057
f 7057 7089 7090
f 7057 7090 7058
f 7058 7090 7091
f 7058 7091 7059
f 7059 7091 7092
f 7059 7092 7060
f 7060 7092 7093
f 7060 7093 7061
f 7061 7093 7094
f 7061 7094 7062
f 7062 7094 7095
f 7062 7095 7063
f 7063 7095 7096
f 7063 7096 7064
f 7064 7096 7097
f 7064 7097 7065
f 7065 7097 7098
f 7065 7098 7066
f 7066 7098 7099
f 7066 7099 7067
f 7067 7099 7100
f 7067 7100 7068
f 7068 7100 7101
f 7068 7101 7069
f 7069 7101 7102
f 7069 7102 7070
f 7070 7102 7103
f 7070 7103 7071
f 7071 7103 7104
f 7071 7104 7072
f 7072 7104 7105
f 7072 7105 7073
f 7073 7105 7106
f 7073 7106 7074
f 7074 7106 7107
f 7074 7107 7075
f 7075 7107 7108
f 7075 7108 7076
f 7076 7108 7109
f 7076 7109 7077
f 7077 7109 7110
f 7077 7110 7078
f 7078 7110 7111
f 7078 7111 7079
f 7079 7111 7112
f 7079 7112 7080
f 7080 7112 7113
f 7080 7113 7081
f 7081 7113 7114
f 7081 7114 7082
f 7082 7114 7115
f 7082 7115 7083
f 7083 7115 7084
f 7083 7084 7052
f 7084 7116 7117
f 7084 7117 7085
f 7085 7117 7118
f 7085 7118 7086
f 7086 7118 7119
f 7086 7119 7087
f 7087 7119 7120
f 7087 7120 7088
f 7088 7120 7121
f 7088 7121 7089
f 7089 7121 7122
f 7089 7122 7090
f 7090 7122 7123
f 7090 7123 7091
f 7091 7123 7124
f 7091 7124 7092
f 7092 7124 7125
f 7092 7125 7093
f 7093 7125 7126
f 7093 7126 7094
f 7094 7126 7127
f 7094 7127 7095
f 7095 7127 7128
f 7095 7128 7096
f 7096 7128 7129
f 7096 7129 7097
f 7097 7129 7130
f 7097 7130 7098
f 7098 7130 7131
f 7098 7131 7099
f 7099 7131 7132
f 7099 7132 7100
f 7100 7132 7133
f 7100 7133 7101
f 7101 7133 7134
f 7101 7134 7102
f 7102 7134 7135
f 7102 7135 7103
f 7103 7135 7136
f 7103 7136 7104
f 7104 7136 7137
f 7104 7137 7105
f 7105 7137 7138
f 7105 7138 7106
f 7106 7138 7139
f 7106 7139 7107
f 7107 7139 7140
f 7107 7140 7108
f 7108 7140 7141
f 7108 7141 7109
f 7109 7141 7142
f 7109 7142 7110
f 7110 7142 7143
f 7110 7143 7111
f 7111 7143 7144
f 7111 7144 7112
f 7112 7144 7145
f 7112 7145 7113
f 7113 7145 7146
f 7113 7146 7114
f 7114 7146 7147
f 7114 7147 7115
f 7115 7147 7116
f 7115 7116 7084
f 7116 7148 7149
f 7116 7149 7117
f 7117 7149 7150
f 7117 7150 7118
f 7118 7150 7151
f 7118 7151 7119
f 7119 7151 7152
f 7119 7152 7120
f 7120 7152 7153
f 7120 7153 7121
f 7121 7153 7154
f 7121 7154 7122
f 7122 7154 7155
f 7122 7155 7123
f 7123 7155 7156
f 7123 7156 7124
f 7124 7156 7157
f 7124 7157 7125
f 7125 7157 7158
f 7125 7158 7126
f 7126 7158 7159
f 7126 7159 7127
f 7127 7159 7160
f 7127 7160 7128
f 7128 7160 7161
f 7128 7161 7129
f 7129 7161 7162
f 7129 7162 7130
f 7130 7162 7163
f 7130 7163 7131
f 7131 7163 7164
f 7131 7164 7132
f 7132 7164 7165
f 7132 7165 7133
f 7133 7165 7166
f 7133 7166 7134
f 7134 7166 7167
f 7134 7167 7135
f 7135 7167 7168
f 7135 7168 7136
f 7136 7168 7169
f 7136 7169 7137
f 7137 7169 7170
f 7137 7170 7138
f 7138 7170 7171
f 7138 7171 7139
f 7139 7171 7172
f 7139 7172 7140
f 7140 7172 7173
f 7140 7173 7141
f 7141 7173 7174
f 7141 7174 7142
f 7142 7174 7175
f 7142 7175 7143
f 7143 7175 7176
f 7143 7176 7144
f 7144 7176 7177
f 7144 7177 7145
f 7145 7177 7178
f 7145 7178 7146
f 7146 7178 7179
f 7146 7179 7147
f 7147 7179 7148
f 7147 7148 7116
f 7148 7180 7181
f 7148 7181 7149
f 7149 7181 7182
f 7149 7182 7150
f 7150 7182 7183
f 7150 7183 7151
f 7151 7183 7184
f 7151 7184 7152
f 7152 7184 7185
f 7152 7185 7153
f 7153 7185 7186
f 7153 7186 7154
f 7154 7186 7187
f 7154 7187 7155
f 7155 7187 7188
f 7155 7188 7156
f 7156 7188 7189
f 7156 7189 7157
f 7157 7189 7190
f 7157 7190 7158
f 7158 7190 7191
f 7158 7191 7159
f 7159 7191 7192
f 7159 7192 7160
f 7160 7192 7193
f 7160 7193 7161
f 7161 7193 7194
f 7161 7194 7162
f 7162 7194 7195
f 7162 7195 7163
f 7163 7195 7196
f 7163 7196 7164
f 7164 7196 7197
f 7164 7197 7165
f 7165 7197 7198
f 7165 7198 7166
f 7166 7198 7199
f 7166 7199 7167
f 7167 7199 7200
f 7167 7200 7168
f 7168 7200 7201
f 7168 7201 7169
f 7169 7201 7202
f 7169 7202 7170
f 7170 7202 7203
f 7170 7203 7171
f 7171 7203 7204
f 7171 7204 7172
f 7172 7204 7205
f 7172 7205 7173
f 7173 7205 7206
f 7173 7206 7174
f 7174 7206 7207
f 7174 7207 7175
f 7175 7207 7208
f 7175 7208 7176
f 7176 7208 7209
f 7176 7209 7177
f 7177 7209 7210
f 7177 7210 7178
f 7178 7210 7211
f 7178 7211 7179
f 7179 7211 7180
f 7179 7180 7148
f 7180 7212 7213
f 7180 7213 7181
f 7181 7213 7214
f 7181 7214 7182
f 7182 7214 7215
f 7182 7215 7183
f 7183 7215 7216
f 7183 7216 7184
f 7184 7216 7217
f 7184 7217 7185
f 7185 7217 7218
f 7185 7218 7186
f 7186 7218 7219
f 7186 7219 7187
f 7187 7219 7220
f 7187 7220 7188
f 7188 7220 7221
f 7188 7221 7189
f 7189 7221 7222
f 7189 7222 7190
f 7190 7222 7223
f 7190 7223 7191
f 7191 7223 7224
f 7191 7224 7192
f 7192 7224 7225
f 7192 7225 7193
f 7193 7225 7226
f 7193 7226 7194
f 7194 7226 7227
f 7194 7227 7195
f 7195 7227 7228
f 7195 7228 7196
f 7196 7228 7229
f 7196 7229 7197
f 7197 7229 7230
f 7197 7230 7198
f 7198 7230 7231
f 7198 7231 7199
f 7199 7231 7232
f 7199 7232 7200
f 7200 7232 7233
f 7200 7233 7201
f 7201 7233 7234
f 7201 7234 7202
f 7202 7234 7235
f 7202 7235 7203
f 7203 7235 7236
f 7203 7236 7204
f 7204 7236 7237
f 7204 7237 7205
f 7205 7237 7238
f 7205 7238 7206
f 7206 7238 7239
f 7206 7239 7207
f 7207 7239 7240
f 7207 7240 7208
f 7208 7240 7241
f 7208 7241 7209
f 7209 7241 7242
f 7209 7242 7210
f 7210 7242 7243
f 7210 7243 7211
f 7211 7243 7212
f 7211 7212 7180
f 7212 7244 7245
f 7212 7245 7213
f 7213 7245 7246
f 7213 7246 7214
f 7214 7246 7247
f 7214 7247 7215
f 7215 7247 7248
f 7215 7248 7216
f 7216 7248 7249
f 7216 7249 7217
f 7217 7249 7250
f 7217 7250 7218
f 7218 7250 7251
f 7218 7251 7219
f 7219 7251 7252
f 7219 7252 7220
f 7220 7252 7253
f 7220 7253 7221
f 7221 7253 7254
f 7221 7254 7222
f 7222 7254 7255
f 7222 7255 7223
f 7223 7255 7256
f 7223 7256 7224
f 7224 7256 7257
f 7224 7257 7225
f 7225 7257 7258
f 7225 7258 7226
f 7226 7258 7259
f 7226 7259 7227
f 7227 7259 7260
f 7227 7260 7228
f 7228 7260 7261
f 7228 7261 7229
f 7229 7261 7262
f 7229 7262 7230
f 7230 7262 7263
f 7230 7263 7231
f 7231 7263 7264
f 7231 7264 7232
f 7232 7264 7265
f 7232 7265 7233
f 7233 7265 7266
f 7233 7266 7234
f 7234 7266 7267
f 7234 7267 7235
f 7235 7267 7268
f 7235 7268 7236
f 7236 7268 7269
f 7236 7269 7237
f 7237 7269 7270
f 7237 7270 7238
f 7238 7270 7271
f 7238 7271 7239
f 7239 7271 7272
f 7239 7272 7240
f 7240 7272 7273
f 7240 7273 7241
f 7241 7273 7274
f 7241 7274 7242
f 7242 7274 7275
f 7242 7275 7243
f 7243 7275 7244
f 7243 7244 7212
f 7244 7276 7277
f 7244 7277 7245
f 7245 7277 7278
f 7245 7278 7246
f 7246 7278 7279
f 7246 7279 7247
f 7247 7279 7280
f 7247 7280 7248
f 7248 7280 7281
f 7248 7281 7249
f 7249 7281 7282
f 7249 7282 7250
f 7250 7282 7283
f 7250 7283 7251
f 7251 7283 7284
f 7251 7284 7252
f 7252 7284 7285
f 7252 7285 7253
f 7253 7285 7286
f 7253 7286 7254
f 7254 7286 7287
f 7254 7287 7255
f 7255 7287 7288
f 7255 7288 7256
f 7256 7288 7289
f 7256 7289 7257
f 7257 7289 7290
f 7257 7290 7258
f 7258 7290 7291
f 7258 7291 7259
f 7259 7291 7292
f 7259 7292 7260
f 7260 7292 7293
f 7260 7293 7261
f 7261 7293 7294
f 7261 7294 7262
f 7262 7294 7295
f 7262 7295 7263
f 7263 7295 7296
f 7263 7296 7264
f 7264 7296 7297
f 7264 7297 7265
f 7265 7297 7298
f 7265 7298 7266
f 7266 7298 7299
f 7266 7299 7267
f 7267 7299 7300
f 7267 7300 7268
f 7268 7300 7301
f 7268 7301 7269
f 7269 7301 7302
f 7269 7302 7270
f 7270 7302 7303
f 7270 7303 7271
f 7271 7303 7304
f 7271 7304 7272
f 7272 7304 7305
f 7272 7305 7273
f 7273 7305 7306
f 7273 7306 7274
f 7274 7306 7307
f 7274 7307 7275
f 7275 7307 7276
f 7275 7276 7244
f 7276 7308 7309
f 7276 7309 7277
f 7277 7309 7310
f 7277 7310 7278
f 7278 7310 7311
f 7278 7311 7279
f 7279 7311 7312
f 7279 7312 7280
f 7280 7312 7313
f 7280 7313 7281
f 7281 7313 7314
f 7281 7314 7282
f 7282 7314 7315
f 7282 7315 7283
f 7283 7315 7316
f 7283 7316 7284
f 7284 7316 7317
f 7284 7317 7285
f 7285 7317 7318
f 7285 7318 7286
f 7286 7318 7319
f 7286 7319 7287
f 7287 7319 7320
f 7287 7320 7288
f 7288 7320 7321
f 7288 7321 7289
f 7289 7321 7322
f 7289 7322 7290
f 7290 7322 7323
f 7290 7323 7291
f 7291 7323 7324
f 7291 7324 7292
f 7292 7324 7325
f 7292 7325 7293
f 7293 7325 7326
f 7293 7326 7294
f 7294 7326 7327
f 7294 7327 7295
f 7295 7327 7328
f 7295 7328 7296
f 7296 7328 7329
f 7296 7329 7297
f 7297 7329 7330
f 7297 7330 7298
f 7298 7330 7331
f 7298 7331 7299
f 7299 7331 7332
f 7299 7332 7300
f 7300 7332 7333
f 7300 7333 7301
f 7301 7333 7334
f 7301 7334 7302
f 7302 7334 7335
f 7302 7335 7303
f 7303 7335 7336
f 7303 7336 7304
f 7304 7336 7337
f 7304 7337 7305
f 7305 7337 7338
f 7305 7338 7306
f 7306 7338 7339
f 7306 7339 7307
f 7307 7339 7308
f 7307 7308 7276
f 7308 7340 7341
f 7308 7341 7309
f 7309 7341 7342
f 7309 7342 7310
f 7310 7342 7343
f 7310 7343 7311
f 7311 7343 7344
f 7311 7344 7312
f 7312 7344 7345
f 7312 7345 7313
f 7313 7345 7346
f 7313 7346 7314
f 7314 7346 7347
f 7314 7347 7315
f 7315 7347 7348
f 7315 7348 7316
f 7316 7348 7349
f 7316 7349 7317
f 7317 7349 7350
f 7317 7350 7318
f 7318 7350 7351
f 7318 7351 7319
f 7319 7351 7352
f 7319 7352 7320
f 7320 7352 7353
f 7320 7353 7321
f 7321 7353 7354
f 7321 7354 7322
f 7322 7354 7355
f 7322 7355 7323
f 7323 7355 7356
f 7323 7356 7324
f 7324 7356 7357
f 7324 7357 7325
f 7325 7357 7358
f 7325 7358 7326
f 7326 7358 7359
f 7326 7359 7327
f 7327 7359 7360
f 7327 7360 7328
f 7328 7360 7361
f 7328 7361 7329
f 7329 7361 7362
f 7329 7362 7330
f 7330 7362 7363
f 7330 7363 7331
f 7331 7363 7364
f 7331 7364 7332
f 7332 7364 7365
f 7332 7365 7333
f 7333 7365 7366
f 7333 7366 7334
f 7334 7366 7367
f 7334 7367 7335
f 7335 7367 7368
f 7335 7368 7336
f 7336 7368 7369
f 7336 7369 7337
f 7337 7369 7370
f 7337 7370 7338
f 7338 7370 7371
f 7338 7371 7339
f 7339 7371 7340
f 7339 7340 7308
f 7372 7341 7340
f 7372 7342 7341
f 7372 7343 7342
f 7372 7344 7343
f 7372 7345 7344
f 7372 7346 7345
f 7372 7347 7346
f 7372 7348 7347
f 7372 7349 7348
f 7372 7350 7349
f 7372 7351 7350
f 7372 7352 7351
f 7372 7353 7352
f 7372 7354 7353
f 7372 7355 7354
f 7372 7356 7355
f 7372 7357 7356
f 7372 7358 7357
f 7372 7359 7358
f 7372 7360 7359
f 7372 7361 7360
f 7372 7362 7361
f 7372 7363 7362
f 7372 7364 7363
f 7372 7365 7364
f 7372 7366 7365
f 7372 7367 7366
f 7372 7368 7367
f 7372 7369 7368
f 7372 7370 7369
f 7372 7371 7370
f 7372 7340 7371
o left_shoe
usemtl shoe_yellow
v -0.028685730 0.021000000 -0.032827673
v -0.026844493 0.021000000 -0.032177022
v -0.026879249 0.021266422 -0.032191064
v -0.026982183 0.021522605 -0.032232652
v -0.027149338 0.021758705 -0.032300187
v -0.027374292 0.021965648 -0.032391074
v -0.027648398 0.022135482 -0.032501820
v -0.027961123 0.022261680 -0.032628170
v -0.028300451 0.022339392 -0.032765267
v -0.028653339 0.022365632 -0.032907843
v -0.029006227 0.022339392 -0.033050419
v -0.029345554 0.022261680 -0.033187516
v -0.029658280 0.022135482 -0.033313865
v -0.029932386 0.021965648 -0.033424611
v -0.030157339 0.021758705 -0.033515498
v -0.030324495 0.021522605 -0.033583034
v -0.030427428 0.021266422 -0.033624621
v -0.030462185 0.021000000 -0.033638664
v -0.030427428 0.020733578 -0.033624621
v -0.030324495 0.020477395 -0.033583034
v -0.030157339 0.020241295 -0.033515498
v -0.029932386 0.020034352 -0.033424611
v -0.029658280 0.019864518 -0.033313865
v -0.029345554 0.019738320 -0.033187516
v -0.029006227 0.019660608 -0.033050419
v -0.028653339 0.019634368 -0.032907843
v -0.028300451 0.019660608 -0.032765267
v -0.027961123 0.019738320 -0.032628170
v -0.027648398 0.019864518 -0.032501820
v -0.027374292 0.020034352 -0.032391074
v -0.027149338 0.020241295 -0.032300187
v -0.026982183 0.020477395 -0.032232652
v -0.026879249 0.020733578 -0.032191064
v -0.025009232 0.021000000 -0.031711715
v -0.025077409 0.021522605 -0.031739260
v -0.025279321 0.022025126 -0.031820838
v -0.025607208 0.022488253 -0.031953313
v -0.026048470 0.022894186 -0.032131594
v -0.026586149 0.023227328 -0.032348830
v -0.027199582 0.023474874 -0.032596674
v -0.027865196 0.023627312 -0.032865599
v -0.028557411 0.023678784 -0.033145272
v -0.029249627 0.023627312 -0.033424945
v -0.029915240 0.023474874 -0.033693871
v -0.030528674 0.023227328 -0.033941714
v -0.031066353 0.022894186 -0.034158950
v -0.031507614 0.022488253 -0.034337232
v -0.031835501 0.022025126 -0.034469706
v -0.032037413 0.021522605 -0.034551284
v -0.032105590 0.021000000 -0.034578830
v -0.032037413 0.020477395 -0.034551284
v -0.031835501 0.019974874 -0.034469706
v -0.031507614 0.019511747 -0.034337232
v -0.031066353 0.019105814 -0.034158950
v -0.030528674 0.018772672 -0.033941714
v -0.029915240 0.018525126 -0.033693871
v -0.029249627 0.018372688 -0.033424945
v -0.028557411 0.018321216 -0.033145272
v -0.027865196 0.018372688 -0.032865599
v -0.027199582 0.018525126 -0.032596674
v -0.026586149 0.018772672 -0.032348830
v -0.026048470 0.019105814 -0.032131594
v -0.025607208 0.019511747 -0.031953313
v -0.025279321 0.019974874 -0.031820838
v -0.025077409 0.020477395 -0.031739260
v -0.023250475 0.021000000 -0.031449634
v -0.023349454 0.021758705 -0.031489624
v -0.023642584 0.022488253 -0.031608056
v -0.024118602 0.023160608 -0.031800380
v -0.024759215 0.023749932 -0.032059204
v -0.025539803 0.024233578 -0.032374582
v -0.026430370 0.024592960 -0.032734395
v -0.027396692 0.024814266 -0.033124814
v -0.028401633 0.024888992 -0.033530837
v -0.029406574 0.024814266 -0.033936859
v -0.030372896 0.024592960 -0.034327278
v -0.031263463 0.024233578 -0.034687091
v -0.032044051 0.023749932 -0.035002469
v -0.032684664 0.023160608 -0.035261293
v -0.033160682 0.022488253 -0.035453617
v -0.033453812 0.021758705 -0.035572050
v -0.033552790 0.021000000 -0.035612039
v -0.033453812 0.020241295 -0.035572050
v -0.033160682 0.019511747 -0.035453617
v -0.032684664 0.018839392 -0.035261293
v -0.032044051 0.018250068 -0.035002469
v -0.031263463 0.017766422 -0.034687091
v -0.030372896 0.017407040 -0.034327278
v -0.029406574 0.017185734 -0.033936859
v -0.028401633 0.017111008 -0.033530837
v -0.027396692 0.017185734 -0.033124814
v -0.026430370 0.017407040 -0.032734395
v -0.025539803 0.017766422 -0.032374582
v -0.024759215 0.018250068 -0.032059204
v -0.024118602 0.018839392 -0.031800380
v -0.023642584 0.019511747 -0.031608056
v -0.023349454 0.020241295 -0.031489624
v -0.021635811 0.021000000 -0.031400850
v -0.021761786 0.021965648 -0.031451748
v -0.022134870 0.022894186 -0.031602484
v -0.022740727 0.023749932 -0.031847265
v -0.023556072 0.024500000 -0.032176686
v -0.024549572 0.025115565 -0.032578086
v -0.025683049 0.025572970 -0.033036041
v -0.026912944 0.025854639 -0.033532950
v -0.028191991 0.025949747 -0.034049719
v -0.029471038 0.025854639 -0.034566488
v -0.030700932 0.025572970 -0.035063397
v -0.031834409 0.025115565 -0.035521352
v -0.032827910 0.024500000 -0.035922752
v -0.033643255 0.023749932 -0.036252173
v -0.034249111 0.022894186 -0.036496955
v -0.034622196 0.021965648 -0.036647690
v -0.034748171 0.021000000 -0.036698588
v -0.034622196 0.020034352 -0.036647690
v -0.034249111 0.019105814 -0.036496955
v -0.033643255 0.018250068 -0.036252173
v -0.032827910 0.017500000 -0.035922752
v -0.031834409 0.016884435 -0.035521352
v -0.030700932 0.016427030 -0.035063397
v -0.029471038 0.016145361 -0.034566488
v -0.028191991 0.016050253 -0.034049719
v -0.026912944 0.016145361 -0.033532950
v -0.025683049 0.016427030 -0.033036041
v -0.024549572 0.016884435 -0.032578086
v -0.023556072 0.017500000 -0.032176686
v -0.022740727 0.018250068 -0.031847265
v -0.022134870 0.019105814 -0.031602484
v -0.021761786 0.020034352 -0.031451748
v -0.020227289 0.021000000 -0.031567239
v -0.020375420 0.022135482 -0.031627088
v -0.020814121 0.023227328 -0.031804335
v -0.021526532 0.024233578 -0.032092167
v -0.022485277 0.025115565 -0.032479525
v -0.023653510 0.025839392 -0.032951522
v -0.024986338 0.026377244 -0.033490020
v -0.026432541 0.026708452 -0.034074323
v -0.027936541 0.026820287 -0.034681979
v -0.029440542 0.026708452 -0.035289635
v -0.030886744 0.026377244 -0.035873939
v -0.032219572 0.025839392 -0.036412436
v -0.033387806 0.025115565 -0.036884433
v -0.034346550 0.024233578 -0.037271791
v -0.035058961 0.023227328 -0.037559624
v -0.035497662 0.022135482 -0.037736870
v -0.035645793 0.021000000 -0.037796719
v -0.035497662 0.019864518 -0.037736870
v -0.035058961 0.018772672 -0.037559624
v -0.034346550 0.017766422 -0.037271791
v -0.033387806 0.016884435 -0.036884433
v -0.032219572 0.016160608 -0.036412436
v -0.030886744 0.015622756 -0.035873939
v -0.029440542 0.015291548 -0.035289635
v -0.027936541 0.015179713 -0.034681979
v -0.026432541 0.015291548 -0.034074323
v -0.024986338 0.015622756 -0.033490020
v -0.023653510 0.016160608 -0.032951522
v -0.022485277 0.016884435 -0.032479525
v -0.021526532 0.017766422 -0.032092167
v -0.020814121 0.018772672 -0.031804335
v -0.020375420 0.019864518 -0.031627088
v -0.019079039 0.021000000 -0.031942406
v -0.019243633 0.022261680 -0.032008906
v -0.019731092 0.023474874 -0.032205852
v -0.020522681 0.024592960 -0.032525675
v -0.021587980 0.025572970 -0.032956084
v -0.022886052 0.026377244 -0.033480539
v -0.024367011 0.026974874 -0.034078885
v -0.025973945 0.027342892 -0.034728129
v -0.027645101 0.027467157 -0.035403319
v -0.029316257 0.027342892 -0.036078510
v -0.030923191 0.026974874 -0.036727754
v -0.032404150 0.026377244 -0.037326100
v -0.033702221 0.025572970 -0.037850555
v -0.034767521 0.024592960 -0.038280964
v -0.035559110 0.023474874 -0.038600787
v -0.036046568 0.022261680 -0.038797733
v -0.036211163 0.021000000 -0.038864233
v -0.036046568 0.019738320 -0.038797733
v -0.035559110 0.018525126 -0.038600787
v -0.034767521 0.017407040 -0.038280964
v -0.033702221 0.016427030 -0.037850555
v -0.032404150 0.015622756 -0.037326100
v -0.030923191 0.015025126 -0.036727754
v -0.029316257 0.014657108 -0.036078510
v -0.027645101 0.014532843 -0.035403319
v -0.025973945 0.014657108 -0.034728129
v -0.024367011 0.015025126 -0.034078885
v -0.022886052 0.015622756 -0.033480539
v -0.021587980 0.016427030 -0.032956084
v -0.020522681 0.017407040 -0.032525675
v -0.019731092 0.018525126 -0.032205852
v -0.019243633 0.019738320 -0.032008906
v -0.018235187 0.021000000 -0.032511933
v -0.018409919 0.022339392 -0.032582530
v -0.018927402 0.023627312 -0.032791606
v -0.019767749 0.024814266 -0.033131128
v -0.020898665 0.025854639 -0.033588048
v -0.022276690 0.026708452 -0.034144806
v -0.023848868 0.027342892 -0.034780007
v -0.025554780 0.027733578 -0.035469241
v -0.027328870 0.027865497 -0.036186019
v -0.029102959 0.027733578 -0.036902798
v -0.030808871 0.027342892 -0.037592031
v -0.032381049 0.026708452 -0.038227232
v -0.033759074 0.025854639 -0.038783991
v -0.034889990 0.024814266 -0.039240910
v -0.035730337 0.023627312 -0.039580432
v -0.036247820 0.022339392 -0.039789509
v -0.036422552 0.021000000 -0.039860106
v -0.036247820 0.019660608 -0.039789509
v -0.035730337 0.018372688 -0.039580432
v -0.034889990 0.017185734 -0.039240910
v -0.033759074 0.016145361 -0.038783991
v -0.032381049 0.015291548 -0.038227232
v -0.030808871 0.014657108 -0.037592031
v -0.029102959 0.014266422 -0.036902798
v -0.027328870 0.014134503 -0.036186019
v -0.025554780 0.014266422 -0.035469241
v -0.023848868 0.014657108 -0.034780007
v -0.022276690 0.015291548 -0.034144806
v -0.020898665 0.016145361 -0.033588048
v -0.019767749 0.017185734 -0.033131128
v -0.018927402 0.018372688 -0.032791606
v -0.018409919 0.019660608 -0.032582530
v -0.017728161 0.021000000 -0.033253934
v -0.017906317 0.022365632 -0.033325914
v -0.018433938 0.023678784 -0.033539086
v -0.019290748 0.024888992 -0.033885260
v -0.020443820 0.025949747 -0.034351131
v -0.021848842 0.026820287 -0.034918797
v -0.023451821 0.027467157 -0.035566443
v -0.025191154 0.027865497 -0.036269179
v -0.027000000 0.028000000 -0.037000000
v -0.028808846 0.027865497 -0.037730821
v -0.030548179 0.027467157 -0.038433557
v -0.032151158 0.026820287 -0.039081203
v -0.033556180 0.025949747 -0.039648869
v -0.034709252 0.024888992 -0.040114740
v -0.035566062 0.023678784 -0.040460914
v -0.036093683 0.022365632 -0.040674086
v -0.036271839 0.021000000 -0.040746066
v -0.036093683 0.019634368 -0.040674086
v -0.035566062 0.018321216 -0.040460914
v -0.034709252 0.017111008 -0.040114740
v -0.033556180 0.016050253 -0.039648869
v -0.032151158 0.015179713 -0.039081203
v -0.030548179 0.014532843 -0.038433557
v -0.028808846 0.014134503 -0.037730821
v -0.027000000 0.014000000 -0.037000000
v -0.025191154 0.014134503 -0.036269179
v -0.023451821 0.014532843 -0.035566443
v -0.021848842 0.015179713 -0.034918797
v -0.020443820 0.016050253 -0.034351131
v -0.019290748 0.017111008 -0.033885260
v -0.018433938 0.018321216 -0.033539086
v -0.017906317 0.019634368 -0.033325914
v -0.017577448 0.021000000 -0.034139894
v -0.017752180 0.022339392 -0.034210491
v -0.018269663 0.023627312 -0.034419568
v -0.019110010 0.024814266 -0.034759090
v -0.020240926 0.025854639 -0.035216009
v -0.021618951 0.026708452 -0.035772768
v -0.023191129 0.027342892 -0.036407969
v -0.024897041 0.027733578 -0.037097202
v -0.026671130 0.027865497 -0.037813981
v -0.028445220 0.027733578 -0.038530759
v -0.030151132 0.027342892 -0.039219993
v -0.031723310 0.026708452 -0.039855194
v -0.033101335 0.025854639 -0.040411952
v -0.034232251 0.024814266 -0.040868872
v -0.035072598 0.023627312 -0.041208394
v -0.035590081 0.022339392 -0.041417470
v -0.035764813 0.021000000 -0.041488067
v -0.035590081 0.019660608 -0.041417470
v -0.035072598 0.018372688 -0.041208394
v -0.034232251 0.017185734 -0.040868872
v -0.033101335 0.016145361 -0.040411952
v -0.031723310 0.015291548 -0.039855194
v -0.030151132 0.014657108 -0.039219993
v -0.028445220 0.014266422 -0.038530759
v -0.026671130 0.014134503 -0.037813981
v -0.024897041 0.014266422 -0.037097202
v -0.023191129 0.014657108 -0.036407969
v -0.021618951 0.015291548 -0.035772768
v -0.020240926 0.016145361 -0.035216009
v -0.019110010 0.017185734 -0.034759090
v -0.018269663 0.018372688 -0.034419568
v -0.017752180 0.019660608 -0.034210491
v -0.017788837 0.021000000 -0.035135767
v -0.017953432 0.022261680 -0.035202267
v -0.018440890 0.023474874 -0.035399213
v -0.019232479 0.024592960 -0.035719036
v -0.020297779 0.025572970 -0.036149445
v -0.021595850 0.026377244 -0.036673900
v -0.023076809 0.026974874 -0.037272246
v -0.024683743 0.027342892 -0.037921490
v -0.026354899 0.027467157 -0.038596681
v -0.028026055 0.027342892 -0.039271871
v -0.029632989 0.026974874 -0.039921115
v -0.031113948 0.026377244 -0.040519461
v -0.032412020 0.025572970 -0.041043916
v -0.033477319 0.024592960 -0.041474325
v -0.034268908 0.023474874 -0.041794148
v -0.034756367 0.022261680 -0.041991094
v -0.034920961 0.021000000 -0.042057594
v -0.034756367 0.019738320 -0.041991094
v -0.034268908 0.018525126 -0.041794148
v -0.033477319 0.017407040 -0.041474325
v -0.032412020 0.016427030 -0.041043916
v -0.031113948 0.015622756 -0.040519461
v -0.029632989 0.015025126 -0.039921115
v -0.028026055 0.014657108 -0.039271871
v -0.026354899 0.014532843 -0.038596681
v -0.024683743 0.014657108 -0.037921490
v -0.023076809 0.015025126 -0.037272246
v -0.021595850 0.015622756 -0.036673900
v -0.020297779 0.016427030 -0.036149445
v -0.019232479 0.017407040 -0.035719036
v -0.018440890 0.018525126 -0.035399213
v -0.017953432 0.019738320 -0.035202267
v -0.018354207 0.021000000 -0.036203281
v -0.018502338 0.022135482 -0.036263130
v -0.018941039 0.023227328 -0.036440376
v -0.019653450 0.024233578 -0.036728209
v -0.020612194 0.025115565 -0.037115567
v -0.021780428 0.025839392 -0.037587564
v -0.023113256 0.026377244 -0.038126061
v -0.024559458 0.026708452 -0.038710365
v -0.026063459 0.026820287 -0.039318021
v -0.027567459 0.026708452 -0.039925677
v -0.029013662 0.026377244 -0.040509980
v -0.030346490 0.025839392 -0.041048478
v -0.031514723 0.025115565 -0.041520475
v -0.032473468 0.024233578 -0.041907833
v -0.033185879 0.023227328 -0.042195665
v -0.033624580 0.022135482 -0.042372912
v -0.033772711 0.021000000 -0.042432761
v -0.033624580 0.019864518 -0.042372912
v -0.033185879 0.018772672 -0.042195665
v -0.032473468 0.017766422 -0.041907833
v -0.031514723 0.016884435 -0.041520475
v -0.030346490 0.016160608 -0.041048478
v -0.029013662 0.015622756 -0.040509980
v -0.027567459 0.015291548 -0.039925677
v -0.026063459 0.015179713 -0.039318021
v -0.024559458 0.015291548 -0.038710365
v -0.023113256 0.015622756 -0.038126061
v -0.021780428 0.016160608 -0.037587564
v -0.020612194 0.016884435 -0.037115567
v -0.019653450 0.017766422 -0.036728209
v -0.018941039 0.018772672 -0.036440376
v -0.018502338 0.019864518 -0.036263130
v -0.019251829 0.021000000 -0.037301412
v -0.019377804 0.021965648 -0.037352310
v -0.019750889 0.022894186 -0.037503045
v -0.020356745 0.023749932 -0.037747827
v -0.021172090 0.024500000 -0.038077248
v -0.022165591 0.025115565 -0.038478648
v -0.023299068 0.025572970 -0.038936603
v -0.024528962 0.025854639 -0.039433512
v -0.025808009 0.025949747 -0.039950281
v -0.027087056 0.025854639 -0.040467050
v -0.028316951 0.025572970 -0.040963959
v -0.029450428 0.025115565 -0.041421914
v -0.030443928 0.024500000 -0.041823314
v -0.031259273 0.023749932 -0.042152735
v -0.031865130 0.022894186 -0.042397516
v -0.032238214 0.021965648 -0.042548252
v -0.032364189 0.021000000 -0.042599150
v -0.032238214 0.020034352 -0.042548252
v -0.031865130 0.019105814 -0.042397516
v -0.031259273 0.018250068 -0.042152735
v -0.030443928 0.017500000 -0.041823314
v -0.029450428 0.016884435 -0.041421914
v -0.028316951 0.016427030 -0.040963959
v -0.027087056 0.016145361 -0.040467050
v -0.025808009 0.016050253 -0.039950281
v -0.024528962 0.016145361 -0.039433512
v -0.023299068 0.016427030 -0.038936603
v -0.022165591 0.016884435 -0.038478648
v -0.021172090 0.017500000 -0.038077248
v -0.020356745 0.018250068 -0.037747827
v -0.019750889 0.019105814 -0.037503045
v -0.019377804 0.020034352 -0.037352310
v -0.020447210 0.021000000 -0.038387961
v -0.020546188 0.021758705 -0.038427950
v -0.020839318 0.022488253 -0.038546383
v -0.021315336 0.023160608 -0.038738707
v -0.021955949 0.023749932 -0.038997531
v -0.022736537 0.024233578 -0.039312909
v -0.023627104 0.024592960 -0.039672722
v -0.024593426 0.024814266 -0.040063141
v -0.025598367 0.024888992 -0.040469163
v -0.026603308 0.024814266 -0.040875186
v -0.027569630 0.024592960 -0.041265605
v -0.028460197 0.024233578 -0.041625418
v -0.029240785 0.023749932 -0.041940796
v -0.029881398 0.023160608 -0.042199620
v -0.030357416 0.022488253 -0.042391944
v -0.030650546 0.021758705 -0.042510376
v -0.030749525 0.021000000 -0.042550366
v -0.030650546 0.020241295 -0.042510376
v -0.030357416 0.019511747 -0.042391944
v -0.029881398 0.018839392 -0.042199620
v -0.029240785 0.018250068 -0.041940796
v -0.028460197 0.017766422 -0.041625418
v -0.027569630 0.017407040 -0.041265605
v -0.026603308 0.017185734 -0.040875186
v -0.025598367 0.017111008 -0.040469163
v -0.024593426 0.017185734 -0.040063141
v -0.023627104 0.017407040 -0.039672722
v -0.022736537 0.017766422 -0.039312909
v -0.021955949 0.018250068 -0.038997531
v -0.021315336 0.018839392 -0.038738707
v -0.020839318 0.019511747 -0.038546383
v -0.020546188 0.020241295 -0.038427950
v -0.021894410 0.021000000 -0.039421170
v -0.021962587 0.021522605 -0.039448716
v -0.022164499 0.022025126 -0.039530294
v -0.022492386 0.022488253 -0.039662768
v -0.022933647 0.022894186 -0.039841050
v -0.023471326 0.023227328 -0.040058286
v -0.024084760 0.023474874 -0.040306129
v -0.024750373 0.023627312 -0.040575055
v -0.025442589 0.023678784 -0.040854728
v -0.026134804 0.023627312 -0.041134401
v -0.026800418 0.023474874 -0.041403326
v -0.027413851 0.023227328 -0.041651170
v -0.027951530 0.022894186 -0.041868406
v -0.028392792 0.022488253 -0.042046687
v -0.028720679 0.022025126 -0.042179162
v -0.028922591 0.021522605 -0.042260740
v -0.028990768 0.021000000 -0.042288285
v -0.028922591 0.020477395 -0.042260740
v -0.028720679 0.019974874 -0.042179162
v -0.028392792 0.019511747 -0.042046687
v -0.027951530 0.019105814 -0.041868406
v -0.027413851 0.018772672 -0.041651170
v -0.026800418 0.018525126 -0.041403326
v -0.026134804 0.018372688 -0.041134401
v -0.025442589 0.018321216 -0.040854728
v -0.024750373 0.018372688 -0.040575055
v -0.024084760 0.018525126 -0.040306129
v -0.023471326 0.018772672 -0.040058286
v -0.022933647 0.019105814 -0.039841050
v -0.022492386 0.019511747 -0.039662768
v -0.022164499 0.019974874 -0.039530294
v -0.021962587 0.020477395 -0.039448716
v -0.023537815 0.021000000 -0.040361336
v -0.023572572 0.021266422 -0.040375379
v -0.023675505 0.021522605 -0.040416966
v -0.023842661 0.021758705 -0.040484502
v -0.024067614 0.021965648 -0.040575389
v -0.024341720 0.022135482 -0.040686135
v -0.024654446 0.022261680 -0.040812484
v -0.024993773 0.022339392 -0.040949581
v -0.025346661 0.022365632 -0.041092157
v -0.025699549 0.022339392 -0.041234733
v -0.026038877 0.022261680 -0.041371830
v -0.026351602 0.022135482 -0.041498180
v -0.026625708 0.021965648 -0.041608926
v -0.026850662 0.021758705 -0.041699813
v -0.027017817 0.021522605 -0.041767348
v -0.027120751 0.021266422 -0.041808936
v -0.027155507 0.021000000 -0.041822978
v -0.027120751 0.020733578 -0.041808936
v -0.027017817 0.020477395 -0.041767348
v -0.026850662 0.020241295 -0.041699813
v -0.026625708 0.020034352 -0.041608926
v -0.026351602 0.019864518 -0.041498180
v -0.026038877 0.019738320 -0.041371830
v -0.025699549 0.019660608 -0.041234733
v -0.025346661 0.019634368 -0.041092157
v -0.024993773 0.019660608 -0.040949581
v -0.024654446 0.019738320 -0.040812484
v -0.024341720 0.019864518 -0.040686135
v -0.024067614 0.020034352 -0.040575389
v -0.023842661 0.020241295 -0.040484502
v -0.023675505 0.020477395 -0.040416966
v -0.023572572 0.020733578 -0.040375379
v -0.025314270 0.021000000 -0.041172327
f 7373 7374 7375
f 7373 7375 7376
f 7373 7376 7377
f 7373 7377 7378
f 7373 7378 7379
f 7373 7379 7380
f 7373 7380 7381
f 7373 7381 7382
f 7373 7382 7383
f 7373 7383 7384
f 7373 7384 7385
f 7373 7385 7386
f 7373 7386 7387
f 7373 7387 7388
f 7373 7388 7389
f 7373 7389 7390
f 7373 7390 7391
f 7373 7391 7392
f 7373 7392 7393
f 7373 7393 7394
f 7373 7394 7395
f 7373 7395 7396
f 7373 7396 7397
f 7373 7397 7398
f 7373 7398 7399
f 7373 7399 7400
f 7373 7400 7401
f 7373 7401 7402
f 7373 7402 7403
f 7373 7403 7404
f 7373 7404 7405
f 7373 7405 7374
f 7374 7406 7407
f 7374 7407 7375
f 7375 7407 7408
f 7375 7408 7376
f 7376 7408 7409
f 7376 7409 7377
f 7377 7409 7410
f 7377 7410 7378
f 7378 7410 7411
f 7378 7411 7379
f 7379 7411 7412
f 7379 7412 7380
f 7380 7412 7413
f 7380 7413 7381
f 7381 7413 7414
f 7381 7414 7382
f 7382 7414 7415
f 7382 7415 7383
f 7383 7415 7416
f 7383 7416 7384
f 7384 7416 7417
f 7384 7417 7385
f 7385 7417 7418
f 7385 7418 7386
f 7386 7418 7419
f 7386 7419 7387
f 7387 7419 7420
f 7387 7420 7388
f 7388 7420 7421
f 7388 7421 7389
f 7389 7421 7422
f 7389 7422 7390
f 7390 7422 7423
f 7390 7423 7391
f 7391 7423 7424
f 7391 7424 7392
f 7392 7424 7425
f 7392 7425 7393
f 7393 7425 7426
f 7393 7426 7394
f 7394 7426 7427
f 7394 7427 7395
f 7395 7427 7428
f 7395 7428 7396
f 7396 7428 7429
f 7396 7429 7397
f 7397 7429 7430
f 7397 7430 7398
f 7398 7430 7431
f 7398 7431 7399
f 7399 7431 7432
f 7399 7432 7400
f 7400 7432 7433
f 7400 7433 7401
f 7401 7433 7434
f 7401 7434 7402
f 7402 7434 7435
f 7402 7435 7403
f 7403 7435 7436
f 7403 7436 7404
f 7404 7436 7437
f 7404 7437 7405
f 7405 7437 7406
f 7405 7406 7374
f 7406 7438 7439
f 7406 7439 7407
f 7407 7439 7440
f 7407 7440 7408
f 7408 7440 7441
f 7408 7441 7409
f 7409 7441 7442
f 7409 7442 7410
f 7410 7442 7443
f 7410 7443 7411
f 7411 7443 7444
f 7411 7444 7412
f 7412 7444 7445
f 7412 7445 7413
f 7413 7445 7446
f 7413 7446 7414
f 7414 7446 7447
f 7414 7447 7415
f 7415 7447 7448
f 7415 7448 7416
f 7416 7448 7449
f 7416 7449 7417
f 7417 7449 7450
f 7417 7450 7418
f 7418 7450 7451
f 7418 7451 7419
f 7419 7451 7452
f 7419 7452 7420
f 7420 7452 7453
f 7420 7453 7421
f 7421 7453 7454
f 7421 7454 7422
f 7422 7454 7455
f 7422 7455 7423
f 7423 7455 7456
f 7423 7456 7424
f 7424 7456 7457
f 7424 7457 7425
f 7425 7457 7458
f 7425 7458 7426
f 7426 7458 7459
f 7426 7459 7427
f 7427 7459 7460
f 7427 7460 7428
f 7428 7460 7461
f 7428 7461 7429
f 7429 7461 7462
f 7429 7462 7430
f 7430 7462 7463
f 7430 7463 7431
f 7431 7463 7464
f 7431 7464 7432
f 7432 7464 7465
f 7432 7465 7433
f 7433 7465 7466
f 7433 7466 7434
f 7434 7466 7467
f 7434 7467 7435
f 7435 7467 7468
f 7435 7468 7436
f 7436 7468 7469
f 7436 7469 7437
f 7437 7469 7438
f 7437 7438 7406
f 7438 7470 7471
f 7438 7471 7439
f 7439 7471 7472
f 7439 7472 7440
f 7440 7472 7473
f 7440 7473 7441
f 7441 7473 7474
f 7441 7474 7442
f 7442 7474 7475
f 7442 7475 7443
f 7443 7475 7476
f 7443 7476 7444
f 7444 7476 7477
f 7444 7477 7445
f 7445 7477 7478
f 7445 7478 7446
f 7446 7478 7479
f 7446 7479 7447
f 7447 7479 7480
f 7447 7480 7448
f 7448 7480 7481
f 7448 7481 7449
f 7449 7481 7482
f 7449 7482 7450
f 7450 7482 7483
f 7450 7483 7451
f 7451 7483 7484
f 7451 7484 7452
f 7452 7484 7485
f 7452 7485 7453
f 7453 7485 7486
f 7453 7486 7454
f 7454 7486 7487
f 7454 7487 7455
f 7455 7487 7488
f 7455 7488 7456
f 7456 7488 7489
f 7456 7489 7457
f 7457 7489 7490
f 7457 7490 7458
f 7458 7490 7491
f 7458 7491 7459
f 7459 7491 7492
f 7459 7492 7460
f 7460 7492 7493
f 7460 7493 7461
f 7461 7493 7494
f 7461 7494 7462
f 7462 7494 7495
f 7462 7495 7463
f 7463 7495 7496
f 7463 7496 7464
f 7464 7496 7497
f 7464 7497 7465
f 7465 7497 7498
f 7465 7498 7466
f 7466 7498 7499
f 7466 7499 7467
f 7467 7499 7500
f 7467 7500 7468
f 7468 7500 7501
f 7468 7501 7469
f 7469 7501 7470
f 7469 7470 7438
f 7470 7502 7503
f 7470 7503 7471
f 7471 7503 7504
f 7471 7504 7472
f 7472 7504 7505
f 7472 7505 7473
f 7473 7505 7506
f 7473 7506 7474
f 7474 7506 7507
f 7474 7507 7475
f 7475 7507 7508
f 7475 7508 7476
f 7476 7508 7509
f 7476 7509 7477
f 7477 7509 7510
f 7477 7510 7478
f 7478 7510 7511
f 7478 7511 7479
f 7479 7511 7512
f 7479 7512 7480
f 7480 7512 7513
f 7480 7513 7481
f 7481 7513 7514
f 7481 7514 7482
f 7482 7514 7515
f 7482 7515 7483
f 7483 7515 7516
f 7483 7516 7484
f 7484 7516 7517
f 7484 7517 7485
f 7485 7517 7518
f 7485 7518 7486
f 7486 7518 7519
f 7486 7519 7487
f 7487 7519 7520
f 7487 7520 7488
f 7488 7520 7521
f 7488 7521 7489
f 7489 7521 7522
f 7489 7522 7490
f 7490 7522 7523
f 7490 7523 7491
f 7491 7523 7524
f 7491 7524 7492
f 7492 7524 7525
f 7492 7525 7493
f 7493 7525 7526
f 7493 7526 7494
f 7494 7526 7527
f 7494 7527 7495
f 7495 7527 7528
f 7495 7528 7496
f 7496 7528 7529
f 7496 7529 7497
f 7497 7529 7530
f 7497 7530 7498
f 7498 7530 7531
f 7498 7531 7499
f 7499 7531 7532
f 7499 7532 7500
f 7500 7532 7533
f 7500 7533 7501
f 7501 7533 7502
f 7501 7502 7470
f 7502 7534 7535
f 7502 7535 7503
f 7503 7535 7536
f 7503 7536 7504
f 7504 7536 7537
f 7504 7537 7505
f 7505 7537 7538
f 7505 7538 7506
f 7506 7538 7539
f 7506 7539 7507
f 7507 7539 7540
f 7507 7540 7508
f 7508 7540 7541
f 7508 7541 7509
f 7509 7541 7542
f 7509 7542 7510
f 7510 7542 7543
f 7510 7543 7511
f 7511 7543 7544
f 7511 7544 7512
f 7512 7544 7545
f 7512 7545 7513
f 7513 7545 7546
f 7513 7546 7514
f 7514 7546 7547
f 7514 7547 7515
f 7515 7547 7548
f 7515 7548 7516
f 7516 7548 7549
f 7516 7549 7517
f 7517 7549 7550
f 7517 7550 7518
f 7518 7550 7551
f 7518 7551 7519
f 7519 7551 7552
f 7519 7552 7520
f 7520 7552 7553
f 7520 7553 7521
f 7521 7553 7554
f 7521 7554 7522
f 7522 7554 7555
f 7522 7555 7523
f 7523 7555 7556
f 7523 7556 7524
f 7524 7556 7557
f 7524 7557 7525
f 7525 7557 7558
f 7525 7558 7526
f 7526 7558 7559
f 7526 7559 7527
f 7527 7559 7560
f 7527 7560 7528
f 7528 7560 7561
f 7528 7561 7529
f 7529 7561 7562
f 7529 7562 7530
f 7530 7562 7563
f 7530 7563 7531
f 7531 7563 7564
f 7531 7564 7532
f 7532 7564 7565
f 7532 7565 7533
f 7533 7565 7534
f 7533 7534 7502
f 7534 7566 7567
f 7534 7567 7535
f 7535 7567 7568
f 7535 7568 7536
f 7536 7568 7569
f 7536 7569 7537
f 7537 7569 7570
f 7537 7570 7538
f 7538 7570 7571
f 7538 7571 7539
f 7539 7571 7572
f 7539 7572 7540
f 7540 7572 7573
f 7540 7573 7541
f 7541 7573 7574
f 7541 7574 7542
f 7542 7574 7575
f 7542 7575 7543
f 7543 7575 7576
f 7543 7576 7544
f 7544 7576 7577
f 7544 7577 7545
f 7545 7577 7578
f 7545 7578 7546
f 7546 7578 7579
f 7546 7579 7547
f 7547 7579 7580
f 7547 7580 7548
f 7548 7580 7581
f 7548 7581 7549
f 7549 7581 7582
f 7549 7582 7550
f 7550 7582 7583
f 7550 7583 7551
f 7551 7583 7584
f 7551 7584 7552
f 7552 7584 7585
f 7552 7585 7553
f 7553 7585 7586
f 7553 7586 7554
f 7554 7586 7587
f 7554 7587 7555
f 7555 7587 7588
f 7555 7588 7556
f 7556 7588 7589
f 7556 7589 7557
f 7557 7589 7590
f 7557 7590 7558
f 7558 7590 7591
f 7558 7591 7559
f 7559 7591 7592
f 7559 7592 7560
f 7560 7592 7593
f 7560 7593 7561
f 7561 7593 7594
f 7561 7594 7562
f 7562 7594 7595
f 7562 7595 7563
f 7563 7595 7596
f 7563 7596 7564
f 7564 7596 7597
f 7564 7597 7565
f 7565 7597 7566
f 7565 7566 7534
f 7566 7598 7599
f 7566 7599 7567
f 7567 7599 7600
f 7567 7600 7568
f 7568 7600 7601
f 7568 7601 7569
f 7569 7601 7602
f 7569 7602 7570
f 7570 7602 7603
f 7570 7603 7571
f 7571 7603 7604
f 7571 7604 7572
f 7572 7604 7605
f 7572 7605 7573
f 7573 7605 7606
f 7573 7606 7574
f 7574 7606 7607
f 7574 7607 7575
f 7575 7607 7608
f 7575 7608 7576
f 7576 7608 7609
f 7576 7609 7577
f 7577 7609 7610
f 7577 7610 7578
f 7578 7610 7611
f 7578 7611 7579
f 7579 7611 7612
f 7579 7612 7580
f 7580 7612 7613
f 7580 7613 7581
f 7581 7613 7614
f 7581 7614 7582
f 7582 7614 7615
f 7582 7615 7583
f 7583 7615 7616
f 7583 7616 7584
f 7584 7616 7617
f 7584 7617 7585
f 7585 7617 7618
f 7585 7618 7586
f 7586 7618 7619
f 7586 7619 7587
f 7587 7619 7620
f 7587 7620 7588
f 7588 7620 7621
f 7588 7621 7589
f 7589 7621 7622
f 7589 7622 7590
f 7590 7622 7623
f 7590 7623 7591
f 7591 7623 7624
f 7591 7624 7592
f 7592 7624 7625
f 7592 7625 7593
f 7593 7625 7626
f 7593 7626 7594
f 7594 7626 7627
f 7594 7627 7595
f 7595 7627 7628
f 7595 7628 7596
f 7596 7628 7629
f 7596 7629 7597
f 7597 7629 7598
f 7597 7598 7566
f 7598 7630 7631
f 7598 7631 7599
f 7599 7631 7632
f 7599 7632 7600
f 7600 7632 7633
f 7600 7633 7601
f 7601 7633 7634
f 7601 7634 7602
f 7602 7634 7635
f 7602 7635 7603
f 7603 7635 7636
f 7603 7636 7604
f 7604 7636 7637
f 7604 7637 7605
f 7605 7637 7638
f 7605 7638 7606
f 7606 7638 7639
f 7606 7639 7607
f 7607 7639 7640
f 7607 7640 7608
f 7608 7640 7641
f 7608 7641 7609
f 7609 7641 7642
f 7609 7642 7610
f 7610 7642 7643
f 7610 7643 7611
f 7611 7643 7644
f 7611 7644 7612
f 7612 7644 7645
f 7612 7645 7613
f 7613 7645 7646
f 7613 7646 7614
f 7614 7646 7647
f 7614 7647 7615
f 7615 7647 7648
f 7615 7648 7616
f 7616 7648 7649
f 7616 7649 7617
f 7617 7649 7650
f 7617 7650 7618
f 7618 7650 7651
f 7618 7651 7619
f 7619 7651 7652
f 7619 7652 7620
f 7620 7652 7653
f 7620 7653 7621
f 7621 7653 7654
f 7621 7654 7622
f 7622 7654 7655
f 7622 7655 7623
f 7623 7655 7656
f 7623 7656 7624
f 7624 7656 7657
f 7624 7657 7625
f 7625 7657 7658
f 7625 7658 7626
f 7626 7658 7659
f 7626 7659 7627
f 7627 7659 7660
f 7627 7660 7628
f 7628 7660 7661
f 7628 7661 7629
f 7629 7661 7630
f 7629 7630 7598
f 7630 7662 7663
f 7630 7663 7631
f 7631 7663 7664
f 7631 7664 7632
f 7632 7664 7665
f 7632 7665 7633
f 7633 7665 7666
f 7633 7666 7634
f 7634 7666 7667
f 7634 7667 7635
f 7635 7667 7668
f 7635 7668 7636
f 7636 7668 7669
f 7636 7669 7637
f 7637 7669 7670
f 7637 7670 7638
f 7638 7670 7671
f 7638 7671 7639
f 7639 7671 7672
f 7639 7672 7640
f 7640 7672 7673
f 7640 7673 7641
f 7641 7673 7674
f 7641 7674 7642
f 7642 7674 7675
f 7642 7675 7643
f 7643 7675 7676
f 7643 7676 7644
f 7644 7676 7677
f 7644 7677 7645
f 7645 7677 7678
f 7645 7678 7646
f 7646 7678 7679
f 7646 7679 7647
f 7647 7679 7680
f 7647 7680 7648
f 7648 7680 7681
f 7648 7681 7649
f 7649 7681 7682
f 7649 7682 7650
f 7650 7682 7683
f 7650 7683 7651
f 7651 7683 7684
f 7651 7684 7652
f 7652 7684 7685
f 7652 7685 7653
f 7653 7685 7686
f 7653 7686 7654
f 7654 7686 7687
f 7654 7687 7655
f 7655 7687 7688
f 7655 7688 7656
f 7656 7688 7689
f 7656 7689 7657
f 7657 7689 7690
f 7657 7690 7658
f 7658 7690 7691
f 7658 7691 7659
f 7659 7691 7692
f 7659 7692 7660
f 7660 7692 7693
f 7660 7693 7661
f 7661 7693 7662
f 7661 7662 7630
f 7662 7694 7695
f 7662 7695 7663
f 7663 7695 7696
f 7663 7696 7664
f 7664 7696 7697
f 7664 7697 7665
f 7665 7697 7698
f 7665 7698 7666
f 7666 7698 7699
f 7666 7699 7667
f 7667 7699 7700
f 7667 7700 7668
f 7668 7700 7701
f 7668 7701 7669
f 7669 7701 7702
f 7669 7702 7670
f 7670 7702 7703
f 7670 7703 7671
f 7671 7703 7704
f 7671 7704 7672
f 7672 7704 7705
f 7672 7705 7673
f 7673 7705 7706
f 7673 7706 7674
f 7674 7706 7707
f 7674 7707 7675
f 7675 7707 7708
f 7675 7708 7676
f 7676 7708 7709
f 7676 7709 7677
f 7677 7709 7710
f 7677 7710 7678
f 7678 7710 7711
f 7678 7711 7679
f 7679 7711 7712
f 7679 7712 7680
f 7680 7712 7713
f 7680 7713 7681
f 7681 7713 7714
f 7681 7714 7682
f 7682 7714 7715
f 7682 7715 7683
f 7683 7715 7716
f 7683 7716 7684
f 7684 7716 7717
f 7684 7717 7685
f 7685 7717 7718
f 7685 7718 7686
f 7686 7718 7719
f 7686 7719 7687
f 7687 7719 7720
f 7687 7720 7688
f 7688 7720 7721
f 7688 7721 7689
f 7689 7721 7722
f 7689 7722 7690
f 7690 7722 7723
f 7690 7723 7691
f 7691 7723 7724
f 7691 7724 7692
f 7692 7724 7725
f 7692 7725 7693
f 7693 7725 7694
f 7693 7694 7662
f 7694 7726 7727
f 7694 7727 7695
f 7695 7727 7728
f 7695 7728 7696
f 7696 7728 7729
f 7696 7729 7697
f 7697 7729 7730
f 7697 7730 7698
f 7698 7730 7731
f 7698 7731 7699
f 7699 7731 7732
f 7699 7732 7700
f 7700 7732 7733
f 7700 7733 7701
f 7701 7733 7734
f 7701 7734 7702
f 7702 7734 7735
f 7702 7735 7703
f 7703 7735 7736
f 7703 7736 7704
f 7704 7736 7737
f 7704 7737 7705
f 7705 7737 7738
f 7705 7738 7706
f 7706 7738 7739
f 7706 7739 7707
f 7707 7739 7740
f 7707 7740 7708
f 7708 7740 7741
f 7708 7741 7709
f 7709 7741 7742
f 7709 7742 7710
f 7710 7742 7743
f 7710 7743 7711
f 7711 7743 7744
f 7711 7744 7712
f 7712 7744 7745
f 7712 7745 7713
f 7713 7745 7746
f 7713 7746 7714
f 7714 7746 7747
f 7714 7747 7715
f 7715 7747 7748
f 7715 7748 7716
f 7716 7748 7749
f 7716 7749 7717
f 7717 7749 7750
f 7717 7750 7718
f 7718 7750 7751
f 7718 7751 7719
f 7719 7751 7752
f 7719 7752 7720
f 7720 7752 7753
f 7720 7753 7721
f 7721 7753 7754
f 7721 7754 7722
f 7722 7754 7755
f 7722 7755 7723
f 7723 7755 7756
f 7723 7756 7724
f 7724 7756 7757
f 7724 7757 7725
f 7725 7757 7726
f 7725 7726 7694
f 7726 7758 7759
f 7726 7759 7727
f 7727 7759 7760
f 7727 7760 7728
f 7728 7760 7761
f 7728 7761 7729
f 7729 7761 7762
f 7729 7762 7730
f 7730 7762 7763
f 7730 7763 7731
f 7731 7763 7764
f 7731 7764 7732
f 7732 7764 7765
f 7732 7765 7733
f 7733 7765 7766
f 7733 7766 7734
f 7734 7766 7767
f 7734 7767 7735
f 7735 7767 7768
f 7735 7768 7736
f 7736 7768 7769
f 7736 7769 7737
f 7737 7769 7770
f 7737 7770 7738
f 7738 7770 7771
f 7738 7771 7739
f 7739 7771 7772
f 7739 7772 7740
f 7740 7772 7773
f 7740 7773 7741
f 7741 7773 7774
f 7741 7774 7742
f 7742 7774 7775
f 7742 7775 7743
f 7743 7775 7776
f 7743 7776 7744
f 7744 7776 7777
f 7744 7777 7745
f 7745 7777 7778
f 7745 7778 7746
f 7746 7778 7779
f 7746 7779 7747
f 7747 7779 7780
f 7747 7780 7748
f 7748 7780 7781
f 7748 7781 7749
f 7749 7781 7782
f 7749 7782 7750
f 7750 7782 7783
f 7750 7783 7751
f 7751 7783 7784
f 7751 7784 7752
f 7752 7784 7785
f 7752 7785 7753
f 7753 7785 7786
f 7753 7786 7754
f 7754 7786 7787
f 7754 7787 7755
f 7755 7787 7788
f 7755 7788 7756
f 7756 7788 7789
f 7756 7789 7757
f 7757 7789 7758
f 7757 7758 7726
f 7758 7790 7791
f 7758 7791 7759
f 7759 7791 7792
f 7759 7792 7760
f 7760 7792 7793
f 7760 7793 7761
f 7761 7793 7794
f 7761 7794 7762
f 7762 7794 7795
f 7762 7795 7763
f 7763 7795 7796
f 7763 7796 7764
f 7764 7796 7797
f 7764 7797 7765
f 7765 7797 7798
f 7765 7798 7766
f 7766 7798 7799
f 7766 7799 7767
f 7767 7799 7800
f 7767 7800 7768
f 7768 7800 7801
f 7768 7801 7769
f 7769 7801 7802
f 7769 7802 7770
f 7770 7802 7803
f 7770 7803 7771
f 7771 7803 7804
f 7771 7804 7772
f 7772 7804 7805
f 7772 7805 7773
f 7773 7805 7806
f 7773 7806 7774
f 7774 7806 7807
f 7774 7807 7775
f 7775 7807 7808
f 7775 7808 7776
f 7776 7808 7809
f 7776 7809 7777
f 7777 7809 7810
f 7777 7810 7778
f 7778 7810 7811
f 7778 7811 7779
f 7779 7811 7812
f 7779 7812 7780
f 7780 7812 7813
f 7780 7813 7781
f 7781 7813 7814
f 7781 7814 7782
f 7782 7814 7815
f 7782 7815 7783
f 7783 7815 7816
f 7783 7816 7784
f 7784 7816 7817
f 7784 7817 7785
f 7785 7817 7818
f 7785 7818 7786
f 7786 7818 7819
f 7786 7819 7787
f 7787 7819 7820
f 7787 7820 7788
f 7788 7820 7821
f 7788 7821 7789
f 7789 7821 7790
f 7789 7790 7758
f 7790 7822 7823
f 7790 7823 7791
f 7791 7823 7824
f 7791 7824 7792
f 7792 7824 7825
f 7792 7825 7793
f 7793 7825 7826
f 7793 7826 7794
f 7794 7826 7827
f 7794 7827 7795
f 7795 7827 7828
f 7795 7828 7796
f 7796 7828 7829
f 7796 7829 7797
f 7797 7829 7830
f 7797 7830 7798
f 7798 7830 7831
f 7798 7831 7799
f 7799 7831 7832
f 7799 7832 7800
f 7800 7832 7833
f 7800 7833 7801
f 7801 7833 7834
f 7801 7834 7802
f 7802 7834 7835
f 7802 7835 7803
f 7803 7835 7836
f 7803 7836 7804
f 7804 7836 7837
f 7804 7837 7805
f 7805 7837 7838
f 7805 7838 7806
f 7806 7838 7839
f 7806 7839 7807
f 7807 7839 7840
f 7807 7840 7808
f 7808 7840 7841
f 7808 7841 7809
f 7809 7841 7842
f 7809 7842 7810
f 7810 7842 7843
f 7810 7843 7811
f 7811 7843 7844
f 7811 7844 7812
f 7812 7844 7845
f 7812 7845 7813
f 7813 7845 7846
f 7813 7846 7814
f 7814 7846 7847
f 7814 7847 7815
f 7815 7847 7848
f 7815 7848 7816
f 7816 7848 7849
f 7816 7849 7817
f 7817 7849 7850
f 7817 7850 7818
f 7818 7850 7851
f 7818 7851 7819
f 7819 7851 7852
f 7819 7852 7820
f 7820 7852 7853
f 7820 7853 7821
f 7821 7853 7822
f 7821 7822 7790
f 7854 7823 7822
f 7854 7824 7823
f 7854 7825 7824
f 7854 7826 7825
f 7854 7827 7826
f 7854 7828 7827
f 7854 7829 7828
f 7854 7830 7829
f 7854 7831 7830
f 7854 7832 7831
f 7854 7833 7832
f 7854 7834 7833
f 7854 7835 7834
f 7854 7836 7835
f 7854 7837 7836
f 7854 7838 7837
f 7854 7839 7838
f 7854 7840 7839
f 7854 7841 7840
f 7854 7842 7841
f 7854 7843 7842
f 7854 7844 7843
f 7854 7845 7844
f 7854 7846 7845
f 7854 7847 7846
f 7854 7848 7847
f 7854 7849 7848
f 7854 7850 7849
f 7854 7851 7850
f 7854 7852 7851
f 7854 7853 7852
f 7854 7822 7853
o right_shoe
usemtl shoe_yellow
v 0.028685730 0.021000000 -0.032827673
v 0.030462185 0.021000000 -0.033638664
v 0.030427428 0.021266422 -0.033624621
v 0.030324495 0.021522605 -0.033583034
v 0.030157339 0.021758705 -0.033515498
v 0.029932386 0.021965648 -0.033424611
v 0.029658280 0.022135482 -0.033313865
v 0.029345554 0.022261680 -0.033187516
v 0.029006227 0.022339392 -0.033050419
v 0.028653339 0.022365632 -0.032907843
v 0.028300451 0.022339392 -0.032765267
v 0.027961123 0.022261680 -0.032628170
v 0.027648398 0.022135482 -0.032501820
v 0.027374292 0.021965648 -0.032391074
v 0.027149338 0.021758705 -0.032300187
v 0.026982183 0.021522605 -0.032232652
v 0.026879249 0.021266422 -0.032191064
v 0.026844493 0.021000000 -0.032177022
v 0.026879249 0.020733578 -0.032191064
v 0.026982183 0.020477395 -0.032232652
v 0.027149338 0.020241295 -0.032300187
v 0.027374292 0.020034352 -0.032391074
v 0.027648398 0.019864518 -0.032501820
v 0.027961123 0.019738320 -0.032628170
v 0.028300451 0.019660608 -0.032765267
v 0.028653339 0.019634368 -0.032907843
v 0.029006227 0.019660608 -0.033050419
v 0.029345554 0.019738320 -0.033187516
v 0.029658280 0.019864518 -0.033313865
v 0.029932386 0.020034352 -0.033424611
v 0.030157339 0.020241295 -0.033515498
v 0.030324495 0.020477395 -0.033583034
v 0.030427428 0.020733578 -0.033624621
v 0.032105590 0.021000000 -0.034578830
v 0.032037413 0.021522605 -0.034551284
v 0.031835501 0.022025126 -0.034469706
v 0.031507614 0.022488253 -0.034337232
v 0.031066353 0.022894186 -0.034158950
v 0.030528674 0.023227328 -0.033941714
v 0.029915240 0.023474874 -0.033693871
v 0.029249627 0.023627312 -0.033424945
v 0.028557411 0.023678784 -0.033145272
v 0.027865196 0.023627312 -0.032865599
v 0.027199582 0.023474874 -0.032596674
v 0.026586149 0.023227328 -0.032348830
v 0.026048470 0.022894186 -0.032131594
v 0.025607208 0.022488253 -0.031953313
v 0.025279321 0.022025126 -0.031820838
v 0.025077409 0.021522605 -0.031739260
v 0.025009232 0.021000000 -0.031711715
v 0.025077409 0.020477395 -0.031739260
v 0.025279321 0.019974874 -0.031820838
v 0.025607208 0.019511747 -0.031953313
v 0.026048470 0.019105814 -0.032131594
v 0.026586149 0.018772672 -0.032348830
v 0.027199582 0.018525126 -0.032596674
v 0.027865196 0.018372688 -0.032865599
v 0.028557411 0.018321216 -0.033145272
v 0.029249627 0.018372688 -0.033424945
v 0.029915240 0.018525126 -0.033693871
v 0.030528674 0.018772672 -0.033941714
v 0.031066353 0.019105814 -0.034158950
v 0.031507614 0.019511747 -0.034337232
v 0.031835501 0.019974874 -0.034469706
v 0.032037413 0.020477395 -0.034551284
v 0.033552790 0.021000000 -0.035612039
v 0.033453812 0.021758705 -0.035572050
v 0.033160682 0.022488253 -0.035453617
v 0.032684664 0.023160608 -0.035261293
v 0.032044051 0.023749932 -0.035002469
v 0.031263463 0.024233578 -0.034687091
v 0.030372896 0.024592960 -0.034327278
v 0.029406574 0.024814266 -0.033936859
v 0.028401633 0.024888992 -0.033530837
v 0.027396692 0.024814266 -0.033124814
v 0.026430370 0.024592960 -0.032734395
v 0.025539803 0.024233578 -0.032374582
v 0.024759215 0.023749932 -0.032059204
v 0.024118602 0.023160608 -0.031800380
v 0.023642584 0.022488253 -0.031608056
v 0.023349454 0.021758705 -0.031489624
v 0.023250475 0.021000000 -0.031449634
v 0.023349454 0.020241295 -0.031489624
v 0.023642584 0.019511747 -0.031608056
v 0.024118602 0.018839392 -0.031800380
v 0.024759215 0.018250068 -0.032059204
v 0.025539803 0.017766422 -0.032374582
v 0.026430370 0.017407040 -0.032734395
v 0.027396692 0.017185734 -0.033124814
v 0.028401633 0.017111008 -0.033530837
v 0.029406574 0.017185734 -0.033936859
v 0.030372896 0.017407040 -0.034327278
v 0.031263463 0.017766422 -0.034687091
v 0.032044051 0.018250068 -0.035002469
v 0.032684664 0.018839392 -0.035261293
v 0.033160682 0.019511747 -0.035453617
v 0.033453812 0.020241295 -0.035572050
v 0.034748171 0.021000000 -0.036698588
v 0.034622196 0.021965648 -0.036647690
v 0.034249111 0.022894186 -0.036496955
v 0.033643255 0.023749932 -0.036252173
v 0.032827910 0.024500000 -0.035922752
v 0.031834409 0.025115565 -0.035521352
v 0.030700932 0.025572970 -0.035063397
v 0.029471038 0.025854639 -0.034566488
v 0.028191991 0.025949747 -0.034049719
v 0.026912944 0.025854639 -0.033532950
v 0.025683049 0.025572970 -0.033036041
v 0.024549572 0.025115565 -0.032578086
v 0.023556072 0.024500000 -0.032176686
v 0.022740727 0.023749932 -0.031847265
v 0.022134870 0.022894186 -0.031602484
v 0.021761786 0.021965648 -0.031451748
v 0.021635811 0.021000000 -0.031400850
v 0.021761786 0.020034352 -0.031451748
v 0.022134870 0.019105814 -0.031602484
v 0.022740727 0.018250068 -0.031847265
v 0.023556072 0.017500000 -0.032176686
v 0.024549572 0.016884435 -0.032578086
v 0.025683049 0.016427030 -0.033036041
v 0.026912944 0.016145361 -0.033532950
v 0.028191991 0.016050253 -0.034049719
v 0.029471038 0.016145361 -0.034566488
v 0.030700932 0.016427030 -0.035063397
v 0.031834409 0.016884435 -0.035521352
v 0.032827910 0.017500000 -0.035922752
v 0.033643255 0.018250068 -0.036252173
v 0.034249111 0.019105814 -0.036496955
v 0.034622196 0.020034352 -0.036647690
v 0.035645793 0.021000000 -0.037796719
v 0.035497662 0.022135482 -0.037736870
v 0.035058961 0.023227328 -0.037559624
v 0.034346550 0.024233578 -0.037271791
v 0.033387806 0.025115565 -0.036884433
v 0.032219572 0.025839392 -0.036412436
v 0.030886744 0.026377244 -0.035873939
v 0.029440542 0.026708452 -0.035289635
v 0.027936541 0.026820287 -0.034681979
v 0.026432541 0.026708452 -0.034074323
v 0.024986338 0.026377244 -0.033490020
v 0.023653510 0.025839392 -0.032951522
v 0.022485277 0.025115565 -0.032479525
v 0.021526532 0.024233578 -0.032092167
v 0.020814121 0.023227328 -0.031804335
v 0.020375420 0.022135482 -0.031627088
v 0.020227289 0.021000000 -0.031567239
v 0.020375420 0.019864518 -0.031627088
v 0.020814121 0.018772672 -0.031804335
v 0.021526532 0.017766422 -0.032092167
v 0.022485277 0.016884435 -0.032479525
v 0.023653510 0.016160608 -0.032951522
v 0.024986338 0.015622756 -0.033490020
v 0.026432541 0.015291548 -0.034074323
v 0.027936541 0.015179713 -0.034681979
v 0.029440542 0.015291548 -0.035289635
v 0.030886744 0.015622756 -0.035873939
v 0.032219572 0.016160608 -0.036412436
v 0.033387806 0.016884435 -0.036884433
v 0.034346550 0.017766422 -0.037271791
v 0.035058961 0.018772672 -0.037559624
v 0.035497662 0.019864518 -0.037736870
v 0.036211163 0.021000000 -0.038864233
v 0.036046568 0.022261680 -0.038797733
v 0.035559110 0.023474874 -0.038600787
v 0.034767521 0.024592960 -0.038280964
v 0.033702221 0.025572970 -0.037850555
v 0.032404150 0.026377244 -0.037326100
v 0.030923191 0.026974874 -0.036727754
v 0.029316257 0.027342892 -0.036078510
v 0.027645101 0.027467157 -0.035403319
v 0.025973945 0.027342892 -0.034728129
v 0.024367011 0.026974874 -0.034078885
v 0.022886052 0.026377244 -0.033480539
v 0.021587980 0.025572970 -0.032956084
v 0.020522681 0.024592960 -0.032525675
v 0.019731092 0.023474874 -0.032205852
v 0.019243633 0.022261680 -0.032008906
v 0.019079039 0.021000000 -0.031942406
v 0.019243633 0.019738320 -0.032008906
v 0.019731092 0.018525126 -0.032205852
v 0.020522681 0.017407040 -0.032525675
v 0.021587980 0.016427030 -0.032956084
v 0.022886052 0.015622756 -0.033480539
v 0.024367011 0.015025126 -0.034078885
v 0.025973945 0.014657108 -0.034728129
v 0.027645101 0.014532843 -0.035403319
v 0.029316257 0.014657108 -0.036078510
v 0.030923191 0.015025126 -0.036727754
v 0.032404150 0.015622756 -0.037326100
v 0.033702221 0.016427030 -0.037850555
v 0.034767521 0.017407040 -0.038280964
v 0.035559110 0.018525126 -0.038600787
v 0.036046568 0.019738320 -0.038797733
v 0.036422552 0.021000000 -0.039860106
v 0.036247820 0.022339392 -0.039789509
v 0.035730337 0.023627312 -0.039580432
v 0.034889990 0.024814266 -0.039240910
v 0.033759074 0.025854639 -0.038783991
v 0.032381049 0.026708452 -0.038227232
v 0.030808871 0.027342892 -0.037592031
v 0.029102959 0.027733578 -0.036902798
v 0.027328870 0.027865497 -0.036186019
v 0.025554780 0.027733578 -0.035469241
v 0.023848868 0.027342892 -0.034780007
v 0.022276690 0.026708452 -0.034144806
v 0.020898665 0.025854639 -0.033588048
v 0.019767749 0.024814266 -0.033131128
v 0.018927402 0.023627312 -0.032791606
v 0.018409919 0.022339392 -0.032582530
v 0.018235187 0.021000000 -0.032511933
v 0.018409919 0.019660608 -0.032582530
v 0.018927402 0.018372688 -0.032791606
v 0.019767749 0.017185734 -0.033131128
v 0.020898665 0.016145361 -0.033588048
v 0.022276690 0.015291548 -0.034144806
v 0.023848868 0.014657108 -0.034780007
v 0.025554780 0.014266422 -0.035469241
v 0.027328870 0.014134503 -0.036186019
v 0.029102959 0.014266422 -0.036902798
v 0.030808871 0.014657108 -0.037592031
v 0.032381049 0.015291548 -0.038227232
v 0.033759074 0.016145361 -0.038783991
v 0.034889990 0.017185734 -0.039240910
v 0.035730337 0.018372688 -0.039580432
v 0.036247820 0.019660608 -0.039789509
v 0.036271839 0.021000000 -0.040746066
v 0.036093683 0.022365632 -0.040674086
v 0.035566062 0.023678784 -0.040460914
v 0.034709252 0.024888992 -0.040114740
v 0.033556180 0.025949747 -0.039648869
v 0.032151158 0.026820287 -0.039081203
v 0.030548179 0.027467157 -0.038433557
v 0.028808846 0.027865497 -0.037730821
v 0.027000000 0.028000000 -0.037000000
v 0.025191154 0.027865497 -0.036269179
v 0.023451821 0.027467157 -0.035566443
v 0.021848842 0.026820287 -0.034918797
v 0.020443820 0.025949747 -0.034351131
v 0.019290748 0.024888992 -0.033885260
v 0.018433938 0.023678784 -0.033539086
v 0.017906317 0.022365632 -0.033325914
v 0.017728161 0.021000000 -0.033253934
v 0.017906317 0.019634368 -0.033325914
v 0.018433938 0.018321216 -0.033539086
v 0.019290748 0.017111008 -0.033885260
v 0.020443820 0.016050253 -0.034351131
v 0.021848842 0.015179713 -0.034918797
v 0.023451821 0.014532843 -0.035566443
v 0.025191154 0.014134503 -0.036269179
v 0.027000000 0.014000000 -0.037000000
v 0.028808846 0.014134503 -0.037730821
v 0.030548179 0.014532843 -0.038433557
v 0.032151158 0.015179713 -0.039081203
v 0.033556180 0.016050253 -0.039648869
v 0.034709252 0.017111008 -0.040114740
v 0.035566062 0.018321216 -0.040460914
v 0.036093683 0.019634368 -0.040674086
v 0.035764813 0.021000000 -0.041488067
v 0.035590081 0.022339392 -0.041417470
v 0.035072598 0.023627312 -0.041208394
v 0.034232251 0.024814266 -0.040868872
v 0.033101335 0.025854639 -0.040411952
v 0.031723310 0.026708452 -0.039855194
v 0.030151132 0.027342892 -0.039219993
v 0.028445220 0.027733578 -0.038530759
v 0.026671130 0.027865497 -0.037813981
v 0.024897041 0.027733578 -0.037097202
v 0.023191129 0.027342892 -0.036407969
v 0.021618951 0.026708452 -0.035772768
v 0.020240926 0.025854639 -0.035216009
v 0.019110010 0.024814266 -0.034759090
v 0.018269663 0.023627312 -0.034419568
v 0.017752180 0.022339392 -0.034210491
v 0.017577448 0.021000000 -0.034139894
v 0.017752180 0.019660608 -0.034210491
v 0.018269663 0.018372688 -0.034419568
v 0.019110010 0.017185734 -0.034759090
v 0.020240926 0.016145361 -0.035216009
v 0.021618951 0.015291548 -0.035772768
v 0.023191129 0.014657108 -0.036407969
v 0.024897041 0.014266422 -0.037097202
v 0.026671130 0.014134503 -0.037813981
v 0.028445220 0.014266422 -0.038530759
v 0.030151132 0.014657108 -0.039219993
v 0.031723310 0.015291548 -0.039855194
v 0.033101335 0.016145361 -0.040411952
v 0.034232251 0.017185734 -0.040868872
v 0.035072598 0.018372688 -0.041208394
v 0.035590081 0.019660608 -0.041417470
v 0.034920961 0.021000000 -0.042057594
v 0.034756367 0.022261680 -0.041991094
v 0.034268908 0.023474874 -0.041794148
v 0.033477319 0.024592960 -0.041474325
v 0.032412020 0.025572970 -0.041043916
v 0.031113948 0.026377244 -0.040519461
v 0.029632989 0.026974874 -0.039921115
v 0.028026055 0.027342892 -0.039271871
v 0.026354899 0.027467157 -0.038596681
v 0.024683743 0.027342892 -0.037921490
v 0.023076809 0.026974874 -0.037272246
v 0.021595850 0.026377244 -0.036673900
v 0.020297779 0.025572970 -0.036149445
v 0.019232479 0.024592960 -0.035719036
v 0.018440890 0.023474874 -0.035399213
v 0.017953432 0.022261680 -0.035202267
v 0.017788837 0.021000000 -0.035135767
v 0.017953432 0.019738320 -0.035202267
v 0.018440890 0.018525126 -0.035399213
v 0.019232479 0.017407040 -0.035719036
v 0.020297779 0.016427030 -0.036149445
v 0.021595850 0.015622756 -0.036673900
v 0.023076809 0.015025126 -0.037272246
v 0.024683743 0.014657108 -0.037921490
v 0.026354899 0.014532843 -0.038596681
v 0.028026055 0.014657108 -0.039271871
v 0.029632989 0.015025126 -0.039921115
v 0.031113948 0.015622756 -0.040519461
v 0.032412020 0.016427030 -0.041043916
v 0.033477319 0.017407040 -0.041474325
v 0.034268908 0.018525126 -0.041794148
v 0.034756367 0.019738320 -0.041991094
v 0.033772711 0.021000000 -0.042432761
v 0.033624580 0.022135482 -0.042372912
v 0.033185879 0.023227328 -0.042195665
v 0.032473468 0.024233578 -0.041907833
v 0.031514723 0.025115565 -0.041520475
v 0.030346490 0.025839392 -0.041048478
v 0.029013662 0.026377244 -0.040509980
v 0.027567459 0.026708452 -0.039925677
v 0.026063459 0.026820287 -0.039318021
v 0.024559458 0.026708452 -0.038710365
v 0.023113256 0.026377244 -0.038126061
v 0.021780428 0.025839392 -0.037587564
v 0.020612194 0.025115565 -0.037115567
v 0.019653450 0.024233578 -0.036728209
v 0.018941039 0.023227328 -0.036440376
v 0.018502338 0.022135482 -0.036263130
v 0.018354207 0.021000000 -0.036203281
v 0.018502338 0.019864518 -0.036263130
v 0.018941039 0.018772672 -0.036440376
v 0.019653450 0.017766422 -0.036728209
v 0.020612194 0.016884435 -0.037115567
v 0.021780428 0.016160608 -0.037587564
v 0.023113256 0.015622756 -0.038126061
v 0.024559458 0.015291548 -0.038710365
v 0.026063459 0.015179713 -0.039318021
v 0.027567459 0.015291548 -0.039925677
v 0.029013662 0.015622756 -0.040509980
v 0.030346490 0.016160608 -0.041048478
v 0.031514723 0.016884435 -0.041520475
v 0.032473468 0.017766422 -0.041907833
v 0.033185879 0.018772672 -0.042195665
v 0.033624580 0.019864518 -0.042372912
v 0.032364189 0.021000000 -0.042599150
v 0.032238214 0.021965648 -0.042548252
v 0.031865130 0.022894186 -0.042397516
v 0.031259273 0.023749932 -0.042152735
v 0.030443928 0.024500000 -0.041823314
v 0.029450428 0.025115565 -0.041421914
v 0.028316951 0.025572970 -0.040963959
v 0.027087056 0.025854639 -0.040467050
v 0.025808009 0.025949747 -0.039950281
v 0.024528962 0.025854639 -0.039433512
v 0.023299068 0.025572970 -0.038936603
v 0.022165591 0.025115565 -0.038478648
v 0.021172090 0.024500000 -0.038077248
v 0.020356745 0.023749932 -0.037747827
v 0.019750889 0.022894186 -0.037503045
v 0.019377804 0.021965648 -0.037352310
v 0.019251829 0.021000000 -0.037301412
v 0.019377804 0.020034352 -0.037352310
v 0.019750889 0.019105814 -0.037503045
v 0.020356745 0.018250068 -0.037747827
v 0.021172090 0.017500000 -0.038077248
v 0.022165591 0.016884435 -0.038478648
v 0.023299068 0.016427030 -0.038936603
v 0.024528962 0.016145361 -0.039433512
v 0.025808009 0.016050253 -0.039950281
v 0.027087056 0.016145361 -0.040467050
v 0.028316951 0.016427030 -0.040963959
v 0.029450428 0.016884435 -0.041421914
v 0.030443928 0.017500000 -0.041823314
v 0.031259273 0.018250068 -0.042152735
v 0.031865130 0.019105814 -0.042397516
v 0.032238214 0.020034352 -0.042548252
v 0.030749525 0.021000000 -0.042550366
v 0.030650546 0.021758705 -0.042510376
v 0.030357416 0.022488253 -0.042391944
v 0.029881398 0.023160608 -0.042199620
v 0.029240785 0.023749932 -0.041940796
v 0.028460197 0.024233578 -0.041625418
v 0.027569630 0.024592960 -0.041265605
v 0.026603308 0.024814266 -0.040875186
v 0.025598367 0.024888992 -0.040469163
v 0.024593426 0.024814266 -0.040063141
v 0.023627104 0.024592960 -0.039672722
v 0.022736537 0.024233578 -0.039312909
v 0.021955949 0.023749932 -0.038997531
v 0.021315336 0.023160608 -0.038738707
v 0.020839318 0.022488253 -0.038546383
v 0.020546188 0.021758705 -0.038427950
v 0.020447210 0.021000000 -0.038387961
v 0.020546188 0.020241295 -0.038427950
v 0.020839318 0.019511747 -0.038546383
v 0.021315336 0.018839392 -0.038738707
v 0.021955949 0.018250068 -0.038997531
v 0.022736537 0.017766422 -0.039312909
v 0.023627104 0.017407040 -0.039672722
v 0.024593426 0.017185734 -0.040063141
v 0.025598367 0.017111008 -0.040469163
v 0.026603308 0.017185734 -0.040875186
v 0.027569630 0.017407040 -0.041265605
v 0.028460197 0.017766422 -0.041625418
v 0.029240785 0.018250068 -0.041940796
v 0.029881398 0.018839392 -0.042199620
v 0.030357416 0.019511747 -0.042391944
v 0.030650546 0.020241295 -0.042510376
v 0.028990768 0.021000000 -0.042288285
v 0.028922591 0.021522605 -0.042260740
v 0.028720679 0.022025126 -0.042179162
v 0.028392792 0.022488253 -0.042046687
v 0.027951530 0.022894186 -0.041868406
v 0.027413851 0.023227328 -0.041651170
v 0.026800418 0.023474874 -0.041403326
v 0.026134804 0.023627312 -0.041134401
v 0.025442589 0.023678784 -0.040854728
v 0.024750373 0.023627312 -0.040575055
v 0.024084760 0.023474874 -0.040306129
v 0.023471326 0.023227328 -0.040058286
v 0.022933647 0.022894186 -0.039841050
v 0.022492386 0.022488253 -0.039662768
v 0.022164499 0.022025126 -0.039530294
v 0.021962587 0.021522605 -0.039448716
v 0.021894410 0.021000000 -0.039421170
v 0.021962587 0.020477395 -0.039448716
v 0.022164499 0.019974874 -0.039530294
v 0.022492386 0.019511747 -0.039662768
v 0.022933647 0.019105814 -0.039841050
v 0.023471326 0.018772672 -0.040058286
v 0.024084760 0.018525126 -0.040306129
v 0.024750373 0.018372688 -0.040575055
v 0.025442589 0.018321216 -0.040854728
v 0.026134804 0.018372688 -0.041134401
v 0.026800418 0.018525126 -0.041403326
v 0.027413851 0.018772672 -0.041651170
v 0.027951530 0.019105814 -0.041868406
v 0.028392792 0.019511747 -0.042046687
v 0.028720679 0.019974874 -0.042179162
v 0.028922591 0.020477395 -0.042260740
v 0.027155507 0.021000000 -0.041822978
v 0.027120751 0.021266422 -0.041808936
v 0.027017817 0.021522605 -0.041767348
v 0.026850662 0.021758705 -0.041699813
v 0.026625708 0.021965648 -0.041608926
v 0.026351602 0.022135482 -0.041498180
v 0.026038877 0.022261680 -0.041371830
v 0.025699549 0.022339392 -0.041234733
v 0.025346661 0.022365632 -0.041092157
v 0.024993773 0.022339392 -0.040949581
v 0.024654446 0.022261680 -0.040812484
v 0.024341720 0.022135482 -0.040686135
v 0.024067614 0.021965648 -0.040575389
v 0.023842661 0.021758705 -0.040484502
v 0.023675505 0.021522605 -0.040416966
v 0.023572572 0.021266422 -0.040375379
v 0.023537815 0.021000000 -0.040361336
v 0.023572572 0.020733578 -0.040375379
v 0.023675505 0.020477395 -0.040416966
v 0.023842661 0.020241295 -0.040484502
v 0.024067614 0.020034352 -0.040575389
v 0.024341720 0.019864518 -0.040686135
v 0.024654446 0.019738320 -0.040812484
v 0.024993773 0.019660608 -0.040949581
v 0.025346661 0.019634368 -0.041092157
v 0.025699549 0.019660608 -0.041234733
v 0.026038877 0.019738320 -0.041371830
v 0.026351602 0.019864518 -0.041498180
v 0.026625708 0.020034352 -0.041608926
v 0.026850662 0.020241295 -0.041699813
v 0.027017817 0.020477395 -0.041767348
v 0.027120751 0.020733578 -0.041808936
v 0.025314270 0.021000000 -0.041172327
f 7855 7856 7857
f 7855 7857 7858
f 7855 7858 7859
f 7855 7859 7860
f 7855 7860 7861
f 7855 7861 7862
f 7855 7862 7863
f 7855 7863 7864
f 7855 7864 7865
f 7855 7865 7866
f 7855 7866 7867
f 7855 7867 7868
f 7855 7868 7869
f 7855 7869 7870
f 7855 7870 7871
f 7855 7871 7872
f 7855 7872 7873
f 7855 7873 7874
f 7855 7874 7875
f 7855 7875 7876
f 7855 7876 7877
f 7855 7877 7878
f 7855 7878 7879
f 7855 7879 7880
f 7855 7880 7881
f 7855 7881 7882
f 7855 7882 7883
f 7855 7883 7884
f 7855 7884 7885
f 7855 7885 7886
f 7855 7886 7887
f 7855 7887 7856
f 7856 7888 7889
f 7856 7889 7857
f 7857 7889 7890
f 7857 7890 7858
f 7858 7890 7891
f 7858 7891 7859
f 7859 7891 7892
f 7859 7892 7860
f 7860 7892 7893
f 7860 7893 7861
f 7861 7893 7894
f 7861 7894 7862
f 7862 7894 7895
f 7862 7895 7863
f 7863 7895 7896
f 7863 7896 7864
f 7864 7896 7897
f 7864 7897 7865
f 7865 7897 7898
f 7865 7898 7866
f 7866 7898 7899
f 7866 7899 7867
f 7867 7899 7900
f 7867 7900 7868
f 7868 7900 7901
f 7868 7901 7869
f 7869 7901 7902
f 7869 7902 7870
f 7870 7902 7903
f 7870 7903 7871
f 7871 7903 7904
f 7871 7904 7872
f 7872 7904 7905
f 7872 7905 7873
f 7873 7905 7906
f 7873 7906 7874
f 7874 7906 7907
f 7874 7907 7875
f 7875 7907 7908
f 7875 7908 7876
f 7876 7908 7909
f 7876 7909 7877
f 7877 7909 7910
f 7877 7910 7878
f 7878 7910 7911
f 7878 7911 7879
f 7879 7911 7912
f 7879 7912 7880
f 7880 7912 7913
f 7880 7913 7881
f 7881 7913 7914
f 7881 7914 7882
f 7882 7914 7915
f 7882 7915 7883
f 7883 7915 7916
f 7883 7916 7884
f 7884 7916 7917
f 7884 7917 7885
f 7885 7917 7918
f 7885 7918 7886
f 7886 7918 7919
f 7886 7919 7887
f 7887 7919 7888
f 7887 7888 7856
f 7888 7920 7921
f 7888 7921 7889
f 7889 7921 7922
f 7889 7922 7890
f 7890 7922 7923
f 7890 7923 7891
f 7891 7923 7924
f 7891 7924 7892
f 7892 7924 7925
f 7892 7925 7893
f 7893 7925 7926
f 7893 7926 7894
f 7894 7926 7927
f 7894 7927 7895
f 7895 7927 7928
f 7895 7928 7896
f 7896 7928 7929
f 7896 7929 7897
f 7897 7929 7930
f 7897 7930 7898
f 7898 7930 7931
f 7898 7931 7899
f 7899 7931 7932
f 7899 7932 7900
f 7900 7932 7933
f 7900 7933 7901
f 7901 7933 7934
f 7901 7934 7902
f 7902 7934 7935
f 7902 7935 7903
f 7903 7935 7936
f 7903 7936 7904
f 7904 7936 7937
f 7904 7937 7905
f 7905 7937 7938
f 7905 7938 7906
f 7906 7938 7939
f 7906 7939 7907
f 7907 7939 7940
f 7907 7940 7908
f 7908 7940 7941
f 7908 7941 7909
f 7909 7941 7942
f 7909 7942 7910
f 7910 7942 7943
f 7910 7943 7911
f 7911 7943 7944
f 7911 7944 7912
f 7912 7944 7945
f 7912 7945 7913
f 7913 7945 7946
f 7913 7946 7914
f 7914 7946 7947
f 7914 7947 7915
f 7915 7947 7948
f 7915 7948 7916
f 7916 7948 7949
f 7916 7949 7917
f 7917 7949 7950
f 7917 7950 7918
f 7918 7950 7951
f 7918 7951 7919
f 7919 7951 7920
f 7919 7920 7888
f 7920 7952 7953
f 7920 7953 7921
f 7921 7953 7954
f 7921 7954 7922
f 7922 7954 7955
f 7922 7955 7923
f 7923 7955 7956
f 7923 7956 7924
f 7924 7956 7957
f 7924 7957 7925
f 7925 7957 7958
f 7925 7958 7926
f 7926 7958 7959
f 7926 7959 7927
f 7927 7959 7960
f 7927 7960 7928
f 7928 7960 7961
f 7928 7961 7929
f 7929 7961 7962
f 7929 7962 7930
f 7930 7962 7963
f 7930 7963 7931
f 7931 7963 7964
f 7931 7964 7932
f 7932 7964 7965
f 7932 7965 7933
f 7933 7965 7966
f 7933 7966 7934
f 7934 7966 7967
f 7934 7967 7935
f 7935 7967 7968
f 7935 7968 7936
f 7936 7968 7969
f 7936 7969 7937
f 7937 7969 7970
f 7937 7970 7938
f 7938 7970 7971
f 7938 7971 7939
f 7939 7971 7972
f 7939 7972 7940
f 7940 7972 7973
f 7940 7973 7941
f 7941 7973 7974
f 7941 7974 7942
f 7942 7974 7975
f 7942 7975 7943
f 7943 7975 7976
f 7943 7976 7944
f 7944 7976 7977
f 7944 7977 7945
f 7945 7977 7978
f 7945 7978 7946
f 7946 7978 7979
f 7946 7979 7947
f 7947 7979 7980
f 7947 7980 7948
f 7948 7980 7981
f 7948 7981 7949
f 7949 7981 7982
f 7949 7982 7950
f 7950 7982 7983
f 7950 7983 7951
f 7951 7983 7952
f 7951 7952 7920
f 7952 7984 7985
f 7952 7985 7953
f 7953 7985 7986
f 7953 7986 7954
f 7954 7986 7987
f 7954 7987 7955
f 7955 7987 7988
f 7955 7988 7956
f 7956 7988 7989
f 7956 7989 7957
f 7957 7989 7990
f 7957 7990 7958
f 7958 7990 7991
f 7958 7991 7959
f 7959 7991 7992
f 7959 7992 7960
f 7960 7992 7993
f 7960 7993 7961
f 7961 7993 7994
f 7961 7994 7962
f 7962 7994 7995
f 7962 7995 7963
f 7963 7995 7996
f 7963 7996 7964
f 7964 7996 7997
f 7964 7997 7965
f 7965 7997 7998
f 7965 7998 7966
f 7966 7998 7999
f 7966 7999 7967
f 7967 7999 8000
f 7967 8000 7968
f 7968 8000 8001
f 7968 8001 7969
f 7969 8001 8002
f 7969 8002 7970
f 7970 8002 8003
f 7970 8003 7971
f 7971 8003 8004
f 7971 8004 7972
f 7972 8004 8005
f 7972 8005 7973
f 7973 8005 8006
f 7973 8006 7974
f 7974 8006 8007
f 7974 8007 7975
f 7975 8007 8008
f 7975 8008 7976
f 7976 8008 8009
f 7976 8009 7977
f 7977 8009 8010
f 7977 8010 7978
f 7978 8010 8011
f 7978 8011 7979
f 7979 8011 8012
f 7979 8012 7980
f 7980 8012 8013
f 7980 8013 7981
f 7981 8013 8014
f 7981 8014 7982
f 7982 8014 8015
f 7982 8015 7983
f 7983 8015 7984
f 7983 7984 7952
f 7984 8016 8017
f 7984 8017 7985
f 7985 8017 8018
f 7985 8018 7986
f 7986 8018 8019
f 7986 8019 7987
f 7987 8019 8020
f 7987 8020 7988
f 7988 8020 8021
f 7988 8021 7989
f 7989 8021 8022
f 7989 8022 7990
f 7990 8022 8023
f 7990 8023 7991
f 7991 8023 8024
f 7991 8024 7992
f 7992 8024 8025
f 7992 8025 7993
f 7993 8025 8026
f 7993 8026 7994
f 7994 8026 8027
f 7994 8027 7995
f 7995 8027 8028
f 7995 8028 7996
f 7996 8028 8029
f 7996 8029 7997
f 7997 8029 8030
f 7997 8030 7998
f 7998 8030 8031
f 7998 8031 7999
f 7999 8031 8032
f 7999 8032 8000
f 8000 8032 8033
f 8000 8033 8001
f 8001 8033 8034
f 8001 8034 8002
f 8002 8034 8035
f 8002 8035 8003
f 8003 8035 8036
f 8003 8036 8004
f 8004 8036 8037
f 8004 8037 8005
f 8005 8037 8038
f 8005 8038 8006
f 8006 8038 8039
f 8006 8039 8007
f 8007 8039 8040
f 8007 8040 8008
f 8008 8040 8041
f 8008 8041 8009
f 8009 8041 8042
f 8009 8042 8010
f 8010 8042 8043
f 8010 8043 8011
f 8011 8043 8044
f 8011 8044 8012
f 8012 8044 8045
f 8012 8045 8013
f 8013 8045 8046
f 8013 8046 8014
f 8014 8046 8047
f 8014 8047 8015
f 8015 8047 8016
f 8015 8016 7984
f 8016 8048 8049
f 8016 8049 8017
f 8017 8049 8050
f 8017 8050 8018
f 8018 8050 8051
f 8018 8051 8019
f 8019 8051 8052
f 8019 8052 8020
f 8020 8052 8053
f 8020 8053 8021
f 8021 8053 8054
f 8021 8054 8022
f 8022 8054 8055
f 8022 8055 8023
f 8023 8055 8056
f 8023 8056 8024
f 8024 8056 8057
f 8024 8057 8025
f 8025 8057 8058
f 8025 8058 8026
f 8026 8058 8059
f 8026 8059 8027
f 8027 8059 8060
f 8027 8060 8028
f 8028 8060 8061
f 8028 8061 8029
f 8029 8061 8062
f 8029 8062 8030
f 8030 8062 8063
f 8030 8063 8031
f 8031 8063 8064
f 8031 8064 8032
f 8032 8064 8065
f 8032 8065 8033
f 8033 8065 8066
f 8033 8066 8034
f 8034 8066 8067
f 8034 8067 8035
f 8035 8067 8068
f 8035 8068 8036
f 8036 8068 8069
f 8036 8069 8037
f 8037 8069 8070
f 8037 8070 8038
f 8038 8070 8071
f 8038 8071 8039
f 8039 8071 8072
f 8039 8072 8040
f 8040 8072 8073
f 8040 8073 8041
f 8041 8073 8074
f 8041 8074 8042
f 8042 8074 8075
f 8042 8075 8043
f 8043 8075 8076
f 8043 8076 8044
f 8044 8076 8077
f 8044 8077 8045
f 8045 8077 8078
f 8045 8078 8046
f 8046 8078 8079
f 8046 8079 8047
f 8047 8079 8048
f 8047 8048 8016
f 8048 8080 8081
f 8048 8081 8049
f 8049 8081 8082
f 8049 8082 8050
f 8050 8082 8083
f 8050 8083 8051
f 8051 8083 8084
f 8051 8084 8052
f 8052 8084 8085
f 8052 8085 8053
f 8053 8085 8086
f 8053 8086 8054
f 8054 8086 8087
f 8054 8087 8055
f 8055 8087 8088
f 8055 8088 8056
f 8056 8088 8089
f 8056 8089 8057
f 8057 8089 8090
f 8057 8090 8058
f 8058 8090 8091
f 8058 8091 8059
f 8059 8091 8092
f 8059 8092 8060
f 8060 8092 8093
f 8060 8093 8061
f 8061 8093 8094
f 8061 8094 8062
f 8062 8094 8095
f 8062 8095 8063
f 8063 8095 8096
f 8063 8096 8064
f 8064 8096 8097
f 8064 8097 8065
f 8065 8097 8098
f 8065 8098 8066
f 8066 8098 8099
f 8066 8099 8067
f 8067 8099 8100
f 8067 8100 8068
f 8068 8100 8101
f 8068 8101 8069
f 8069 8101 8102
f 8069 8102 8070
f 8070 8102 8103
f 8070 8103 8071
f 8071 8103 8104
f 8071 8104 8072
f 8072 8104 8105
f 8072 8105 8073
f 8073 8105 8106
f 8073 8106 8074
f 8074 8106 8107
f 8074 8107 8075
f 8075 8107 8108
f 8075 8108 8076
f 8076 8108 8109
f 8076 8109 8077
f 8077 8109 8110
f 8077 8110 8078
f 8078 8110 8111
f 8078 8111 8079
f 8079 8111 8080
f 8079 8080 8048
f 8080 8112 8113
f 8080 8113 8081
f 8081 8113 8114
f 8081 8114 8082
f 8082 8114 8115
f 8082 8115 8083
f 8083 8115 8116
f 8083 8116 8084
f 8084 8116 8117
f 8084 8117 8085
f 8085 8117 8118
f 8085 8118 8086
f 8086 8118 8119
f 8086 8119 8087
f 8087 8119 8120
f 8087 8120 8088
f 8088 8120 8121
f 8088 8121 8089
f 8089 8121 8122
f 8089 8122 8090
f 8090 8122 8123
f 8090 8123 8091
f 8091 8123 8124
f 8091 8124 8092
f 8092 8124 8125
f 8092 8125 8093
f 8093 8125 8126
f 8093 8126 8094
f 8094 8126 8127
f 8094 8127 8095
f 8095 8127 8128
f 8095 8128 8096
f 8096 8128 8129
f 8096 8129 8097
f 8097 8129 8130
f 8097 8130 8098
f 8098 8130 8131
f 8098 8131 8099
f 8099 8131 8132
f 8099 8132 8100
f 8100 8132 8133
f 8100 8133 8101
f 8101 8133 8134
f 8101 8134 8102
f 8102 8134 8135
f 8102 8135 8103
f 8103 8135 8136
f 8103 8136 8104
f 8104 8136 8137
f 8104 8137 8105
f 8105 8137 8138
f 8105 8138 8106
f 8106 8138 8139
f 8106 8139 8107
f 8107 8139 8140
f 8107 8140 8108
f 8108 8140 8141
f 8108 8141 8109
f 8109 8141 8142
f 8109 8142 8110
f 8110 8142 8143
f 8110 8143 8111
f 8111 8143 8112
f 8111 8112 8080
f 8112 8144 8145
f 8112 8145 8113
f 8113 8145 8146
f 8113 8146 8114
f 8114 8146 8147
f 8114 8147 8115
f 8115 8147 8148
f 8115 8148 8116
f 8116 8148 8149
f 8116 8149 8117
f 8117 8149 8150
f 8117 8150 8118
f 8118 8150 8151
f 8118 8151 8119
f 8119 8151 8152
f 8119 8152 8120
f 8120 8152 8153
f 8120 8153 8121
f 8121 8153 8154
f 8121 8154 8122
f 8122 8154 8155
f 8122 8155 8123
f 8123 8155 8156
f 8123 8156 8124
f 8124 8156 8157
f 8124 8157 8125
f 8125 8157 8158
f 8125 8158 8126
f 8126 8158 8159
f 8126 8159 8127
f 8127 8159 8160
f 8127 8160 8128
f 8128 8160 8161
f 8128 8161 8129
f 8129 8161 8162
f 8129 8162 8130
f 8130 8162 8163
f 8130 8163 8131
f 8131 8163 8164
f 8131 8164 8132
f 8132 8164 8165
f 8132 8165 8133
f 8133 8165 8166
f 8133 8166 8134
f 8134 8166 8167
f 8134 8167 8135
f 8135 8167 8168
f 8135 8168 8136
f 8136 8168 8169
f 8136 8169 8137
f 8137 8169 8170
f 8137 8170 8138
f 8138 8170 8171
f 8138 8171 8139
f 8139 8171 8172
f 8139 8172 8140
f 8140 8172 8173
f 8140 8173 8141
f 8141 8173 8174
f 8141 8174 8142
f 8142 8174 8175
f 8142 8175 8143
f 8143 8175 8144
f 8143 8144 8112
f 8144 8176 8177
f 8144 8177 8145
f 8145 8177 8178
f 8145 8178 8146
f 8146 8178 8179
f 8146 8179 8147
f 8147 8179 8180
f 8147 8180 8148
f 8148 8180 8181
f 8148 8181 8149
f 8149 8181 8182
f 8149 8182 8150
f 8150 8182 8183
f 8150 8183 8151
f 8151 8183 8184
f 8151 8184 8152
f 8152 8184 8185
f 8152 8185 8153
f 8153 8185 8186
f 8153 8186 8154
f 8154 8186 8187
f 8154 8187 8155
f 8155 8187 8188
f 8155 8188 8156
f 8156 8188 8189
f 8156 8189 8157
f 8157 8189 8190
f 8157 8190 8158
f 8158 8190 8191
f 8158 8191 8159
f 8159 8191 8192
f 8159 8192 8160
f 8160 8192 8193
f 8160 8193 8161
f 8161 8193 8194
f 8161 8194 8162
f 8162 8194 8195
f 8162 8195 8163
f 8163 8195 8196
f 8163 8196 8164
f 8164 8196 8197
f 8164 8197 8165
f 8165 8197 8198
f 8165 8198 8166
f 8166 8198 8199
f 8166 8199 8167
f 8167 8199 8200
f 8167 8200 8168
f 8168 8200 8201
f 8168 8201 8169
f 8169 8201 8202
f 8169 8202 8170
f 8170 8202 8203
f 8170 8203 8171
f 8171 8203 8204
f 8171 8204 8172
f 8172 8204 8205
f 8172 8205 8173
f 8173 8205 8206
f 8173 8206 8174
f 8174 8206 8207
f 8174 8207 8175
f 8175 8207 8176
f 8175 8176 8144
f 8176 8208 8209
f 8176 8209 8177
f 8177 8209 8210
f 8177 8210 8178
f 8178 8210 8211
f 8178 8211 8179
f 8179 8211 8212
f 8179 8212 8180
f 8180 8212 8213
f 8180 8213 8181
f 8181 8213 8214
f 8181 8214 8182
f 8182 8214 8215
f 8182 8215 8183
f 8183 8215 8216
f 8183 8216 8184
f 8184 8216 8217
f 8184 8217 8185
f 8185 8217 8218
f 8185 8218 8186
f 8186 8218 8219
f 8186 8219 8187
f 8187 8219 8220
f 8187 8220 8188
f 8188 8220 8221
f 8188 8221 8189
f 8189 8221 8222
f 8189 8222 8190
f 8190 8222 8223
f 8190 8223 8191
f 8191 8223 8224
f 8191 8224 8192
f 8192 8224 8225
f 8192 8225 8193
f 8193 8225 8226
f 8193 8226 8194
f 8194 8226 8227
f 8194 8227 8195
f 8195 8227 8228
f 8195 8228 8196
f 8196 8228 8229
f 8196 8229 8197
f 8197 8229 8230
f 8197 8230 8198
f 8198 8230 8231
f 8198 8231 8199
f 8199 8231 8232
f 8199 8232 8200
f 8200 8232 8233
f 8200 8233 8201
f 8201 8233 8234
f 8201 8234 8202
f 8202 8234 8235
f 8202 8235 8203
f 8203 8235 8236
f 8203 8236 8204
f 8204 8236 8237
f 8204 8237 8205
f 8205 8237 8238
f 8205 8238 8206
f 8206 8238 8239
f 8206 8239 8207
f 8207 8239 8208
f 8207 8208 8176
f 8208 8240 8241
f 8208 8241 8209
f 8209 8241 8242
f 8209 8242 8210
f 8210 8242 8243
f 8210 8243 8211
f 8211 8243 8244
f 8211 8244 8212
f 8212 8244 8245
f 8212 8245 8213
f 8213 8245 8246
f 8213 8246 8214
f 8214 8246 8247
f 8214 8247 8215
f 8215 8247 8248
f 8215 8248 8216
f 8216 8248 8249
f 8216 8249 8217
f 8217 8249 8250
f 8217 8250 8218
f 8218 8250 8251
f 8218 8251 8219
f 8219 8251 8252
f 8219 8252 8220
f 8220 8252 8253
f 8220 8253 8221
f 8221 8253 8254
f 8221 8254 8222
f 8222 8254 8255
f 8222 8255 8223
f 8223 8255 8256
f 8223 8256 8224
f 8224 8256 8257
f 8224 8257 8225
f 8225 8257 8258
f 8225 8258 8226
f 8226 8258 8259
f 8226 8259 8227
f 8227 8259 8260
f 8227 8260 8228
f 8228 8260 8261
f 8228 8261 8229
f 8229 8261 8262
f 8229 8262 8230
f 8230 8262 8263
f 8230 8263 8231
f 8231 8263 8264
f 8231 8264 8232
f 8232 8264 8265
f 8232 8265 8233
f 8233 8265 8266
f 8233 8266 8234
f 8234 8266 8267
f 8234 8267 8235
f 8235 8267 8268
f 8235 8268 8236
f 8236 8268 8269
f 8236 8269 8237
f 8237 8269 8270
f 8237 8270 8238
f 8238 8270 8271
f 8238 8271 8239
f 8239 8271 8240
f 8239 8240 8208
f 8240 8272 8273
f 8240 8273 8241
f 8241 8273 8274
f 8241 8274 8242
f 8242 8274 8275
f 8242 8275 8243
f 8243 8275 8276
f 8243 8276 8244
f 8244 8276 8277
f 8244 8277 8245
f 8245 8277 8278
f 8245 8278 8246
f 8246 8278 8279
f 8246 8279 8247
f 8247 8279 8280
f 8247 8280 8248
f 8248 8280 8281
f 8248 8281 8249
f 8249 8281 8282
f 8249 8282 8250
f 8250 8282 8283
f 8250 8283 8251
f 8251 8283 8284
f 8251 8284 8252
f 8252 8284 8285
f 8252 8285 8253
f 8253 8285 8286
f 8253 8286 8254
f 8254 8286 8287
f 8254 8287 8255
f 8255 8287 8288
f 8255 8288 8256
f 8256 8288 8289
f 8256 8289 8257
f 8257 8289 8290
f 8257 8290 8258
f 8258 8290 8291
f 8258 8291 8259
f 8259 8291 8292
f 8259 8292 8260
f 8260 8292 8293
f 8260 8293 8261
f 8261 8293 8294
f 8261 8294 8262
f 8262 8294 8295
f 8262 8295 8263
f 8263 8295 8296
f 8263 8296 8264
f 8264 8296 8297
f 8264 8297 8265
f 8265 8297 8298
f 8265 8298 8266
f 8266 8298 8299
f 8266 8299 8267
f 8267 8299 8300
f 8267 8300 8268
f 8268 8300 8301
f 8268 8301 8269
f 8269 8301 8302
f 8269 8302 8270
f 8270 8302 8303
f 8270 8303 8271
f 8271 8303 8272
f 8271 8272 8240
f 8272 8304 8305
f 8272 8305 8273
f 8273 8305 8306
f 8273 8306 8274
f 8274 8306 8307
f 8274 8307 8275
f 8275 8307 8308
f 8275 8308 8276
f 8276 8308 8309
f 8276 8309 8277
f 8277 8309 8310
f 8277 8310 8278
f 8278 8310 8311
f 8278 8311 8279
f 8279 8311 8312
f 8279 8312 8280
f 8280 8312 8313
f 8280 8313 8281
f 8281 8313 8314
f 8281 8314 8282
f 8282 8314 8315
f 8282 8315 8283
f 8283 8315 8316
f 8283 8316 8284
f 8284 8316 8317
f 8284 8317 8285
f 8285 8317 8318
f 8285 8318 8286
f 8286 8318 8319
f 8286 8319 8287
f 8287 8319 8320
f 8287 8320 8288
f 8288 8320 8321
f 8288 8321 8289
f 8289 8321 8322
f 8289 8322 8290
f 8290 8322 8323
f 8290 8323 8291
f 8291 8323 8324
f 8291 8324 8292
f 8292 8324 8325
f 8292 8325 8293
f 8293 8325 8326
f 8293 8326 8294
f 8294 8326 8327
f 8294 8327 8295
f 8295 8327 8328
f 8295 8328 8296
f 8296 8328 8329
f 8296 8329 8297
f 8297 8329 8330
f 8297 8330 8298
f 8298 8330 8331
f 8298 8331 8299
f 8299 8331 8332
f 8299 8332 8300
f 8300 8332 8333
f 8300 8333 8301
f 8301 8333 8334
f 8301 8334 8302
f 8302 8334 8335
f 8302 8335 8303
f 8303 8335 8304
f 8303 8304 8272
f 8336 8305 8304
f 8336 8306 8305
f 8336 8307 8306
f 8336 8308 8307
f 8336 8309 8308
f 8336 8310 8309
f 8336 8311 8310
f 8336 8312 8311
f 8336 8313 8312
f 8336 8314 8313
f 8336 8315 8314
f 8336 8316 8315
f 8336 8317 8316
f 8336 8318 8317
f 8336 8319 8318
f 8336 8320 8319
f 8336 8321 8320
f 8336 8322 8321
f 8336 8323 8322
f 8336 8324 8323
f 8336 8325 8324
f 8336 8326 8325
f 8336 8327 8326
f 8336 8328 8327
f 8336 8329 8328
f 8336 8330 8329
f 8336 8331 8330
f 8336 8332 8331
f 8336 8333 8332
f 8336 8334 8333
f 8336 8335 8334
f 8336 8304 8335
o graffiti_patch
usemtl graffiti_pink
v 0.034000000 0.005000000 0.052500000
v 0.035463177 0.005000000 0.052375104
v 0.035435063 0.005038060 0.052375104
v 0.035351800 0.005074658 0.052375104
v 0.035216588 0.005108386 0.052375104
v 0.035034623 0.005137950 0.052375104
v 0.034812898 0.005162212 0.052375104
v 0.034559934 0.005180240 0.052375104
v 0.034285452 0.005191342 0.052375104
v 0.034000000 0.005195090 0.052375104
v 0.033714548 0.005191342 0.052375104
v 0.033440066 0.005180240 0.052375104
v 0.033187102 0.005162212 0.052375104
v 0.032965377 0.005137950 0.052375104
v 0.032783412 0.005108386 0.052375104
v 0.032648200 0.005074658 0.052375104
v 0.032564937 0.005038060 0.052375104
v 0.032536823 0.005000000 0.052375104
v 0.032564937 0.004961940 0.052375104
v 0.032648200 0.004925342 0.052375104
v 0.032783412 0.004891614 0.052375104
v 0.032965377 0.004862050 0.052375104
v 0.033187102 0.004837788 0.052375104
v 0.033440066 0.004819760 0.052375104
v 0.033714548 0.004808658 0.052375104
v 0.034000000 0.004804910 0.052375104
v 0.034285452 0.004808658 0.052375104
v 0.034559934 0.004819760 0.052375104
v 0.034812898 0.004837788 0.052375104
v 0.035034623 0.004862050 0.052375104
v 0.035216588 0.004891614 0.052375104
v 0.035351800 0.004925342 0.052375104
v 0.035435063 0.004961940 0.052375104
v 0.036870126 0.005000000 0.052005217
v 0.036814977 0.005074658 0.052005217
v 0.036651650 0.005146447 0.052005217
v 0.036386422 0.005212608 0.052005217
v 0.036029485 0.005270598 0.052005217
v 0.035594556 0.005318190 0.052005217
v 0.035098350 0.005353553 0.052005217
v 0.034559934 0.005375330 0.052005217
v 0.034000000 0.005382683 0.052005217
v 0.033440066 0.005375330 0.052005217
v 0.032901650 0.005353553 0.052005217
v 0.032405444 0.005318190 0.052005217
v 0.031970515 0.005270598 0.052005217
v 0.031613578 0.005212608 0.052005217
v 0.031348350 0.005146447 0.052005217
v 0.031185023 0.005074658 0.052005217
v 0.031129874 0.005000000 0.052005217
v 0.031185023 0.004925342 0.052005217
v 0.031348350 0.004853553 0.052005217
v 0.031613578 0.004787392 0.052005217
v 0.031970515 0.004729402 0.052005217
v 0.032405444 0.004681810 0.052005217
v 0.032901650 0.004646447 0.052005217
v 0.033440066 0.004624670 0.052005217
v 0.034000000 0.004617317 0.052005217
v 0.034559934 0.004624670 0.052005217
v 0.035098350 0.004646447 0.052005217
v 0.035594556 0.004681810 0.052005217
v 0.036029485 0.004729402 0.052005217
v 0.036386422 0.004787392 0.052005217
v 0.036651650 0.004853553 0.052005217
v 0.036814977 0.004925342 0.052005217
v 0.038166777 0.005000000 0.051404552
v 0.038086713 0.005108386 0.051404552
v 0.037849600 0.005212608 0.051404552
v 0.037464548 0.005308658 0.051404552
v 0.036946356 0.005392847 0.051404552
v 0.036314937 0.005461940 0.051404552
v 0.035594556 0.005513280 0.051404552
v 0.034812898 0.005544895 0.051404552
v 0.034000000 0.005555570 0.051404552
v 0.033187102 0.005544895 0.051404552
v 0.032405444 0.005513280 0.051404552
v 0.031685063 0.005461940 0.051404552
v 0.031053644 0.005392847 0.051404552
v 0.030535452 0.005308658 0.051404552
v 0.030150400 0.005212608 0.051404552
v 0.029913287 0.005108386 0.051404552
v 0.029833223 0.005000000 0.051404552
v 0.029913287 0.004891614 0.051404552
v 0.030150400 0.004787392 0.051404552
v 0.030535452 0.004691342 0.051404552
v 0.031053644 0.004607153 0.051404552
v 0.031685063 0.004538060 0.051404552
v 0.032405444 0.004486720 0.051404552
v 0.033187102 0.004455105 0.051404552
v 0.034000000 0.004444430 0.051404552
v 0.034812898 0.004455105 0.051404552
v 0.035594556 0.004486720 0.051404552
v 0.036314937 0.004538060 0.051404552
v 0.036946356 0.004607153 0.051404552
v 0.037464548 0.004691342 0.051404552
v 0.037849600 0.004787392 0.051404552
v 0.038086713 0.004891614 0.051404552
v 0.039303301 0.005000000 0.050596194
v 0.039201399 0.005137950 0.050596194
v 0.038899611 0.005270598 0.050596194
v 0.038409534 0.005392847 0.050596194
v 0.037750000 0.005500000 0.050596194
v 0.036946356 0.005587938 0.050596194
v 0.036029485 0.005653281 0.050596194
v 0.035034623 0.005693520 0.050596194
v 0.034000000 0.005707107 0.050596194
v 0.032965377 0.005693520 0.050596194
v 0.031970515 0.005653281 0.050596194
v 0.031053644 0.005587938 0.050596194
v 0.030250000 0.005500000 0.050596194
v 0.029590466 0.005392847 0.050596194
v 0.029100389 0.005270598 0.050596194
v 0.028798601 0.005137950 0.050596194
v 0.028696699 0.005000000 0.050596194
v 0.028798601 0.004862050 0.050596194
v 0.029100389 0.004729402 0.050596194
v 0.029590466 0.004607153 0.050596194
v 0.030250000 0.004500000 0.050596194
v 0.031053644 0.004412062 0.050596194
v 0.031970515 0.004346719 0.050596194
v 0.032965377 0.004306480 0.050596194
v 0.034000000 0.004292893 0.050596194
v 0.035034623 0.004306480 0.050596194
v 0.036029485 0.004346719 0.050596194
v 0.036946356 0.004412062 0.050596194
v 0.037750000 0.004500000 0.050596194
v 0.038409534 0.004607153 0.050596194
v 0.038899611 0.004729402 0.050596194
v 0.039201399 0.004862050 0.050596194
v 0.040236022 0.005000000 0.049611207
v 0.040116199 0.005162212 0.049611207
v 0.039761333 0.005318190 0.049611207
v 0.039185063 0.005461940 0.049611207
v 0.038409534 0.005587938 0.049611207
v 0.037464548 0.005691342 0.049611207
v 0.036386422 0.005768178 0.049611207
v 0.035216588 0.005815493 0.049611207
v 0.034000000 0.005831470 0.049611207
v 0.032783412 0.005815493 0.049611207
v 0.031613578 0.005768178 0.049611207
v 0.030535452 0.005691342 0.049611207
v 0.029590466 0.005587938 0.049611207
v 0.028814937 0.005461940 0.049611207
v 0.028238667 0.005318190 0.049611207
v 0.027883801 0.005162212 0.049611207
v 0.027763978 0.005000000 0.049611207
v 0.027883801 0.004837788 0.049611207
v 0.028238667 0.004681810 0.049611207
v 0.028814937 0.004538060 0.049611207
v 0.029590466 0.004412062 0.049611207
v 0.030535452 0.004308658 0.049611207
v 0.031613578 0.004231822 0.049611207
v 0.032783412 0.004184507 0.049611207
v 0.034000000 0.004168530 0.049611207
v 0.035216588 0.004184507 0.049611207
v 0.036386422 0.004231822 0.049611207
v 0.037464548 0.004308658 0.049611207
v 0.038409534 0.004412062 0.049611207
v 0.039185063 0.004538060 0.049611207
v 0.039761333 0.004681810 0.049611207
v 0.040116199 0.004837788 0.049611207
v 0.040929096 0.005000000 0.048487442
v 0.040795956 0.005180240 0.048487442
v 0.040401650 0.005353553 0.048487442
v 0.039761333 0.005513280 0.048487442
v 0.038899611 0.005653281 0.048487442
v 0.037849600 0.005768178 0.048487442
v 0.036651650 0.005853553 0.048487442
v 0.035351800 0.005906127 0.048487442
v 0.034000000 0.005923880 0.048487442
v 0.032648200 0.005906127 0.048487442
v 0.031348350 0.005853553 0.048487442
v 0.030150400 0.005768178 0.048487442
v 0.029100389 0.005653281 0.048487442
v 0.028238667 0.005513280 0.048487442
v 0.027598350 0.005353553 0.048487442
v 0.027204044 0.005180240 0.048487442
v 0.027070904 0.005000000 0.048487442
v 0.027204044 0.004819760 0.048487442
v 0.027598350 0.004646447 0.048487442
v 0.028238667 0.004486720 0.048487442
v 0.029100389 0.004346719 0.048487442
v 0.030150400 0.004231822 0.048487442
v 0.031348350 0.004146447 0.048487442
v 0.032648200 0.004093873 0.048487442
v 0.034000000 0.004076120 0.048487442
v 0.035351800 0.004093873 0.048487442
v 0.036651650 0.004146447 0.048487442
v 0.037849600 0.004231822 0.048487442
v 0.038899611 0.004346719 0.048487442
v 0.039761333 0.004486720 0.048487442
v 0.040401650 0.004646447 0.048487442
v 0.040795956 0.004819760 0.048487442
v 0.041355890 0.005000000 0.047268087
v 0.041214548 0.005191342 0.047268087
v 0.040795956 0.005375330 0.047268087
v 0.040116199 0.005544895 0.047268087
v 0.039201399 0.005693520 0.047268087
v 0.038086713 0.005815493 0.047268087
v 0.036814977 0.005906127 0.047268087
v 0.035435063 0.005961940 0.047268087
v 0.034000000 0.005980785 0.047268087
v 0.032564937 0.005961940 0.047268087
v 0.031185023 0.005906127 0.047268087
v 0.029913287 0.005815493 0.047268087
v 0.028798601 0.005693520 0.047268087
v 0.027883801 0.005544895 0.047268087
v 0.027204044 0.005375330 0.047268087
v 0.026785452 0.005191342 0.047268087
v 0.026644110 0.005000000 0.047268087
v 0.026785452 0.004808658 0.047268087
v 0.027204044 0.004624670 0.047268087
v 0.027883801 0.004455105 0.047268087
v 0.028798601 0.004306480 0.047268087
v 0.029913287 0.004184507 0.047268087
v 0.031185023 0.004093873 0.047268087
v 0.032564937 0.004038060 0.047268087
v 0.034000000 0.004019215 0.047268087
v 0.035435063 0.004038060 0.047268087
v 0.036814977 0.004093873 0.047268087
v 0.038086713 0.004184507 0.047268087
v 0.039201399 0.004306480 0.047268087
v 0.040116199 0.004455105 0.047268087
v 0.040795956 0.004624670 0.047268087
v 0.041214548 0.004808658 0.047268087
v 0.041500000 0.005000000 0.046000000
v 0.041355890 0.005195090 0.046000000
v 0.040929096 0.005382683 0.046000000
v 0.040236022 0.005555570 0.046000000
v 0.039303301 0.005707107 0.046000000
v 0.038166777 0.005831470 0.046000000
v 0.036870126 0.005923880 0.046000000
v 0.035463177 0.005980785 0.046000000
v 0.034000000 0.006000000 0.046000000
v 0.032536823 0.005980785 0.046000000
v 0.031129874 0.005923880 0.046000000
v 0.029833223 0.005831470 0.046000000
v 0.028696699 0.005707107 0.046000000
v 0.027763978 0.005555570 0.046000000
v 0.027070904 0.005382683 0.046000000
v 0.026644110 0.005195090 0.046000000
v 0.026500000 0.005000000 0.046000000
v 0.026644110 0.004804910 0.046000000
v 0.027070904 0.004617317 0.046000000
v 0.027763978 0.004444430 0.046000000
v 0.028696699 0.004292893 0.046000000
v 0.029833223 0.004168530 0.046000000
v 0.031129874 0.004076120 0.046000000
v 0.032536823 0.004019215 0.046000000
v 0.034000000 0.004000000 0.046000000
v 0.035463177 0.004019215 0.046000000
v 0.036870126 0.004076120 0.046000000
v 0.038166777 0.004168530 0.046000000
v 0.039303301 0.004292893 0.046000000
v 0.040236022 0.004444430 0.046000000
v 0.040929096 0.004617317 0.046000000
v 0.041355890 0.004804910 0.046000000
v 0.041355890 0.005000000 0.044731913
v 0.041214548 0.005191342 0.044731913
v 0.040795956 0.005375330 0.044731913
v 0.040116199 0.005544895 0.044731913
v 0.039201399 0.005693520 0.044731913
v 0.038086713 0.005815493 0.044731913
v 0.036814977 0.005906127 0.044731913
v 0.035435063 0.005961940 0.044731913
v 0.034000000 0.005980785 0.044731913
v 0.032564937 0.005961940 0.044731913
v 0.031185023 0.005906127 0.044731913
v 0.029913287 0.005815493 0.044731913
v 0.028798601 0.005693520 0.044731913
v 0.027883801 0.005544895 0.044731913
v 0.027204044 0.005375330 0.044731913
v 0.026785452 0.005191342 0.044731913
v 0.026644110 0.005000000 0.044731913
v 0.026785452 0.004808658 0.044731913
v 0.027204044 0.004624670 0.044731913
v 0.027883801 0.004455105 0.044731913
v 0.028798601 0.004306480 0.044731913
v 0.029913287 0.004184507 0.044731913
v 0.031185023 0.004093873 0.044731913
v 0.032564937 0.004038060 0.044731913
v 0.034000000 0.004019215 0.044731913
v 0.035435063 0.004038060 0.044731913
v 0.036814977 0.004093873 0.044731913
v 0.038086713 0.004184507 0.044731913
v 0.039201399 0.004306480 0.044731913
v 0.040116199 0.004455105 0.044731913
v 0.040795956 0.004624670 0.044731913
v 0.041214548 0.004808658 0.044731913
v 0.040929096 0.005000000 0.043512558
v 0.040795956 0.005180240 0.043512558
v 0.040401650 0.005353553 0.043512558
v 0.039761333 0.005513280 0.043512558
v 0.038899611 0.005653281 0.043512558
v 0.037849600 0.005768178 0.043512558
v 0.036651650 0.005853553 0.043512558
v 0.035351800 0.005906127 0.043512558
v 0.034000000 0.005923880 0.043512558
v 0.032648200 0.005906127 0.043512558
v 0.031348350 0.005853553 0.043512558
v 0.030150400 0.005768178 0.043512558
v 0.029100389 0.005653281 0.043512558
v 0.028238667 0.005513280 0.043512558
v 0.027598350 0.005353553 0.043512558
v 0.027204044 0.005180240 0.043512558
v 0.027070904 0.005000000 0.043512558
v 0.027204044 0.004819760 0.043512558
v 0.027598350 0.004646447 0.043512558
v 0.028238667 0.004486720 0.043512558
v 0.029100389 0.004346719 0.043512558
v 0.030150400 0.004231822 0.043512558
v 0.031348350 0.004146447 0.043512558
v 0.032648200 0.004093873 0.043512558
v 0.034000000 0.004076120 0.043512558
v 0.035351800 0.004093873 0.043512558
v 0.036651650 0.004146447 0.043512558
v 0.037849600 0.004231822 0.043512558
v 0.038899611 0.004346719 0.043512558
v 0.039761333 0.004486720 0.043512558
v 0.040401650 0.004646447 0.043512558
v 0.040795956 0.004819760 0.043512558
v 0.040236022 0.005000000 0.042388793
v 0.040116199 0.005162212 0.042388793
v 0.039761333 0.005318190 0.042388793
v 0.039185063 0.005461940 0.042388793
v 0.038409534 0.005587938 0.042388793
v 0.037464548 0.005691342 0.042388793
v 0.036386422 0.005768178 0.042388793
v 0.035216588 0.005815493 0.042388793
v 0.034000000 0.005831470 0.042388793
v 0.032783412 0.005815493 0.042388793
v 0.031613578 0.005768178 0.042388793
v 0.030535452 0.005691342 0.042388793
v 0.029590466 0.005587938 0.042388793
v 0.028814937 0.005461940 0.042388793
v 0.028238667 0.005318190 0.042388793
v 0.027883801 0.005162212 0.042388793
v 0.027763978 0.005000000 0.042388793
v 0.027883801 0.004837788 0.042388793
v 0.028238667 0.004681810 0.042388793
v 0.028814937 0.004538060 0.042388793
v 0.029590466 0.004412062 0.042388793
v 0.030535452 0.004308658 0.042388793
v 0.031613578 0.004231822 0.042388793
v 0.032783412 0.004184507 0.042388793
v 0.034000000 0.004168530 0.042388793
v 0.035216588 0.004184507 0.042388793
v 0.036386422 0.004231822 0.042388793
v 0.037464548 0.004308658 0.042388793
v 0.038409534 0.004412062 0.042388793
v 0.039185063 0.004538060 0.042388793
v 0.039761333 0.004681810 0.042388793
v 0.040116199 0.004837788 0.042388793
v 0.039303301 0.005000000 0.041403806
v 0.039201399 0.005137950 0.041403806
v 0.038899611 0.005270598 0.041403806
v 0.038409534 0.005392847 0.041403806
v 0.037750000 0.005500000 0.041403806
v 0.036946356 0.005587938 0.041403806
v 0.036029485 0.005653281 0.041403806
v 0.035034623 0.005693520 0.041403806
v 0.034000000 0.005707107 0.041403806
v 0.032965377 0.005693520 0.041403806
v 0.031970515 0.005653281 0.041403806
v 0.031053644 0.005587938 0.041403806
v 0.030250000 0.005500000 0.041403806
v 0.029590466 0.005392847 0.041403806
v 0.029100389 0.005270598 0.041403806
v 0.028798601 0.005137950 0.041403806
v 0.028696699 0.005000000 0.041403806
v 0.028798601 0.004862050 0.041403806
v 0.029100389 0.004729402 0.041403806
v 0.029590466 0.004607153 0.041403806
v 0.030250000 0.004500000 0.041403806
v 0.031053644 0.004412062 0.041403806
v 0.031970515 0.004346719 0.041403806
v 0.032965377 0.004306480 0.041403806
v 0.034000000 0.004292893 0.041403806
v 0.035034623 0.004306480 0.041403806
v 0.036029485 0.004346719 0.041403806
v 0.036946356 0.004412062 0.041403806
v 0.037750000 0.004500000 0.041403806
v 0.038409534 0.004607153 0.041403806
v 0.038899611 0.004729402 0.041403806
v 0.039201399 0.004862050 0.041403806
v 0.038166777 0.005000000 0.040595448
v 0.038086713 0.005108386 0.040595448
v 0.037849600 0.005212608 0.040595448
v 0.037464548 0.005308658 0.040595448
v 0.036946356 0.005392847 0.040595448
v 0.036314937 0.005461940 0.040595448
v 0.035594556 0.005513280 0.040595448
v 0.034812898 0.005544895 0.040595448
v 0.034000000 0.005555570 0.040595448
v 0.033187102 0.005544895 0.040595448
v 0.032405444 0.005513280 0.040595448
v 0.031685063 0.005461940 0.040595448
v 0.031053644 0.005392847 0.040595448
v 0.030535452 0.005308658 0.040595448
v 0.030150400 0.005212608 0.040595448
v 0.029913287 0.005108386 0.040595448
v 0.029833223 0.005000000 0.040595448
v 0.029913287 0.004891614 0.040595448
v 0.030150400 0.004787392 0.040595448
v 0.030535452 0.004691342 0.040595448
v 0.031053644 0.004607153 0.040595448
v 0.031685063 0.004538060 0.040595448
v 0.032405444 0.004486720 0.040595448
v 0.033187102 0.004455105 0.040595448
v 0.034000000 0.004444430 0.040595448
v 0.034812898 0.004455105 0.040595448
v 0.035594556 0.004486720 0.040595448
v 0.036314937 0.004538060 0.040595448
v 0.036946356 0.004607153 0.040595448
v 0.037464548 0.004691342 0.040595448
v 0.037849600 0.004787392 0.040595448
v 0.038086713 0.004891614 0.040595448
v 0.036870126 0.005000000 0.039994783
v 0.036814977 0.005074658 0.039994783
v 0.036651650 0.005146447 0.039994783
v 0.036386422 0.005212608 0.039994783
v 0.036029485 0.005270598 0.039994783
v 0.035594556 0.005318190 0.039994783
v 0.035098350 0.005353553 0.039994783
v 0.034559934 0.005375330 0.039994783
v 0.034000000 0.005382683 0.039994783
v 0.033440066 0.005375330 0.039994783
v 0.032901650 0.005353553 0.039994783
v 0.032405444 0.005318190 0.039994783
v 0.031970515 0.005270598 0.039994783
v 0.031613578 0.005212608 0.039994783
v 0.031348350 0.005146447 0.039994783
v 0.031185023 0.005074658 0.039994783
v 0.031129874 0.005000000 0.039994783
v 0.031185023 0.004925342 0.039994783
v 0.031348350 0.004853553 0.039994783
v 0.031613578 0.004787392 0.039994783
v 0.031970515 0.004729402 0.039994783
v 0.032405444 0.004681810 0.039994783
v 0.032901650 0.004646447 0.039994783
v 0.033440066 0.004624670 0.039994783
v 0.034000000 0.004617317 0.039994783
v 0.034559934 0.004624670 0.039994783
v 0.035098350 0.004646447 0.039994783
v 0.035594556 0.004681810 0.039994783
v 0.036029485 0.004729402 0.039994783
v 0.036386422 0.004787392 0.039994783
v 0.036651650 0.004853553 0.039994783
v 0.036814977 0.004925342 0.039994783
v 0.035463177 0.005000000 0.039624896
v 0.035435063 0.005038060 0.039624896
v 0.035351800 0.005074658 0.039624896
v 0.035216588 0.005108386 0.039624896
v 0.035034623 0.005137950 0.039624896
v 0.034812898 0.005162212 0.039624896
v 0.034559934 0.005180240 0.039624896
v 0.034285452 0.005191342 0.039624896
v 0.034000000 0.005195090 0.039624896
v 0.033714548 0.005191342 0.039624896
v 0.033440066 0.005180240 0.039624896
v 0.033187102 0.005162212 0.039624896
v 0.032965377 0.005137950 0.039624896
v 0.032783412 0.005108386 0.039624896
v 0.032648200 0.005074658 0.039624896
v 0.032564937 0.005038060 0.039624896
v 0.032536823 0.005000000 0.039624896
v 0.032564937 0.004961940 0.039624896
v 0.032648200 0.004925342 0.039624896
v 0.032783412 0.004891614 0.039624896
v 0.032965377 0.004862050 0.039624896
v 0.033187102 0.004837788 0.039624896
v 0.033440066 0.004819760 0.039624896
v 0.033714548 0.004808658 0.039624896
v 0.034000000 0.004804910 0.039624896
v 0.034285452 0.004808658 0.039624896
v 0.034559934 0.004819760 0.039624896
v 0.034812898 0.004837788 0.039624896
v 0.035034623 0.004862050 0.039624896
v 0.035216588 0.004891614 0.039624896
v 0.035351800 0.004925342 0.039624896
v 0.035435063 0.004961940 0.039624896
v 0.034000000 0.005000000 0.039500000
f 8337 8338 8339
f 8337 8339 8340
f 8337 8340 8341
f 8337 8341 8342
f 8337 8342 8343
f 8337 8343 8344
f 8337 8344 8345
f 8337 8345 8346
f 8337 8346 8347
f 8337 8347 8348
f 8337 8348 8349
f 8337 8349 8350
f 8337 8350 8351
f 8337 8351 8352
f 8337 8352 8353
f 8337 8353 8354
f 8337 8354 8355
f 8337 8355 8356
f 8337 8356 8357
f 8337 8357 8358
f 8337 8358 8359
f 8337 8359 8360
f 8337 8360 8361
f 8337 8361 8362
f 8337 8362 8363
f 8337 8363 8364
f 8337 8364 8365
f 8337 8365 8366
f 8337 8366 8367
f 8337 8367 8368
f 8337 8368 8369
f 8337 8369 8338
f 8338 8370 8371
f 8338 8371 8339
f 8339 8371 8372
f 8339 8372 8340
f 8340 8372 8373
f 8340 8373 8341
f 8341 8373 8374
f 8341 8374 8342
f 8342 8374 8375
f 8342 8375 8343
f 8343 8375 8376
f 8343 8376 8344
f 8344 8376 8377
f 8344 8377 8345
f 8345 8377 8378
f 8345 8378 8346
f 8346 8378 8379
f 8346 8379 8347
f 8347 8379 8380
f 8347 8380 8348
f 8348 8380 8381
f 8348 8381 8349
f 8349 8381 8382
f 8349 8382 8350
f 8350 8382 8383
f 8350 8383 8351
f 8351 8383 8384
f 8351 8384 8352
f 8352 8384 8385
f 8352 8385 8353
f 8353 8385 8386
f 8353 8386 8354
f 8354 8386 8387
f 8354 8387 8355
f 8355 8387 8388
f 8355 8388 8356
f 8356 8388 8389
f 8356 8389 8357
f 8357 8389 8390
f 8357 8390 8358
f 8358 8390 8391
f 8358 8391 8359
f 8359 8391 8392
f 8359 8392 8360
f 8360 8392 8393
f 8360 8393 8361
f 8361 8393 8394
f 8361 8394 8362
f 8362 8394 8395
f 8362 8395 8363
f 8363 8395 8396
f 8363 8396 8364
f 8364 8396 8397
f 8364 8397 8365
f 8365 8397 8398
f 8365 8398 8366
f 8366 8398 8399
f 8366 8399 8367
f 8367 8399 8400
f 8367 8400 8368
f 8368 8400 8401
f 8368 8401 8369
f 8369 8401 8370
f 8369 8370 8338
f 8370 8402 8403
f 8370 8403 8371
f 8371 8403 8404
f 8371 8404 8372
f 8372 8404 8405
f 8372 8405 8373
f 8373 8405 8406
f 8373 8406 8374
f 8374 8406 8407
f 8374 8407 8375
f 8375 8407 8408
f 8375 8408 8376
f 8376 8408 8409
f 8376 8409 8377
f 8377 8409 8410
f 8377 8410 8378
f 8378 8410 8411
f 8378 8411 8379
f 8379 8411 8412
f 8379 8412 8380
f 8380 8412 8413
f 8380 8413 8381
f 8381 8413 8414
f 8381 8414 8382
f 8382 8414 8415
f 8382 8415 8383
f 8383 8415 8416
f 8383 8416 8384
f 8384 8416 8417
f 8384 8417 8385
f 8385 8417 8418
f 8385 8418 8386
f 8386 8418 8419
f 8386 8419 8387
f 8387 8419 8420
f 8387 8420 8388
f 8388 8420 8421
f 8388 8421 8389
f 8389 8421 8422
f 8389 8422 8390
f 8390 8422 8423
f 8390 8423 8391
f 8391 8423 8424
f 8391 8424 8392
f 8392 8424 8425
f 8392 8425 8393
f 8393 8425 8426
f 8393 8426 8394
f 8394 8426 8427
f 8394 8427 8395
f 8395 8427 8428
f 8395 8428 8396
f 8396 8428 8429
f 8396 8429 8397
f 8397 8429 8430
f 8397 8430 8398
f 8398 8430 8431
f 8398 8431 8399
f 8399 8431 8432
f 8399 8432 8400
f 8400 8432 8433
f 8400 8433 8401
f 8401 8433 8402
f 8401 8402 8370
f 8402 8434 8435
f 8402 8435 8403
f 8403 8435 8436
f 8403 8436 8404
f 8404 8436 8437
f 8404 8437 8405
f 8405 8437 8438
f 8405 8438 8406
f 8406 8438 8439
f 8406 8439 8407
f 8407 8439 8440
f 8407 8440 8408
f 8408 8440 8441
f 8408 8441 8409
f 8409 8441 8442
f 8409 8442 8410
f 8410 8442 8443
f 8410 8443 8411
f 8411 8443 8444
f 8411 8444 8412
f 8412 8444 8445
f 8412 8445 8413
f 8413 8445 8446
f 8413 8446 8414
f 8414 8446 8447
f 8414 8447 8415
f 8415 8447 8448
f 8415 8448 8416
f 8416 8448 8449
f 8416 8449 8417
f 8417 8449 8450
f 8417 8450 8418
f 8418 8450 8451
f 8418 8451 8419
f 8419 8451 8452
f 8419 8452 8420
f 8420 8452 8453
f 8420 8453 8421
f 8421 8453 8454
f 8421 8454 8422
f 8422 8454 8455
f 8422 8455 8423
f 8423 8455 8456
f 8423 8456 8424
f 8424 8456 8457
f 8424 8457 8425
f 8425 8457 8458
f 8425 8458 8426
f 8426 8458 8459
f 8426 8459 8427
f 8427 8459 8460
f 8427 8460 8428
f 8428 8460 8461
f 8428 8461 8429
f 8429 8461 8462
f 8429 8462 8430
f 8430 8462 8463
f 8430 8463 8431
f 8431 8463 8464
f 8431 8464 8432
f 8432 8464 8465
f 8432 8465 8433
f 8433 8465 8434
f 8433 8434 8402
f 8434 8466 8467
f 8434 8467 8435
f 8435 8467 8468
f 8435 8468 8436
f 8436 8468 8469
f 8436 8469 8437
f 8437 8469 8470
f 8437 8470 8438
f 8438 8470 8471
f 8438 8471 8439
f 8439 8471 8472
f 8439 8472 8440
f 8440 8472 8473
f 8440 8473 8441
f 8441 8473 8474
f 8441 8474 8442
f 8442 8474 8475
f 8442 8475 8443
f 8443 8475 8476
f 8443 8476 8444
f 8444 8476 8477
f 8444 8477 8445
f 8445 8477 8478
f 8445 8478 8446
f 8446 8478 8479
f 8446 8479 8447
f 8447 8479 8480
f 8447 8480 8448
f 8448 8480 8481
f 8448 8481 8449
f 8449 8481 8482
f 8449 8482 8450
f 8450 8482 8483
f 8450 8483 8451
f 8451 8483 8484
f 8451 8484 8452
f 8452 8484 8485
f 8452 8485 8453
f 8453 8485 8486
f 8453 8486 8454
f 8454 8486 8487
f 8454 8487 8455
f 8455 8487 8488
f 8455 8488 8456
f 8456 8488 8489
f 8456 8489 8457
f 8457 8489 8490
f 8457 8490 8458
f 8458 8490 8491
f 8458 8491 8459
f 8459 8491 8492
f 8459 8492 8460
f 8460 8492 8493
f 8460 8493 8461
f 8461 8493 8494
f 8461 8494 8462
f 8462 8494 8495
f 8462 8495 8463
f 8463 8495 8496
f 8463 8496 8464
f 8464 8496 8497
f 8464 8497 8465
f 8465 8497 8466
f 8465 8466 8434
f 8466 8498 8499
f 8466 8499 8467
f 8467 8499 8500
f 8467 8500 8468
f 8468 8500 8501
f 8468 8501 8469
f 8469 8501 8502
f 8469 8502 8470
f 8470 8502 8503
f 8470 8503 8471
f 8471 8503 8504
f 8471 8504 8472
f 8472 8504 8505
f 8472 8505 8473
f 8473 8505 8506
f 8473 8506 8474
f 8474 8506 8507
f 8474 8507 8475
f 8475 8507 8508
f 8475 8508 8476
f 8476 8508 8509
f 8476 8509 8477
f 8477 8509 8510
f 8477 8510 8478
f 8478 8510 8511
f 8478 8511 8479
f 8479 8511 8512
f 8479 8512 8480
f 8480 8512 8513
f 8480 8513 8481
f 8481 8513 8514
f 8481 8514 8482
f 8482 8514 8515
f 8482 8515 8483
f 8483 8515 8516
f 8483 8516 8484
f 8484 8516 8517
f 8484 8517 8485
f 8485 8517 8518
f 8485 8518 8486
f 8486 8518 8519
f 8486 8519 8487
f 8487 8519 8520
f 8487 8520 8488
f 8488 8520 8521
f 8488 8521 8489
f 8489 8521 8522
f 8489 8522 8490
f 8490 8522 8523
f 8490 8523 8491
f 8491 8523 8524
f 8491 8524 8492
f 8492 8524 8525
f 8492 8525 8493
f 8493 8525 8526
f 8493 8526 8494
f 8494 8526 8527
f 8494 8527 8495
f 8495 8527 8528
f 8495 8528 8496
f 8496 8528 8529
f 8496 8529 8497
f 8497 8529 8498
f 8497 8498 8466
f 8498 8530 8531
f 8498 8531 8499
f 8499 8531 8532
f 8499 8532 8500
f 8500 8532 8533
f 8500 8533 8501
f 8501 8533 8534
f 8501 8534 8502
f 8502 8534 8535
f 8502 8535 8503
f 8503 8535 8536
f 8503 8536 8504
f 8504 8536 8537
f 8504 8537 8505
f 8505 8537 8538
f 8505 8538 8506
f 8506 8538 8539
f 8506 8539 8507
f 8507 8539 8540
f 8507 8540 8508
f 8508 8540 8541
f 8508 8541 8509
f 8509 8541 8542
f 8509 8542 8510
f 8510 8542 8543
f 8510 8543 8511
f 8511 8543 8544
f 8511 8544 8512
f 8512 8544 8545
f 8512 8545 8513
f 8513 8545 8546
f 8513 8546 8514
f 8514 8546 8547
f 8514 8547 8515
f 8515 8547 8548
f 8515 8548 8516
f 8516 8548 8549
f 8516 8549 8517
f 8517 8549 8550
f 8517 8550 8518
f 8518 8550 8551
f 8518 8551 8519
f 8519 8551 8552
f 8519 8552 8520
f 8520 8552 8553
f 8520 8553 8521
f 8521 8553 8554
f 8521 8554 8522
f 8522 8554 8555
f 8522 8555 8523
f 8523 8555 8556
f 8523 8556 8524
f 8524 8556 8557
f 8524 8557 8525
f 8525 8557 8558
f 8525 8558 8526
f 8526 8558 8559
f 8526 8559 8527
f 8527 8559 8560
f 8527 8560 8528
f 8528 8560 8561
f 8528 8561 8529
f 8529 8561 8530
f 8529 8530 8498
f 8530 8562 8563
f 8530 8563 8531
f 8531 8563 8564
f 8531 8564 8532
f 8532 8564 8565
f 8532 8565 8533
f 8533 8565 8566
f 8533 8566 8534
f 8534 8566 8567
f 8534 8567 8535
f 8535 8567 8568
f 8535 8568 8536
f 8536 8568 8569
f 8536 8569 8537
f 8537 8569 8570
f 8537 8570 8538
f 8538 8570 8571
f 8538 8571 8539
f 8539 8571 8572
f 8539 8572 8540
f 8540 8572 8573
f 8540 8573 8541
f 8541 8573 8574
f 8541 8574 8542
f 8542 8574 8575
f 8542 8575 8543
f 8543 8575 8576
f 8543 8576 8544
f 8544 8576 8577
f 8544 8577 8545
f 8545 8577 8578
f 8545 8578 8546
f 8546 8578 8579
f 8546 8579 8547
f 8547 8579 8580
f 8547 8580 8548
f 8548 8580 8581
f 8548 8581 8549
f 8549 8581 8582
f 8549 8582 8550
f 8550 8582 8583
f 8550 8583 8551
f 8551 8583 8584
f 8551 8584 8552
f 8552 8584 8585
f 8552 8585 8553
f 8553 8585 8586
f 8553 8586 8554
f 8554 8586 8587
f 8554 8587 8555
f 8555 8587 8588
f 8555 8588 8556
f 8556 8588 8589
f 8556 8589 8557
f 8557 8589 8590
f 8557 8590 8558
f 8558 8590 8591
f 8558 8591 8559
f 8559 8591 8592
f 8559 8592 8560
f 8560 8592 8593
f 8560 8593 8561
f 8561 8593 8562
f 8561 8562 8530
f 8562 8594 8595
f 8562 8595 8563
f 8563 8595 8596
f 8563 8596 8564
f 8564 8596 8597
f 8564 8597 8565
f 8565 8597 8598
f 8565 8598 8566
f 8566 8598 8599
f 8566 8599 8567
f 8567 8599 8600
f 8567 8600 8568
f 8568 8600 8601
f 8568 8601 8569
f 8569 8601 8602
f 8569 8602 8570
f 8570 8602 8603
f 8570 8603 8571
f 8571 8603 8604
f 8571 8604 8572
f 8572 8604 8605
f 8572 8605 8573
f 8573 8605 8606
f 8573 8606 8574
f 8574 8606 8607
f 8574 8607 8575
f 8575 8607 8608
f 8575 8608 8576
f 8576 8608 8609
f 8576 8609 8577
f 8577 8609 8610
f 8577 8610 8578
f 8578 8610 8611
f 8578 8611 8579
f 8579 8611 8612
f 8579 8612 8580
f 8580 8612 8613
f 8580 8613 8581
f 8581 8613 8614
f 8581 8614 8582
f 8582 8614 8615
f 8582 8615 8583
f 8583 8615 8616
f 8583 8616 8584
f 8584 8616 8617
f 8584 8617 8585
f 8585 8617 8618
f 8585 8618 8586
f 8586 8618 8619
f 8586 8619 8587
f 8587 8619 8620
f 8587 8620 8588
f 8588 8620 8621
f 8588 8621 8589
f 8589 8621 8622
f 8589 8622 8590
f 8590 8622 8623
f 8590 8623 8591
f 8591 8623 8624
f 8591 8624 8592
f 8592 8624 8625
f 8592 8625 8593
f 8593 8625 8594
f 8593 8594 8562
f 8594 8626 8627
f 8594 8627 8595
f 8595 8627 8628
f 8595 8628 8596
f 8596 8628 8629
f 8596 8629 8597
f 8597 8629 8630
f 8597 8630 8598
f 8598 8630 8631
f 8598 8631 8599
f 8599 8631 8632
f 8599 8632 8600
f 8600 8632 8633
f 8600 8633 8601
f 8601 8633 8634
f 8601 8634 8602
f 8602 8634 8635
f 8602 8635 8603
f 8603 8635 8636
f 8603 8636 8604
f 8604 8636 8637
f 8604 8637 8605
f 8605 8637 8638
f 8605 8638 8606
f 8606 8638 8639
f 8606 8639 8607
f 8607 8639 8640
f 8607 8640 8608
f 8608 8640 8641
f 8608 8641 8609
f 8609 8641 8642
f 8609 8642 8610
f 8610 8642 8643
f 8610 8643 8611
f 8611 8643 8644
f 8611 8644 8612
f 8612 8644 8645
f 8612 8645 8613
f 8613 8645 8646
f 8613 8646 8614
f 8614 8646 8647
f 8614 8647 8615
f 8615 8647 8648
f 8615 8648 8616
f 8616 8648 8649
f 8616 8649 8617
f 8617 8649 8650
f 8617 8650 8618
f 8618 8650 8651
f 8618 8651 8619
f 8619 8651 8652
f 8619 8652 8620
f 8620 8652 8653
f 8620 8653 8621
f 8621 8653 8654
f 8621 8654 8622
f 8622 8654 8655
f 8622 8655 8623
f 8623 8655 8656
f 8623 8656 8624
f 8624 8656 8657
f 8624 8657 8625
f 8625 8657 8626
f 8625 8626 8594
f 8626 8658 8659
f 8626 8659 8627
f 8627 8659 8660
f 8627 8660 8628
f 8628 8660 8661
f 8628 8661 8629
f 8629 8661 8662
f 8629 8662 8630
f 8630 8662 8663
f 8630 8663 8631
f 8631 8663 8664
f 8631 8664 8632
f 8632 8664 8665
f 8632 8665 8633
f 8633 8665 8666
f 8633 8666 8634
f 8634 8666 8667
f 8634 8667 8635
f 8635 8667 8668
f 8635 8668 8636
f 8636 8668 8669
f 8636 8669 8637
f 8637 8669 8670
f 8637 8670 8638
f 8638 8670 8671
f 8638 8671 8639
f 8639 8671 8672
f 8639 8672 8640
f 8640 8672 8673
f 8640 8673 8641
f 8641 8673 8674
f 8641 8674 8642
f 8642 8674 8675
f 8642 8675 8643
f 8643 8675 8676
f 8643 8676 8644
f 8644 8676 8677
f 8644 8677 8645
f 8645 8677 8678
f 8645 8678 8646
f 8646 8678 8679
f 8646 8679 8647
f 8647 8679 8680
f 8647 8680 8648
f 8648 8680 8681
f 8648 8681 8649
f 8649 8681 8682
f 8649 8682 8650
f 8650 8682 8683
f 8650 8683 8651
f 8651 8683 8684
f 8651 8684 8652
f 8652 8684 8685
f 8652 8685 8653
f 8653 8685 8686
f 8653 8686 8654
f 8654 8686 8687
f 8654 8687 8655
f 8655 8687 8688
f 8655 8688 8656
f 8656 8688 8689
f 8656 8689 8657
f 8657 8689 8658
f 8657 8658 8626
f 8658 8690 8691
f 8658 8691 8659
f 8659 8691 8692
f 8659 8692 8660
f 8660 8692 8693
f 8660 8693 8661
f 8661 8693 8694
f 8661 8694 8662
f 8662 8694 8695
f 8662 8695 8663
f 8663 8695 8696
f 8663 8696 8664
f 8664 8696 8697
f 8664 8697 8665
f 8665 8697 8698
f 8665 8698 8666
f 8666 8698 8699
f 8666 8699 8667
f 8667 8699 8700
f 8667 8700 8668
f 8668 8700 8701
f 8668 8701 8669
f 8669 8701 8702
f 8669 8702 8670
f 8670 8702 8703
f 8670 8703 8671
f 8671 8703 8704
f 8671 8704 8672
f 8672 8704 8705
f 8672 8705 8673
f 8673 8705 8706
f 8673 8706 8674
f 8674 8706 8707
f 8674 8707 8675
f 8675 8707 8708
f 8675 8708 8676
f 8676 8708 8709
f 8676 8709 8677
f 8677 8709 8710
f 8677 8710 8678
f 8678 8710 8711
f 8678 8711 8679
f 8679 8711 8712
f 8679 8712 8680
f 8680 8712 8713
f 8680 8713 8681
f 8681 8713 8714
f 8681 8714 8682
f 8682 8714 8715
f 8682 8715 8683
f 8683 8715 8716
f 8683 8716 8684
f 8684 8716 8717
f 8684 8717 8685
f 8685 8717 8718
f 8685 8718 8686
f 8686 8718 8719
f 8686 8719 8687
f 8687 8719 8720
f 8687 8720 8688
f 8688 8720 8721
f 8688 8721 8689
f 8689 8721 8690
f 8689 8690 8658
f 8690 8722 8723
f 8690 8723 8691
f 8691 8723 8724
f 8691 8724 8692
f 8692 8724 8725
f 8692 8725 8693
f 8693 8725 8726
f 8693 8726 8694
f 8694 8726 8727
f 8694 8727 8695
f 8695 8727 8728
f 8695 8728 8696
f 8696 8728 8729
f 8696 8729 8697
f 8697 8729 8730
f 8697 8730 8698
f 8698 8730 8731
f 8698 8731 8699
f 8699 8731 8732
f 8699 8732 8700
f 8700 8732 8733
f 8700 8733 8701
f 8701 8733 8734
f 8701 8734 8702
f 8702 8734 8735
f 8702 8735 8703
f 8703 8735 8736
f 8703 8736 8704
f 8704 8736 8737
f 8704 8737 8705
f 8705 8737 8738
f 8705 8738 8706
f 8706 8738 8739
f 8706 8739 8707
f 8707 8739 8740
f 8707 8740 8708
f 8708 8740 8741
f 8708 8741 8709
f 8709 8741 8742
f 8709 8742 8710
f 8710 8742 8743
f 8710 8743 8711
f 8711 8743 8744
f 8711 8744 8712
f 8712 8744 8745
f 8712 8745 8713
f 8713 8745 8746
f 8713 8746 8714
f 8714 8746 8747
f 8714 8747 8715
f 8715 8747 8748
f 8715 8748 8716
f 8716 8748 8749
f 8716 8749 8717
f 8717 8749 8750
f 8717 8750 8718
f 8718 8750 8751
f 8718 8751 8719
f 8719 8751 8752
f 8719 8752 8720
f 8720 8752 8753
f 8720 8753 8721
f 8721 8753 8722
f 8721 8722 8690
f 8722 8754 8755
f 8722 8755 8723
f 8723 8755 8756
f 8723 8756 8724
f 8724 8756 8757
f 8724 8757 8725
f 8725 8757 8758
f 8725 8758 8726
f 8726 8758 8759
f 8726 8759 8727
f 8727 8759 8760
f 8727 8760 8728
f 8728 8760 8761
f 8728 8761 8729
f 8729 8761 8762
f 8729 8762 8730
f 8730 8762 8763
f 8730 8763 8731
f 8731 8763 8764
f 8731 8764 8732
f 8732 8764 8765
f 8732 8765 8733
f 8733 8765 8766
f 8733 8766 8734
f 8734 8766 8767
f 8734 8767 8735
f 8735 8767 8768
f 8735 8768 8736
f 8736 8768 8769
f 8736 8769 8737
f 8737 8769 8770
f 8737 8770 8738
f 8738 8770 8771
f 8738 8771 8739
f 8739 8771 8772
f 8739 8772 8740
f 8740 8772 8773
f 8740 8773 8741
f 8741 8773 8774
f 8741 8774 8742
f 8742 8774 8775
f 8742 8775 8743
f 8743 8775 8776
f 8743 8776 8744
f 8744 8776 8777
f 8744 8777 8745
f 8745 8777 8778
f 8745 8778 8746
f 8746 8778 8779
f 8746 8779 8747
f 8747 8779 8780
f 8747 8780 8748
f 8748 8780 8781
f 8748 8781 8749
f 8749 8781 8782
f 8749 8782 8750
f 8750 8782 8783
f 8750 8783 8751
f 8751 8783 8784
f 8751 8784 8752
f 8752 8784 8785
f 8752 8785 8753
f 8753 8785 8754
f 8753 8754 8722
f 8754 8786 8787
f 8754 8787 8755
f 8755 8787 8788
f 8755 8788 8756
f 8756 8788 8789
f 8756 8789 8757
f 8757 8789 8790
f 8757 8790 8758
f 8758 8790 8791
f 8758 8791 8759
f 8759 8791 8792
f 8759 8792 8760
f 8760 8792 8793
f 8760 8793 8761
f 8761 8793 8794
f 8761 8794 8762
f 8762 8794 8795
f 8762 8795 8763
f 8763 8795 8796
f 8763 8796 8764
f 8764 8796 8797
f 8764 8797 8765
f 8765 8797 8798
f 8765 8798 8766
f 8766 8798 8799
f 8766 8799 8767
f 8767 8799 8800
f 8767 8800 8768
f 8768 8800 8801
f 8768 8801 8769
f 8769 8801 8802
f 8769 8802 8770
f 8770 8802 8803
f 8770 8803 8771
f 8771 8803 8804
f 8771 8804 8772
f 8772 8804 8805
f 8772 8805 8773
f 8773 8805 8806
f 8773 8806 8774
f 8774 8806 8807
f 8774 8807 8775
f 8775 8807 8808
f 8775 8808 8776
f 8776 8808 8809
f 8776 8809 8777
f 8777 8809 8810
f 8777 8810 8778
f 8778 8810 8811
f 8778 8811 8779
f 8779 8811 8812
f 8779 8812 8780
f 8780 8812 8813
f 8780 8813 8781
f 8781 8813 8814
f 8781 8814 8782
f 8782 8814 8815
f 8782 8815 8783
f 8783 8815 8816
f 8783 8816 8784
f 8784 8816 8817
f 8784 8817 8785
f 8785 8817 8786
f 8785 8786 8754
f 8818 8787 8786
f 8818 8788 8787
f 8818 8789 8788
f 8818 8790 8789
f 8818 8791 8790
f 8818 8792 8791
f 8818 8793 8792
f 8818 8794 8793
f 8818 8795 8794
f 8818 8796 8795
f 8818 8797 8796
f 8818 8798 8797
f 8818 8799 8798
f 8818 8800 8799
f 8818 8801 8800
f 8818 8802 8801
f 8818 8803 8802
f 8818 8804 8803
f 8818 8805 8804
f 8818 8806 8805
f 8818 8807 8806
f 8818 8808 8807
f 8818 8809 8808
f 8818 8810 8809
f 8818 8811 8810
f 8818 8812 8811
f 8818 8813 8812
f 8818 8814 8813
f 8818 8815 8814
f 8818 8816 8815
f 8818 8817 8816
f 8818 8786 8817
o graffiti_drip_1
usemtl graffiti_pink
v 0.031000000 0.005200000 0.044000000
v 0.031448708 0.005200000 0.043923141
v 0.031440086 0.005238060 0.043923141
v 0.031414552 0.005274658 0.043923141
v 0.031373087 0.005308386 0.043923141
v 0.031317284 0.005337950 0.043923141
v 0.031249289 0.005362212 0.043923141
v 0.031171713 0.005380240 0.043923141
v 0.031087539 0.005391342 0.043923141
v 0.031000000 0.005395090 0.043923141
v 0.030912461 0.005391342 0.043923141
v 0.030828287 0.005380240 0.043923141
v 0.030750711 0.005362212 0.043923141
v 0.030682716 0.005337950 0.043923141
v 0.030626913 0.005308386 0.043923141
v 0.030585448 0.005274658 0.043923141
v 0.030559914 0.005238060 0.043923141
v 0.030551292 0.005200000 0.043923141
v 0.030559914 0.005161940 0.043923141
v 0.030585448 0.005125342 0.043923141
v 0.030626913 0.005091614 0.043923141
v 0.030682716 0.005062050 0.043923141
v 0.030750711 0.005037788 0.043923141
v 0.030828287 0.005019760 0.043923141
v 0.030912461 0.005008658 0.043923141
v 0.031000000 0.005004910 0.043923141
v 0.031087539 0.005008658 0.043923141
v 0.031171713 0.005019760 0.043923141
v 0.031249289 0.005037788 0.043923141
v 0.031317284 0.005062050 0.043923141
v 0.031373087 0.005091614 0.043923141
v 0.031414552 0.005125342 0.043923141
v 0.031440086 0.005161940 0.043923141
v 0.031880172 0.005200000 0.043695518
v 0.031863260 0.005274658 0.043695518
v 0.031813173 0.005346447 0.043695518
v 0.031731836 0.005412608 0.043695518
v 0.031622376 0.005470598 0.043695518
v 0.031488997 0.005518190 0.043695518
v 0.031336827 0.005553553 0.043695518
v 0.031171713 0.005575330 0.043695518
v 0.031000000 0.005582683 0.043695518
v 0.030828287 0.005575330 0.043695518
v 0.030663173 0.005553553 0.043695518
v 0.030511003 0.005518190 0.043695518
v 0.030377624 0.005470598 0.043695518
v 0.030268164 0.005412608 0.043695518
v 0.030186827 0.005346447 0.043695518
v 0.030136740 0.005274658 0.043695518
v 0.030119828 0.005200000 0.043695518
v 0.030136740 0.005125342 0.043695518
v 0.030186827 0.005053553 0.043695518
v 0.030268164 0.004987392 0.043695518
v 0.030377624 0.004929402 0.043695518
v 0.030511003 0.004881810 0.043695518
v 0.030663173 0.004846447 0.043695518
v 0.030828287 0.004824670 0.043695518
v 0.031000000 0.004817317 0.043695518
v 0.031171713 0.004824670 0.043695518
v 0.031336827 0.004846447 0.043695518
v 0.031488997 0.004881810 0.043695518
v 0.031622376 0.004929402 0.043695518
v 0.031731836 0.004987392 0.043695518
v 0.031813173 0.005053553 0.043695518
v 0.031863260 0.005125342 0.043695518
v 0.032277812 0.005200000 0.043325878
v 0.032253259 0.005308386 0.043325878
v 0.032180544 0.005412608 0.043325878
v 0.032062461 0.005508658 0.043325878
v 0.031903549 0.005592847 0.043325878
v 0.031709914 0.005661940 0.043325878
v 0.031488997 0.005713280 0.043325878
v 0.031249289 0.005744895 0.043325878
v 0.031000000 0.005755570 0.043325878
v 0.030750711 0.005744895 0.043325878
v 0.030511003 0.005713280 0.043325878
v 0.030290086 0.005661940 0.043325878
v 0.030096451 0.005592847 0.043325878
v 0.029937539 0.005508658 0.043325878
v 0.029819456 0.005412608 0.043325878
v 0.029746741 0.005308386 0.043325878
v 0.029722188 0.005200000 0.043325878
v 0.029746741 0.005091614 0.043325878
v 0.029819456 0.004987392 0.043325878
v 0.029937539 0.004891342 0.043325878
v 0.030096451 0.004807153 0.043325878
v 0.030290086 0.004738060 0.043325878
v 0.030511003 0.004686720 0.043325878
v 0.030750711 0.004655105 0.043325878
v 0.031000000 0.004644430 0.043325878
v 0.031249289 0.004655105 0.043325878
v 0.031488997 0.004686720 0.043325878
v 0.031709914 0.004738060 0.043325878
v 0.031903549 0.004807153 0.043325878
v 0.032062461 0.004891342 0.043325878
v 0.032180544 0.004987392 0.043325878
v 0.032253259 0.005091614 0.043325878
v 0.032626346 0.005200000 0.042828427
v 0.032595096 0.005337950 0.042828427
v 0.032502547 0.005470598 0.042828427
v 0.032352257 0.005592847 0.042828427
v 0.032150000 0.005700000 0.042828427
v 0.031903549 0.005787938 0.042828427
v 0.031622376 0.005853281 0.042828427
v 0.031317284 0.005893520 0.042828427
v 0.031000000 0.005907107 0.042828427
v 0.030682716 0.005893520 0.042828427
v 0.030377624 0.005853281 0.042828427
v 0.030096451 0.005787938 0.042828427
v 0.029850000 0.005700000 0.042828427
v 0.029647743 0.005592847 0.042828427
v 0.029497453 0.005470598 0.042828427
v 0.029404904 0.005337950 0.042828427
v 0.029373654 0.005200000 0.042828427
v 0.029404904 0.005062050 0.042828427
v 0.029497453 0.004929402 0.042828427
v 0.029647743 0.004807153 0.042828427
v 0.029850000 0.004700000 0.042828427
v 0.030096451 0.004612062 0.042828427
v 0.030377624 0.004546719 0.042828427
v 0.030682716 0.004506480 0.042828427
v 0.031000000 0.004492893 0.042828427
v 0.031317284 0.004506480 0.042828427
v 0.031622376 0.004546719 0.042828427
v 0.031903549 0.004612062 0.042828427
v 0.032150000 0.004700000 0.042828427
v 0.032352257 0.004807153 0.042828427
v 0.032502547 0.004929402 0.042828427
v 0.032595096 0.005062050 0.042828427
v 0.032912380 0.005200000 0.042222281
v 0.032875634 0.005362212 0.042222281
v 0.032766809 0.005518190 0.042222281
v 0.032590086 0.005661940 0.042222281
v 0.032352257 0.005787938 0.042222281
v 0.032062461 0.005891342 0.042222281
v 0.031731836 0.005968178 0.042222281
v 0.031373087 0.006015493 0.042222281
v 0.031000000 0.006031470 0.042222281
v 0.030626913 0.006015493 0.042222281
v 0.030268164 0.005968178 0.042222281
v 0.029937539 0.005891342 0.042222281
v 0.029647743 0.005787938 0.042222281
v 0.029409914 0.005661940 0.042222281
v 0.029233191 0.005518190 0.042222281
v 0.029124366 0.005362212 0.042222281
v 0.029087620 0.005200000 0.042222281
v 0.029124366 0.005037788 0.042222281
v 0.029233191 0.004881810 0.042222281
v 0.029409914 0.004738060 0.042222281
v 0.029647743 0.004612062 0.042222281
v 0.029937539 0.004508658 0.042222281
v 0.030268164 0.004431822 0.042222281
v 0.030626913 0.004384507 0.042222281
v 0.031000000 0.004368530 0.042222281
v 0.031373087 0.004384507 0.042222281
v 0.031731836 0.004431822 0.042222281
v 0.032062461 0.004508658 0.042222281
v 0.032352257 0.004612062 0.042222281
v 0.032590086 0.004738060 0.042222281
v 0.032766809 0.004881810 0.042222281
v 0.032875634 0.005037788 0.042222281
v 0.033124923 0.005200000 0.041530734
v 0.033084093 0.005380240 0.041530734
v 0.032963173 0.005553553 0.041530734
v 0.032766809 0.005713280 0.041530734
v 0.032502547 0.005853281 0.041530734
v 0.032180544 0.005968178 0.041530734
v 0.031813173 0.006053553 0.041530734
v 0.031414552 0.006106127 0.041530734
v 0.031000000 0.006123880 0.041530734
v 0.030585448 0.006106127 0.041530734
v 0.030186827 0.006053553 0.041530734
v 0.029819456 0.005968178 0.041530734
v 0.029497453 0.005853281 0.041530734
v 0.029233191 0.005713280 0.041530734
v 0.029036827 0.005553553 0.041530734
v 0.028915907 0.005380240 0.041530734
v 0.028875077 0.005200000 0.041530734
v 0.028915907 0.005019760 0.041530734
v 0.029036827 0.004846447 0.041530734
v 0.029233191 0.004686720 0.041530734
v 0.029497453 0.004546719 0.041530734
v 0.029819456 0.004431822 0.041530734
v 0.030186827 0.004346447 0.041530734
v 0.030585448 0.004293873 0.041530734
v 0.031000000 0.004276120 0.041530734
v 0.031414552 0.004293873 0.041530734
v 0.031813173 0.004346447 0.041530734
v 0.032180544 0.004431822 0.041530734
v 0.032502547 0.004546719 0.041530734
v 0.032766809 0.004686720 0.041530734
v 0.032963173 0.004846447 0.041530734
v 0.033084093 0.005019760 0.041530734
v 0.033255806 0.005200000 0.040780361
v 0.033212461 0.005391342 0.040780361
v 0.033084093 0.005575330 0.040780361
v 0.032875634 0.005744895 0.040780361
v 0.032595096 0.005893520 0.040780361
v 0.032253259 0.006015493 0.040780361
v 0.031863260 0.006106127 0.040780361
v 0.031440086 0.006161940 0.040780361
v 0.031000000 0.006180785 0.040780361
v 0.030559914 0.006161940 0.040780361
v 0.030136740 0.006106127 0.040780361
v 0.029746741 0.006015493 0.040780361
v 0.029404904 0.005893520 0.040780361
v 0.029124366 0.005744895 0.040780361
v 0.028915907 0.005575330 0.040780361
v 0.028787539 0.005391342 0.040780361
v 0.028744194 0.005200000 0.040780361
v 0.028787539 0.005008658 0.040780361
v 0.028915907 0.004824670 0.040780361
v 0.029124366 0.004655105 0.040780361
v 0.029404904 0.004506480 0.040780361
v 0.029746741 0.004384507 0.040780361
v 0.030136740 0.004293873 0.040780361
v 0.030559914 0.004238060 0.040780361
v 0.031000000 0.004219215 0.040780361
v 0.031440086 0.004238060 0.040780361
v 0.031863260 0.004293873 0.040780361
v 0.032253259 0.004384507 0.040780361
v 0.032595096 0.004506480 0.040780361
v 0.032875634 0.004655105 0.040780361
v 0.033084093 0.004824670 0.040780361
v 0.033212461 0.005008658 0.040780361
v 0.033300000 0.005200000 0.040000000
v 0.033255806 0.005395090 0.040000000
v 0.033124923 0.005582683 0.040000000
v 0.032912380 0.005755570 0.040000000
v 0.032626346 0.005907107 0.040000000
v 0.032277812 0.006031470 0.040000000
v 0.031880172 0.006123880 0.040000000
v 0.031448708 0.006180785 0.040000000
v 0.031000000 0.006200000 0.040000000
v 0.030551292 0.006180785 0.040000000
v 0.030119828 0.006123880 0.040000000
v 0.029722188 0.006031470 0.040000000
v 0.029373654 0.005907107 0.040000000
v 0.029087620 0.005755570 0.040000000
v 0.028875077 0.005582683 0.040000000
v 0.028744194 0.005395090 0.040000000
v 0.028700000 0.005200000 0.040000000
v 0.028744194 0.005004910 0.040000000
v 0.028875077 0.004817317 0.040000000
v 0.029087620 0.004644430 0.040000000
v 0.029373654 0.004492893 0.040000000
v 0.029722188 0.004368530 0.040000000
v 0.030119828 0.004276120 0.040000000
v 0.030551292 0.004219215 0.040000000
v 0.031000000 0.004200000 0.040000000
v 0.031448708 0.004219215 0.040000000
v 0.031880172 0.004276120 0.040000000
v 0.032277812 0.004368530 0.040000000
v 0.032626346 0.004492893 0.040000000
v 0.032912380 0.004644430 0.040000000
v 0.033124923 0.004817317 0.040000000
v 0.033255806 0.005004910 0.040000000
v 0.033255806 0.005200000 0.039219639
v 0.033212461 0.005391342 0.039219639
v 0.033084093 0.005575330 0.039219639
v 0.032875634 0.005744895 0.039219639
v 0.032595096 0.005893520 0.039219639
v 0.032253259 0.006015493 0.039219639
v 0.031863260 0.006106127 0.039219639
v 0.031440086 0.006161940 0.039219639
v 0.031000000 0.006180785 0.039219639
v 0.030559914 0.006161940 0.039219639
v 0.030136740 0.006106127 0.039219639
v 0.029746741 0.006015493 0.039219639
v 0.029404904 0.005893520 0.039219639
v 0.029124366 0.005744895 0.039219639
v 0.028915907 0.005575330 0.039219639
v 0.028787539 0.005391342 0.039219639
v 0.028744194 0.005200000 0.039219639
v 0.028787539 0.005008658 0.039219639
v 0.028915907 0.004824670 0.039219639
v 0.029124366 0.004655105 0.039219639
v 0.029404904 0.004506480 0.039219639
v 0.029746741 0.004384507 0.039219639
v 0.030136740 0.004293873 0.039219639
v 0.030559914 0.004238060 0.039219639
v 0.031000000 0.004219215 0.039219639
v 0.031440086 0.004238060 0.039219639
v 0.031863260 0.004293873 0.039219639
v 0.032253259 0.004384507 0.039219639
v 0.032595096 0.004506480 0.039219639
v 0.032875634 0.004655105 0.039219639
v 0.033084093 0.004824670 0.039219639
v 0.033212461 0.005008658 0.039219639
v 0.033124923 0.005200000 0.038469266
v 0.033084093 0.005380240 0.038469266
v 0.032963173 0.005553553 0.038469266
v 0.032766809 0.005713280 0.038469266
v 0.032502547 0.005853281 0.038469266
v 0.032180544 0.005968178 0.038469266
v 0.031813173 0.006053553 0.038469266
v 0.031414552 0.006106127 0.038469266
v 0.031000000 0.006123880 0.038469266
v 0.030585448 0.006106127 0.038469266
v 0.030186827 0.006053553 0.038469266
v 0.029819456 0.005968178 0.038469266
v 0.029497453 0.005853281 0.038469266
v 0.029233191 0.005713280 0.038469266
v 0.029036827 0.005553553 0.038469266
v 0.028915907 0.005380240 0.038469266
v 0.028875077 0.005200000 0.038469266
v 0.028915907 0.005019760 0.038469266
v 0.029036827 0.004846447 0.038469266
v 0.029233191 0.004686720 0.038469266
v 0.029497453 0.004546719 0.038469266
v 0.029819456 0.004431822 0.038469266
v 0.030186827 0.004346447 0.038469266
v 0.030585448 0.004293873 0.038469266
v 0.031000000 0.004276120 0.038469266
v 0.031414552 0.004293873 0.038469266
v 0.031813173 0.004346447 0.038469266
v 0.032180544 0.004431822 0.038469266
v 0.032502547 0.004546719 0.038469266
v 0.032766809 0.004686720 0.038469266
v 0.032963173 0.004846447 0.038469266
v 0.033084093 0.005019760 0.038469266
v 0.032912380 0.005200000 0.037777719
v 0.032875634 0.005362212 0.037777719
v 0.032766809 0.005518190 0.037777719
v 0.032590086 0.005661940 0.037777719
v 0.032352257 0.005787938 0.037777719
v 0.032062461 0.005891342 0.037777719
v 0.031731836 0.005968178 0.037777719
v 0.031373087 0.006015493 0.037777719
v 0.031000000 0.006031470 0.037777719
v 0.030626913 0.006015493 0.037777719
v 0.030268164 0.005968178 0.037777719
v 0.029937539 0.005891342 0.037777719
v 0.029647743 0.005787938 0.037777719
v 0.029409914 0.005661940 0.037777719
v 0.029233191 0.005518190 0.037777719
v 0.029124366 0.005362212 0.037777719
v 0.029087620 0.005200000 0.037777719
v 0.029124366 0.005037788 0.037777719
v 0.029233191 0.004881810 0.037777719
v 0.029409914 0.004738060 0.037777719
v 0.029647743 0.004612062 0.037777719
v 0.029937539 0.004508658 0.037777719
v 0.030268164 0.004431822 0.037777719
v 0.030626913 0.004384507 0.037777719
v 0.031000000 0.004368530 0.037777719
v 0.031373087 0.004384507 0.037777719
v 0.031731836 0.004431822 0.037777719
v 0.032062461 0.004508658 0.037777719
v 0.032352257 0.004612062 0.037777719
v 0.032590086 0.004738060 0.037777719
v 0.032766809 0.004881810 0.037777719
v 0.032875634 0.005037788 0.037777719
v 0.032626346 0.005200000 0.037171573
v 0.032595096 0.005337950 0.037171573
v 0.032502547 0.005470598 0.037171573
v 0.032352257 0.005592847 0.037171573
v 0.032150000 0.005700000 0.037171573
v 0.031903549 0.005787938 0.037171573
v 0.031622376 0.005853281 0.037171573
v 0.031317284 0.005893520 0.037171573
v 0.031000000 0.005907107 0.037171573
v 0.030682716 0.005893520 0.037171573
v 0.030377624 0.005853281 0.037171573
v 0.030096451 0.005787938 0.037171573
v 0.029850000 0.005700000 0.037171573
v 0.029647743 0.005592847 0.037171573
v 0.029497453 0.005470598 0.037171573
v 0.029404904 0.005337950 0.037171573
v 0.029373654 0.005200000 0.037171573
v 0.029404904 0.005062050 0.037171573
v 0.029497453 0.004929402 0.037171573
v 0.029647743 0.004807153 0.037171573
v 0.029850000 0.004700000 0.037171573
v 0.030096451 0.004612062 0.037171573
v 0.030377624 0.004546719 0.037171573
v 0.030682716 0.004506480 0.037171573
v 0.031000000 0.004492893 0.037171573
v 0.031317284 0.004506480 0.037171573
v 0.031622376 0.004546719 0.037171573
v 0.031903549 0.004612062 0.037171573
v 0.032150000 0.004700000 0.037171573
v 0.032352257 0.004807153 0.037171573
v 0.032502547 0.004929402 0.037171573
v 0.032595096 0.005062050 0.037171573
v 0.032277812 0.005200000 0.036674122
v 0.032253259 0.005308386 0.036674122
v 0.032180544 0.005412608 0.036674122
v 0.032062461 0.005508658 0.036674122
v 0.031903549 0.005592847 0.036674122
v 0.031709914 0.005661940 0.036674122
v 0.031488997 0.005713280 0.036674122
v 0.031249289 0.005744895 0.036674122
v 0.031000000 0.005755570 0.036674122
v 0.030750711 0.005744895 0.036674122
v 0.030511003 0.005713280 0.036674122
v 0.030290086 0.005661940 0.036674122
v 0.030096451 0.005592847 0.036674122
v 0.029937539 0.005508658 0.036674122
v 0.029819456 0.005412608 0.036674122
v 0.029746741 0.005308386 0.036674122
v 0.029722188 0.005200000 0.036674122
v 0.029746741 0.005091614 0.036674122
v 0.029819456 0.004987392 0.036674122
v 0.029937539 0.004891342 0.036674122
v 0.030096451 0.004807153 0.036674122
v 0.030290086 0.004738060 0.036674122
v 0.030511003 0.004686720 0.036674122
v 0.030750711 0.004655105 0.036674122
v 0.031000000 0.004644430 0.036674122
v 0.031249289 0.004655105 0.036674122
v 0.031488997 0.004686720 0.036674122
v 0.031709914 0.004738060 0.036674122
v 0.031903549 0.004807153 0.036674122
v 0.032062461 0.004891342 0.036674122
v 0.032180544 0.004987392 0.036674122
v 0.032253259 0.005091614 0.036674122
v 0.031880172 0.005200000 0.036304482
v 0.031863260 0.005274658 0.036304482
v 0.031813173 0.005346447 0.036304482
v 0.031731836 0.005412608 0.036304482
v 0.031622376 0.005470598 0.036304482
v 0.031488997 0.005518190 0.036304482
v 0.031336827 0.005553553 0.036304482
v 0.031171713 0.005575330 0.036304482
v 0.031000000 0.005582683 0.036304482
v 0.030828287 0.005575330 0.036304482
v 0.030663173 0.005553553 0.036304482
v 0.030511003 0.005518190 0.036304482
v 0.030377624 0.005470598 0.036304482
v 0.030268164 0.005412608 0.036304482
v 0.030186827 0.005346447 0.036304482
v 0.030136740 0.005274658 0.036304482
v 0.030119828 0.005200000 0.036304482
v 0.030136740 0.005125342 0.036304482
v 0.030186827 0.005053553 0.036304482
v 0.030268164 0.004987392 0.036304482
v 0.030377624 0.004929402 0.036304482
v 0.030511003 0.004881810 0.036304482
v 0.030663173 0.004846447 0.036304482
v 0.030828287 0.004824670 0.036304482
v 0.031000000 0.004817317 0.036304482
v 0.031171713 0.004824670 0.036304482
v 0.031336827 0.004846447 0.036304482
v 0.031488997 0.004881810 0.036304482
v 0.031622376 0.004929402 0.036304482
v 0.031731836 0.004987392 0.036304482
v 0.031813173 0.005053553 0.036304482
v 0.031863260 0.005125342 0.036304482
v 0.031448708 0.005200000 0.036076859
v 0.031440086 0.005238060 0.036076859
v 0.031414552 0.005274658 0.036076859
v 0.031373087 0.005308386 0.036076859
v 0.031317284 0.005337950 0.036076859
v 0.031249289 0.005362212 0.036076859
v 0.031171713 0.005380240 0.036076859
v 0.031087539 0.005391342 0.036076859
v 0.031000000 0.005395090 0.036076859
v 0.030912461 0.005391342 0.036076859
v 0.030828287 0.005380240 0.036076859
v 0.030750711 0.005362212 0.036076859
v 0.030682716 0.005337950 0.036076859
v 0.030626913 0.005308386 0.036076859
v 0.030585448 0.005274658 0.036076859
v 0.030559914 0.005238060 0.036076859
v 0.030551292 0.005200000 0.036076859
v 0.030559914 0.005161940 0.036076859
v 0.030585448 0.005125342 0.036076859
v 0.030626913 0.005091614 0.036076859
v 0.030682716 0.005062050 0.036076859
v 0.030750711 0.005037788 0.036076859
v 0.030828287 0.005019760 0.036076859
v 0.030912461 0.005008658 0.036076859
v 0.031000000 0.005004910 0.036076859
v 0.031087539 0.005008658 0.036076859
v 0.031171713 0.005019760 0.036076859
v 0.031249289 0.005037788 0.036076859
v 0.031317284 0.005062050 0.036076859
v 0.031373087 0.005091614 0.036076859
v 0.031414552 0.005125342 0.036076859
v 0.031440086 0.005161940 0.036076859
v 0.031000000 0.005200000 0.036000000
f 8819 8820 8821
f 8819 8821 8822
f 8819 8822 8823
f 8819 8823 8824
f 8819 8824 8825
f 8819 8825 8826
f 8819 8826 8827
f 8819 8827 8828
f 8819 8828 8829
f 8819 8829 8830
f 8819 8830 8831
f 8819 8831 8832
f 8819 8832 8833
f 8819 8833 8834
f 8819 8834 8835
f 8819 8835 8836
f 8819 8836 8837
f 8819 8837 8838
f 8819 8838 8839
f 8819 8839 8840
f 8819 8840 8841
f 8819 8841 8842
f 8819 8842 8843
f 8819 8843 8844
f 8819 8844 8845
f 8819 8845 8846
f 8819 8846 8847
f 8819 8847 8848
f 8819 8848 8849
f 8819 8849 8850
f 8819 8850 8851
f 8819 8851 8820
f 8820 8852 8853
f 8820 8853 8821
f 8821 8853 8854
f 8821 8854 8822
f 8822 8854 8855
f 8822 8855 8823
f 8823 8855 8856
f 8823 8856 8824
f 8824 8856 8857
f 8824 8857 8825
f 8825 8857 8858
f 8825 8858 8826
f 8826 8858 8859
f 8826 8859 8827
f 8827 8859 8860
f 8827 8860 8828
f 8828 8860 8861
f 8828 8861 8829
f 8829 8861 8862
f 8829 8862 8830
f 8830 8862 8863
f 8830 8863 8831
f 8831 8863 8864
f 8831 8864 8832
f 8832 8864 8865
f 8832 8865 8833
f 8833 8865 8866
f 8833 8866 8834
f 8834 8866 8867
f 8834 8867 8835
f 8835 8867 8868
f 8835 8868 8836
f 8836 8868 8869
f 8836 8869 8837
f 8837 8869 8870
f 8837 8870 8838
f 8838 8870 8871
f 8838 8871 8839
f 8839 8871 8872
f 8839 8872 8840
f 8840 8872 8873
f 8840 8873 8841
f 8841 8873 8874
f 8841 8874 8842
f 8842 8874 8875
f 8842 8875 8843
f 8843 8875 8876
f 8843 8876 8844
f 8844 8876 8877
f 8844 8877 8845
f 8845 8877 8878
f 8845 8878 8846
f 8846 8878 8879
f 8846 8879 8847
f 8847 8879 8880
f 8847 8880 8848
f 8848 8880 8881
f 8848 8881 8849
f 8849 8881 8882
f 8849 8882 8850
f 8850 8882 8883
f 8850 8883 8851
f 8851 8883 8852
f 8851 8852 8820
f 8852 8884 8885
f 8852 8885 8853
f 8853 8885 8886
f 8853 8886 8854
f 8854 8886 8887
f 8854 8887 8855
f 8855 8887 8888
f 8855 8888 8856
f 8856 8888 8889
f 8856 8889 8857
f 8857 8889 8890
f 8857 8890 8858
f 8858 8890 8891
f 8858 8891 8859
f 8859 8891 8892
f 8859 8892 8860
f 8860 8892 8893
f 8860 8893 8861
f 8861 8893 8894
f 8861 8894 8862
f 8862 8894 8895
f 8862 8895 8863
f 8863 8895 8896
f 8863 8896 8864
f 8864 8896 8897
f 8864 8897 8865
f 8865 8897 8898
f 8865 8898 8866
f 8866 8898 8899
f 8866 8899 8867
f 8867 8899 8900
f 8867 8900 8868
f 8868 8900 8901
f 8868 8901 8869
f 8869 8901 8902
f 8869 8902 8870
f 8870 8902 8903
f 8870 8903 8871
f 8871 8903 8904
f 8871 8904 8872
f 8872 8904 8905
f 8872 8905 8873
f 8873 8905 8906
f 8873 8906 8874
f 8874 8906 8907
f 8874 8907 8875
f 8875 8907 8908
f 8875 8908 8876
f 8876 8908 8909
f 8876 8909 8877
f 8877 8909 8910
f 8877 8910 8878
f 8878 8910 8911
f 8878 8911 8879
f 8879 8911 8912
f 8879 8912 8880
f 8880 8912 8913
f 8880 8913 8881
f 8881 8913 8914
f 8881 8914 8882
f 8882 8914 8915
f 8882 8915 8883
f 8883 8915 8884
f 8883 8884 8852
f 8884 8916 8917
f 8884 8917 8885
f 8885 8917 8918
f 8885 8918 8886
f 8886 8918 8919
f 8886 8919 8887
f 8887 8919 8920
f 8887 8920 8888
f 8888 8920 8921
f 8888 8921 8889
f 8889 8921 8922
f 8889 8922 8890
f 8890 8922 8923
f 8890 8923 8891
f 8891 8923 8924
f 8891 8924 8892
f 8892 8924 8925
f 8892 8925 8893
f 8893 8925 8926
f 8893 8926 8894
f 8894 8926 8927
f 8894 8927 8895
f 8895 8927 8928
f 8895 8928 8896
f 8896 8928 8929
f 8896 8929 8897
f 8897 8929 8930
f 8897 8930 8898
f 8898 8930 8931
f 8898 8931 8899
f 8899 8931 8932
f 8899 8932 8900
f 8900 8932 8933
f 8900 8933 8901
f 8901 8933 8934
f 8901 8934 8902
f 8902 8934 8935
f 8902 8935 8903
f 8903 8935 8936
f 8903 8936 8904
f 8904 8936 8937
f 8904 8937 8905
f 8905 8937 8938
f 8905 8938 8906
f 8906 8938 8939
f 8906 8939 8907
f 8907 8939 8940
f 8907 8940 8908
f 8908 8940 8941
f 8908 8941 8909
f 8909 8941 8942
f 8909 8942 8910
f 8910 8942 8943
f 8910 8943 8911
f 8911 8943 8944
f 8911 8944 8912
f 8912 8944 8945
f 8912 8945 8913
f 8913 8945 8946
f 8913 8946 8914
f 8914 8946 8947
f 8914 8947 8915
f 8915 8947 8916
f 8915 8916 8884
f 8916 8948 8949
f 8916 8949 8917
f 8917 8949 8950
f 8917 8950 8918
f 8918 8950 8951
f 8918 8951 8919
f 8919 8951 8952
f 8919 8952 8920
f 8920 8952 8953
f 8920 8953 8921
f 8921 8953 8954
f 8921 8954 8922
f 8922 8954 8955
f 8922 8955 8923
f 8923 8955 8956
f 8923 8956 8924
f 8924 8956 8957
f 8924 8957 8925
f 8925 8957 8958
f 8925 8958 8926
f 8926 8958 8959
f 8926 8959 8927
f 8927 8959 8960
f 8927 8960 8928
f 8928 8960 8961
f 8928 8961 8929
f 8929 8961 8962
f 8929 8962 8930
f 8930 8962 8963
f 8930 8963 8931
f 8931 8963 8964
f 8931 8964 8932
f 8932 8964 8965
f 8932 8965 8933
f 8933 8965 8966
f 8933 8966 8934
f 8934 8966 8967
f 8934 8967 8935
f 8935 8967 8968
f 8935 8968 8936
f 8936 8968 8969
f 8936 8969 8937
f 8937 8969 8970
f 8937 8970 8938
f 8938 8970 8971
f 8938 8971 8939
f 8939 8971 8972
f 8939 8972 8940
f 8940 8972 8973
f 8940 8973 8941
f 8941 8973 8974
f 8941 8974 8942
f 8942 8974 8975
f 8942 8975 8943
f 8943 8975 8976
f 8943 8976 8944
f 8944 8976 8977
f 8944 8977 8945
f 8945 8977 8978
f 8945 8978 8946
f 8946 8978 8979
f 8946 8979 8947
f 8947 8979 8948
f 8947 8948 8916
f 8948 8980 8981
f 8948 8981 8949
f 8949 8981 8982
f 8949 8982 8950
f 8950 8982 8983
f 8950 8983 8951
f 8951 8983 8984
f 8951 8984 8952
f 8952 8984 8985
f 8952 8985 8953
f 8953 8985 8986
f 8953 8986 8954
f 8954 8986 8987
f 8954 8987 8955
f 8955 8987 8988
f 8955 8988 8956
f 8956 8988 8989
f 8956 8989 8957
f 8957 8989 8990
f 8957 8990 8958
f 8958 8990 8991
f 8958 8991 8959
f 8959 8991 8992
f 8959 8992 8960
f 8960 8992 8993
f 8960 8993 8961
f 8961 8993 8994
f 8961 8994 8962
f 8962 8994 8995
f 8962 8995 8963
f 8963 8995 8996
f 8963 8996 8964
f 8964 8996 8997
f 8964 8997 8965
f 8965 8997 8998
f 8965 8998 8966
f 8966 8998 8999
f 8966 8999 8967
f 8967 8999 9000
f 8967 9000 8968
f 8968 9000 9001
f 8968 9001 8969
f 8969 9001 9002
f 8969 9002 8970
f 8970 9002 9003
f 8970 9003 8971
f 8971 9003 9004
f 8971 9004 8972
f 8972 9004 9005
f 8972 9005 8973
f 8973 9005 9006
f 8973 9006 8974
f 8974 9006 9007
f 8974 9007 8975
f 8975 9007 9008
f 8975 9008 8976
f 8976 9008 9009
f 8976 9009 8977
f 8977 9009 9010
f 8977 9010 8978
f 8978 9010 9011
f 8978 9011 8979
f 8979 9011 8980
f 8979 8980 8948
f 8980 9012 9013
f 8980 9013 8981
f 8981 9013 9014
f 8981 9014 8982
f 8982 9014 9015
f 8982 9015 8983
f 8983 9015 9016
f 8983 9016 8984
f 8984 9016 9017
f 8984 9017 8985
f 8985 9017 9018
f 8985 9018 8986
f 8986 9018 9019
f 8986 9019 8987
f 8987 9019 9020
f 8987 9020 8988
f 8988 9020 9021
f 8988 9021 8989
f 8989 9021 9022
f 8989 9022 8990
f 8990 9022 9023
f 8990 9023 8991
f 8991 9023 9024
f 8991 9024 8992
f 8992 9024 9025
f 8992 9025 8993
f 8993 9025 9026
f 8993 9026 8994
f 8994 9026 9027
f 8994 9027 8995
f 8995 9027 9028
f 8995 9028 8996
f 8996 9028 9029
f 8996 9029 8997
f 8997 9029 9030
f 8997 9030 8998
f 8998 9030 9031
f 8998 9031 8999
f 8999 9031 9032
f 8999 9032 9000
f 9000 9032 9033
f 9000 9033 9001
f 9001 9033 9034
f 9001 9034 9002
f 9002 9034 9035
f 9002 9035 9003
f 9003 9035 9036
f 9003 9036 9004
f 9004 9036 9037
f 9004 9037 9005
f 9005 9037 9038
f 9005 9038 9006
f 9006 9038 9039
f 9006 9039 9007
f 9007 9039 9040
f 9007 9040 9008
f 9008 9040 9041
f 9008 9041 9009
f 9009 9041 9042
f 9009 9042 9010
f 9010 9042 9043
f 9010 9043 9011
f 9011 9043 9012
f 9011 9012 8980
f 9012 9044 9045
f 9012 9045 9013
f 9013 9045 9046
f 9013 9046 9014
f 9014 9046 9047
f 9014 9047 9015
f 9015 9047 9048
f 9015 9048 9016
f 9016 9048 9049
f 9016 9049 9017
f 9017 9049 9050
f 9017 9050 9018
f 9018 9050 9051
f 9018 9051 9019
f 9019 9051 9052
f 9019 9052 9020
f 9020 9052 9053
f 9020 9053 9021
f 9021 9053 9054
f 9021 9054 9022
f 9022 9054 9055
f 9022 9055 9023
f 9023 9055 9056
f 9023 9056 9024
f 9024 9056 9057
f 9024 9057 9025
f 9025 9057 9058
f 9025 9058 9026
f 9026 9058 9059
f 9026 9059 9027
f 9027 9059 9060
f 9027 9060 9028
f 9028 9060 9061
f 9028 9061 9029
f 9029 9061 9062
f 9029 9062 9030
f 9030 9062 9063
f 9030 9063 9031
f 9031 9063 9064
f 9031 9064 9032
f 9032 9064 9065
f 9032 9065 9033
f 9033 9065 9066
f 9033 9066 9034
f 9034 9066 9067
f 9034 9067 9035
f 9035 9067 9068
f 9035 9068 9036
f 9036 9068 9069
f 9036 9069 9037
f 9037 9069 9070
f 9037 9070 9038
f 9038 9070 9071
f 9038 9071 9039
f 9039 9071 9072
f 9039 9072 9040
f 9040 9072 9073
f 9040 9073 9041
f 9041 9073 9074
f 9041 9074 9042
f 9042 9074 9075
f 9042 9075 9043
f 9043 9075 9044
f 9043 9044 9012
f 9044 9076 9077
f 9044 9077 9045
f 9045 9077 9078
f 9045 9078 9046
f 9046 9078 9079
f 9046 9079 9047
f 9047 9079 9080
f 9047 9080 9048
f 9048 9080 9081
f 9048 9081 9049
f 9049 9081 9082
f 9049 9082 9050
f 9050 9082 9083
f 9050 9083 9051
f 9051 9083 9084
f 9051 9084 9052
f 9052 9084 9085
f 9052 9085 9053
f 9053 9085 9086
f 9053 9086 9054
f 9054 9086 9087
f 9054 9087 9055
f 9055 9087 9088
f 9055 9088 9056
f 9056 9088 9089
f 9056 9089 9057
f 9057 9089 9090
f 9057 9090 9058
f 9058 9090 9091
f 9058 9091 9059
f 9059 9091 9092
f 9059 9092 9060
f 9060 9092 9093
f 9060 9093 9061
f 9061 9093 9094
f 9061 9094 9062
f 9062 9094 9095
f 9062 9095 9063
f 9063 9095 9096
f 9063 9096 9064
f 9064 9096 9097
f 9064 9097 9065
f 9065 9097 9098
f 9065 9098 9066
f 9066 9098 9099
f 9066 9099 9067
f 9067 9099 9100
f 9067 9100 9068
f 9068 9100 9101
f 9068 9101 9069
f 9069 9101 9102
f 9069 9102 9070
f 9070 9102 9103
f 9070 9103 9071
f 9071 9103 9104
f 9071 9104 9072
f 9072 9104 9105
f 9072 9105 9073
f 9073 9105 9106
f 9073 9106 9074
f 9074 9106 9107
f 9074 9107 9075
f 9075 9107 9076
f 9075 9076 9044
f 9076 9108 9109
f 9076 9109 9077
f 9077 9109 9110
f 9077 9110 9078
f 9078 9110 9111
f 9078 9111 9079
f 9079 9111 9112
f 9079 9112 9080
f 9080 9112 9113
f 9080 9113 9081
f 9081 9113 9114
f 9081 9114 9082
f 9082 9114 9115
f 9082 9115 9083
f 9083 9115 9116
f 9083 9116 9084
f 9084 9116 9117
f 9084 9117 9085
f 9085 9117 9118
f 9085 9118 9086
f 9086 9118 9119
f 9086 9119 9087
f 9087 9119 9120
f 9087 9120 9088
f 9088 9120 9121
f 9088 9121 9089
f 9089 9121 9122
f 9089 9122 9090
f 9090 9122 9123
f 9090 9123 9091
f 9091 9123 9124
f 9091 9124 9092
f 9092 9124 9125
f 9092 9125 9093
f 9093 9125 9126
f 9093 9126 9094
f 9094 9126 9127
f 9094 9127 9095
f 9095 9127 9128
f 9095 9128 9096
f 9096 9128 9129
f 9096 9129 9097
f 9097 9129 9130
f 9097 9130 9098
f 9098 9130 9131
f 9098 9131 9099
f 9099 9131 9132
f 9099 9132 9100
f 9100 9132 9133
f 9100 9133 9101
f 9101 9133 9134
f 9101 9134 9102
f 9102 9134 9135
f 9102 9135 9103
f 9103 9135 9136
f 9103 9136 9104
f 9104 9136 9137
f 9104 9137 9105
f 9105 9137 9138
f 9105 9138 9106
f 9106 9138 9139
f 9106 9139 9107
f 9107 9139 9108
f 9107 9108 9076
f 9108 9140 9141
f 9108 9141 9109
f 9109 9141 9142
f 9109 9142 9110
f 9110 9142 9143
f 9110 9143 9111
f 9111 9143 9144
f 9111 9144 9112
f 9112 9144 9145
f 9112 9145 9113
f 9113 9145 9146
f 9113 9146 9114
f 9114 9146 9147
f 9114 9147 9115
f 9115 9147 9148
f 9115 9148 9116
f 9116 9148 9149
f 9116 9149 9117
f 9117 9149 9150
f 9117 9150 9118
f 9118 9150 9151
f 9118 9151 9119
f 9119 9151 9152
f 9119 9152 9120
f 9120 9152 9153
f 9120 9153 9121
f 9121 9153 9154
f 9121 9154 9122
f 9122 9154 9155
f 9122 9155 9123
f 9123 9155 9156
f 9123 9156 9124
f 9124 9156 9157
f 9124 9157 9125
f 9125 9157 9158
f 9125 9158 9126
f 9126 9158 9159
f 9126 9159 9127
f 9127 9159 9160
f 9127 9160 9128
f 9128 9160 9161
f 9128 9161 9129
f 9129 9161 9162
f 9129 9162 9130
f 9130 9162 9163
f 9130 9163 9131
f 9131 9163 9164
f 9131 9164 9132
f 9132 9164 9165
f 9132 9165 9133
f 9133 9165 9166
f 9133 9166 9134
f 9134 9166 9167
f 9134 9167 9135
f 9135 9167 9168
f 9135 9168 9136
f 9136 9168 9169
f 9136 9169 9137
f 9137 9169 9170
f 9137 9170 9138
f 9138 9170 9171
f 9138 9171 9139
f 9139 9171 9140
f 9139 9140 9108
f 9140 9172 9173
f 9140 9173 9141
f 9141 9173 9174
f 9141 9174 9142
f 9142 9174 9175
f 9142 9175 9143
f 9143 9175 9176
f 9143 9176 9144
f 9144 9176 9177
f 9144 9177 9145
f 9145 9177 9178
f 9145 9178 9146
f 9146 9178 9179
f 9146 9179 9147
f 9147 9179 9180
f 9147 9180 9148
f 9148 9180 9181
f 9148 9181 9149
f 9149 9181 9182
f 9149 9182 9150
f 9150 9182 9183
f 9150 9183 9151
f 9151 9183 9184
f 9151 9184 9152
f 9152 9184 9185
f 9152 9185 9153
f 9153 9185 9186
f 9153 9186 9154
f 9154 9186 9187
f 9154 9187 9155
f 9155 9187 9188
f 9155 9188 9156
f 9156 9188 9189
f 9156 9189 9157
f 9157 9189 9190
f 9157 9190 9158
f 9158 9190 9191
f 9158 9191 9159
f 9159 9191 9192
f 9159 9192 9160
f 9160 9192 9193
f 9160 9193 9161
f 9161 9193 9194
f 9161 9194 9162
f 9162 9194 9195
f 9162 9195 9163
f 9163 9195 9196
f 9163 9196 9164
f 9164 9196 9197
f 9164 9197 9165
f 9165 9197 9198
f 9165 9198 9166
f 9166 9198 9199
f 9166 9199 9167
f 9167 9199 9200
f 9167 9200 9168
f 9168 9200 9201
f 9168 9201 9169
f 9169 9201 9202
f 9169 9202 9170
f 9170 9202 9203
f 9170 9203 9171
f 9171 9203 9172
f 9171 9172 9140
f 9172 9204 9205
f 9172 9205 9173
f 9173 9205 9206
f 9173 9206 9174
f 9174 9206 9207
f 9174 9207 9175
f 9175 9207 9208
f 9175 9208 9176
f 9176 9208 9209
f 9176 9209 9177
f 9177 9209 9210
f 9177 9210 9178
f 9178 9210 9211
f 9178 9211 9179
f 9179 9211 9212
f 9179 9212 9180
f 9180 9212 9213
f 9180 9213 9181
f 9181 9213 9214
f 9181 9214 9182
f 9182 9214 9215
f 9182 9215 9183
f 9183 9215 9216
f 9183 9216 9184
f 9184 9216 9217
f 9184 9217 9185
f 9185 9217 9218
f 9185 9218 9186
f 9186 9218 9219
f 9186 9219 9187
f 9187 9219 9220
f 9187 9220 9188
f 9188 9220 9221
f 9188 9221 9189
f 9189 9221 9222
f 9189 9222 9190
f 9190 9222 9223
f 9190 9223 9191
f 9191 9223 9224
f 9191 9224 9192
f 9192 9224 9225
f 9192 9225 9193
f 9193 9225 9226
f 9193 9226 9194
f 9194 9226 9227
f 9194 9227 9195
f 9195 9227 9228
f 9195 9228 9196
f 9196 9228 9229
f 9196 9229 9197
f 9197 9229 9230
f 9197 9230 9198
f 9198 9230 9231
f 9198 9231 9199
f 9199 9231 9232
f 9199 9232 9200
f 9200 9232 9233
f 9200 9233 9201
f 9201 9233 9234
f 9201 9234 9202
f 9202 9234 9235
f 9202 9235 9203
f 9203 9235 9204
f 9203 9204 9172
f 9204 9236 9237
f 9204 9237 9205
f 9205 9237 9238
f 9205 9238 9206
f 9206 9238 9239
f 9206 9239 9207
f 9207 9239 9240
f 9207 9240 9208
f 9208 9240 9241
f 9208 9241 9209
f 9209 9241 9242
f 9209 9242 9210
f 9210 9242 9243
f 9210 9243 9211
f 9211 9243 9244
f 9211 9244 9212
f 9212 9244 9245
f 9212 9245 9213
f 9213 9245 9246
f 9213 9246 9214
f 9214 9246 9247
f 9214 9247 9215
f 9215 9247 9248
f 9215 9248 9216
f 9216 9248 9249
f 9216 9249 9217
f 9217 9249 9250
f 9217 9250 9218
f 9218 9250 9251
f 9218 9251 9219
f 9219 9251 9252
f 9219 9252 9220
f 9220 9252 9253
f 9220 9253 9221
f 9221 9253 9254
f 9221 9254 9222
f 9222 9254 9255
f 9222 9255 9223
f 9223 9255 9256
f 9223 9256 9224
f 9224 9256 9257
f 9224 9257 9225
f 9225 9257 9258
f 9225 9258 9226
f 9226 9258 9259
f 9226 9259 9227
f 9227 9259 9260
f 9227 9260 9228
f 9228 9260 9261
f 9228 9261 9229
f 9229 9261 9262
f 9229 9262 9230
f 9230 9262 9263
f 9230 9263 9231
f 9231 9263 9264
f 9231 9264 9232
f 9232 9264 9265
f 9232 9265 9233
f 9233 9265 9266
f 9233 9266 9234
f 9234 9266 9267
f 9234 9267 9235
f 9235 9267 9236
f 9235 9236 9204
f 9236 9268 9269
f 9236 9269 9237
f 9237 9269 9270
f 9237 9270 9238
f 9238 9270 9271
f 9238 9271 9239
f 9239 9271 9272
f 9239 9272 9240
f 9240 9272 9273
f 9240 9273 9241
f 9241 9273 9274
f 9241 9274 9242
f 9242 9274 9275
f 9242 9275 9243
f 9243 9275 9276
f 9243 9276 9244
f 9244 9276 9277
f 9244 9277 9245
f 9245 9277 9278
f 9245 9278 9246
f 9246 9278 9279
f 9246 9279 9247
f 9247 9279 9280
f 9247 9280 9248
f 9248 9280 9281
f 9248 9281 9249
f 9249 9281 9282
f 9249 9282 9250
f 9250 9282 9283
f 9250 9283 9251
f 9251 9283 9284
f 9251 9284 9252
f 9252 9284 9285
f 9252 9285 9253
f 9253 9285 9286
f 9253 9286 9254
f 9254 9286 9287
f 9254 9287 9255
f 9255 9287 9288
f 9255 9288 9256
f 9256 9288 9289
f 9256 9289 9257
f 9257 9289 9290
f 9257 9290 9258
f 9258 9290 9291
f 9258 9291 9259
f 9259 9291 9292
f 9259 9292 9260
f 9260 9292 9293
f 9260 9293 9261
f 9261 9293 9294
f 9261 9294 9262
f 9262 9294 9295
f 9262 9295 9263
f 9263 9295 9296
f 9263 9296 9264
f 9264 9296 9297
f 9264 9297 9265
f 9265 9297 9298
f 9265 9298 9266
f 9266 9298 9299
f 9266 9299 9267
f 9267 9299 9268
f 9267 9268 9236
f 9300 9269 9268
f 9300 9270 9269
f 9300 9271 9270
f 9300 9272 9271
f 9300 9273 9272
f 9300 9274 9273
f 9300 9275 9274
f 9300 9276 9275
f 9300 9277 9276
f 9300 9278 9277
f 9300 9279 9278
f 9300 9280 9279
f 9300 9281 9280
f 9300 9282 9281
f 9300 9283 9282
f 9300 9284 9283
f 9300 9285 9284
f 9300 9286 9285
f 9300 9287 9286
f 9300 9288 9287
f 9300 9289 9288
f 9300 9290 9289
f 9300 9291 9290
f 9300 9292 9291
f 9300 9293 9292
f 9300 9294 9293
f 9300 9295 9294
f 9300 9296 9295
f 9300 9297 9296
f 9300 9298 9297
f 9300 9299 9298
f 9300 9268 9299
o graffiti_drip_2
usemtl graffiti_pink
v 0.026000000 0.005200000 0.046000000
v 0.026331654 0.005200000 0.045942356
v 0.026325281 0.005238060 0.045942356
v 0.026306408 0.005274658 0.045942356
v 0.026275760 0.005308386 0.045942356
v 0.026234514 0.005337950 0.045942356
v 0.026184257 0.005362212 0.045942356
v 0.026126918 0.005380240 0.045942356
v 0.026064702 0.005391342 0.045942356
v 0.026000000 0.005395090 0.045942356
v 0.025935298 0.005391342 0.045942356
v 0.025873082 0.005380240 0.045942356
v 0.025815743 0.005362212 0.045942356
v 0.025765486 0.005337950 0.045942356
v 0.025724240 0.005308386 0.045942356
v 0.025693592 0.005274658 0.045942356
v 0.025674719 0.005238060 0.045942356
v 0.025668346 0.005200000 0.045942356
v 0.025674719 0.005161940 0.045942356
v 0.025693592 0.005125342 0.045942356
v 0.025724240 0.005091614 0.045942356
v 0.025765486 0.005062050 0.045942356
v 0.025815743 0.005037788 0.045942356
v 0.025873082 0.005019760 0.045942356
v 0.025935298 0.005008658 0.045942356
v 0.026000000 0.005004910 0.045942356
v 0.026064702 0.005008658 0.045942356
v 0.026126918 0.005019760 0.045942356
v 0.026184257 0.005037788 0.045942356
v 0.026234514 0.005062050 0.045942356
v 0.026275760 0.005091614 0.045942356
v 0.026306408 0.005125342 0.045942356
v 0.026325281 0.005161940 0.045942356
v 0.026650562 0.005200000 0.045771639
v 0.026638061 0.005274658 0.045771639
v 0.026601041 0.005346447 0.045771639
v 0.026540922 0.005412608 0.045771639
v 0.026460017 0.005470598 0.045771639
v 0.026361433 0.005518190 0.045771639
v 0.026248959 0.005553553 0.045771639
v 0.026126918 0.005575330 0.045771639
v 0.026000000 0.005582683 0.045771639
v 0.025873082 0.005575330 0.045771639
v 0.025751041 0.005553553 0.045771639
v 0.025638567 0.005518190 0.045771639
v 0.025539983 0.005470598 0.045771639
v 0.025459078 0.005412608 0.045771639
v 0.025398959 0.005346447 0.045771639
v 0.025361939 0.005274658 0.045771639
v 0.025349438 0.005200000 0.045771639
v 0.025361939 0.005125342 0.045771639
v 0.025398959 0.005053553 0.045771639
v 0.025459078 0.004987392 0.045771639
v 0.025539983 0.004929402 0.045771639
v 0.025638567 0.004881810 0.045771639
v 0.025751041 0.004846447 0.045771639
v 0.025873082 0.004824670 0.045771639
v 0.026000000 0.004817317 0.045771639
v 0.026126918 0.004824670 0.045771639
v 0.026248959 0.004846447 0.045771639
v 0.026361433 0.004881810 0.045771639
v 0.026460017 0.004929402 0.045771639
v 0.026540922 0.004987392 0.045771639
v 0.026601041 0.005053553 0.045771639
v 0.026638061 0.005125342 0.045771639
v 0.026944469 0.005200000 0.045494409
v 0.026926322 0.005308386 0.045494409
v 0.026872576 0.005412608 0.045494409
v 0.026785298 0.005508658 0.045494409
v 0.026667841 0.005592847 0.045494409
v 0.026524719 0.005661940 0.045494409
v 0.026361433 0.005713280 0.045494409
v 0.026184257 0.005744895 0.045494409
v 0.026000000 0.005755570 0.045494409
v 0.025815743 0.005744895 0.045494409
v 0.025638567 0.005713280 0.045494409
v 0.025475281 0.005661940 0.045494409
v 0.025332159 0.005592847 0.045494409
v 0.025214702 0.005508658 0.045494409
v 0.025127424 0.005412608 0.045494409
v 0.025073678 0.005308386 0.045494409
v 0.025055531 0.005200000 0.045494409
v 0.025073678 0.005091614 0.045494409
v 0.025127424 0.004987392 0.045494409
v 0.025214702 0.004891342 0.045494409
v 0.025332159 0.004807153 0.045494409
v 0.025475281 0.004738060 0.045494409
v 0.025638567 0.004686720 0.045494409
v 0.025815743 0.004655105 0.045494409
v 0.026000000 0.004644430 0.045494409
v 0.026184257 0.004655105 0.045494409
v 0.026361433 0.004686720 0.045494409
v 0.026524719 0.004738060 0.045494409
v 0.026667841 0.004807153 0.045494409
v 0.026785298 0.004891342 0.045494409
v 0.026872576 0.004987392 0.045494409
v 0.026926322 0.005091614 0.045494409
v 0.027202082 0.005200000 0.045121320
v 0.027178984 0.005337950 0.045121320
v 0.027110579 0.005470598 0.045121320
v 0.026999494 0.005592847 0.045121320
v 0.026850000 0.005700000 0.045121320
v 0.026667841 0.005787938 0.045121320
v 0.026460017 0.005853281 0.045121320
v 0.026234514 0.005893520 0.045121320
v 0.026000000 0.005907107 0.045121320
v 0.025765486 0.005893520 0.045121320
v 0.025539983 0.005853281 0.045121320
v 0.025332159 0.005787938 0.045121320
v 0.025150000 0.005700000 0.045121320
v 0.025000506 0.005592847 0.045121320
v 0.024889421 0.005470598 0.045121320
v 0.024821016 0.005337950 0.045121320
v 0.024797918 0.005200000 0.045121320
v 0.024821016 0.005062050 0.045121320
v 0.024889421 0.004929402 0.045121320
v 0.025000506 0.004807153 0.045121320
v 0.025150000 0.004700000 0.045121320
v 0.025332159 0.004612062 0.045121320
v 0.025539983 0.004546719 0.045121320
v 0.025765486 0.004506480 0.045121320
v 0.026000000 0.004492893 0.045121320
v 0.026234514 0.004506480 0.045121320
v 0.026460017 0.004546719 0.045121320
v 0.026667841 0.004612062 0.045121320
v 0.026850000 0.004700000 0.045121320
v 0.026999494 0.004807153 0.045121320
v 0.027110579 0.004929402 0.045121320
v 0.027178984 0.005062050 0.045121320
v 0.027413498 0.005200000 0.044666711
v 0.027386338 0.005362212 0.044666711
v 0.027305902 0.005518190 0.044666711
v 0.027175281 0.005661940 0.044666711
v 0.026999494 0.005787938 0.044666711
v 0.026785298 0.005891342 0.044666711
v 0.026540922 0.005968178 0.044666711
v 0.026275760 0.006015493 0.044666711
v 0.026000000 0.006031470 0.044666711
v 0.025724240 0.006015493 0.044666711
v 0.025459078 0.005968178 0.044666711
v 0.025214702 0.005891342 0.044666711
v 0.025000506 0.005787938 0.044666711
v 0.024824719 0.005661940 0.044666711
v 0.024694098 0.005518190 0.044666711
v 0.024613662 0.005362212 0.044666711
v 0.024586502 0.005200000 0.044666711
v 0.024613662 0.005037788 0.044666711
v 0.024694098 0.004881810 0.044666711
v 0.024824719 0.004738060 0.044666711
v 0.025000506 0.004612062 0.044666711
v 0.025214702 0.004508658 0.044666711
v 0.025459078 0.004431822 0.044666711
v 0.025724240 0.004384507 0.044666711
v 0.026000000 0.004368530 0.044666711
v 0.026275760 0.004384507 0.044666711
v 0.026540922 0.004431822 0.044666711
v 0.026785298 0.004508658 0.044666711
v 0.026999494 0.004612062 0.044666711
v 0.027175281 0.004738060 0.044666711
v 0.027305902 0.004881810 0.044666711
v 0.027386338 0.005037788 0.044666711
v 0.027570595 0.005200000 0.044148050
v 0.027540417 0.005380240 0.044148050
v 0.027451041 0.005553553 0.044148050
v 0.027305902 0.005713280 0.044148050
v 0.027110579 0.005853281 0.044148050
v 0.026872576 0.005968178 0.044148050
v 0.026601041 0.006053553 0.044148050
v 0.026306408 0.006106127 0.044148050
v 0.026000000 0.006123880 0.044148050
v 0.025693592 0.006106127 0.044148050
v 0.025398959 0.006053553 0.044148050
v 0.025127424 0.005968178 0.044148050
v 0.024889421 0.005853281 0.044148050
v 0.024694098 0.005713280 0.044148050
v 0.024548959 0.005553553 0.044148050
v 0.024459583 0.005380240 0.044148050
v 0.024429405 0.005200000 0.044148050
v 0.024459583 0.005019760 0.044148050
v 0.024548959 0.004846447 0.044148050
v 0.024694098 0.004686720 0.044148050
v 0.024889421 0.004546719 0.044148050
v 0.025127424 0.004431822 0.044148050
v 0.025398959 0.004346447 0.044148050
v 0.025693592 0.004293873 0.044148050
v 0.026000000 0.004276120 0.044148050
v 0.026306408 0.004293873 0.044148050
v 0.026601041 0.004346447 0.044148050
v 0.026872576 0.004431822 0.044148050
v 0.027110579 0.004546719 0.044148050
v 0.027305902 0.004686720 0.044148050
v 0.027451041 0.004846447 0.044148050
v 0.027540417 0.005019760 0.044148050
v 0.027667335 0.005200000 0.043585271
v 0.027635298 0.005391342 0.043585271
v 0.027540417 0.005575330 0.043585271
v 0.027386338 0.005744895 0.043585271
v 0.027178984 0.005893520 0.043585271
v 0.026926322 0.006015493 0.043585271
v 0.026638061 0.006106127 0.043585271
v 0.026325281 0.006161940 0.043585271
v 0.026000000 0.006180785 0.043585271
v 0.025674719 0.006161940 0.043585271
v 0.025361939 0.006106127 0.043585271
v 0.025073678 0.006015493 0.043585271
v 0.024821016 0.005893520 0.043585271
v 0.024613662 0.005744895 0.043585271
v 0.024459583 0.005575330 0.043585271
v 0.024364702 0.005391342 0.043585271
v 0.024332665 0.005200000 0.043585271
v 0.024364702 0.005008658 0.043585271
v 0.024459583 0.004824670 0.043585271
v 0.024613662 0.004655105 0.043585271
v 0.024821016 0.004506480 0.043585271
v 0.025073678 0.004384507 0.043585271
v 0.025361939 0.004293873 0.043585271
v 0.025674719 0.004238060 0.043585271
v 0.026000000 0.004219215 0.043585271
v 0.026325281 0.004238060 0.043585271
v 0.026638061 0.004293873 0.043585271
v 0.026926322 0.004384507 0.043585271
v 0.027178984 0.004506480 0.043585271
v 0.027386338 0.004655105 0.043585271
v 0.027540417 0.004824670 0.043585271
v 0.027635298 0.005008658 0.043585271
v 0.027700000 0.005200000 0.043000000
v 0.027667335 0.005395090 0.043000000
v 0.027570595 0.005582683 0.043000000
v 0.027413498 0.005755570 0.043000000
v 0.027202082 0.005907107 0.043000000
v 0.026944469 0.006031470 0.043000000
v 0.026650562 0.006123880 0.043000000
v 0.026331654 0.006180785 0.043000000
v 0.026000000 0.006200000 0.043000000
v 0.025668346 0.006180785 0.043000000
v 0.025349438 0.006123880 0.043000000
v 0.025055531 0.006031470 0.043000000
v 0.024797918 0.005907107 0.043000000
v 0.024586502 0.005755570 0.043000000
v 0.024429405 0.005582683 0.043000000
v 0.024332665 0.005395090 0.043000000
v 0.024300000 0.005200000 0.043000000
v 0.024332665 0.005004910 0.043000000
v 0.024429405 0.004817317 0.043000000
v 0.024586502 0.004644430 0.043000000
v 0.024797918 0.004492893 0.043000000
v 0.025055531 0.004368530 0.043000000
v 0.025349438 0.004276120 0.043000000
v 0.025668346 0.004219215 0.043000000
v 0.026000000 0.004200000 0.043000000
v 0.026331654 0.004219215 0.043000000
v 0.026650562 0.004276120 0.043000000
v 0.026944469 0.004368530 0.043000000
v 0.027202082 0.004492893 0.043000000
v 0.027413498 0.004644430 0.043000000
v 0.027570595 0.004817317 0.043000000
v 0.027667335 0.005004910 0.043000000
v 0.027667335 0.005200000 0.042414729
v 0.027635298 0.005391342 0.042414729
v 0.027540417 0.005575330 0.042414729
v 0.027386338 0.005744895 0.042414729
v 0.027178984 0.005893520 0.042414729
v 0.026926322 0.006015493 0.042414729
v 0.026638061 0.006106127 0.042414729
v 0.026325281 0.006161940 0.042414729
v 0.026000000 0.006180785 0.042414729
v 0.025674719 0.006161940 0.042414729
v 0.025361939 0.006106127 0.042414729
v 0.025073678 0.006015493 0.042414729
v 0.024821016 0.005893520 0.042414729
v 0.024613662 0.005744895 0.042414729
v 0.024459583 0.005575330 0.042414729
v 0.024364702 0.005391342 0.042414729
v 0.024332665 0.005200000 0.042414729
v 0.024364702 0.005008658 0.042414729
v 0.024459583 0.004824670 0.042414729
v 0.024613662 0.004655105 0.042414729
v 0.024821016 0.004506480 0.042414729
v 0.025073678 0.004384507 0.042414729
v 0.025361939 0.004293873 0.042414729
v 0.025674719 0.004238060 0.042414729
v 0.026000000 0.004219215 0.042414729
v 0.026325281 0.004238060 0.042414729
v 0.026638061 0.004293873 0.042414729
v 0.026926322 0.004384507 0.042414729
v 0.027178984 0.004506480 0.042414729
v 0.027386338 0.004655105 0.042414729
v 0.027540417 0.004824670 0.042414729
v 0.027635298 0.005008658 0.042414729
v 0.027570595 0.005200000 0.041851950
v 0.027540417 0.005380240 0.041851950
v 0.027451041 0.005553553 0.041851950
v 0.027305902 0.005713280 0.041851950
v 0.027110579 0.005853281 0.041851950
v 0.026872576 0.005968178 0.041851950
v 0.026601041 0.006053553 0.041851950
v 0.026306408 0.006106127 0.041851950
v 0.026000000 0.006123880 0.041851950
v 0.025693592 0.006106127 0.041851950
v 0.025398959 0.006053553 0.041851950
v 0.025127424 0.005968178 0.041851950
v 0.024889421 0.005853281 0.041851950
v 0.024694098 0.005713280 0.041851950
v 0.024548959 0.005553553 0.041851950
v 0.024459583 0.005380240 0.041851950
v 0.024429405 0.005200000 0.041851950
v 0.024459583 0.005019760 0.041851950
v 0.024548959 0.004846447 0.041851950
v 0.024694098 0.004686720 0.041851950
v 0.024889421 0.004546719 0.041851950
v 0.025127424 0.004431822 0.041851950
v 0.025398959 0.004346447 0.041851950
v 0.025693592 0.004293873 0.041851950
v 0.026000000 0.004276120 0.041851950
v 0.026306408 0.004293873 0.041851950
v 0.026601041 0.004346447 0.041851950
v 0.026872576 0.004431822 0.041851950
v 0.027110579 0.004546719 0.041851950
v 0.027305902 0.004686720 0.041851950
v 0.027451041 0.004846447 0.041851950
v 0.027540417 0.005019760 0.041851950
v 0.027413498 0.005200000 0.041333289
v 0.027386338 0.005362212 0.041333289
v 0.027305902 0.005518190 0.041333289
v 0.027175281 0.005661940 0.041333289
v 0.026999494 0.005787938 0.041333289
v 0.026785298 0.005891342 0.041333289
v 0.026540922 0.005968178 0.041333289
v 0.026275760 0.006015493 0.041333289
v 0.026000000 0.006031470 0.041333289
v 0.025724240 0.006015493 0.041333289
v 0.025459078 0.005968178 0.041333289
v 0.025214702 0.005891342 0.041333289
v 0.025000506 0.005787938 0.041333289
v 0.024824719 0.005661940 0.041333289
v 0.024694098 0.005518190 0.041333289
v 0.024613662 0.005362212 0.041333289
v 0.024586502 0.005200000 0.041333289
v 0.024613662 0.005037788 0.041333289
v 0.024694098 0.004881810 0.041333289
v 0.024824719 0.004738060 0.041333289
v 0.025000506 0.004612062 0.041333289
v 0.025214702 0.004508658 0.041333289
v 0.025459078 0.004431822 0.041333289
v 0.025724240 0.004384507 0.041333289
v 0.026000000 0.004368530 0.041333289
v 0.026275760 0.004384507 0.041333289
v 0.026540922 0.004431822 0.041333289
v 0.026785298 0.004508658 0.041333289
v 0.026999494 0.004612062 0.041333289
v 0.027175281 0.004738060 0.041333289
v 0.027305902 0.004881810 0.041333289
v 0.027386338 0.005037788 0.041333289
v 0.027202082 0.005200000 0.040878680
v 0.027178984 0.005337950 0.040878680
v 0.027110579 0.005470598 0.040878680
v 0.026999494 0.005592847 0.040878680
v 0.026850000 0.005700000 0.040878680
v 0.026667841 0.005787938 0.040878680
v 0.026460017 0.005853281 0.040878680
v 0.026234514 0.005893520 0.040878680
v 0.026000000 0.005907107 0.040878680
v 0.025765486 0.005893520 0.040878680
v 0.025539983 0.005853281 0.040878680
v 0.025332159 0.005787938 0.040878680
v 0.025150000 0.005700000 0.040878680
v 0.025000506 0.005592847 0.040878680
v 0.024889421 0.005470598 0.040878680
v 0.024821016 0.005337950 0.040878680
v 0.024797918 0.005200000 0.040878680
v 0.024821016 0.005062050 0.040878680
v 0.024889421 0.004929402 0.040878680
v 0.025000506 0.004807153 0.040878680
v 0.025150000 0.004700000 0.040878680
v 0.025332159 0.004612062 0.040878680
v 0.025539983 0.004546719 0.040878680
v 0.025765486 0.004506480 0.040878680
v 0.026000000 0.004492893 0.040878680
v 0.026234514 0.004506480 0.040878680
v 0.026460017 0.004546719 0.040878680
v 0.026667841 0.004612062 0.040878680
v 0.026850000 0.004700000 0.040878680
v 0.026999494 0.004807153 0.040878680
v 0.027110579 0.004929402 0.040878680
v 0.027178984 0.005062050 0.040878680
v 0.026944469 0.005200000 0.040505591
v 0.026926322 0.005308386 0.040505591
v 0.026872576 0.005412608 0.040505591
v 0.026785298 0.005508658 0.040505591
v 0.026667841 0.005592847 0.040505591
v 0.026524719 0.005661940 0.040505591
v 0.026361433 0.005713280 0.040505591
v 0.026184257 0.005744895 0.040505591
v 0.026000000 0.005755570 0.040505591
v 0.025815743 0.005744895 0.040505591
v 0.025638567 0.005713280 0.040505591
v 0.025475281 0.005661940 0.040505591
v 0.025332159 0.005592847 0.040505591
v 0.025214702 0.005508658 0.040505591
v 0.025127424 0.005412608 0.040505591
v 0.025073678 0.005308386 0.040505591
v 0.025055531 0.005200000 0.040505591
v 0.025073678 0.005091614 0.040505591
v 0.025127424 0.004987392 0.040505591
v 0.025214702 0.004891342 0.040505591
v 0.025332159 0.004807153 0.040505591
v 0.025475281 0.004738060 0.040505591
v 0.025638567 0.004686720 0.040505591
v 0.025815743 0.004655105 0.040505591
v 0.026000000 0.004644430 0.040505591
v 0.026184257 0.004655105 0.040505591
v 0.026361433 0.004686720 0.040505591
v 0.026524719 0.004738060 0.040505591
v 0.026667841 0.004807153 0.040505591
v 0.026785298 0.004891342 0.040505591
v 0.026872576 0.004987392 0.040505591
v 0.026926322 0.005091614 0.040505591
v 0.026650562 0.005200000 0.040228361
v 0.026638061 0.005274658 0.040228361
v 0.026601041 0.005346447 0.040228361
v 0.026540922 0.005412608 0.040228361
v 0.026460017 0.005470598 0.040228361
v 0.026361433 0.005518190 0.040228361
v 0.026248959 0.005553553 0.040228361
v 0.026126918 0.005575330 0.040228361
v 0.026000000 0.005582683 0.040228361
v 0.025873082 0.005575330 0.040228361
v 0.025751041 0.005553553 0.040228361
v 0.025638567 0.005518190 0.040228361
v 0.025539983 0.005470598 0.040228361
v 0.025459078 0.005412608 0.040228361
v 0.025398959 0.005346447 0.040228361
v 0.025361939 0.005274658 0.040228361
v 0.025349438 0.005200000 0.040228361
v 0.025361939 0.005125342 0.040228361
v 0.025398959 0.005053553 0.040228361
v 0.025459078 0.004987392 0.040228361
v 0.025539983 0.004929402 0.040228361
v 0.025638567 0.004881810 0.040228361
v 0.025751041 0.004846447 0.040228361
v 0.025873082 0.004824670 0.040228361
v 0.026000000 0.004817317 0.040228361
v 0.026126918 0.004824670 0.040228361
v 0.026248959 0.004846447 0.040228361
v 0.026361433 0.004881810 0.040228361
v 0.026460017 0.004929402 0.040228361
v 0.026540922 0.004987392 0.040228361
v 0.026601041 0.005053553 0.040228361
v 0.026638061 0.005125342 0.040228361
v 0.026331654 0.005200000 0.040057644
v 0.026325281 0.005238060 0.040057644
v 0.026306408 0.005274658 0.040057644
v 0.026275760 0.005308386 0.040057644
v 0.026234514 0.005337950 0.040057644
v 0.026184257 0.005362212 0.040057644
v 0.026126918 0.005380240 0.040057644
v 0.026064702 0.005391342 0.040057644
v 0.026000000 0.005395090 0.040057644
v 0.025935298 0.005391342 0.040057644
v 0.025873082 0.005380240 0.040057644
v 0.025815743 0.005362212 0.040057644
v 0.025765486 0.005337950 0.040057644
v 0.025724240 0.005308386 0.040057644
v 0.025693592 0.005274658 0.040057644
v 0.025674719 0.005238060 0.040057644
v 0.025668346 0.005200000 0.040057644
v 0.025674719 0.005161940 0.040057644
v 0.025693592 0.005125342 0.040057644
v 0.025724240 0.005091614 0.040057644
v 0.025765486 0.005062050 0.040057644
v 0.025815743 0.005037788 0.040057644
v 0.025873082 0.005019760 0.040057644
v 0.025935298 0.005008658 0.040057644
v 0.026000000 0.005004910 0.040057644
v 0.026064702 0.005008658 0.040057644
v 0.026126918 0.005019760 0.040057644
v 0.026184257 0.005037788 0.040057644
v 0.026234514 0.005062050 0.040057644
v 0.026275760 0.005091614 0.040057644
v 0.026306408 0.005125342 0.040057644
v 0.026325281 0.005161940 0.040057644
v 0.026000000 0.005200000 0.040000000
f 9301 9302 9303
f 9301 9303 9304
f 9301 9304 9305
f 9301 9305 9306
f 9301 9306 9307
f 9301 9307 9308
f 9301 9308 9309
f 9301 9309 9310
f 9301 9310 9311
f 9301 9311 9312
f 9301 9312 9313
f 9301 9313 9314
f 9301 9314 9315
f 9301 9315 9316
f 9301 9316 9317
f 9301 9317 9318
f 9301 9318 9319
f 9301 9319 9320
f 9301 9320 9321
f 9301 9321 9322
f 9301 9322 9323
f 9301 9323 9324
f 9301 9324 9325
f 9301 9325 9326
f 9301 9326 9327
f 9301 9327 9328
f 9301 9328 9329
f 9301 9329 9330
f 9301 9330 9331
f 9301 9331 9332
f 9301 9332 9333
f 9301 9333 9302
f 9302 9334 9335
f 9302 9335 9303
f 9303 9335 9336
f 9303 9336 9304
f 9304 9336 9337
f 9304 9337 9305
f 9305 9337 9338
f 9305 9338 9306
f 9306 9338 9339
f 9306 9339 9307
f 9307 9339 9340
f 9307 9340 9308
f 9308 9340 9341
f 9308 9341 9309
f 9309 9341 9342
f 9309 9342 9310
f 9310 9342 9343
f 9310 9343 9311
f 9311 9343 9344
f 9311 9344 9312
f 9312 9344 9345
f 9312 9345 9313
f 9313 9345 9346
f 9313 9346 9314
f 9314 9346 9347
f 9314 9347 9315
f 9315 9347 9348
f 9315 9348 9316
f 9316 9348 9349
f 9316 9349 9317
f 9317 9349 9350
f 9317 9350 9318
f 9318 9350 9351
f 9318 9351 9319
f 9319 9351 9352
f 9319 9352 9320
f 9320 9352 9353
f 9320 9353 9321
f 9321 9353 9354
f 9321 9354 9322
f 9322 9354 9355
f 9322 9355 9323
f 9323 9355 9356
f 9323 9356 9324
f 9324 9356 9357
f 9324 9357 9325
f 9325 9357 9358
f 9325 9358 9326
f 9326 9358 9359
f 9326 9359 9327
f 9327 9359 9360
f 9327 9360 9328
f 9328 9360 9361
f 9328 9361 9329
f 9329 9361 9362
f 9329 9362 9330
f 9330 9362 9363
f 9330 9363 9331
f 9331 9363 9364
f 9331 9364 9332
f 9332 9364 9365
f 9332 9365 9333
f 9333 9365 9334
f 9333 9334 9302
f 9334 9366 9367
f 9334 9367 9335
f 9335 9367 9368
f 9335 9368 9336
f 9336 9368 9369
f 9336 9369 9337
f 9337 9369 9370
f 9337 9370 9338
f 9338 9370 9371
f 9338 9371 9339
f 9339 9371 9372
f 9339 9372 9340
f 9340 9372 9373
f 9340 9373 9341
f 9341 9373 9374
f 9341 9374 9342
f 9342 9374 9375
f 9342 9375 9343
f 9343 9375 9376
f 9343 9376 9344
f 9344 9376 9377
f 9344 9377 9345
f 9345 9377 9378
f 9345 9378 9346
f 9346 9378 9379
f 9346 9379 9347
f 9347 9379 9380
f 9347 9380 9348
f 9348 9380 9381
f 9348 9381 9349
f 9349 9381 9382
f 9349 9382 9350
f 9350 9382 9383
f 9350 9383 9351
f 9351 9383 9384
f 9351 9384 9352
f 9352 9384 9385
f 9352 9385 9353
f 9353 9385 9386
f 9353 9386 9354
f 9354 9386 9387
f 9354 9387 9355
f 9355 9387 9388
f 9355 9388 9356
f 9356 9388 9389
f 9356 9389 9357
f 9357 9389 9390
f 9357 9390 9358
f 9358 9390 9391
f 9358 9391 9359
f 9359 9391 9392
f 9359 9392 9360
f 9360 9392 9393
f 9360 9393 9361
f 9361 9393 9394
f 9361 9394 9362
f 9362 9394 9395
f 9362 9395 9363
f 9363 9395 9396
f 9363 9396 9364
f 9364 9396 9397
f 9364 9397 9365
f 9365 9397 9366
f 9365 9366 9334
f 9366 9398 9399
f 9366 9399 9367
f 9367 9399 9400
f 9367 9400 9368
f 9368 9400 9401
f 9368 9401 9369
f 9369 9401 9402
f 9369 9402 9370
f 9370 9402 9403
f 9370 9403 9371
f 9371 9403 9404
f 9371 9404 9372
f 9372 9404 9405
f 9372 9405 9373
f 9373 9405 9406
f 9373 9406 9374
f 9374 9406 9407
f 9374 9407 9375
f 9375 9407 9408
f 9375 9408 9376
f 9376 9408 9409
f 9376 9409 9377
f 9377 9409 9410
f 9377 9410 9378
f 9378 9410 9411
f 9378 9411 9379
f 9379 9411 9412
f 9379 9412 9380
f 9380 9412 9413
f 9380 9413 9381
f 9381 9413 9414
f 9381 9414 9382
f 9382 9414 9415
f 9382 9415 9383
f 9383 9415 9416
f 9383 9416 9384
f 9384 9416 9417
f 9384 9417 9385
f 9385 9417 9418
f 9385 9418 9386
f 9386 9418 9419
f 9386 9419 9387
f 9387 9419 9420
f 9387 9420 9388
f 9388 9420 9421
f 9388 9421 9389
f 9389 9421 9422
f 9389 9422 9390
f 9390 9422 9423
f 9390 9423 9391
f 9391 9423 9424
f 9391 9424 9392
f 9392 9424 9425
f 9392 9425 9393
f 9393 9425 9426
f 9393 9426 9394
f 9394 9426 9427
f 9394 9427 9395
f 9395 9427 9428
f 9395 9428 9396
f 9396 9428 9429
f 9396 9429 9397
f 9397 9429 9398
f 9397 9398 9366
f 9398 9430 9431
f 9398 9431 9399
f 9399 9431 9432
f 9399 9432 9400
f 9400 9432 9433
f 9400 9433 9401
f 9401 9433 9434
f 9401 9434 9402
f 9402 9434 9435
f 9402 9435 9403
f 9403 9435 9436
f 9403 9436 9404
f 9404 9436 9437
f 9404 9437 9405
f 9405 9437 9438
f 9405 9438 9406
f 9406 9438 9439
f 9406 9439 9407
f 9407 9439 9440
f 9407 9440 9408
f 9408 9440 9441
f 9408 9441 9409
f 9409 9441 9442
f 9409 9442 9410
f 9410 9442 9443
f 9410 9443 9411
f 9411 9443 9444
f 9411 9444 9412
f 9412 9444 9445
f 9412 9445 9413
f 9413 9445 9446
f 9413 9446 9414
f 9414 9446 9447
f 9414 9447 9415
f 9415 9447 9448
f 9415 9448 9416
f 9416 9448 9449
f 9416 9449 9417
f 9417 9449 9450
f 9417 9450 9418
f 9418 9450 9451
f 9418 9451 9419
f 9419 9451 9452
f 9419 9452 9420
f 9420 9452 9453
f 9420 9453 9421
f 9421 9453 9454
f 9421 9454 9422
f 9422 9454 9455
f 9422 9455 9423
f 9423 9455 9456
f 9423 9456 9424
f 9424 9456 9457
f 9424 9457 9425
f 9425 9457 9458
f 9425 9458 9426
f 9426 9458 9459
f 9426 9459 9427
f 9427 9459 9460
f 9427 9460 9428
f 9428 9460 9461
f 9428 9461 9429
f 9429 9461 9430
f 9429 9430 9398
f 9430 9462 9463
f 9430 9463 9431
f 9431 9463 9464
f 9431 9464 9432
f 9432 9464 9465
f 9432 9465 9433
f 9433 9465 9466
f 9433 9466 9434
f 9434 9466 9467
f 9434 9467 9435
f 9435 9467 9468
f 9435 9468 9436
f 9436 9468 9469
f 9436 9469 9437
f 9437 9469 9470
f 9437 9470 9438
f 9438 9470 9471
f 9438 9471 9439
f 9439 9471 9472
f 9439 9472 9440
f 9440 9472 9473
f 9440 9473 9441
f 9441 9473 9474
f 9441 9474 9442
f 9442 9474 9475
f 9442 9475 9443
f 9443 9475 9476
f 9443 9476 9444
f 9444 9476 9477
f 9444 9477 9445
f 9445 9477 9478
f 9445 9478 9446
f 9446 9478 9479
f 9446 9479 9447
f 9447 9479 9480
f 9447 9480 9448
f 9448 9480 9481
f 9448 9481 9449
f 9449 9481 9482
f 9449 9482 9450
f 9450 9482 9483
f 9450 9483 9451
f 9451 9483 9484
f 9451 9484 9452
f 9452 9484 9485
f 9452 9485 9453
f 9453 9485 9486
f 9453 9486 9454
f 9454 9486 9487
f 9454 9487 9455
f 9455 9487 9488
f 9455 9488 9456
f 9456 9488 9489
f 9456 9489 9457
f 9457 9489 9490
f 9457 9490 9458
f 9458 9490 9491
f 9458 9491 9459
f 9459 9491 9492
f 9459 9492 9460
f 9460 9492 9493
f 9460 9493 9461
f 9461 9493 9462
f 9461 9462 9430
f 9462 9494 9495
f 9462 9495 9463
f 9463 9495 9496
f 9463 9496 9464
f 9464 9496 9497
f 9464 9497 9465
f 9465 9497 9498
f 9465 9498 9466
f 9466 9498 9499
f 9466 9499 9467
f 9467 9499 9500
f 9467 9500 9468
f 9468 9500 9501
f 9468 9501 9469
f 9469 9501 9502
f 9469 9502 9470
f 9470 9502 9503
f 9470 9503 9471
f 9471 9503 9504
f 9471 9504 9472
f 9472 9504 9505
f 9472 9505 9473
f 9473 9505 9506
f 9473 9506 9474
f 9474 9506 9507
f 9474 9507 9475
f 9475 9507 9508
f 9475 9508 9476
f 9476 9508 9509
f 9476 9509 9477
f 9477 9509 9510
f 9477 9510 9478
f 9478 9510 9511
f 9478 9511 9479
f 9479 9511 9512
f 9479 9512 9480
f 9480 9512 9513
f 9480 9513 9481
f 9481 9513 9514
f 9481 9514 9482
f 9482 9514 9515
f 9482 9515 9483
f 9483 9515 9516
f 9483 9516 9484
f 9484 9516 9517
f 9484 9517 9485
f 9485 9517 9518
f 9485 9518 9486
f 9486 9518 9519
f 9486 9519 9487
f 9487 9519 9520
f 9487 9520 9488
f 9488 9520 9521
f 9488 9521 9489
f 9489 9521 9522
f 9489 9522 9490
f 9490 9522 9523
f 9490 9523 9491
f 9491 9523 9524
f 9491 9524 9492
f 9492 9524 9525
f 9492 9525 9493
f 9493 9525 9494
f 9493 9494 9462
f 9494 9526 9527
f 9494 9527 9495
f 9495 9527 9528
f 9495 9528 9496
f 9496 9528 9529
f 9496 9529 9497
f 9497 9529 9530
f 9497 9530 9498
f 9498 9530 9531
f 9498 9531 9499
f 9499 9531 9532
f 9499 9532 9500
f 9500 9532 9533
f 9500 9533 9501
f 9501 9533 9534
f 9501 9534 9502
f 9502 9534 9535
f 9502 9535 9503
f 9503 9535 9536
f 9503 9536 9504
f 9504 9536 9537
f 9504 9537 9505
f 9505 9537 9538
f 9505 9538 9506
f 9506 9538 9539
f 9506 9539 9507
f 9507 9539 9540
f 9507 9540 9508
f 9508 9540 9541
f 9508 9541 9509
f 9509 9541 9542
f 9509 9542 9510
f 9510 9542 9543
f 9510 9543 9511
f 9511 9543 9544
f 9511 9544 9512
f 9512 9544 9545
f 9512 9545 9513
f 9513 9545 9546
f 9513 9546 9514
f 9514 9546 9547
f 9514 9547 9515
f 9515 9547 9548
f 9515 9548 9516
f 9516 9548 9549
f 9516 9549 9517
f 9517 9549 9550
f 9517 9550 9518
f 9518 9550 9551
f 9518 9551 9519
f 9519 9551 9552
f 9519 9552 9520
f 9520 9552 9553
f 9520 9553 9521
f 9521 9553 9554
f 9521 9554 9522
f 9522 9554 9555
f 9522 9555 9523
f 9523 9555 9556
f 9523 9556 9524
f 9524 9556 9557
f 9524 9557 9525
f 9525 9557 9526
f 9525 9526 9494
f 9526 9558 9559
f 9526 9559 9527
f 9527 9559 9560
f 9527 9560 9528
f 9528 9560 9561
f 9528 9561 9529
f 9529 9561 9562
f 9529 9562 9530
f 9530 9562 9563
f 9530 9563 9531
f 9531 9563 9564
f 9531 9564 9532
f 9532 9564 9565
f 9532 9565 9533
f 9533 9565 9566
f 9533 9566 9534
f 9534 9566 9567
f 9534 9567 9535
f 9535 9567 9568
f 9535 9568 9536
f 9536 9568 9569
f 9536 9569 9537
f 9537 9569 9570
f 9537 9570 9538
f 9538 9570 9571
f 9538 9571 9539
f 9539 9571 9572
f 9539 9572 9540
f 9540 9572 9573
f 9540 9573 9541
f 9541 9573 9574
f 9541 9574 9542
f 9542 9574 9575
f 9542 9575 9543
f 9543 9575 9576
f 9543 9576 9544
f 9544 9576 9577
f 9544 9577 9545
f 9545 9577 9578
f 9545 9578 9546
f 9546 9578 9579
f 9546 9579 9547
f 9547 9579 9580
f 9547 9580 9548
f 9548 9580 9581
f 9548 9581 9549
f 9549 9581 9582
f 9549 9582 9550
f 9550 9582 9583
f 9550 9583 9551
f 9551 9583 9584
f 9551 9584 9552
f 9552 9584 9585
f 9552 9585 9553
f 9553 9585 9586
f 9553 9586 9554
f 9554 9586 9587
f 9554 9587 9555
f 9555 9587 9588
f 9555 9588 9556
f 9556 9588 9589
f 9556 9589 9557
f 9557 9589 9558
f 9557 9558 9526
f 9558 9590 9591
f 9558 9591 9559
f 9559 9591 9592
f 9559 9592 9560
f 9560 9592 9593
f 9560 9593 9561
f 9561 9593 9594
f 9561 9594 9562
f 9562 9594 9595
f 9562 9595 9563
f 9563 9595 9596
f 9563 9596 9564
f 9564 9596 9597
f 9564 9597 9565
f 9565 9597 9598
f 9565 9598 9566
f 9566 9598 9599
f 9566 9599 9567
f 9567 9599 9600
f 9567 9600 9568
f 9568 9600 9601
f 9568 9601 9569
f 9569 9601 9602
f 9569 9602 9570
f 9570 9602 9603
f 9570 9603 9571
f 9571 9603 9604
f 9571 9604 9572
f 9572 9604 9605
f 9572 9605 9573
f 9573 9605 9606
f 9573 9606 9574
f 9574 9606 9607
f 9574 9607 9575
f 9575 9607 9608
f 9575 9608 9576
f 9576 9608 9609
f 9576 9609 9577
f 9577 9609 9610
f 9577 9610 9578
f 9578 9610 9611
f 9578 9611 9579
f 9579 9611 9612
f 9579 9612 9580
f 9580 9612 9613
f 9580 9613 9581
f 9581 9613 9614
f 9581 9614 9582
f 9582 9614 9615
f 9582 9615 9583
f 9583 9615 9616
f 9583 9616 9584
f 9584 9616 9617
f 9584 9617 9585
f 9585 9617 9618
f 9585 9618 9586
f 9586 9618 9619
f 9586 9619 9587
f 9587 9619 9620
f 9587 9620 9588
f 9588 9620 9621
f 9588 9621 9589
f 9589 9621 9590
f 9589 9590 9558
f 9590 9622 9623
f 9590 9623 9591
f 9591 9623 9624
f 9591 9624 9592
f 9592 9624 9625
f 9592 9625 9593
f 9593 9625 9626
f 9593 9626 9594
f 9594 9626 9627
f 9594 9627 9595
f 9595 9627 9628
f 9595 9628 9596
f 9596 9628 9629
f 9596 9629 9597
f 9597 9629 9630
f 9597 9630 9598
f 9598 9630 9631
f 9598 9631 9599
f 9599 9631 9632
f 9599 9632 9600
f 9600 9632 9633
f 9600 9633 9601
f 9601 9633 9634
f 9601 9634 9602
f 9602 9634 9635
f 9602 9635 9603
f 9603 9635 9636
f 9603 9636 9604
f 9604 9636 9637
f 9604 9637 9605
f 9605 9637 9638
f 9605 9638 9606
f 9606 9638 9639
f 9606 9639 9607
f 9607 9639 9640
f 9607 9640 9608
f 9608 9640 9641
f 9608 9641 9609
f 9609 9641 9642
f 9609 9642 9610
f 9610 9642 9643
f 9610 9643 9611
f 9611 9643 9644
f 9611 9644 9612
f 9612 9644 9645
f 9612 9645 9613
f 9613 9645 9646
f 9613 9646 9614
f 9614 9646 9647
f 9614 9647 9615
f 9615 9647 9648
f 9615 9648 9616
f 9616 9648 9649
f 9616 9649 9617
f 9617 9649 9650
f 9617 9650 9618
f 9618 9650 9651
f 9618 9651 9619
f 9619 9651 9652
f 9619 9652 9620
f 9620 9652 9653
f 9620 9653 9621
f 9621 9653 9622
f 9621 9622 9590
f 9622 9654 9655
f 9622 9655 9623
f 9623 9655 9656
f 9623 9656 9624
f 9624 9656 9657
f 9624 9657 9625
f 9625 9657 9658
f 9625 9658 9626
f 9626 9658 9659
f 9626 9659 9627
f 9627 9659 9660
f 9627 9660 9628
f 9628 9660 9661
f 9628 9661 9629
f 9629 9661 9662
f 9629 9662 9630
f 9630 9662 9663
f 9630 9663 9631
f 9631 9663 9664
f 9631 9664 9632
f 9632 9664 9665
f 9632 9665 9633
f 9633 9665 9666
f 9633 9666 9634
f 9634 9666 9667
f 9634 9667 9635
f 9635 9667 9668
f 9635 9668 9636
f 9636 9668 9669
f 9636 9669 9637
f 9637 9669 9670
f 9637 9670 9638
f 9638 9670 9671
f 9638 9671 9639
f 9639 9671 9672
f 9639 9672 9640
f 9640 9672 9673
f 9640 9673 9641
f 9641 9673 9674
f 9641 9674 9642
f 9642 9674 9675
f 9642 9675 9643
f 9643 9675 9676
f 9643 9676 9644
f 9644 9676 9677
f 9644 9677 9645
f 9645 9677 9678
f 9645 9678 9646
f 9646 9678 9679
f 9646 9679 9647
f 9647 9679 9680
f 9647 9680 9648
f 9648 9680 9681
f 9648 9681 9649
f 9649 9681 9682
f 9649 9682 9650
f 9650 9682 9683
f 9650 9683 9651
f 9651 9683 9684
f 9651 9684 9652
f 9652 9684 9685
f 9652 9685 9653
f 9653 9685 9654
f 9653 9654 9622
f 9654 9686 9687
f 9654 9687 9655
f 9655 9687 9688
f 9655 9688 9656
f 9656 9688 9689
f 9656 9689 9657
f 9657 9689 9690
f 9657 9690 9658
f 9658 9690 9691
f 9658 9691 9659
f 9659 9691 9692
f 9659 9692 9660
f 9660 9692 9693
f 9660 9693 9661
f 9661 9693 9694
f 9661 9694 9662
f 9662 9694 9695
f 9662 9695 9663
f 9663 9695 9696
f 9663 9696 9664
f 9664 9696 9697
f 9664 9697 9665
f 9665 9697 9698
f 9665 9698 9666
f 9666 9698 9699
f 9666 9699 9667
f 9667 9699 9700
f 9667 9700 9668
f 9668 9700 9701
f 9668 9701 9669
f 9669 9701 9702
f 9669 9702 9670
f 9670 9702 9703
f 9670 9703 9671
f 9671 9703 9704
f 9671 9704 9672
f 9672 9704 9705
f 9672 9705 9673
f 9673 9705 9706
f 9673 9706 9674
f 9674 9706 9707
f 9674 9707 9675
f 9675 9707 9708
f 9675 9708 9676
f 9676 9708 9709
f 9676 9709 9677
f 9677 9709 9710
f 9677 9710 9678
f 9678 9710 9711
f 9678 9711 9679
f 9679 9711 9712
f 9679 9712 9680
f 9680 9712 9713
f 9680 9713 9681
f 9681 9713 9714
f 9681 9714 9682
f 9682 9714 9715
f 9682 9715 9683
f 9683 9715 9716
f 9683 9716 9684
f 9684 9716 9717
f 9684 9717 9685
f 9685 9717 9686
f 9685 9686 9654
f 9686 9718 9719
f 9686 9719 9687
f 9687 9719 9720
f 9687 9720 9688
f 9688 9720 9721
f 9688 9721 9689
f 9689 9721 9722
f 9689 9722 9690
f 9690 9722 9723
f 9690 9723 9691
f 9691 9723 9724
f 9691 9724 9692
f 9692 9724 9725
f 9692 9725 9693
f 9693 9725 9726
f 9693 9726 9694
f 9694 9726 9727
f 9694 9727 9695
f 9695 9727 9728
f 9695 9728 9696
f 9696 9728 9729
f 9696 9729 9697
f 9697 9729 9730
f 9697 9730 9698
f 9698 9730 9731
f 9698 9731 9699
f 9699 9731 9732
f 9699 9732 9700
f 9700 9732 9733
f 9700 9733 9701
f 9701 9733 9734
f 9701 9734 9702
f 9702 9734 9735
f 9702 9735 9703
f 9703 9735 9736
f 9703 9736 9704
f 9704 9736 9737
f 9704 9737 9705
f 9705 9737 9738
f 9705 9738 9706
f 9706 9738 9739
f 9706 9739 9707
f 9707 9739 9740
f 9707 9740 9708
f 9708 9740 9741
f 9708 9741 9709
f 9709 9741 9742
f 9709 9742 9710
f 9710 9742 9743
f 9710 9743 9711
f 9711 9743 9744
f 9711 9744 9712
f 9712 9744 9745
f 9712 9745 9713
f 9713 9745 9746
f 9713 9746 9714
f 9714 9746 9747
f 9714 9747 9715
f 9715 9747 9748
f 9715 9748 9716
f 9716 9748 9749
f 9716 9749 9717
f 9717 9749 9718
f 9717 9718 9686
f 9718 9750 9751
f 9718 9751 9719
f 9719 9751 9752
f 9719 9752 9720
f 9720 9752 9753
f 9720 9753 9721
f 9721 9753 9754
f 9721 9754 9722
f 9722 9754 9755
f 9722 9755 9723
f 9723 9755 9756
f 9723 9756 9724
f 9724 9756 9757
f 9724 9757 9725
f 9725 9757 9758
f 9725 9758 9726
f 9726 9758 9759
f 9726 9759 9727
f 9727 9759 9760
f 9727 9760 9728
f 9728 9760 9761
f 9728 9761 9729
f 9729 9761 9762
f 9729 9762 9730
f 9730 9762 9763
f 9730 9763 9731
f 9731 9763 9764
f 9731 9764 9732
f 9732 9764 9765
f 9732 9765 9733
f 9733 9765 9766
f 9733 9766 9734
f 9734 9766 9767
f 9734 9767 9735
f 9735 9767 9768
f 9735 9768 9736
f 9736 9768 9769
f 9736 9769 9737
f 9737 9769 9770
f 9737 9770 9738
f 9738 9770 9771
f 9738 9771 9739
f 9739 9771 9772
f 9739 9772 9740
f 9740 9772 9773
f 9740 9773 9741
f 9741 9773 9774
f 9741 9774 9742
f 9742 9774 9775
f 9742 9775 9743
f 9743 9775 9776
f 9743 9776 9744
f 9744 9776 9777
f 9744 9777 9745
f 9745 9777 9778
f 9745 9778 9746
f 9746 9778 9779
f 9746 9779 9747
f 9747 9779 9780
f 9747 9780 9748
f 9748 9780 9781
f 9748 9781 9749
f 9749 9781 9750
f 9749 9750 9718
f 9782 9751 9750
f 9782 9752 9751
f 9782 9753 9752
f 9782 9754 9753
f 9782 9755 9754
f 9782 9756 9755
f 9782 9757 9756
f 9782 9758 9757
f 9782 9759 9758
f 9782 9760 9759
f 9782 9761 9760
f 9782 9762 9761
f 9782 9763 9762
f 9782 9764 9763
f 9782 9765 9764
f 9782 9766 9765
f 9782 9767 9766
f 9782 9768 9767
f 9782 9769 9768
f 9782 9770 9769
f 9782 9771 9770
f 9782 9772 9771
f 9782 9773 9772
f 9782 9774 9773
f 9782 9775 9774
f 9782 9776 9775
f 9782 9777 9776
f 9782 9778 9777
f 9782 9779 9778
f 9782 9780 9779
f 9782 9781 9780
f 9782 9750 9781
o cyan_sprinkle
usemtl sprinkle_cyan
v 0.035000000 0.005400000 0.037500000
v 0.035234108 0.005400000 0.037471178
v 0.035229610 0.005430448 0.037471178
v 0.035216288 0.005459726 0.037471178
v 0.035194654 0.005486709 0.037471178
v 0.035165540 0.005510360 0.037471178
v 0.035130064 0.005529769 0.037471178
v 0.035089589 0.005544192 0.037471178
v 0.035045672 0.005553073 0.037471178
v 0.035000000 0.005556072 0.037471178
v 0.034954328 0.005553073 0.037471178
v 0.034910411 0.005544192 0.037471178
v 0.034869936 0.005529769 0.037471178
v 0.034834460 0.005510360 0.037471178
v 0.034805346 0.005486709 0.037471178
v 0.034783712 0.005459726 0.037471178
v 0.034770390 0.005430448 0.037471178
v 0.034765892 0.005400000 0.037471178
v 0.034770390 0.005369552 0.037471178
v 0.034783712 0.005340274 0.037471178
v 0.034805346 0.005313291 0.037471178
v 0.034834460 0.005289640 0.037471178
v 0.034869936 0.005270231 0.037471178
v 0.034910411 0.005255808 0.037471178
v 0.034954328 0.005246927 0.037471178
v 0.035000000 0.005243928 0.037471178
v 0.035045672 0.005246927 0.037471178
v 0.035089589 0.005255808 0.037471178
v 0.035130064 0.005270231 0.037471178
v 0.035165540 0.005289640 0.037471178
v 0.035194654 0.005313291 0.037471178
v 0.035216288 0.005340274 0.037471178
v 0.035229610 0.005369552 0.037471178
v 0.035459220 0.005400000 0.037385819
v 0.035450396 0.005459726 0.037385819
v 0.035424264 0.005517157 0.037385819
v 0.035381828 0.005570086 0.037385819
v 0.035324718 0.005616478 0.037385819
v 0.035255129 0.005654552 0.037385819
v 0.035175736 0.005682843 0.037385819
v 0.035089589 0.005700264 0.037385819
v 0.035000000 0.005706147 0.037385819
v 0.034910411 0.005700264 0.037385819
v 0.034824264 0.005682843 0.037385819
v 0.034744871 0.005654552 0.037385819
v 0.034675282 0.005616478 0.037385819
v 0.034618172 0.005570086 0.037385819
v 0.034575736 0.005517157 0.037385819
v 0.034549604 0.005459726 0.037385819
v 0.034540780 0.005400000 0.037385819
v 0.034549604 0.005340274 0.037385819
v 0.034575736 0.005282843 0.037385819
v 0.034618172 0.005229914 0.037385819
v 0.034675282 0.005183522 0.037385819
v 0.034744871 0.005145448 0.037385819
v 0.034824264 0.005117157 0.037385819
v 0.034910411 0.005099736 0.037385819
v 0.035000000 0.005093853 0.037385819
v 0.035089589 0.005099736 0.037385819
v 0.035175736 0.005117157 0.037385819
v 0.035255129 0.005145448 0.037385819
v 0.035324718 0.005183522 0.037385819
v 0.035381828 0.005229914 0.037385819
v 0.035424264 0.005282843 0.037385819
v 0.035450396 0.005340274 0.037385819
v 0.035666684 0.005400000 0.037247204
v 0.035653874 0.005486709 0.037247204
v 0.035615936 0.005570086 0.037247204
v 0.035554328 0.005646927 0.037247204
v 0.035471417 0.005714278 0.037247204
v 0.035370390 0.005769552 0.037247204
v 0.035255129 0.005810624 0.037247204
v 0.035130064 0.005835916 0.037247204
v 0.035000000 0.005844456 0.037247204
v 0.034869936 0.005835916 0.037247204
v 0.034744871 0.005810624 0.037247204
v 0.034629610 0.005769552 0.037247204
v 0.034528583 0.005714278 0.037247204
v 0.034445672 0.005646927 0.037247204
v 0.034384064 0.005570086 0.037247204
v 0.034346126 0.005486709 0.037247204
v 0.034333316 0.005400000 0.037247204
v 0.034346126 0.005313291 0.037247204
v 0.034384064 0.005229914 0.037247204
v 0.034445672 0.005153073 0.037247204
v 0.034528583 0.005085722 0.037247204
v 0.034629610 0.005030448 0.037247204
v 0.034744871 0.004989376 0.037247204
v 0.034869936 0.004964084 0.037247204
v 0.035000000 0.004955544 0.037247204
v 0.035130064 0.004964084 0.037247204
v 0.035255129 0.004989376 0.037247204
v 0.035370390 0.005030448 0.037247204
v 0.035471417 0.005085722 0.037247204
v 0.035554328 0.005153073 0.037247204
v 0.035615936 0.005229914 0.037247204
v 0.035653874 0.005313291 0.037247204
v 0.035848528 0.005400000 0.037060660
v 0.035832224 0.005510360 0.037060660
v 0.035783938 0.005616478 0.037060660
v 0.035705525 0.005714278 0.037060660
v 0.035600000 0.005800000 0.037060660
v 0.035471417 0.005870350 0.037060660
v 0.035324718 0.005922625 0.037060660
v 0.035165540 0.005954816 0.037060660
v 0.035000000 0.005965685 0.037060660
v 0.034834460 0.005954816 0.037060660
v 0.034675282 0.005922625 0.037060660
v 0.034528583 0.005870350 0.037060660
v 0.034400000 0.005800000 0.037060660
v 0.034294475 0.005714278 0.037060660
v 0.034216062 0.005616478 0.037060660
v 0.034167776 0.005510360 0.037060660
v 0.034151472 0.005400000 0.037060660
v 0.034167776 0.005289640 0.037060660
v 0.034216062 0.005183522 0.037060660
v 0.034294475 0.005085722 0.037060660
v 0.034400000 0.005000000 0.037060660
v 0.034528583 0.004929650 0.037060660
v 0.034675282 0.004877375 0.037060660
v 0.034834460 0.004845184 0.037060660
v 0.035000000 0.004834315 0.037060660
v 0.035165540 0.004845184 0.037060660
v 0.035324718 0.004877375 0.037060660
v 0.035471417 0.004929650 0.037060660
v 0.035600000 0.005000000 0.037060660
v 0.035705525 0.005085722 0.037060660
v 0.035783938 0.005183522 0.037060660
v 0.035832224 0.005289640 0.037060660
v 0.035997764 0.005400000 0.036833355
v 0.035978592 0.005529769 0.036833355
v 0.035921813 0.005654552 0.036833355
v 0.035829610 0.005769552 0.036833355
v 0.035705525 0.005870350 0.036833355
v 0.035554328 0.005953073 0.036833355
v 0.035381828 0.006014542 0.036833355
v 0.035194654 0.006052395 0.036833355
v 0.035000000 0.006065176 0.036833355
v 0.034805346 0.006052395 0.036833355
v 0.034618172 0.006014542 0.036833355
v 0.034445672 0.005953073 0.036833355
v 0.034294475 0.005870350 0.036833355
v 0.034170390 0.005769552 0.036833355
v 0.034078187 0.005654552 0.036833355
v 0.034021408 0.005529769 0.036833355
v 0.034002236 0.005400000 0.036833355
v 0.034021408 0.005270231 0.036833355
v 0.034078187 0.005145448 0.036833355
v 0.034170390 0.005030448 0.036833355
v 0.034294475 0.004929650 0.036833355
v 0.034445672 0.004846927 0.036833355
v 0.034618172 0.004785458 0.036833355
v 0.034805346 0.004747605 0.036833355
v 0.035000000 0.004734824 0.036833355
v 0.035194654 0.004747605 0.036833355
v 0.035381828 0.004785458 0.036833355
v 0.035554328 0.004846927 0.036833355
v 0.035705525 0.004929650 0.036833355
v 0.035829610 0.005030448 0.036833355
v 0.035921813 0.005145448 0.036833355
v 0.035978592 0.005270231 0.036833355
v 0.036108655 0.005400000 0.036574025
v 0.036087353 0.005544192 0.036574025
v 0.036024264 0.005682843 0.036574025
v 0.035921813 0.005810624 0.036574025
v 0.035783938 0.005922625 0.036574025
v 0.035615936 0.006014542 0.036574025
v 0.035424264 0.006082843 0.036574025
v 0.035216288 0.006124902 0.036574025
v 0.035000000 0.006139104 0.036574025
v 0.034783712 0.006124902 0.036574025
v 0.034575736 0.006082843 0.036574025
v 0.034384064 0.006014542 0.036574025
v 0.034216062 0.005922625 0.036574025
v 0.034078187 0.005810624 0.036574025
v 0.033975736 0.005682843 0.036574025
v 0.033912647 0.005544192 0.036574025
v 0.033891345 0.005400000 0.036574025
v 0.033912647 0.005255808 0.036574025
v 0.033975736 0.005117157 0.036574025
v 0.034078187 0.004989376 0.036574025
v 0.034216062 0.004877375 0.036574025
v 0.034384064 0.004785458 0.036574025
v 0.034575736 0.004717157 0.036574025
v 0.034783712 0.004675098 0.036574025
v 0.035000000 0.004660896 0.036574025
v 0.035216288 0.004675098 0.036574025
v 0.035424264 0.004717157 0.036574025
v 0.035615936 0.004785458 0.036574025
v 0.035783938 0.004877375 0.036574025
v 0.035921813 0.004989376 0.036574025
v 0.036024264 0.005117157 0.036574025
v 0.036087353 0.005255808 0.036574025
v 0.036176942 0.005400000 0.036292635
v 0.036154328 0.005553073 0.036292635
v 0.036087353 0.005700264 0.036292635
v 0.035978592 0.005835916 0.036292635
v 0.035832224 0.005954816 0.036292635
v 0.035653874 0.006052395 0.036292635
v 0.035450396 0.006124902 0.036292635
v 0.035229610 0.006169552 0.036292635
v 0.035000000 0.006184628 0.036292635
v 0.034770390 0.006169552 0.036292635
v 0.034549604 0.006124902 0.036292635
v 0.034346126 0.006052395 0.036292635
v 0.034167776 0.005954816 0.036292635
v 0.034021408 0.005835916 0.036292635
v 0.033912647 0.005700264 0.036292635
v 0.033845672 0.005553073 0.036292635
v 0.033823058 0.005400000 0.036292635
v 0.033845672 0.005246927 0.036292635
v 0.033912647 0.005099736 0.036292635
v 0.034021408 0.004964084 0.036292635
v 0.034167776 0.004845184 0.036292635
v 0.034346126 0.004747605 0.036292635
v 0.034549604 0.004675098 0.036292635
v 0.034770390 0.004630448 0.036292635
v 0.035000000 0.004615372 0.036292635
v 0.035229610 0.004630448 0.036292635
v 0.035450396 0.004675098 0.036292635
v 0.035653874 0.004747605 0.036292635
v 0.035832224 0.004845184 0.036292635
v 0.035978592 0.004964084 0.036292635
v 0.036087353 0.005099736 0.036292635
v 0.036154328 0.005246927 0.036292635
v 0.036200000 0.005400000 0.036000000
v 0.036176942 0.005556072 0.036000000
v 0.036108655 0.005706147 0.036000000
v 0.035997764 0.005844456 0.036000000
v 0.035848528 0.005965685 0.036000000
v 0.035666684 0.006065176 0.036000000
v 0.035459220 0.006139104 0.036000000
v 0.035234108 0.006184628 0.036000000
v 0.035000000 0.006200000 0.036000000
v 0.034765892 0.006184628 0.036000000
v 0.034540780 0.006139104 0.036000000
v 0.034333316 0.006065176 0.036000000
v 0.034151472 0.005965685 0.036000000
v 0.034002236 0.005844456 0.036000000
v 0.033891345 0.005706147 0.036000000
v 0.033823058 0.005556072 0.036000000
v 0.033800000 0.005400000 0.036000000
v 0.033823058 0.005243928 0.036000000
v 0.033891345 0.005093853 0.036000000
v 0.034002236 0.004955544 0.036000000
v 0.034151472 0.004834315 0.036000000
v 0.034333316 0.004734824 0.036000000
v 0.034540780 0.004660896 0.036000000
v 0.034765892 0.004615372 0.036000000
v 0.035000000 0.004600000 0.036000000
v 0.035234108 0.004615372 0.036000000
v 0.035459220 0.004660896 0.036000000
v 0.035666684 0.004734824 0.036000000
v 0.035848528 0.004834315 0.036000000
v 0.035997764 0.004955544 0.036000000
v 0.036108655 0.005093853 0.036000000
v 0.036176942 0.005243928 0.036000000
v 0.036176942 0.005400000 0.035707365
v 0.036154328 0.005553073 0.035707365
v 0.036087353 0.005700264 0.035707365
v 0.035978592 0.005835916 0.035707365
v 0.035832224 0.005954816 0.035707365
v 0.035653874 0.006052395 0.035707365
v 0.035450396 0.006124902 0.035707365
v 0.035229610 0.006169552 0.035707365
v 0.035000000 0.006184628 0.035707365
v 0.034770390 0.006169552 0.035707365
v 0.034549604 0.006124902 0.035707365
v 0.034346126 0.006052395 0.035707365
v 0.034167776 0.005954816 0.035707365
v 0.034021408 0.005835916 0.035707365
v 0.033912647 0.005700264 0.035707365
v 0.033845672 0.005553073 0.035707365
v 0.033823058 0.005400000 0.035707365
v 0.033845672 0.005246927 0.035707365
v 0.033912647 0.005099736 0.035707365
v 0.034021408 0.004964084 0.035707365
v 0.034167776 0.004845184 0.035707365
v 0.034346126 0.004747605 0.035707365
v 0.034549604 0.004675098 0.035707365
v 0.034770390 0.004630448 0.035707365
v 0.035000000 0.004615372 0.035707365
v 0.035229610 0.004630448 0.035707365
v 0.035450396 0.004675098 0.035707365
v 0.035653874 0.004747605 0.035707365
v 0.035832224 0.004845184 0.035707365
v 0.035978592 0.004964084 0.035707365
v 0.036087353 0.005099736 0.035707365
v 0.036154328 0.005246927 0.035707365
v 0.036108655 0.005400000 0.035425975
v 0.036087353 0.005544192 0.035425975
v 0.036024264 0.005682843 0.035425975
v 0.035921813 0.005810624 0.035425975
v 0.035783938 0.005922625 0.035425975
v 0.035615936 0.006014542 0.035425975
v 0.035424264 0.006082843 0.035425975
v 0.035216288 0.006124902 0.035425975
v 0.035000000 0.006139104 0.035425975
v 0.034783712 0.006124902 0.035425975
v 0.034575736 0.006082843 0.035425975
v 0.034384064 0.006014542 0.035425975
v 0.034216062 0.005922625 0.035425975
v 0.034078187 0.005810624 0.035425975
v 0.033975736 0.005682843 0.035425975
v 0.033912647 0.005544192 0.035425975
v 0.033891345 0.005400000 0.035425975
v 0.033912647 0.005255808 0.035425975
v 0.033975736 0.005117157 0.035425975
v 0.034078187 0.004989376 0.035425975
v 0.034216062 0.004877375 0.035425975
v 0.034384064 0.004785458 0.035425975
v 0.034575736 0.004717157 0.035425975
v 0.034783712 0.004675098 0.035425975
v 0.035000000 0.004660896 0.035425975
v 0.035216288 0.004675098 0.035425975
v 0.035424264 0.004717157 0.035425975
v 0.035615936 0.004785458 0.035425975
v 0.035783938 0.004877375 0.035425975
v 0.035921813 0.004989376 0.035425975
v 0.036024264 0.005117157 0.035425975
v 0.036087353 0.005255808 0.035425975
v 0.035997764 0.005400000 0.035166645
v 0.035978592 0.005529769 0.035166645
v 0.035921813 0.005654552 0.035166645
v 0.035829610 0.005769552 0.035166645
v 0.035705525 0.005870350 0.035166645
v 0.035554328 0.005953073 0.035166645
v 0.035381828 0.006014542 0.035166645
v 0.035194654 0.006052395 0.035166645
v 0.035000000 0.006065176 0.035166645
v 0.034805346 0.006052395 0.035166645
v 0.034618172 0.006014542 0.035166645
v 0.034445672 0.005953073 0.035166645
v 0.034294475 0.005870350 0.035166645
v 0.034170390 0.005769552 0.035166645
v 0.034078187 0.005654552 0.035166645
v 0.034021408 0.005529769 0.035166645
v 0.034002236 0.005400000 0.035166645
v 0.034021408 0.005270231 0.035166645
v 0.034078187 0.005145448 0.035166645
v 0.034170390 0.005030448 0.035166645
v 0.034294475 0.004929650 0.035166645
v 0.034445672 0.004846927 0.035166645
v 0.034618172 0.004785458 0.035166645
v 0.034805346 0.004747605 0.035166645
v 0.035000000 0.004734824 0.035166645
v 0.035194654 0.004747605 0.035166645
v 0.035381828 0.004785458 0.035166645
v 0.035554328 0.004846927 0.035166645
v 0.035705525 0.004929650 0.035166645
v 0.035829610 0.005030448 0.035166645
v 0.035921813 0.005145448 0.035166645
v 0.035978592 0.005270231 0.035166645
v 0.035848528 0.005400000 0.034939340
v 0.035832224 0.005510360 0.034939340
v 0.035783938 0.005616478 0.034939340
v 0.035705525 0.005714278 0.034939340
v 0.035600000 0.005800000 0.034939340
v 0.035471417 0.005870350 0.034939340
v 0.035324718 0.005922625 0.034939340
v 0.035165540 0.005954816 0.034939340
v 0.035000000 0.005965685 0.034939340
v 0.034834460 0.005954816 0.034939340
v 0.034675282 0.005922625 0.034939340
v 0.034528583 0.005870350 0.034939340
v 0.034400000 0.005800000 0.034939340
v 0.034294475 0.005714278 0.034939340
v 0.034216062 0.005616478 0.034939340
v 0.034167776 0.005510360 0.034939340
v 0.034151472 0.005400000 0.034939340
v 0.034167776 0.005289640 0.034939340
v 0.034216062 0.005183522 0.034939340
v 0.034294475 0.005085722 0.034939340
v 0.034400000 0.005000000 0.034939340
v 0.034528583 0.004929650 0.034939340
v 0.034675282 0.004877375 0.034939340
v 0.034834460 0.004845184 0.034939340
v 0.035000000 0.004834315 0.034939340
v 0.035165540 0.004845184 0.034939340
v 0.035324718 0.004877375 0.034939340
v 0.035471417 0.004929650 0.034939340
v 0.035600000 0.005000000 0.034939340
v 0.035705525 0.005085722 0.034939340
v 0.035783938 0.005183522 0.034939340
v 0.035832224 0.005289640 0.034939340
v 0.035666684 0.005400000 0.034752796
v 0.035653874 0.005486709 0.034752796
v 0.035615936 0.005570086 0.034752796
v 0.035554328 0.005646927 0.034752796
v 0.035471417 0.005714278 0.034752796
v 0.035370390 0.005769552 0.034752796
v 0.035255129 0.005810624 0.034752796
v 0.035130064 0.005835916 0.034752796
v 0.035000000 0.005844456 0.034752796
v 0.034869936 0.005835916 0.034752796
v 0.034744871 0.005810624 0.034752796
v 0.034629610 0.005769552 0.034752796
v 0.034528583 0.005714278 0.034752796
v 0.034445672 0.005646927 0.034752796
v 0.034384064 0.005570086 0.034752796
v 0.034346126 0.005486709 0.034752796
v 0.034333316 0.005400000 0.034752796
v 0.034346126 0.005313291 0.034752796
v 0.034384064 0.005229914 0.034752796
v 0.034445672 0.005153073 0.034752796
v 0.034528583 0.005085722 0.034752796
v 0.034629610 0.005030448 0.034752796
v 0.034744871 0.004989376 0.034752796
v 0.034869936 0.004964084 0.034752796
v 0.035000000 0.004955544 0.034752796
v 0.035130064 0.004964084 0.034752796
v 0.035255129 0.004989376 0.034752796
v 0.035370390 0.005030448 0.034752796
v 0.035471417 0.005085722 0.034752796
v 0.035554328 0.005153073 0.034752796
v 0.035615936 0.005229914 0.034752796
v 0.035653874 0.005313291 0.034752796
v 0.035459220 0.005400000 0.034614181
v 0.035450396 0.005459726 0.034614181
v 0.035424264 0.005517157 0.034614181
v 0.035381828 0.005570086 0.034614181
v 0.035324718 0.005616478 0.034614181
v 0.035255129 0.005654552 0.034614181
v 0.035175736 0.005682843 0.034614181
v 0.035089589 0.005700264 0.034614181
v 0.035000000 0.005706147 0.034614181
v 0.034910411 0.005700264 0.034614181
v 0.034824264 0.005682843 0.034614181
v 0.034744871 0.005654552 0.034614181
v 0.034675282 0.005616478 0.034614181
v 0.034618172 0.005570086 0.034614181
v 0.034575736 0.005517157 0.034614181
v 0.034549604 0.005459726 0.034614181
v 0.034540780 0.005400000 0.034614181
v 0.034549604 0.005340274 0.034614181
v 0.034575736 0.005282843 0.034614181
v 0.034618172 0.005229914 0.034614181
v 0.034675282 0.005183522 0.034614181
v 0.034744871 0.005145448 0.034614181
v 0.034824264 0.005117157 0.034614181
v 0.034910411 0.005099736 0.034614181
v 0.035000000 0.005093853 0.034614181
v 0.035089589 0.005099736 0.034614181
v 0.035175736 0.005117157 0.034614181
v 0.035255129 0.005145448 0.034614181
v 0.035324718 0.005183522 0.034614181
v 0.035381828 0.005229914 0.034614181
v 0.035424264 0.005282843 0.034614181
v 0.035450396 0.005340274 0.034614181
v 0.035234108 0.005400000 0.034528822
v 0.035229610 0.005430448 0.034528822
v 0.035216288 0.005459726 0.034528822
v 0.035194654 0.005486709 0.034528822
v 0.035165540 0.005510360 0.034528822
v 0.035130064 0.005529769 0.034528822
v 0.035089589 0.005544192 0.034528822
v 0.035045672 0.005553073 0.034528822
v 0.035000000 0.005556072 0.034528822
v 0.034954328 0.005553073 0.034528822
v 0.034910411 0.005544192 0.034528822
v 0.034869936 0.005529769 0.034528822
v 0.034834460 0.005510360 0.034528822
v 0.034805346 0.005486709 0.034528822
v 0.034783712 0.005459726 0.034528822
v 0.034770390 0.005430448 0.034528822
v 0.034765892 0.005400000 0.034528822
v 0.034770390 0.005369552 0.034528822
v 0.034783712 0.005340274 0.034528822
v 0.034805346 0.005313291 0.034528822
v 0.034834460 0.005289640 0.034528822
v 0.034869936 0.005270231 0.034528822
v 0.034910411 0.005255808 0.034528822
v 0.034954328 0.005246927 0.034528822
v 0.035000000 0.005243928 0.034528822
v 0.035045672 0.005246927 0.034528822
v 0.035089589 0.005255808 0.034528822
v 0.035130064 0.005270231 0.034528822
v 0.035165540 0.005289640 0.034528822
v 0.035194654 0.005313291 0.034528822
v 0.035216288 0.005340274 0.034528822
v 0.035229610 0.005369552 0.034528822
v 0.035000000 0.005400000 0.034500000
f 9783 9784 9785
f 9783 9785 9786
f 9783 9786 9787
f 9783 9787 9788
f 9783 9788 9789
f 9783 9789 9790
f 9783 9790 9791
f 9783 9791 9792
f 9783 9792 9793
f 9783 9793 9794
f 9783 9794 9795
f 9783 9795 9796
f 9783 9796 9797
f 9783 9797 9798
f 9783 9798 9799
f 9783 9799 9800
f 9783 9800 9801
f 9783 9801 9802
f 9783 9802 9803
f 9783 9803 9804
f 9783 9804 9805
f 9783 9805 9806
f 9783 9806 9807
f 9783 9807 9808
f 9783 9808 9809
f 9783 9809 9810
f 9783 9810 9811
f 9783 9811 9812
f 9783 9812 9813
f 9783 9813 9814
f 9783 9814 9815
f 9783 9815 9784
f 9784 9816 9817
f 9784 9817 9785
f 9785 9817 9818
f 9785 9818 9786
f 9786 9818 9819
f 9786 9819 9787
f 9787 9819 9820
f 9787 9820 9788
f 9788 9820 9821
f 9788 9821 9789
f 9789 9821 9822
f 9789 9822 9790
f 9790 9822 9823
f 9790 9823 9791
f 9791 9823 9824
f 9791 9824 9792
f 9792 9824 9825
f 9792 9825 9793
f 9793 9825 9826
f 9793 9826 9794
f 9794 9826 9827
f 9794 9827 9795
f 9795 9827 9828
f 9795 9828 9796
f 9796 9828 9829
f 9796 9829 9797
f 9797 9829 9830
f 9797 9830 9798
f 9798 9830 9831
f 9798 9831 9799
f 9799 9831 9832
f 9799 9832 9800
f 9800 9832 9833
f 9800 9833 9801
f 9801 9833 9834
f 9801 9834 9802
f 9802 9834 9835
f 9802 9835 9803
f 9803 9835 9836
f 9803 9836 9804
f 9804 9836 9837
f 9804 9837 9805
f 9805 9837 9838
f 9805 9838 9806
f 9806 9838 9839
f 9806 9839 9807
f 9807 9839 9840
f 9807 9840 9808
f 9808 9840 9841
f 9808 9841 9809
f 9809 9841 9842
f 9809 9842 9810
f 9810 9842 9843
f 9810 9843 9811
f 9811 9843 9844
f 9811 9844 9812
f 9812 9844 9845
f 9812 9845 9813
f 9813 9845 9846
f 9813 9846 9814
f 9814 9846 9847
f 9814 9847 9815
f 9815 9847 9816
f 9815 9816 9784
f 9816 9848 9849
f 9816 9849 9817
f 9817 9849 9850
f 9817 9850 9818
f 9818 9850 9851
f 9818 9851 9819
f 9819 9851 9852
f 9819 9852 9820
f 9820 9852 9853
f 9820 9853 9821
f 9821 9853 9854
f 9821 9854 9822
f 9822 9854 9855
f 9822 9855 9823
f 9823 9855 9856
f 9823 9856 9824
f 9824 9856 9857
f 9824 9857 9825
f 9825 9857 9858
f 9825 9858 9826
f 9826 9858 9859
f 9826 9859 9827
f 9827 9859 9860
f 9827 9860 9828
f 9828 9860 9861
f 9828 9861 9829
f 9829 9861 9862
f 9829 9862 9830
f 9830 9862 9863
f 9830 9863 9831
f 9831 9863 9864
f 9831 9864 9832
f 9832 9864 9865
f 9832 9865 9833
f 9833 9865 9866
f 9833 9866 9834
f 9834 9866 9867
f 9834 9867 9835
f 9835 9867 9868
f 9835 9868 9836
f 9836 9868 9869
f 9836 9869 9837
f 9837 9869 9870
f 9837 9870 9838
f 9838 9870 9871
f 9838 9871 9839
f 9839 9871 9872
f 9839 9872 9840
f 9840 9872 9873
f 9840 9873 9841
f 9841 9873 9874
f 9841 9874 9842
f 9842 9874 9875
f 9842 9875 9843
f 9843 9875 9876
f 9843 9876 9844
f 9844 9876 9877
f 9844 9877 9845
f 9845 9877 9878
f 9845 9878 9846
f 9846 9878 9879
f 9846 9879 9847
f 9847 9879 9848
f 9847 9848 9816
f 9848 9880 9881
f 9848 9881 9849
f 9849 9881 9882
f 9849 9882 9850
f 9850 9882 9883
f 9850 9883 9851
f 9851 9883 9884
f 9851 9884 9852
f 9852 9884 9885
f 9852 9885 9853
f 9853 9885 9886
f 9853 9886 9854
f 9854 9886 9887
f 9854 9887 9855
f 9855 9887 9888
f 9855 9888 9856
f 9856 9888 9889
f 9856 9889 9857
f 9857 9889 9890
f 9857 9890 9858
f 9858 9890 9891
f 9858 9891 9859
f 9859 9891 9892
f 9859 9892 9860
f 9860 9892 9893
f 9860 9893 9861
f 9861 9893 9894
f 9861 9894 9862
f 9862 9894 9895
f 9862 9895 9863
f 9863 9895 9896
f 9863 9896 9864
f 9864 9896 9897
f 9864 9897 9865
f 9865 9897 9898
f 9865 9898 9866
f 9866 9898 9899
f 9866 9899 9867
f 9867 9899 9900
f 9867 9900 9868
f 9868 9900 9901
f 9868 9901 9869
f 9869 9901 9902
f 9869 9902 9870
f 9870 9902 9903
f 9870 9903 9871
f 9871 9903 9904
f 9871 9904 9872
f 9872 9904 9905
f 9872 9905 9873
f 9873 9905 9906
f 9873 9906 9874
f 9874 9906 9907
f 9874 9907 9875
f 9875 9907 9908
f 9875 9908 9876
f 9876 9908 9909
f 9876 9909 9877
f 9877 9909 9910
f 9877 9910 9878
f 9878 9910 9911
f 9878 9911 9879
f 9879 9911 9880
f 9879 9880 9848
f 9880 9912 9913
f 9880 9913 9881
f 9881 9913 9914
f 9881 9914 9882
f 9882 9914 9915
f 9882 9915 9883
f 9883 9915 9916
f 9883 9916 9884
f 9884 9916 9917
f 9884 9917 9885
f 9885 9917 9918
f 9885 9918 9886
f 9886 9918 9919
f 9886 9919 9887
f 9887 9919 9920
f 9887 9920 9888
f 9888 9920 9921
f 9888 9921 9889
f 9889 9921 9922
f 9889 9922 9890
f 9890 9922 9923
f 9890 9923 9891
f 9891 9923 9924
f 9891 9924 9892
f 9892 9924 9925
f 9892 9925 9893
f 9893 9925 9926
f 9893 9926 9894
f 9894 9926 9927
f 9894 9927 9895
f 9895 9927 9928
f 9895 9928 9896
f 9896 9928 9929
f 9896 9929 9897
f 9897 9929 9930
f 9897 9930 9898
f 9898 9930 9931
f 9898 9931 9899
f 9899 9931 9932
f 9899 9932 9900
f 9900 9932 9933
f 9900 9933 9901
f 9901 9933 9934
f 9901 9934 9902
f 9902 9934 9935
f 9902 9935 9903
f 9903 9935 9936
f 9903 9936 9904
f 9904 9936 9937
f 9904 9937 9905
f 9905 9937 9938
f 9905 9938 9906
f 9906 9938 9939
f 9906 9939 9907
f 9907 9939 9940
f 9907 9940 9908
f 9908 9940 9941
f 9908 9941 9909
f 9909 9941 9942
f 9909 9942 9910
f 9910 9942 9943
f 9910 9943 9911
f 9911 9943 9912
f 9911 9912 9880
f 9912 9944 9945
f 9912 9945 9913
f 9913 9945 9946
f 9913 9946 9914
f 9914 9946 9947
f 9914 9947 9915
f 9915 9947 9948
f 9915 9948 9916
f 9916 9948 9949
f 9916 9949 9917
f 9917 9949 9950
f 9917 9950 9918
f 9918 9950 9951
f 9918 9951 9919
f 9919 9951 9952
f 9919 9952 9920
f 9920 9952 9953
f 9920 9953 9921
f 9921 9953 9954
f 9921 9954 9922
f 9922 9954 9955
f 9922 9955 9923
f 9923 9955 9956
f 9923 9956 9924
f 9924 9956 9957
f 9924 9957 9925
f 9925 9957 9958
f 9925 9958 9926
f 9926 9958 9959
f 9926 9959 9927
f 9927 9959 9960
f 9927 9960 9928
f 9928 9960 9961
f 9928 9961 9929
f 9929 9961 9962
f 9929 9962 9930
f 9930 9962 9963
f 9930 9963 9931
f 9931 9963 9964
f 9931 9964 9932
f 9932 9964 9965
f 9932 9965 9933
f 9933 9965 9966
f 9933 9966 9934
f 9934 9966 9967
f 9934 9967 9935
f 9935 9967 9968
f 9935 9968 9936
f 9936 9968 9969
f 9936 9969 9937
f 9937 9969 9970
f 9937 9970 9938
f 9938 9970 9971
f 9938 9971 9939
f 9939 9971 9972
f 9939 9972 9940
f 9940 9972 9973
f 9940 9973 9941
f 9941 9973 9974
f 9941 9974 9942
f 9942 9974 9975
f 9942 9975 9943
f 9943 9975 9944
f 9943 9944 9912
f 9944 9976 9977
f 9944 9977 9945
f 9945 9977 9978
f 9945 9978 9946
f 9946 9978 9979
f 9946 9979 9947
f 9947 9979 9980
f 9947 9980 9948
f 9948 9980 9981
f 9948 9981 9949
f 9949 9981 9982
f 9949 9982 9950
f 9950 9982 9983
f 9950 9983 9951
f 9951 9983 9984
f 9951 9984 9952
f 9952 9984 9985
f 9952 9985 9953
f 9953 9985 9986
f 9953 9986 9954
f 9954 9986 9987
f 9954 9987 9955
f 9955 9987 9988
f 9955 9988 9956
f 9956 9988 9989
f 9956 9989 9957
f 9957 9989 9990
f 9957 9990 9958
f 9958 9990 9991
f 9958 9991 9959
f 9959 9991 9992
f 9959 9992 9960
f 9960 9992 9993
f 9960 9993 9961
f 9961 9993 9994
f 9961 9994 9962
f 9962 9994 9995
f 9962 9995 9963
f 9963 9995 9996
f 9963 9996 9964
f 9964 9996 9997
f 9964 9997 9965
f 9965 9997 9998
f 9965 9998 9966
f 9966 9998 9999
f 9966 9999 9967
f 9967 9999 10000
f 9967 10000 9968
f 9968 10000 10001
f 9968 10001 9969
f 9969 10001 10002
f 9969 10002 9970
f 9970 10002 10003
f 9970 10003 9971
f 9971 10003 10004
f 9971 10004 9972
f 9972 10004 10005
f 9972 10005 9973
f 9973 10005 10006
f 9973 10006 9974
f 9974 10006 10007
f 9974 10007 9975
f 9975 10007 9976
f 9975 9976 9944
f 9976 10008 10009
f 9976 10009 9977
f 9977 10009 10010
f 9977 10010 9978
f 9978 10010 10011
f 9978 10011 9979
f 9979 10011 10012
f 9979 10012 9980
f 9980 10012 10013
f 9980 10013 9981
f 9981 10013 10014
f 9981 10014 9982
f 9982 10014 10015
f 9982 10015 9983
f 9983 10015 10016
f 9983 10016 9984
f 9984 10016 10017
f 9984 10017 9985
f 9985 10017 10018
f 9985 10018 9986
f 9986 10018 10019
f 9986 10019 9987
f 9987 10019 10020
f 9987 10020 9988
f 9988 10020 10021
f 9988 10021 9989
f 9989 10021 10022
f 9989 10022 9990
f 9990 10022 10023
f 9990 10023 9991
f 9991 10023 10024
f 9991 10024 9992
f 9992 10024 10025
f 9992 10025 9993
f 9993 10025 10026
f 9993 10026 9994
f 9994 10026 10027
f 9994 10027 9995
f 9995 10027 10028
f 9995 10028 9996
f 9996 10028 10029
f 9996 10029 9997
f 9997 10029 10030
f 9997 10030 9998
f 9998 10030 10031
f 9998 10031 9999
f 9999 10031 10032
f 9999 10032 10000
f 10000 10032 10033
f 10000 10033 10001
f 10001 10033 10034
f 10001 10034 10002
f 10002 10034 10035
f 10002 10035 10003
f 10003 10035 10036
f 10003 10036 10004
f 10004 10036 10037
f 10004 10037 10005
f 10005 10037 10038
f 10005 10038 10006
f 10006 10038 10039
f 10006 10039 10007
f 10007 10039 10008
f 10007 10008 9976
f 10008 10040 10041
f 10008 10041 10009
f 10009 10041 10042
f 10009 10042 10010
f 10010 10042 10043
f 10010 10043 10011
f 10011 10043 10044
f 10011 10044 10012
f 10012 10044 10045
f 10012 10045 10013
f 10013 10045 10046
f 10013 10046 10014
f 10014 10046 10047
f 10014 10047 10015
f 10015 10047 10048
f 10015 10048 10016
f 10016 10048 10049
f 10016 10049 10017
f 10017 10049 10050
f 10017 10050 10018
f 10018 10050 10051
f 10018 10051 10019
f 10019 10051 10052
f 10019 10052 10020
f 10020 10052 10053
f 10020 10053 10021
f 10021 10053 10054
f 10021 10054 10022
f 10022 10054 10055
f 10022 10055 10023
f 10023 10055 10056
f 10023 10056 10024
f 10024 10056 10057
f 10024 10057 10025
f 10025 10057 10058
f 10025 10058 10026
f 10026 10058 10059
f 10026 10059 10027
f 10027 10059 10060
f 10027 10060 10028
f 10028 10060 10061
f 10028 10061 10029
f 10029 10061 10062
f 10029 10062 10030
f 10030 10062 10063
f 10030 10063 10031
f 10031 10063 10064
f 10031 10064 10032
f 10032 10064 10065
f 10032 10065 10033
f 10033 10065 10066
f 10033 10066 10034
f 10034 10066 10067
f 10034 10067 10035
f 10035 10067 10068
f 10035 10068 10036
f 10036 10068 10069
f 10036 10069 10037
f 10037 10069 10070
f 10037 10070 10038
f 10038 10070 10071
f 10038 10071 10039
f 10039 10071 10040
f 10039 10040 10008
f 10040 10072 10073
f 10040 10073 10041
f 10041 10073 10074
f 10041 10074 10042
f 10042 10074 10075
f 10042 10075 10043
f 10043 10075 10076
f 10043 10076 10044
f 10044 10076 10077
f 10044 10077 10045
f 10045 10077 10078
f 10045 10078 10046
f 10046 10078 10079
f 10046 10079 10047
f 10047 10079 10080
f 10047 10080 10048
f 10048 10080 10081
f 10048 10081 10049
f 10049 10081 10082
f 10049 10082 10050
f 10050 10082 10083
f 10050 10083 10051
f 10051 10083 10084
f 10051 10084 10052
f 10052 10084 10085
f 10052 10085 10053
f 10053 10085 10086
f 10053 10086 10054
f 10054 10086 10087
f 10054 10087 10055
f 10055 10087 10088
f 10055 10088 10056
f 10056 10088 10089
f 10056 10089 10057
f 10057 10089 10090
f 10057 10090 10058
f 10058 10090 10091
f 10058 10091 10059
f 10059 10091 10092
f 10059 10092 10060
f 10060 10092 10093
f 10060 10093 10061
f 10061 10093 10094
f 10061 10094 10062
f 10062 10094 10095
f 10062 10095 10063
f 10063 10095 10096
f 10063 10096 10064
f 10064 10096 10097
f 10064 10097 10065
f 10065 10097 10098
f 10065 10098 10066
f 10066 10098 10099
f 10066 10099 10067
f 10067 10099 10100
f 10067 10100 10068
f 10068 10100 10101
f 10068 10101 10069
f 10069 10101 10102
f 10069 10102 10070
f 10070 10102 10103
f 10070 10103 10071
f 10071 10103 10072
f 10071 10072 10040
f 10072 10104 10105
f 10072 10105 10073
f 10073 10105 10106
f 10073 10106 10074
f 10074 10106 10107
f 10074 10107 10075
f 10075 10107 10108
f 10075 10108 10076
f 10076 10108 10109
f 10076 10109 10077
f 10077 10109 10110
f 10077 10110 10078
f 10078 10110 10111
f 10078 10111 10079
f 10079 10111 10112
f 10079 10112 10080
f 10080 10112 10113
f 10080 10113 10081
f 10081 10113 10114
f 10081 10114 10082
f 10082 10114 10115
f 10082 10115 10083
f 10083 10115 10116
f 10083 10116 10084
f 10084 10116 10117
f 10084 10117 10085
f 10085 10117 10118
f 10085 10118 10086
f 10086 10118 10119
f 10086 10119 10087
f 10087 10119 10120
f 10087 10120 10088
f 10088 10120 10121
f 10088 10121 10089
f 10089 10121 10122
f 10089 10122 10090
f 10090 10122 10123
f 10090 10123 10091
f 10091 10123 10124
f 10091 10124 10092
f 10092 10124 10125
f 10092 10125 10093
f 10093 10125 10126
f 10093 10126 10094
f 10094 10126 10127
f 10094 10127 10095
f 10095 10127 10128
f 10095 10128 10096
f 10096 10128 10129
f 10096 10129 10097
f 10097 10129 10130
f 10097 10130 10098
f 10098 10130 10131
f 10098 10131 10099
f 10099 10131 10132
f 10099 10132 10100
f 10100 10132 10133
f 10100 10133 10101
f 10101 10133 10134
f 10101 10134 10102
f 10102 10134 10135
f 10102 10135 10103
f 10103 10135 10104
f 10103 10104 10072
f 10104 10136 10137
f 10104 10137 10105
f 10105 10137 10138
f 10105 10138 10106
f 10106 10138 10139
f 10106 10139 10107
f 10107 10139 10140
f 10107 10140 10108
f 10108 10140 10141
f 10108 10141 10109
f 10109 10141 10142
f 10109 10142 10110
f 10110 10142 10143
f 10110 10143 10111
f 10111 10143 10144
f 10111 10144 10112
f 10112 10144 10145
f 10112 10145 10113
f 10113 10145 10146
f 10113 10146 10114
f 10114 10146 10147
f 10114 10147 10115
f 10115 10147 10148
f 10115 10148 10116
f 10116 10148 10149
f 10116 10149 10117
f 10117 10149 10150
f 10117 10150 10118
f 10118 10150 10151
f 10118 10151 10119
f 10119 10151 10152
f 10119 10152 10120
f 10120 10152 10153
f 10120 10153 10121
f 10121 10153 10154
f 10121 10154 10122
f 10122 10154 10155
f 10122 10155 10123
f 10123 10155 10156
f 10123 10156 10124
f 10124 10156 10157
f 10124 10157 10125
f 10125 10157 10158
f 10125 10158 10126
f 10126 10158 10159
f 10126 10159 10127
f 10127 10159 10160
f 10127 10160 10128
f 10128 10160 10161
f 10128 10161 10129
f 10129 10161 10162
f 10129 10162 10130
f 10130 10162 10163
f 10130 10163 10131
f 10131 10163 10164
f 10131 10164 10132
f 10132 10164 10165
f 10132 10165 10133
f 10133 10165 10166
f 10133 10166 10134
f 10134 10166 10167
f 10134 10167 10135
f 10135 10167 10136
f 10135 10136 10104
f 10136 10168 10169
f 10136 10169 10137
f 10137 10169 10170
f 10137 10170 10138
f 10138 10170 10171
f 10138 10171 10139
f 10139 10171 10172
f 10139 10172 10140
f 10140 10172 10173
f 10140 10173 10141
f 10141 10173 10174
f 10141 10174 10142
f 10142 10174 10175
f 10142 10175 10143
f 10143 10175 10176
f 10143 10176 10144
f 10144 10176 10177
f 10144 10177 10145
f 10145 10177 10178
f 10145 10178 10146
f 10146 10178 10179
f 10146 10179 10147
f 10147 10179 10180
f 10147 10180 10148
f 10148 10180 10181
f 10148 10181 10149
f 10149 10181 10182
f 10149 10182 10150
f 10150 10182 10183
f 10150 10183 10151
f 10151 10183 10184
f 10151 10184 10152
f 10152 10184 10185
f 10152 10185 10153
f 10153 10185 10186
f 10153 10186 10154
f 10154 10186 10187
f 10154 10187 10155
f 10155 10187 10188
f 10155 10188 10156
f 10156 10188 10189
f 10156 10189 10157
f 10157 10189 10190
f 10157 10190 10158
f 10158 10190 10191
f 10158 10191 10159
f 10159 10191 10192
f 10159 10192 10160
f 10160 10192 10193
f 10160 10193 10161
f 10161 10193 10194
f 10161 10194 10162
f 10162 10194 10195
f 10162 10195 10163
f 10163 10195 10196
f 10163 10196 10164
f 10164 10196 10197
f 10164 10197 10165
f 10165 10197 10198
f 10165 10198 10166
f 10166 10198 10199
f 10166 10199 10167
f 10167 10199 10168
f 10167 10168 10136
f 10168 10200 10201
f 10168 10201 10169
f 10169 10201 10202
f 10169 10202 10170
f 10170 10202 10203
f 10170 10203 10171
f 10171 10203 10204
f 10171 10204 10172
f 10172 10204 10205
f 10172 10205 10173
f 10173 10205 10206
f 10173 10206 10174
f 10174 10206 10207
f 10174 10207 10175
f 10175 10207 10208
f 10175 10208 10176
f 10176 10208 10209
f 10176 10209 10177
f 10177 10209 10210
f 10177 10210 10178
f 10178 10210 10211
f 10178 10211 10179
f 10179 10211 10212
f 10179 10212 10180
f 10180 10212 10213
f 10180 10213 10181
f 10181 10213 10214
f 10181 10214 10182
f 10182 10214 10215
f 10182 10215 10183
f 10183 10215 10216
f 10183 10216 10184
f 10184 10216 10217
f 10184 10217 10185
f 10185 10217 10218
f 10185 10218 10186
f 10186 10218 10219
f 10186 10219 10187
f 10187 10219 10220
f 10187 10220 10188
f 10188 10220 10221
f 10188 10221 10189
f 10189 10221 10222
f 10189 10222 10190
f 10190 10222 10223
f 10190 10223 10191
f 10191 10223 10224
f 10191 10224 10192
f 10192 10224 10225
f 10192 10225 10193
f 10193 10225 10226
f 10193 10226 10194
f 10194 10226 10227
f 10194 10227 10195
f 10195 10227 10228
f 10195 10228 10196
f 10196 10228 10229
f 10196 10229 10197
f 10197 10229 10230
f 10197 10230 10198
f 10198 10230 10231
f 10198 10231 10199
f 10199 10231 10200
f 10199 10200 10168
f 10200 10232 10233
f 10200 10233 10201
f 10201 10233 10234
f 10201 10234 10202
f 10202 10234 10235
f 10202 10235 10203
f 10203 10235 10236
f 10203 10236 10204
f 10204 10236 10237
f 10204 10237 10205
f 10205 10237 10238
f 10205 10238 10206
f 10206 10238 10239
f 10206 10239 10207
f 10207 10239 10240
f 10207 10240 10208
f 10208 10240 10241
f 10208 10241 10209
f 10209 10241 10242
f 10209 10242 10210
f 10210 10242 10243
f 10210 10243 10211
f 10211 10243 10244
f 10211 10244 10212
f 10212 10244 10245
f 10212 10245 10213
f 10213 10245 10246
f 10213 10246 10214
f 10214 10246 10247
f 10214 10247 10215
f 10215 10247 10248
f 10215 10248 10216
f 10216 10248 10249
f 10216 10249 10217
f 10217 10249 10250
f 10217 10250 10218
f 10218 10250 10251
f 10218 10251 10219
f 10219 10251 10252
f 10219 10252 10220
f 10220 10252 10253
f 10220 10253 10221
f 10221 10253 10254
f 10221 10254 10222
f 10222 10254 10255
f 10222 10255 10223
f 10223 10255 10256
f 10223 10256 10224
f 10224 10256 10257
f 10224 10257 10225
f 10225 10257 10258
f 10225 10258 10226
f 10226 10258 10259
f 10226 10259 10227
f 10227 10259 10260
f 10227 10260 10228
f 10228 10260 10261
f 10228 10261 10229
f 10229 10261 10262
f 10229 10262 10230
f 10230 10262 10263
f 10230 10263 10231
f 10231 10263 10232
f 10231 10232 10200
f 10264 10233 10232
f 10264 10234 10233
f 10264 10235 10234
f 10264 10236 10235
f 10264 10237 10236
f 10264 10238 10237
f 10264 10239 10238
f 10264 10240 10239
f 10264 10241 10240
f 10264 10242 10241
f 10264 10243 10242
f 10264 10244 10243
f 10264 10245 10244
f 10264 10246 10245
f 10264 10247 10246
f 10264 10248 10247
f 10264 10249 10248
f 10264 10250 10249
f 10264 10251 10250
f 10264 10252 10251
f 10264 10253 10252
f 10264 10254 10253
f 10264 10255 10254
f 10264 10256 10255
f 10264 10257 10256
f 10264 10258 10257
f 10264 10259 10258
f 10264 10260 10259
f 10264 10261 10260
f 10264 10262 10261
f 10264 10263 10262
f 10264 10232 10263
o yellow_sprinkle
usemtl sprinkle_yellow
v 0.025000000 0.005400000 0.050500000
v 0.025234108 0.005400000 0.050471178
v 0.025229610 0.005430448 0.050471178
v 0.025216288 0.005459726 0.050471178
v 0.025194654 0.005486709 0.050471178
v 0.025165540 0.005510360 0.050471178
v 0.025130064 0.005529769 0.050471178
v 0.025089589 0.005544192 0.050471178
v 0.025045672 0.005553073 0.050471178
v 0.025000000 0.005556072 0.050471178
v 0.024954328 0.005553073 0.050471178
v 0.024910411 0.005544192 0.050471178
v 0.024869936 0.005529769 0.050471178
v 0.024834460 0.005510360 0.050471178
v 0.024805346 0.005486709 0.050471178
v 0.024783712 0.005459726 0.050471178
v 0.024770390 0.005430448 0.050471178
v 0.024765892 0.005400000 0.050471178
v 0.024770390 0.005369552 0.050471178
v 0.024783712 0.005340274 0.050471178
v 0.024805346 0.005313291 0.050471178
v 0.024834460 0.005289640 0.050471178
v 0.024869936 0.005270231 0.050471178
v 0.024910411 0.005255808 0.050471178
v 0.024954328 0.005246927 0.050471178
v 0.025000000 0.005243928 0.050471178
v 0.025045672 0.005246927 0.050471178
v 0.025089589 0.005255808 0.050471178
v 0.025130064 0.005270231 0.050471178
v 0.025165540 0.005289640 0.050471178
v 0.025194654 0.005313291 0.050471178
v 0.025216288 0.005340274 0.050471178
v 0.025229610 0.005369552 0.050471178
v 0.025459220 0.005400000 0.050385819
v 0.025450396 0.005459726 0.050385819
v 0.025424264 0.005517157 0.050385819
v 0.025381828 0.005570086 0.050385819
v 0.025324718 0.005616478 0.050385819
v 0.025255129 0.005654552 0.050385819
v 0.025175736 0.005682843 0.050385819
v 0.025089589 0.005700264 0.050385819
v 0.025000000 0.005706147 0.050385819
v 0.024910411 0.005700264 0.050385819
v 0.024824264 0.005682843 0.050385819
v 0.024744871 0.005654552 0.050385819
v 0.024675282 0.005616478 0.050385819
v 0.024618172 0.005570086 0.050385819
v 0.024575736 0.005517157 0.050385819
v 0.024549604 0.005459726 0.050385819
v 0.024540780 0.005400000 0.050385819
v 0.024549604 0.005340274 0.050385819
v 0.024575736 0.005282843 0.050385819
v 0.024618172 0.005229914 0.050385819
v 0.024675282 0.005183522 0.050385819
v 0.024744871 0.005145448 0.050385819
v 0.024824264 0.005117157 0.050385819
v 0.024910411 0.005099736 0.050385819
v 0.025000000 0.005093853 0.050385819
v 0.025089589 0.005099736 0.050385819
v 0.025175736 0.005117157 0.050385819
v 0.025255129 0.005145448 0.050385819
v 0.025324718 0.005183522 0.050385819
v 0.025381828 0.005229914 0.050385819
v 0.025424264 0.005282843 0.050385819
v 0.025450396 0.005340274 0.050385819
v 0.025666684 0.005400000 0.050247204
v 0.025653874 0.005486709 0.050247204
v 0.025615936 0.005570086 0.050247204
v 0.025554328 0.005646927 0.050247204
v 0.025471417 0.005714278 0.050247204
v 0.025370390 0.005769552 0.050247204
v 0.025255129 0.005810624 0.050247204
v 0.025130064 0.005835916 0.050247204
v 0.025000000 0.005844456 0.050247204
v 0.024869936 0.005835916 0.050247204
v 0.024744871 0.005810624 0.050247204
v 0.024629610 0.005769552 0.050247204
v 0.024528583 0.005714278 0.050247204
v 0.024445672 0.005646927 0.050247204
v 0.024384064 0.005570086 0.050247204
v 0.024346126 0.005486709 0.050247204
v 0.024333316 0.005400000 0.050247204
v 0.024346126 0.005313291 0.050247204
v 0.024384064 0.005229914 0.050247204
v 0.024445672 0.005153073 0.050247204
v 0.024528583 0.005085722 0.050247204
v 0.024629610 0.005030448 0.050247204
v 0.024744871 0.004989376 0.050247204
v 0.024869936 0.004964084 0.050247204
v 0.025000000 0.004955544 0.050247204
v 0.025130064 0.004964084 0.050247204
v 0.025255129 0.004989376 0.050247204
v 0.025370390 0.005030448 0.050247204
v 0.025471417 0.005085722 0.050247204
v 0.025554328 0.005153073 0.050247204
v 0.025615936 0.005229914 0.050247204
v 0.025653874 0.005313291 0.050247204
v 0.025848528 0.005400000 0.050060660
v 0.025832224 0.005510360 0.050060660
v 0.025783938 0.005616478 0.050060660
v 0.025705525 0.005714278 0.050060660
v 0.025600000 0.005800000 0.050060660
v 0.025471417 0.005870350 0.050060660
v 0.025324718 0.005922625 0.050060660
v 0.025165540 0.005954816 0.050060660
v 0.025000000 0.005965685 0.050060660
v 0.024834460 0.005954816 0.050060660
v 0.024675282 0.005922625 0.050060660
v 0.024528583 0.005870350 0.050060660
v 0.024400000 0.005800000 0.050060660
v 0.024294475 0.005714278 0.050060660
v 0.024216062 0.005616478 0.050060660
v 0.024167776 0.005510360 0.050060660
v 0.024151472 0.005400000 0.050060660
v 0.024167776 0.005289640 0.050060660
v 0.024216062 0.005183522 0.050060660
v 0.024294475 0.005085722 0.050060660
v 0.024400000 0.005000000 0.050060660
v 0.024528583 0.004929650 0.050060660
v 0.024675282 0.004877375 0.050060660
v 0.024834460 0.004845184 0.050060660
v 0.025000000 0.004834315 0.050060660
v 0.025165540 0.004845184 0.050060660
v 0.025324718 0.004877375 0.050060660
v 0.025471417 0.004929650 0.050060660
v 0.025600000 0.005000000 0.050060660
v 0.025705525 0.005085722 0.050060660
v 0.025783938 0.005183522 0.050060660
v 0.025832224 0.005289640 0.050060660
v 0.025997764 0.005400000 0.049833355
v 0.025978592 0.005529769 0.049833355
v 0.025921813 0.005654552 0.049833355
v 0.025829610 0.005769552 0.049833355
v 0.025705525 0.005870350 0.049833355
v 0.025554328 0.005953073 0.049833355
v 0.025381828 0.006014542 0.049833355
v 0.025194654 0.006052395 0.049833355
v 0.025000000 0.006065176 0.049833355
v 0.024805346 0.006052395 0.049833355
v 0.024618172 0.006014542 0.049833355
v 0.024445672 0.005953073 0.049833355
v 0.024294475 0.005870350 0.049833355
v 0.024170390 0.005769552 0.049833355
v 0.024078187 0.005654552 0.049833355
v 0.024021408 0.005529769 0.049833355
v 0.024002236 0.005400000 0.049833355
v 0.024021408 0.005270231 0.049833355
v 0.024078187 0.005145448 0.049833355
v 0.024170390 0.005030448 0.049833355
v 0.024294475 0.004929650 0.049833355
v 0.024445672 0.004846927 0.049833355
v 0.024618172 0.004785458 0.049833355
v 0.024805346 0.004747605 0.049833355
v 0.025000000 0.004734824 0.049833355
v 0.025194654 0.004747605 0.049833355
v 0.025381828 0.004785458 0.049833355
v 0.025554328 0.004846927 0.049833355
v 0.025705525 0.004929650 0.049833355
v 0.025829610 0.005030448 0.049833355
v 0.025921813 0.005145448 0.049833355
v 0.025978592 0.005270231 0.049833355
v 0.026108655 0.005400000 0.049574025
v 0.026087353 0.005544192 0.049574025
v 0.026024264 0.005682843 0.049574025
v 0.025921813 0.005810624 0.049574025
v 0.025783938 0.005922625 0.049574025
v 0.025615936 0.006014542 0.049574025
v 0.025424264 0.006082843 0.049574025
v 0.025216288 0.006124902 0.049574025
v 0.025000000 0.006139104 0.049574025
v 0.024783712 0.006124902 0.049574025
v 0.024575736 0.006082843 0.049574025
v 0.024384064 0.006014542 0.049574025
v 0.024216062 0.005922625 0.049574025
v 0.024078187 0.005810624 0.049574025
v 0.023975736 0.005682843 0.049574025
v 0.023912647 0.005544192 0.049574025
v 0.023891345 0.005400000 0.049574025
v 0.023912647 0.005255808 0.049574025
v 0.023975736 0.005117157 0.049574025
v 0.024078187 0.004989376 0.049574025
v 0.024216062 0.004877375 0.049574025
v 0.024384064 0.004785458 0.049574025
v 0.024575736 0.004717157 0.049574025
v 0.024783712 0.004675098 0.049574025
v 0.025000000 0.004660896 0.049574025
v 0.025216288 0.004675098 0.049574025
v 0.025424264 0.004717157 0.049574025
v 0.025615936 0.004785458 0.049574025
v 0.025783938 0.004877375 0.049574025
v 0.025921813 0.004989376 0.049574025
v 0.026024264 0.005117157 0.049574025
v 0.026087353 0.005255808 0.049574025
v 0.026176942 0.005400000 0.049292635
v 0.026154328 0.005553073 0.049292635
v 0.026087353 0.005700264 0.049292635
v 0.025978592 0.005835916 0.049292635
v 0.025832224 0.005954816 0.049292635
v 0.025653874 0.006052395 0.049292635
v 0.025450396 0.006124902 0.049292635
v 0.025229610 0.006169552 0.049292635
v 0.025000000 0.006184628 0.049292635
v 0.024770390 0.006169552 0.049292635
v 0.024549604 0.006124902 0.049292635
v 0.024346126 0.006052395 0.049292635
v 0.024167776 0.005954816 0.049292635
v 0.024021408 0.005835916 0.049292635
v 0.023912647 0.005700264 0.049292635
v 0.023845672 0.005553073 0.049292635
v 0.023823058 0.005400000 0.049292635
v 0.023845672 0.005246927 0.049292635
v 0.023912647 0.005099736 0.049292635
v 0.024021408 0.004964084 0.049292635
v 0.024167776 0.004845184 0.049292635
v 0.024346126 0.004747605 0.049292635
v 0.024549604 0.004675098 0.049292635
v 0.024770390 0.004630448 0.049292635
v 0.025000000 0.004615372 0.049292635
v 0.025229610 0.004630448 0.049292635
v 0.025450396 0.004675098 0.049292635
v 0.025653874 0.004747605 0.049292635
v 0.025832224 0.004845184 0.049292635
v 0.025978592 0.004964084 0.049292635
v 0.026087353 0.005099736 0.049292635
v 0.026154328 0.005246927 0.049292635
v 0.026200000 0.005400000 0.049000000
v 0.026176942 0.005556072 0.049000000
v 0.026108655 0.005706147 0.049000000
v 0.025997764 0.005844456 0.049000000
v 0.025848528 0.005965685 0.049000000
v 0.025666684 0.006065176 0.049000000
v 0.025459220 0.006139104 0.049000000
v 0.025234108 0.006184628 0.049000000
v 0.025000000 0.006200000 0.049000000
v 0.024765892 0.006184628 0.049000000
v 0.024540780 0.006139104 0.049000000
v 0.024333316 0.006065176 0.049000000
v 0.024151472 0.005965685 0.049000000
v 0.024002236 0.005844456 0.049000000
v 0.023891345 0.005706147 0.049000000
v 0.023823058 0.005556072 0.049000000
v 0.023800000 0.005400000 0.049000000
v 0.023823058 0.005243928 0.049000000
v 0.023891345 0.005093853 0.049000000
v 0.024002236 0.004955544 0.049000000
v 0.024151472 0.004834315 0.049000000
v 0.024333316 0.004734824 0.049000000
v 0.024540780 0.004660896 0.049000000
v 0.024765892 0.004615372 0.049000000
v 0.025000000 0.004600000 0.049000000
v 0.025234108 0.004615372 0.049000000
v 0.025459220 0.004660896 0.049000000
v 0.025666684 0.004734824 0.049000000
v 0.025848528 0.004834315 0.049000000
v 0.025997764 0.004955544 0.049000000
v 0.026108655 0.005093853 0.049000000
v 0.026176942 0.005243928 0.049000000
v 0.026176942 0.005400000 0.048707365
v 0.026154328 0.005553073 0.048707365
v 0.026087353 0.005700264 0.048707365
v 0.025978592 0.005835916 0.048707365
v 0.025832224 0.005954816 0.048707365
v 0.025653874 0.006052395 0.048707365
v 0.025450396 0.006124902 0.048707365
v 0.025229610 0.006169552 0.048707365
v 0.025000000 0.006184628 0.048707365
v 0.024770390 0.006169552 0.048707365
v 0.024549604 0.006124902 0.048707365
v 0.024346126 0.006052395 0.048707365
v 0.024167776 0.005954816 0.048707365
v 0.024021408 0.005835916 0.048707365
v 0.023912647 0.005700264 0.048707365
v 0.023845672 0.005553073 0.048707365
v 0.023823058 0.005400000 0.048707365
v 0.023845672 0.005246927 0.048707365
v 0.023912647 0.005099736 0.048707365
v 0.024021408 0.004964084 0.048707365
v 0.024167776 0.004845184 0.048707365
v 0.024346126 0.004747605 0.048707365
v 0.024549604 0.004675098 0.048707365
v 0.024770390 0.004630448 0.048707365
v 0.025000000 0.004615372 0.048707365
v 0.025229610 0.004630448 0.048707365
v 0.025450396 0.004675098 0.048707365
v 0.025653874 0.004747605 0.048707365
v 0.025832224 0.004845184 0.048707365
v 0.025978592 0.004964084 0.048707365
v 0.026087353 0.005099736 0.048707365
v 0.026154328 0.005246927 0.048707365
v 0.026108655 0.005400000 0.048425975
v 0.026087353 0.005544192 0.048425975
v 0.026024264 0.005682843 0.048425975
v 0.025921813 0.005810624 0.048425975
v 0.025783938 0.005922625 0.048425975
v 0.025615936 0.006014542 0.048425975
v 0.025424264 0.006082843 0.048425975
v 0.025216288 0.006124902 0.048425975
v 0.025000000 0.006139104 0.048425975
v 0.024783712 0.006124902 0.048425975
v 0.024575736 0.006082843 0.048425975
v 0.024384064 0.006014542 0.048425975
v 0.024216062 0.005922625 0.048425975
v 0.024078187 0.005810624 0.048425975
v 0.023975736 0.005682843 0.048425975
v 0.023912647 0.005544192 0.048425975
v 0.023891345 0.005400000 0.048425975
v 0.023912647 0.005255808 0.048425975
v 0.023975736 0.005117157 0.048425975
v 0.024078187 0.004989376 0.048425975
v 0.024216062 0.004877375 0.048425975
v 0.024384064 0.004785458 0.048425975
v 0.024575736 0.004717157 0.048425975
v 0.024783712 0.004675098 0.048425975
v 0.025000000 0.004660896 0.048425975
v 0.025216288 0.004675098 0.048425975
v 0.025424264 0.004717157 0.048425975
v 0.025615936 0.004785458 0.048425975
v 0.025783938 0.004877375 0.048425975
v 0.025921813 0.004989376 0.048425975
v 0.026024264 0.005117157 0.048425975
v 0.026087353 0.005255808 0.048425975
v 0.025997764 0.005400000 0.048166645
v 0.025978592 0.005529769 0.048166645
v 0.025921813 0.005654552 0.048166645
v 0.025829610 0.005769552 0.048166645
v 0.025705525 0.005870350 0.048166645
v 0.025554328 0.005953073 0.048166645
v 0.025381828 0.006014542 0.048166645
v 0.025194654 0.006052395 0.048166645
v 0.025000000 0.006065176 0.048166645
v 0.024805346 0.006052395 0.048166645
v 0.024618172 0.006014542 0.048166645
v 0.024445672 0.005953073 0.048166645
v 0.024294475 0.005870350 0.048166645
v 0.024170390 0.005769552 0.048166645
v 0.024078187 0.005654552 0.048166645
v 0.024021408 0.005529769 0.048166645
v 0.024002236 0.005400000 0.048166645
v 0.024021408 0.005270231 0.048166645
v 0.024078187 0.005145448 0.048166645
v 0.024170390 0.005030448 0.048166645
v 0.024294475 0.004929650 0.048166645
v 0.024445672 0.004846927 0.048166645
v 0.024618172 0.004785458 0.048166645
v 0.024805346 0.004747605 0.048166645
v 0.025000000 0.004734824 0.048166645
v 0.025194654 0.004747605 0.048166645
v 0.025381828 0.004785458 0.048166645
v 0.025554328 0.004846927 0.048166645
v 0.025705525 0.004929650 0.048166645
v 0.025829610 0.005030448 0.048166645
v 0.025921813 0.005145448 0.048166645
v 0.025978592 0.005270231 0.048166645
v 0.025848528 0.005400000 0.047939340
v 0.025832224 0.005510360 0.047939340
v 0.025783938 0.005616478 0.047939340
v 0.025705525 0.005714278 0.047939340
v 0.025600000 0.005800000 0.047939340
v 0.025471417 0.005870350 0.047939340
v 0.025324718 0.005922625 0.047939340
v 0.025165540 0.005954816 0.047939340
v 0.025000000 0.005965685 0.047939340
v 0.024834460 0.005954816 0.047939340
v 0.024675282 0.005922625 0.047939340
v 0.024528583 0.005870350 0.047939340
v 0.024400000 0.005800000 0.047939340
v 0.024294475 0.005714278 0.047939340
v 0.024216062 0.005616478 0.047939340
v 0.024167776 0.005510360 0.047939340
v 0.024151472 0.005400000 0.047939340
v 0.024167776 0.005289640 0.047939340
v 0.024216062 0.005183522 0.047939340
v 0.024294475 0.005085722 0.047939340
v 0.024400000 0.005000000 0.047939340
v 0.024528583 0.004929650 0.047939340
v 0.024675282 0.004877375 0.047939340
v 0.024834460 0.004845184 0.047939340
v 0.025000000 0.004834315 0.047939340
v 0.025165540 0.004845184 0.047939340
v 0.025324718 0.004877375 0.047939340
v 0.025471417 0.004929650 0.047939340
v 0.025600000 0.005000000 0.047939340
v 0.025705525 0.005085722 0.047939340
v 0.025783938 0.005183522 0.047939340
v 0.025832224 0.005289640 0.047939340
v 0.025666684 0.005400000 0.047752796
v 0.025653874 0.005486709 0.047752796
v 0.025615936 0.005570086 0.047752796
v 0.025554328 0.005646927 0.047752796
v 0.025471417 0.005714278 0.047752796
v 0.025370390 0.005769552 0.047752796
v 0.025255129 0.005810624 0.047752796
v 0.025130064 0.005835916 0.047752796
v 0.025000000 0.005844456 0.047752796
v 0.024869936 0.005835916 0.047752796
v 0.024744871 0.005810624 0.047752796
v 0.024629610 0.005769552 0.047752796
v 0.024528583 0.005714278 0.047752796
v 0.024445672 0.005646927 0.047752796
v 0.024384064 0.005570086 0.047752796
v 0.024346126 0.005486709 0.047752796
v 0.024333316 0.005400000 0.047752796
v 0.024346126 0.005313291 0.047752796
v 0.024384064 0.005229914 0.047752796
v 0.024445672 0.005153073 0.047752796
v 0.024528583 0.005085722 0.047752796
v 0.024629610 0.005030448 0.047752796
v 0.024744871 0.004989376 0.047752796
v 0.024869936 0.004964084 0.047752796
v 0.025000000 0.004955544 0.047752796
v 0.025130064 0.004964084 0.047752796
v 0.025255129 0.004989376 0.047752796
v 0.025370390 0.005030448 0.047752796
v 0.025471417 0.005085722 0.047752796
v 0.025554328 0.005153073 0.047752796
v 0.025615936 0.005229914 0.047752796
v 0.025653874 0.005313291 0.047752796
v 0.025459220 0.005400000 0.047614181
v 0.025450396 0.005459726 0.047614181
v 0.025424264 0.005517157 0.047614181
v 0.025381828 0.005570086 0.047614181
v 0.025324718 0.005616478 0.047614181
v 0.025255129 0.005654552 0.047614181
v 0.025175736 0.005682843 0.047614181
v 0.025089589 0.005700264 0.047614181
v 0.025000000 0.005706147 0.047614181
v 0.024910411 0.005700264 0.047614181
v 0.024824264 0.005682843 0.047614181
v 0.024744871 0.005654552 0.047614181
v 0.024675282 0.005616478 0.047614181
v 0.024618172 0.005570086 0.047614181
v 0.024575736 0.005517157 0.047614181
v 0.024549604 0.005459726 0.047614181
v 0.024540780 0.005400000 0.047614181
v 0.024549604 0.005340274 0.047614181
v 0.024575736 0.005282843 0.047614181
v 0.024618172 0.005229914 0.047614181
v 0.024675282 0.005183522 0.047614181
v 0.024744871 0.005145448 0.047614181
v 0.024824264 0.005117157 0.047614181
v 0.024910411 0.005099736 0.047614181
v 0.025000000 0.005093853 0.047614181
v 0.025089589 0.005099736 0.047614181
v 0.025175736 0.005117157 0.047614181
v 0.025255129 0.005145448 0.047614181
v 0.025324718 0.005183522 0.047614181
v 0.025381828 0.005229914 0.047614181
v 0.025424264 0.005282843 0.047614181
v 0.025450396 0.005340274 0.047614181
v 0.025234108 0.005400000 0.047528822
v 0.025229610 0.005430448 0.047528822
v 0.025216288 0.005459726 0.047528822
v 0.025194654 0.005486709 0.047528822
v 0.025165540 0.005510360 0.047528822
v 0.025130064 0.005529769 0.047528822
v 0.025089589 0.005544192 0.047528822
v 0.025045672 0.005553073 0.047528822
v 0.025000000 0.005556072 0.047528822
v 0.024954328 0.005553073 0.047528822
v 0.024910411 0.005544192 0.047528822
v 0.024869936 0.005529769 0.047528822
v 0.024834460 0.005510360 0.047528822
v 0.024805346 0.005486709 0.047528822
v 0.024783712 0.005459726 0.047528822
v 0.024770390 0.005430448 0.047528822
v 0.024765892 0.005400000 0.047528822
v 0.024770390 0.005369552 0.047528822
v 0.024783712 0.005340274 0.047528822
v 0.024805346 0.005313291 0.047528822
v 0.024834460 0.005289640 0.047528822
v 0.024869936 0.005270231 0.047528822
v 0.024910411 0.005255808 0.047528822
v 0.024954328 0.005246927 0.047528822
v 0.025000000 0.005243928 0.047528822
v 0.025045672 0.005246927 0.047528822
v 0.025089589 0.005255808 0.047528822
v 0.025130064 0.005270231 0.047528822
v 0.025165540 0.005289640 0.047528822
v 0.025194654 0.005313291 0.047528822
v 0.025216288 0.005340274 0.047528822
v 0.025229610 0.005369552 0.047528822
v 0.025000000 0.005400000 0.047500000
f 10265 10266 10267
f 10265 10267 10268
f 10265 10268 10269
f 10265 10269 10270
f 10265 10270 10271
f 10265 10271 10272
f 10265 10272 10273
f 10265 10273 10274
f 10265 10274 10275
f 10265 10275 10276
f 10265 10276 10277
f 10265 10277 10278
f 10265 10278 10279
f 10265 10279 10280
f 10265 10280 10281
f 10265 10281 10282
f 10265 10282 10283
f 10265 10283 10284
f 10265 10284 10285
f 10265 10285 10286
f 10265 10286 10287
f 10265 10287 10288
f 10265 10288 10289
f 10265 10289 10290
f 10265 10290 10291
f 10265 10291 10292
f 10265 10292 10293
f 10265 10293 10294
f 10265 10294 10295
f 10265 10295 10296
f 10265 10296 10297
f 10265 10297 10266
f 10266 10298 10299
f 10266 10299 10267
f 10267 10299 10300
f 10267 10300 10268
f 10268 10300 10301
f 10268 10301 10269
f 10269 10301 10302
f 10269 10302 10270
f 10270 10302 10303
f 10270 10303 10271
f 10271 10303 10304
f 10271 10304 10272
f 10272 10304 10305
f 10272 10305 10273
f 10273 10305 10306
f 10273 10306 10274
f 10274 10306 10307
f 10274 10307 10275
f 10275 10307 10308
f 10275 10308 10276
f 10276 10308 10309
f 10276 10309 10277
f 10277 10309 10310
f 10277 10310 10278
f 10278 10310 10311
f 10278 10311 10279
f 10279 10311 10312
f 10279 10312 10280
f 10280 10312 10313
f 10280 10313 10281
f 10281 10313 10314
f 10281 10314 10282
f 10282 10314 10315
f 10282 10315 10283
f 10283 10315 10316
f 10283 10316 10284
f 10284 10316 10317
f 10284 10317 10285
f 10285 10317 10318
f 10285 10318 10286
f 10286 10318 10319
f 10286 10319 10287
f 10287 10319 10320
f 10287 10320 10288
f 10288 10320 10321
f 10288 10321 10289
f 10289 10321 10322
f 10289 10322 10290
f 10290 10322 10323
f 10290 10323 10291
f 10291 10323 10324
f 10291 10324 10292
f 10292 10324 10325
f 10292 10325 10293
f 10293 10325 10326
f 10293 10326 10294
f 10294 10326 10327
f 10294 10327 10295
f 10295 10327 10328
f 10295 10328 10296
f 10296 10328 10329
f 10296 10329 10297
f 10297 10329 10298
f 10297 10298 10266
f 10298 10330 10331
f 10298 10331 10299
f 10299 10331 10332
f 10299 10332 10300
f 10300 10332 10333
f 10300 10333 10301
f 10301 10333 10334
f 10301 10334 10302
f 10302 10334 10335
f 10302 10335 10303
f 10303 10335 10336
f 10303 10336 10304
f 10304 10336 10337
f 10304 10337 10305
f 10305 10337 10338
f 10305 10338 10306
f 10306 10338 10339
f 10306 10339 10307
f 10307 10339 10340
f 10307 10340 10308
f 10308 10340 10341
f 10308 10341 10309
f 10309 10341 10342
f 10309 10342 10310
f 10310 10342 10343
f 10310 10343 10311
f 10311 10343 10344
f 10311 10344 10312
f 10312 10344 10345
f 10312 10345 10313
f 10313 10345 10346
f 10313 10346 10314
f 10314 10346 10347
f 10314 10347 10315
f 10315 10347 10348
f 10315 10348 10316
f 10316 10348 10349
f 10316 10349 10317
f 10317 10349 10350
f 10317 10350 10318
f 10318 10350 10351
f 10318 10351 10319
f 10319 10351 10352
f 10319 10352 10320
f 10320 10352 10353
f 10320 10353 10321
f 10321 10353 10354
f 10321 10354 10322
f 10322 10354 10355
f 10322 10355 10323
f 10323 10355 10356
f 10323 10356 10324
f 10324 10356 10357
f 10324 10357 10325
f 10325 10357 10358
f 10325 10358 10326
f 10326 10358 10359
f 10326 10359 10327
f 10327 10359 10360
f 10327 10360 10328
f 10328 10360 10361
f 10328 10361 10329
f 10329 10361 10330
f 10329 10330 10298
f 10330 10362 10363
f 10330 10363 10331
f 10331 10363 10364
f 10331 10364 10332
f 10332 10364 10365
f 10332 10365 10333
f 10333 10365 10366
f 10333 10366 10334
f 10334 10366 10367
f 10334 10367 10335
f 10335 10367 10368
f 10335 10368 10336
f 10336 10368 10369
f 10336 10369 10337
f 10337 10369 10370
f 10337 10370 10338
f 10338 10370 10371
f 10338 10371 10339
f 10339 10371 10372
f 10339 10372 10340
f 10340 10372 10373
f 10340 10373 10341
f 10341 10373 10374
f 10341 10374 10342
f 10342 10374 10375
f 10342 10375 10343
f 10343 10375 10376
f 10343 10376 10344
f 10344 10376 10377
f 10344 10377 10345
f 10345 10377 10378
f 10345 10378 10346
f 10346 10378 10379
f 10346 10379 10347
f 10347 10379 10380
f 10347 10380 10348
f 10348 10380 10381
f 10348 10381 10349
f 10349 10381 10382
f 10349 10382 10350
f 10350 10382 10383
f 10350 10383 10351
f 10351 10383 10384
f 10351 10384 10352
f 10352 10384 10385
f 10352 10385 10353
f 10353 10385 10386
f 10353 10386 10354
f 10354 10386 10387
f 10354 10387 10355
f 10355 10387 10388
f 10355 10388 10356
f 10356 10388 10389
f 10356 10389 10357
f 10357 10389 10390
f 10357 10390 10358
f 10358 10390 10391
f 10358 10391 10359
f 10359 10391 10392
f 10359 10392 10360
f 10360 10392 10393
f 10360 10393 10361
f 10361 10393 10362
f 10361 10362 10330
f 10362 10394 10395
f 10362 10395 10363
f 10363 10395 10396
f 10363 10396 10364
f 10364 10396 10397
f 10364 10397 10365
f 10365 10397 10398
f 10365 10398 10366
f 10366 10398 10399
f 10366 10399 10367
f 10367 10399 10400
f 10367 10400 10368
f 10368 10400 10401
f 10368 10401 10369
f 10369 10401 10402
f 10369 10402 10370
f 10370 10402 10403
f 10370 10403 10371
f 10371 10403 10404
f 10371 10404 10372
f 10372 10404 10405
f 10372 10405 10373
f 10373 10405 10406
f 10373 10406 10374
f 10374 10406 10407
f 10374 10407 10375
f 10375 10407 10408
f 10375 10408 10376
f 10376 10408 10409
f 10376 10409 10377
f 10377 10409 10410
f 10377 10410 10378
f 10378 10410 10411
f 10378 10411 10379
f 10379 10411 10412
f 10379 10412 10380
f 10380 10412 10413
f 10380 10413 10381
f 10381 10413 10414
f 10381 10414 10382
f 10382 10414 10415
f 10382 10415 10383
f 10383 10415 10416
f 10383 10416 10384
f 10384 10416 10417
f 10384 10417 10385
f 10385 10417 10418
f 10385 10418 10386
f 10386 10418 10419
f 10386 10419 10387
f 10387 10419 10420
f 10387 10420 10388
f 10388 10420 10421
f 10388 10421 10389
f 10389 10421 10422
f 10389 10422 10390
f 10390 10422 10423
f 10390 10423 10391
f 10391 10423 10424
f 10391 10424 10392
f 10392 10424 10425
f 10392 10425 10393
f 10393 10425 10394
f 10393 10394 10362
f 10394 10426 10427
f 10394 10427 10395
f 10395 10427 10428
f 10395 10428 10396
f 10396 10428 10429
f 10396 10429 10397
f 10397 10429 10430
f 10397 10430 10398
f 10398 10430 10431
f 10398 10431 10399
f 10399 10431 10432
f 10399 10432 10400
f 10400 10432 10433
f 10400 10433 10401
f 10401 10433 10434
f 10401 10434 10402
f 10402 10434 10435
f 10402 10435 10403
f 10403 10435 10436
f 10403 10436 10404
f 10404 10436 10437
f 10404 10437 10405
f 10405 10437 10438
f 10405 10438 10406
f 10406 10438 10439
f 10406 10439 10407
f 10407 10439 10440
f 10407 10440 10408
f 10408 10440 10441
f 10408 10441 10409
f 10409 10441 10442
f 10409 10442 10410
f 10410 10442 10443
f 10410 10443 10411
f 10411 10443 10444
f 10411 10444 10412
f 10412 10444 10445
f 10412 10445 10413
f 10413 10445 10446
f 10413 10446 10414
f 10414 10446 10447
f 10414 10447 10415
f 10415 10447 10448
f 10415 10448 10416
f 10416 10448 10449
f 10416 10449 10417
f 10417 10449 10450
f 10417 10450 10418
f 10418 10450 10451
f 10418 10451 10419
f 10419 10451 10452
f 10419 10452 10420
f 10420 10452 10453
f 10420 10453 10421
f 10421 10453 10454
f 10421 10454 10422
f 10422 10454 10455
f 10422 10455 10423
f 10423 10455 10456
f 10423 10456 10424
f 10424 10456 10457
f 10424 10457 10425
f 10425 10457 10426
f 10425 10426 10394
f 10426 10458 10459
f 10426 10459 10427
f 10427 10459 10460
f 10427 10460 10428
f 10428 10460 10461
f 10428 10461 10429
f 10429 10461 10462
f 10429 10462 10430
f 10430 10462 10463
f 10430 10463 10431
f 10431 10463 10464
f 10431 10464 10432
f 10432 10464 10465
f 10432 10465 10433
f 10433 10465 10466
f 10433 10466 10434
f 10434 10466 10467
f 10434 10467 10435
f 10435 10467 10468
f 10435 10468 10436
f 10436 10468 10469
f 10436 10469 10437
f 10437 10469 10470
f 10437 10470 10438
f 10438 10470 10471
f 10438 10471 10439
f 10439 10471 10472
f 10439 10472 10440
f 10440 10472 10473
f 10440 10473 10441
f 10441 10473 10474
f 10441 10474 10442
f 10442 10474 10475
f 10442 10475 10443
f 10443 10475 10476
f 10443 10476 10444
f 10444 10476 10477
f 10444 10477 10445
f 10445 10477 10478
f 10445 10478 10446
f 10446 10478 10479
f 10446 10479 10447
f 10447 10479 10480
f 10447 10480 10448
f 10448 10480 10481
f 10448 10481 10449
f 10449 10481 10482
f 10449 10482 10450
f 10450 10482 10483
f 10450 10483 10451
f 10451 10483 10484
f 10451 10484 10452
f 10452 10484 10485
f 10452 10485 10453
f 10453 10485 10486
f 10453 10486 10454
f 10454 10486 10487
f 10454 10487 10455
f 10455 10487 10488
f 10455 10488 10456
f 10456 10488 10489
f 10456 10489 10457
f 10457 10489 10458
f 10457 10458 10426
f 10458 10490 10491
f 10458 10491 10459
f 10459 10491 10492
f 10459 10492 10460
f 10460 10492 10493
f 10460 10493 10461
f 10461 10493 10494
f 10461 10494 10462
f 10462 10494 10495
f 10462 10495 10463
f 10463 10495 10496
f 10463 10496 10464
f 10464 10496 10497
f 10464 10497 10465
f 10465 10497 10498
f 10465 10498 10466
f 10466 10498 10499
f 10466 10499 10467
f 10467 10499 10500
f 10467 10500 10468
f 10468 10500 10501
f 10468 10501 10469
f 10469 10501 10502
f 10469 10502 10470
f 10470 10502 10503
f 10470 10503 10471
f 10471 10503 10504
f 10471 10504 10472
f 10472 10504 10505
f 10472 10505 10473
f 10473 10505 10506
f 10473 10506 10474
f 10474 10506 10507
f 10474 10507 10475
f 10475 10507 10508
f 10475 10508 10476
f 10476 10508 10509
f 10476 10509 10477
f 10477 10509 10510
f 10477 10510 10478
f 10478 10510 10511
f 10478 10511 10479
f 10479 10511 10512
f 10479 10512 10480
f 10480 10512 10513
f 10480 10513 10481
f 10481 10513 10514
f 10481 10514 10482
f 10482 10514 10515
f 10482 10515 10483
f 10483 10515 10516
f 10483 10516 10484
f 10484 10516 10517
f 10484 10517 10485
f 10485 10517 10518
f 10485 10518 10486
f 10486 10518 10519
f 10486 10519 10487
f 10487 10519 10520
f 10487 10520 10488
f 10488 10520 10521
f 10488 10521 10489
f 10489 10521 10490
f 10489 10490 10458
f 10490 10522 10523
f 10490 10523 10491
f 10491 10523 10524
f 10491 10524 10492
f 10492 10524 10525
f 10492 10525 10493
f 10493 10525 10526
f 10493 10526 10494
f 10494 10526 10527
f 10494 10527 10495
f 10495 10527 10528
f 10495 10528 10496
f 10496 10528 10529
f 10496 10529 10497
f 10497 10529 10530
f 10497 10530 10498
f 10498 10530 10531
f 10498 10531 10499
f 10499 10531 10532
f 10499 10532 10500
f 10500 10532 10533
f 10500 10533 10501
f 10501 10533 10534
f 10501 10534 10502
f 10502 10534 10535
f 10502 10535 10503
f 10503 10535 10536
f 10503 10536 10504
f 10504 10536 10537
f 10504 10537 10505
f 10505 10537 10538
f 10505 10538 10506
f 10506 10538 10539
f 10506 10539 10507
f 10507 10539 10540
f 10507 10540 10508
f 10508 10540 10541
f 10508 10541 10509
f 10509 10541 10542
f 10509 10542 10510
f 10510 10542 10543
f 10510 10543 10511
f 10511 10543 10544
f 10511 10544 10512
f 10512 10544 10545
f 10512 10545 10513
f 10513 10545 10546
f 10513 10546 10514
f 10514 10546 10547
f 10514 10547 10515
f 10515 10547 10548
f 10515 10548 10516
f 10516 10548 10549
f 10516 10549 10517
f 10517 10549 10550
f 10517 10550 10518
f 10518 10550 10551
f 10518 10551 10519
f 10519 10551 10552
f 10519 10552 10520
f 10520 10552 10553
f 10520 10553 10521
f 10521 10553 10522
f 10521 10522 10490
f 10522 10554 10555
f 10522 10555 10523
f 10523 10555 10556
f 10523 10556 10524
f 10524 10556 10557
f 10524 10557 10525
f 10525 10557 10558
f 10525 10558 10526
f 10526 10558 10559
f 10526 10559 10527
f 10527 10559 10560
f 10527 10560 10528
f 10528 10560 10561
f 10528 10561 10529
f 10529 10561 10562
f 10529 10562 10530
f 10530 10562 10563
f 10530 10563 10531
f 10531 10563 10564
f 10531 10564 10532
f 10532 10564 10565
f 10532 10565 10533
f 10533 10565 10566
f 10533 10566 10534
f 10534 10566 10567
f 10534 10567 10535
f 10535 10567 10568
f 10535 10568 10536
f 10536 10568 10569
f 10536 10569 10537
f 10537 10569 10570
f 10537 10570 10538
f 10538 10570 10571
f 10538 10571 10539
f 10539 10571 10572
f 10539 10572 10540
f 10540 10572 10573
f 10540 10573 10541
f 10541 10573 10574
f 10541 10574 10542
f 10542 10574 10575
f 10542 10575 10543
f 10543 10575 10576
f 10543 10576 10544
f 10544 10576 10577
f 10544 10577 10545
f 10545 10577 10578
f 10545 10578 10546
f 10546 10578 10579
f 10546 10579 10547
f 10547 10579 10580
f 10547 10580 10548
f 10548 10580 10581
f 10548 10581 10549
f 10549 10581 10582
f 10549 10582 10550
f 10550 10582 10583
f 10550 10583 10551
f 10551 10583 10584
f 10551 10584 10552
f 10552 10584 10585
f 10552 10585 10553
f 10553 10585 10554
f 10553 10554 10522
f 10554 10586 10587
f 10554 10587 10555
f 10555 10587 10588
f 10555 10588 10556
f 10556 10588 10589
f 10556 10589 10557
f 10557 10589 10590
f 10557 10590 10558
f 10558 10590 10591
f 10558 10591 10559
f 10559 10591 10592
f 10559 10592 10560
f 10560 10592 10593
f 10560 10593 10561
f 10561 10593 10594
f 10561 10594 10562
f 10562 10594 10595
f 10562 10595 10563
f 10563 10595 10596
f 10563 10596 10564
f 10564 10596 10597
f 10564 10597 10565
f 10565 10597 10598
f 10565 10598 10566
f 10566 10598 10599
f 10566 10599 10567
f 10567 10599 10600
f 10567 10600 10568
f 10568 10600 10601
f 10568 10601 10569
f 10569 10601 10602
f 10569 10602 10570
f 10570 10602 10603
f 10570 10603 10571
f 10571 10603 10604
f 10571 10604 10572
f 10572 10604 10605
f 10572 10605 10573
f 10573 10605 10606
f 10573 10606 10574
f 10574 10606 10607
f 10574 10607 10575
f 10575 10607 10608
f 10575 10608 10576
f 10576 10608 10609
f 10576 10609 10577
f 10577 10609 10610
f 10577 10610 10578
f 10578 10610 10611
f 10578 10611 10579
f 10579 10611 10612
f 10579 10612 10580
f 10580 10612 10613
f 10580 10613 10581
f 10581 10613 10614
f 10581 10614 10582
f 10582 10614 10615
f 10582 10615 10583
f 10583 10615 10616
f 10583 10616 10584
f 10584 10616 10617
f 10584 10617 10585
f 10585 10617 10586
f 10585 10586 10554
f 10586 10618 10619
f 10586 10619 10587
f 10587 10619 10620
f 10587 10620 10588
f 10588 10620 10621
f 10588 10621 10589
f 10589 10621 10622
f 10589 10622 10590
f 10590 10622 10623
f 10590 10623 10591
f 10591 10623 10624
f 10591 10624 10592
f 10592 10624 10625
f 10592 10625 10593
f 10593 10625 10626
f 10593 10626 10594
f 10594 10626 10627
f 10594 10627 10595
f 10595 10627 10628
f 10595 10628 10596
f 10596 10628 10629
f 10596 10629 10597
f 10597 10629 10630
f 10597 10630 10598
f 10598 10630 10631
f 10598 10631 10599
f 10599 10631 10632
f 10599 10632 10600
f 10600 10632 10633
f 10600 10633 10601
f 10601 10633 10634
f 10601 10634 10602
f 10602 10634 10635
f 10602 10635 10603
f 10603 10635 10636
f 10603 10636 10604
f 10604 10636 10637
f 10604 10637 10605
f 10605 10637 10638
f 10605 10638 10606
f 10606 10638 10639
f 10606 10639 10607
f 10607 10639 10640
f 10607 10640 10608
f 10608 10640 10641
f 10608 10641 10609
f 10609 10641 10642
f 10609 10642 10610
f 10610 10642 10643
f 10610 10643 10611
f 10611 10643 10644
f 10611 10644 10612
f 10612 10644 10645
f 10612 10645 10613
f 10613 10645 10646
f 10613 10646 10614
f 10614 10646 10647
f 10614 10647 10615
f 10615 10647 10648
f 10615 10648 10616
f 10616 10648 10649
f 10616 10649 10617
f 10617 10649 10618
f 10617 10618 10586
f 10618 10650 10651
f 10618 10651 10619
f 10619 10651 10652
f 10619 10652 10620
f 10620 10652 10653
f 10620 10653 10621
f 10621 10653 10654
f 10621 10654 10622
f 10622 10654 10655
f 10622 10655 10623
f 10623 10655 10656
f 10623 10656 10624
f 10624 10656 10657
f 10624 10657 10625
f 10625 10657 10658
f 10625 10658 10626
f 10626 10658 10659
f 10626 10659 10627
f 10627 10659 10660
f 10627 10660 10628
f 10628 10660 10661
f 10628 10661 10629
f 10629 10661 10662
f 10629 10662 10630
f 10630 10662 10663
f 10630 10663 10631
f 10631 10663 10664
f 10631 10664 10632
f 10632 10664 10665
f 10632 10665 10633
f 10633 10665 10666
f 10633 10666 10634
f 10634 10666 10667
f 10634 10667 10635
f 10635 10667 10668
f 10635 10668 10636
f 10636 10668 10669
f 10636 10669 10637
f 10637 10669 10670
f 10637 10670 10638
f 10638 10670 10671
f 10638 10671 10639
f 10639 10671 10672
f 10639 10672 10640
f 10640 10672 10673
f 10640 10673 10641
f 10641 10673 10674
f 10641 10674 10642
f 10642 10674 10675
f 10642 10675 10643
f 10643 10675 10676
f 10643 10676 10644
f 10644 10676 10677
f 10644 10677 10645
f 10645 10677 10678
f 10645 10678 10646
f 10646 10678 10679
f 10646 10679 10647
f 10647 10679 10680
f 10647 10680 10648
f 10648 10680 10681
f 10648 10681 10649
f 10649 10681 10650
f 10649 10650 10618
f 10650 10682 10683
f 10650 10683 10651
f 10651 10683 10684
f 10651 10684 10652
f 10652 10684 10685
f 10652 10685 10653
f 10653 10685 10686
f 10653 10686 10654
f 10654 10686 10687
f 10654 10687 10655
f 10655 10687 10688
f 10655 10688 10656
f 10656 10688 10689
f 10656 10689 10657
f 10657 10689 10690
f 10657 10690 10658
f 10658 10690 10691
f 10658 10691 10659
f 10659 10691 10692
f 10659 10692 10660
f 10660 10692 10693
f 10660 10693 10661
f 10661 10693 10694
f 10661 10694 10662
f 10662 10694 10695
f 10662 10695 10663
f 10663 10695 10696
f 10663 10696 10664
f 10664 10696 10697
f 10664 10697 10665
f 10665 10697 10698
f 10665 10698 10666
f 10666 10698 10699
f 10666 10699 10667
f 10667 10699 10700
f 10667 10700 10668
f 10668 10700 10701
f 10668 10701 10669
f 10669 10701 10702
f 10669 10702 10670
f 10670 10702 10703
f 10670 10703 10671
f 10671 10703 10704
f 10671 10704 10672
f 10672 10704 10705
f 10672 10705 10673
f 10673 10705 10706
f 10673 10706 10674
f 10674 10706 10707
f 10674 10707 10675
f 10675 10707 10708
f 10675 10708 10676
f 10676 10708 10709
f 10676 10709 10677
f 10677 10709 10710
f 10677 10710 10678
f 10678 10710 10711
f 10678 10711 10679
f 10679 10711 10712
f 10679 10712 10680
f 10680 10712 10713
f 10680 10713 10681
f 10681 10713 10682
f 10681 10682 10650
f 10682 10714 10715
f 10682 10715 10683
f 10683 10715 10716
f 10683 10716 10684
f 10684 10716 10717
f 10684 10717 10685
f 10685 10717 10718
f 10685 10718 10686
f 10686 10718 10719
f 10686 10719 10687
f 10687 10719 10720
f 10687 10720 10688
f 10688 10720 10721
f 10688 10721 10689
f 10689 10721 10722
f 10689 10722 10690
f 10690 10722 10723
f 10690 10723 10691
f 10691 10723 10724
f 10691 10724 10692
f 10692 10724 10725
f 10692 10725 10693
f 10693 10725 10726
f 10693 10726 10694
f 10694 10726 10727
f 10694 10727 10695
f 10695 10727 10728
f 10695 10728 10696
f 10696 10728 10729
f 10696 10729 10697
f 10697 10729 10730
f 10697 10730 10698
f 10698 10730 10731
f 10698 10731 10699
f 10699 10731 10732
f 10699 10732 10700
f 10700 10732 10733
f 10700 10733 10701
f 10701 10733 10734
f 10701 10734 10702
f 10702 10734 10735
f 10702 10735 10703
f 10703 10735 10736
f 10703 10736 10704
f 10704 10736 10737
f 10704 10737 10705
f 10705 10737 10738
f 10705 10738 10706
f 10706 10738 10739
f 10706 10739 10707
f 10707 10739 10740
f 10707 10740 10708
f 10708 10740 10741
f 10708 10741 10709
f 10709 10741 10742
f 10709 10742 10710
f 10710 10742 10743
f 10710 10743 10711
f 10711 10743 10744
f 10711 10744 10712
f 10712 10744 10745
f 10712 10745 10713
f 10713 10745 10714
f 10713 10714 10682
f 10746 10715 10714
f 10746 10716 10715
f 10746 10717 10716
f 10746 10718 10717
f 10746 10719 10718
f 10746 10720 10719
f 10746 10721 10720
f 10746 10722 10721
f 10746 10723 10722
f 10746 10724 10723
f 10746 10725 10724
f 10746 10726 10725
f 10746 10727 10726
f 10746 10728 10727
f 10746 10729 10728
f 10746 10730 10729
f 10746 10731 10730
f 10746 10732 10731
f 10746 10733 10732
f 10746 10734 10733
f 10746 10735 10734
f 10746 10736 10735
f 10746 10737 10736
f 10746 10738 10737
f 10746 10739 10738
f 10746 10740 10739
f 10746 10741 10740
f 10746 10742 10741
f 10746 10743 10742
f 10746 10744 10743
f 10746 10745 10744
f 10746 10714 10745
o left_finger_mark_0
usemtl vinyl_black
v -0.016500000 0.040000000 -0.018300000
v -0.016251256 0.040000000 -0.018391345
v -0.016270190 0.040087868 -0.018391345
v -0.016324111 0.040162359 -0.018391345
v -0.016404810 0.040212132 -0.018391345
v -0.016500000 0.040229610 -0.018391345
v -0.016595190 0.040212132 -0.018391345
v -0.016675889 0.040162359 -0.018391345
v -0.016729810 0.040087868 -0.018391345
v -0.016748744 0.040000000 -0.018391345
v -0.016729810 0.039912132 -0.018391345
v -0.016675889 0.039837641 -0.018391345
v -0.016595190 0.039787868 -0.018391345
v -0.016500000 0.039770390 -0.018391345
v -0.016404810 0.039787868 -0.018391345
v -0.016324111 0.039837641 -0.018391345
v -0.016270190 0.039912132 -0.018391345
v -0.016040381 0.040000000 -0.018651472
v -0.016075367 0.040162359 -0.018651472
v -0.016175000 0.040300000 -0.018651472
v -0.016324111 0.040391969 -0.018651472
v -0.016500000 0.040424264 -0.018651472
v -0.016675889 0.040391969 -0.018651472
v -0.016825000 0.040300000 -0.018651472
v -0.016924633 0.040162359 -0.018651472
v -0.016959619 0.040000000 -0.018651472
v -0.016924633 0.039837641 -0.018651472
v -0.016825000 0.039700000 -0.018651472
v -0.016675889 0.039608031 -0.018651472
v -0.016500000 0.039575736 -0.018651472
v -0.016324111 0.039608031 -0.018651472
v -0.016175000 0.039700000 -0.018651472
v -0.016075367 0.039837641 -0.018651472
v -0.015899478 0.040000000 -0.019040780
v -0.015945190 0.040212132 -0.019040780
v -0.016075367 0.040391969 -0.019040780
v -0.016270190 0.040512132 -0.019040780
v -0.016500000 0.040554328 -0.019040780
v -0.016729810 0.040512132 -0.019040780
v -0.016924633 0.040391969 -0.019040780
v -0.017054810 0.040212132 -0.019040780
v -0.017100522 0.040000000 -0.019040780
v -0.017054810 0.039787868 -0.019040780
v -0.016924633 0.039608031 -0.019040780
v -0.016729810 0.039487868 -0.019040780
v -0.016500000 0.039445672 -0.019040780
v -0.016270190 0.039487868 -0.019040780
v -0.016075367 0.039608031 -0.019040780
v -0.015945190 0.039787868 -0.019040780
v -0.015850000 0.040000000 -0.019500000
v -0.015899478 0.040229610 -0.019500000
v -0.016040381 0.040424264 -0.019500000
v -0.016251256 0.040554328 -0.019500000
v -0.016500000 0.040600000 -0.019500000
v -0.016748744 0.040554328 -0.019500000
v -0.016959619 0.040424264 -0.019500000
v -0.017100522 0.040229610 -0.019500000
v -0.017150000 0.040000000 -0.019500000
v -0.017100522 0.039770390 -0.019500000
v -0.016959619 0.039575736 -0.019500000
v -0.016748744 0.039445672 -0.019500000
v -0.016500000 0.039400000 -0.019500000
v -0.016251256 0.039445672 -0.019500000
v -0.016040381 0.039575736 -0.019500000
v -0.015899478 0.039770390 -0.019500000
v -0.015899478 0.040000000 -0.019959220
v -0.015945190 0.040212132 -0.019959220
v -0.016075367 0.040391969 -0.019959220
v -0.016270190 0.040512132 -0.019959220
v -0.016500000 0.040554328 -0.019959220
v -0.016729810 0.040512132 -0.019959220
v -0.016924633 0.040391969 -0.019959220
v -0.017054810 0.040212132 -0.019959220
v -0.017100522 0.040000000 -0.019959220
v -0.017054810 0.039787868 -0.019959220
v -0.016924633 0.039608031 -0.019959220
v -0.016729810 0.039487868 -0.019959220
v -0.016500000 0.039445672 -0.019959220
v -0.016270190 0.039487868 -0.019959220
v -0.016075367 0.039608031 -0.019959220
v -0.015945190 0.039787868 -0.019959220
v -0.016040381 0.040000000 -0.020348528
v -0.016075367 0.040162359 -0.020348528
v -0.016175000 0.040300000 -0.020348528
v -0.016324111 0.040391969 -0.020348528
v -0.016500000 0.040424264 -0.020348528
v -0.016675889 0.040391969 -0.020348528
v -0.016825000 0.040300000 -0.020348528
v -0.016924633 0.040162359 -0.020348528
v -0.016959619 0.040000000 -0.020348528
v -0.016924633 0.039837641 -0.020348528
v -0.016825000 0.039700000 -0.020348528
v -0.016675889 0.039608031 -0.020348528
v -0.016500000 0.039575736 -0.020348528
v -0.016324111 0.039608031 -0.020348528
v -0.016175000 0.039700000 -0.020348528
v -0.016075367 0.039837641 -0.020348528
v -0.016251256 0.040000000 -0.020608655
v -0.016270190 0.040087868 -0.020608655
v -0.016324111 0.040162359 -0.020608655
v -0.016404810 0.040212132 -0.020608655
v -0.016500000 0.040229610 -0.020608655
v -0.016595190 0.040212132 -0.020608655
v -0.016675889 0.040162359 -0.020608655
v -0.016729810 0.040087868 -0.020608655
v -0.016748744 0.040000000 -0.020608655
v -0.016729810 0.039912132 -0.020608655
v -0.016675889 0.039837641 -0.020608655
v -0.016595190 0.039787868 -0.020608655
v -0.016500000 0.039770390 -0.020608655
v -0.016404810 0.039787868 -0.020608655
v -0.016324111 0.039837641 -0.020608655
v -0.016270190 0.039912132 -0.020608655
v -0.016500000 0.040000000 -0.020700000
f 10747 10748 10749
f 10747 10749 10750
f 10747 10750 10751
f 10747 10751 10752
f 10747 10752 10753
f 10747 10753 10754
f 10747 10754 10755
f 10747 10755 10756
f 10747 10756 10757
f 10747 10757 10758
f 10747 10758 10759
f 10747 10759 10760
f 10747 10760 10761
f 10747 10761 10762
f 10747 10762 10763
f 10747 10763 10748
f 10748 10764 10765
f 10748 10765 10749
f 10749 10765 10766
f 10749 10766 10750
f 10750 10766 10767
f 10750 10767 10751
f 10751 10767 10768
f 10751 10768 10752
f 10752 10768 10769
f 10752 10769 10753
f 10753 10769 10770
f 10753 10770 10754
f 10754 10770 10771
f 10754 10771 10755
f 10755 10771 10772
f 10755 10772 10756
f 10756 10772 10773
f 10756 10773 10757
f 10757 10773 10774
f 10757 10774 10758
f 10758 10774 10775
f 10758 10775 10759
f 10759 10775 10776
f 10759 10776 10760
f 10760 10776 10777
f 10760 10777 10761
f 10761 10777 10778
f 10761 10778 10762
f 10762 10778 10779
f 10762 10779 10763
f 10763 10779 10764
f 10763 10764 10748
f 10764 10780 10781
f 10764 10781 10765
f 10765 10781 10782
f 10765 10782 10766
f 10766 10782 10783
f 10766 10783 10767
f 10767 10783 10784
f 10767 10784 10768
f 10768 10784 10785
f 10768 10785 10769
f 10769 10785 10786
f 10769 10786 10770
f 10770 10786 10787
f 10770 10787 10771
f 10771 10787 10788
f 10771 10788 10772
f 10772 10788 10789
f 10772 10789 10773
f 10773 10789 10790
f 10773 10790 10774
f 10774 10790 10791
f 10774 10791 10775
f 10775 10791 10792
f 10775 10792 10776
f 10776 10792 10793
f 10776 10793 10777
f 10777 10793 10794
f 10777 10794 10778
f 10778 10794 10795
f 10778 10795 10779
f 10779 10795 10780
f 10779 10780 10764
f 10780 10796 10797
f 10780 10797 10781
f 10781 10797 10798
f 10781 10798 10782
f 10782 10798 10799
f 10782 10799 10783
f 10783 10799 10800
f 10783 10800 10784
f 10784 10800 10801
f 10784 10801 10785
f 10785 10801 10802
f 10785 10802 10786
f 10786 10802 10803
f 10786 10803 10787
f 10787 10803 10804
f 10787 10804 10788
f 10788 10804 10805
f 10788 10805 10789
f 10789 10805 10806
f 10789 10806 10790
f 10790 10806 10807
f 10790 10807 10791
f 10791 10807 10808
f 10791 10808 10792
f 10792 10808 10809
f 10792 10809 10793
f 10793 10809 10810
f 10793 10810 10794
f 10794 10810 10811
f 10794 10811 10795
f 10795 10811 10796
f 10795 10796 10780
f 10796 10812 10813
f 10796 10813 10797
f 10797 10813 10814
f 10797 10814 10798
f 10798 10814 10815
f 10798 10815 10799
f 10799 10815 10816
f 10799 10816 10800
f 10800 10816 10817
f 10800 10817 10801
f 10801 10817 10818
f 10801 10818 10802
f 10802 10818 10819
f 10802 10819 10803
f 10803 10819 10820
f 10803 10820 10804
f 10804 10820 10821
f 10804 10821 10805
f 10805 10821 10822
f 10805 10822 10806
f 10806 10822 10823
f 10806 10823 10807
f 10807 10823 10824
f 10807 10824 10808
f 10808 10824 10825
f 10808 10825 10809
f 10809 10825 10826
f 10809 10826 10810
f 10810 10826 10827
f 10810 10827 10811
f 10811 10827 10812
f 10811 10812 10796
f 10812 10828 10829
f 10812 10829 10813
f 10813 10829 10830
f 10813 10830 10814
f 10814 10830 10831
f 10814 10831 10815
f 10815 10831 10832
f 10815 10832 10816
f 10816 10832 10833
f 10816 10833 10817
f 10817 10833 10834
f 10817 10834 10818
f 10818 10834 10835
f 10818 10835 10819
f 10819 10835 10836
f 10819 10836 10820
f 10820 10836 10837
f 10820 10837 10821
f 10821 10837 10838
f 10821 10838 10822
f 10822 10838 10839
f 10822 10839 10823
f 10823 10839 10840
f 10823 10840 10824
f 10824 10840 10841
f 10824 10841 10825
f 10825 10841 10842
f 10825 10842 10826
f 10826 10842 10843
f 10826 10843 10827
f 10827 10843 10828
f 10827 10828 10812
f 10828 10844 10845
f 10828 10845 10829
f 10829 10845 10846
f 10829 10846 10830
f 10830 10846 10847
f 10830 10847 10831
f 10831 10847 10848
f 10831 10848 10832
f 10832 10848 10849
f 10832 10849 10833
f 10833 10849 10850
f 10833 10850 10834
f 10834 10850 10851
f 10834 10851 10835
f 10835 10851 10852
f 10835 10852 10836
f 10836 10852 10853
f 10836 10853 10837
f 10837 10853 10854
f 10837 10854 10838
f 10838 10854 10855
f 10838 10855 10839
f 10839 10855 10856
f 10839 10856 10840
f 10840 10856 10857
f 10840 10857 10841
f 10841 10857 10858
f 10841 10858 10842
f 10842 10858 10859
f 10842 10859 10843
f 10843 10859 10844
f 10843 10844 10828
f 10860 10845 10844
f 10860 10846 10845
f 10860 10847 10846
f 10860 10848 10847
f 10860 10849 10848
f 10860 10850 10849
f 10860 10851 10850
f 10860 10852 10851
f 10860 10853 10852
f 10860 10854 10853
f 10860 10855 10854
f 10860 10856 10855
f 10860 10857 10856
f 10860 10858 10857
f 10860 10859 10858
f 10860 10844 10859
o left_finger_mark_1
usemtl vinyl_black
v -0.014500000 0.040000000 -0.018300000
v -0.014251256 0.040000000 -0.018391345
v -0.014270190 0.040087868 -0.018391345
v -0.014324111 0.040162359 -0.018391345
v -0.014404810 0.040212132 -0.018391345
v -0.014500000 0.040229610 -0.018391345
v -0.014595190 0.040212132 -0.018391345
v -0.014675889 0.040162359 -0.018391345
v -0.014729810 0.040087868 -0.018391345
v -0.014748744 0.040000000 -0.018391345
v -0.014729810 0.039912132 -0.018391345
v -0.014675889 0.039837641 -0.018391345
v -0.014595190 0.039787868 -0.018391345
v -0.014500000 0.039770390 -0.018391345
v -0.014404810 0.039787868 -0.018391345
v -0.014324111 0.039837641 -0.018391345
v -0.014270190 0.039912132 -0.018391345
v -0.014040381 0.040000000 -0.018651472
v -0.014075367 0.040162359 -0.018651472
v -0.014175000 0.040300000 -0.018651472
v -0.014324111 0.040391969 -0.018651472
v -0.014500000 0.040424264 -0.018651472
v -0.014675889 0.040391969 -0.018651472
v -0.014825000 0.040300000 -0.018651472
v -0.014924633 0.040162359 -0.018651472
v -0.014959619 0.040000000 -0.018651472
v -0.014924633 0.039837641 -0.018651472
v -0.014825000 0.039700000 -0.018651472
v -0.014675889 0.039608031 -0.018651472
v -0.014500000 0.039575736 -0.018651472
v -0.014324111 0.039608031 -0.018651472
v -0.014175000 0.039700000 -0.018651472
v -0.014075367 0.039837641 -0.018651472
v -0.013899478 0.040000000 -0.019040780
v -0.013945190 0.040212132 -0.019040780
v -0.014075367 0.040391969 -0.019040780
v -0.014270190 0.040512132 -0.019040780
v -0.014500000 0.040554328 -0.019040780
v -0.014729810 0.040512132 -0.019040780
v -0.014924633 0.040391969 -0.019040780
v -0.015054810 0.040212132 -0.019040780
v -0.015100522 0.040000000 -0.019040780
v -0.015054810 0.039787868 -0.019040780
v -0.014924633 0.039608031 -0.019040780
v -0.014729810 0.039487868 -0.019040780
v -0.014500000 0.039445672 -0.019040780
v -0.014270190 0.039487868 -0.019040780
v -0.014075367 0.039608031 -0.019040780
v -0.013945190 0.039787868 -0.019040780
v -0.013850000 0.040000000 -0.019500000
v -0.013899478 0.040229610 -0.019500000
v -0.014040381 0.040424264 -0.019500000
v -0.014251256 0.040554328 -0.019500000
v -0.014500000 0.040600000 -0.019500000
v -0.014748744 0.040554328 -0.019500000
v -0.014959619 0.040424264 -0.019500000
v -0.015100522 0.040229610 -0.019500000
v -0.015150000 0.040000000 -0.019500000
v -0.015100522 0.039770390 -0.019500000
v -0.014959619 0.039575736 -0.019500000
v -0.014748744 0.039445672 -0.019500000
v -0.014500000 0.039400000 -0.019500000
v -0.014251256 0.039445672 -0.019500000
v -0.014040381 0.039575736 -0.019500000
v -0.013899478 0.039770390 -0.019500000
v -0.013899478 0.040000000 -0.019959220
v -0.013945190 0.040212132 -0.019959220
v -0.014075367 0.040391969 -0.019959220
v -0.014270190 0.040512132 -0.019959220
v -0.014500000 0.040554328 -0.019959220
v -0.014729810 0.040512132 -0.019959220
v -0.014924633 0.040391969 -0.019959220
v -0.015054810 0.040212132 -0.019959220
v -0.015100522 0.040000000 -0.019959220
v -0.015054810 0.039787868 -0.019959220
v -0.014924633 0.039608031 -0.019959220
v -0.014729810 0.039487868 -0.019959220
v -0.014500000 0.039445672 -0.019959220
v -0.014270190 0.039487868 -0.019959220
v -0.014075367 0.039608031 -0.019959220
v -0.013945190 0.039787868 -0.019959220
v -0.014040381 0.040000000 -0.020348528
v -0.014075367 0.040162359 -0.020348528
v -0.014175000 0.040300000 -0.020348528
v -0.014324111 0.040391969 -0.020348528
v -0.014500000 0.040424264 -0.020348528
v -0.014675889 0.040391969 -0.020348528
v -0.014825000 0.040300000 -0.020348528
v -0.014924633 0.040162359 -0.020348528
v -0.014959619 0.040000000 -0.020348528
v -0.014924633 0.039837641 -0.020348528
v -0.014825000 0.039700000 -0.020348528
v -0.014675889 0.039608031 -0.020348528
v -0.014500000 0.039575736 -0.020348528
v -0.014324111 0.039608031 -0.020348528
v -0.014175000 0.039700000 -0.020348528
v -0.014075367 0.039837641 -0.020348528
v -0.014251256 0.040000000 -0.020608655
v -0.014270190 0.040087868 -0.020608655
v -0.014324111 0.040162359 -0.020608655
v -0.014404810 0.040212132 -0.020608655
v -0.014500000 0.040229610 -0.020608655
v -0.014595190 0.040212132 -0.020608655
v -0.014675889 0.040162359 -0.020608655
v -0.014729810 0.040087868 -0.020608655
v -0.014748744 0.040000000 -0.020608655
v -0.014729810 0.039912132 -0.020608655
v -0.014675889 0.039837641 -0.020608655
v -0.014595190 0.039787868 -0.020608655
v -0.014500000 0.039770390 -0.020608655
v -0.014404810 0.039787868 -0.020608655
v -0.014324111 0.039837641 -0.020608655
v -0.014270190 0.039912132 -0.020608655
v -0.014500000 0.040000000 -0.020700000
f 10861 10862 10863
f 10861 10863 10864
f 10861 10864 10865
f 10861 10865 10866
f 10861 10866 10867
f 10861 10867 10868
f 10861 10868 10869
f 10861 10869 10870
f 10861 10870 10871
f 10861 10871 10872
f 10861 10872 10873
f 10861 10873 10874
f 10861 10874 10875
f 10861 10875 10876
f 10861 10876 10877
f 10861 10877 10862
f 10862 10878 10879
f 10862 10879 10863
f 10863 10879 10880
f 10863 10880 10864
f 10864 10880 10881
f 10864 10881 10865
f 10865 10881 10882
f 10865 10882 10866
f 10866 10882 10883
f 10866 10883 10867
f 10867 10883 10884
f 10867 10884 10868
f 10868 10884 10885
f 10868 10885 10869
f 10869 10885 10886
f 10869 10886 10870
f 10870 10886 10887
f 10870 10887 10871
f 10871 10887 10888
f 10871 10888 10872
f 10872 10888 10889
f 10872 10889 10873
f 10873 10889 10890
f 10873 10890 10874
f 10874 10890 10891
f 10874 10891 10875
f 10875 10891 10892
f 10875 10892 10876
f 10876 10892 10893
f 10876 10893 10877
f 10877 10893 10878
f 10877 10878 10862
f 10878 10894 10895
f 10878 10895 10879
f 10879 10895 10896
f 10879 10896 10880
f 10880 10896 10897
f 10880 10897 10881
f 10881 10897 10898
f 10881 10898 10882
f 10882 10898 10899
f 10882 10899 10883
f 10883 10899 10900
f 10883 10900 10884
f 10884 10900 10901
f 10884 10901 10885
f 10885 10901 10902
f 10885 10902 10886
f 10886 10902 10903
f 10886 10903 10887
f 10887 10903 10904
f 10887 10904 10888
f 10888 10904 10905
f 10888 10905 10889
f 10889 10905 10906
f 10889 10906 10890
f 10890 10906 10907
f 10890 10907 10891
f 10891 10907 10908
f 10891 10908 10892
f 10892 10908 10909
f 10892 10909 10893
f 10893 10909 10894
f 10893 10894 10878
f 10894 10910 10911
f 10894 10911 10895
f 10895 10911 10912
f 10895 10912 10896
f 10896 10912 10913
f 10896 10913 10897
f 10897 10913 10914
f 10897 10914 10898
f 10898 10914 10915
f 10898 10915 10899
f 10899 10915 10916
f 10899 10916 10900
f 10900 10916 10917
f 10900 10917 10901
f 10901 10917 10918
f 10901 10918 10902
f 10902 10918 10919
f 10902 10919 10903
f 10903 10919 10920
f 10903 10920 10904
f 10904 10920 10921
f 10904 10921 10905
f 10905 10921 10922
f 10905 10922 10906
f 10906 10922 10923
f 10906 10923 10907
f 10907 10923 10924
f 10907 10924 10908
f 10908 10924 10925
f 10908 10925 10909
f 10909 10925 10910
f 10909 10910 10894
f 10910 10926 10927
f 10910 10927 10911
f 10911 10927 10928
f 10911 10928 10912
f 10912 10928 10929
f 10912 10929 10913
f 10913 10929 10930
f 10913 10930 10914
f 10914 10930 10931
f 10914 10931 10915
f 10915 10931 10932
f 10915 10932 10916
f 10916 10932 10933
f 10916 10933 10917
f 10917 10933 10934
f 10917 10934 10918
f 10918 10934 10935
f 10918 10935 10919
f 10919 10935 10936
f 10919 10936 10920
f 10920 10936 10937
f 10920 10937 10921
f 10921 10937 10938
f 10921 10938 10922
f 10922 10938 10939
f 10922 10939 10923
f 10923 10939 10940
f 10923 10940 10924
f 10924 10940 10941
f 10924 10941 10925
f 10925 10941 10926
f 10925 10926 10910
f 10926 10942 10943
f 10926 10943 10927
f 10927 10943 10944
f 10927 10944 10928
f 10928 10944 10945
f 10928 10945 10929
f 10929 10945 10946
f 10929 10946 10930
f 10930 10946 10947
f 10930 10947 10931
f 10931 10947 10948
f 10931 10948 10932
f 10932 10948 10949
f 10932 10949 10933
f 10933 10949 10950
f 10933 10950 10934
f 10934 10950 10951
f 10934 10951 10935
f 10935 10951 10952
f 10935 10952 10936
f 10936 10952 10953
f 10936 10953 10937
f 10937 10953 10954
f 10937 10954 10938
f 10938 10954 10955
f 10938 10955 10939
f 10939 10955 10956
f 10939 10956 10940
f 10940 10956 10957
f 10940 10957 10941
f 10941 10957 10942
f 10941 10942 10926
f 10942 10958 10959
f 10942 10959 10943
f 10943 10959 10960
f 10943 10960 10944
f 10944 10960 10961
f 10944 10961 10945
f 10945 10961 10962
f 10945 10962 10946
f 10946 10962 10963
f 10946 10963 10947
f 10947 10963 10964
f 10947 10964 10948
f 10948 10964 10965
f 10948 10965 10949
f 10949 10965 10966
f 10949 10966 10950
f 10950 10966 10967
f 10950 10967 10951
f 10951 10967 10968
f 10951 10968 10952
f 10952 10968 10969
f 10952 10969 10953
f 10953 10969 10970
f 10953 10970 10954
f 10954 10970 10971
f 10954 10971 10955
f 10955 10971 10972
f 10955 10972 10956
f 10956 10972 10973
f 10956 10973 10957
f 10957 10973 10958
f 10957 10958 10942
f 10974 10959 10958
f 10974 10960 10959
f 10974 10961 10960
f 10974 10962 10961
f 10974 10963 10962
f 10974 10964 10963
f 10974 10965 10964
f 10974 10966 10965
f 10974 10967 10966
f 10974 10968 10967
f 10974 10969 10968
f 10974 10970 10969
f 10974 10971 10970
f 10974 10972 10971
f 10974 10973 10972
f 10974 10958 10973
o left_finger_mark_2
usemtl vinyl_black
v -0.012500000 0.040000000 -0.018300000
v -0.012251256 0.040000000 -0.018391345
v -0.012270190 0.040087868 -0.018391345
v -0.012324111 0.040162359 -0.018391345
v -0.012404810 0.040212132 -0.018391345
v -0.012500000 0.040229610 -0.018391345
v -0.012595190 0.040212132 -0.018391345
v -0.012675889 0.040162359 -0.018391345
v -0.012729810 0.040087868 -0.018391345
v -0.012748744 0.040000000 -0.018391345
v -0.012729810 0.039912132 -0.018391345
v -0.012675889 0.039837641 -0.018391345
v -0.012595190 0.039787868 -0.018391345
v -0.012500000 0.039770390 -0.018391345
v -0.012404810 0.039787868 -0.018391345
v -0.012324111 0.039837641 -0.018391345
v -0.012270190 0.039912132 -0.018391345
v -0.012040381 0.040000000 -0.018651472
v -0.012075367 0.040162359 -0.018651472
v -0.012175000 0.040300000 -0.018651472
v -0.012324111 0.040391969 -0.018651472
v -0.012500000 0.040424264 -0.018651472
v -0.012675889 0.040391969 -0.018651472
v -0.012825000 0.040300000 -0.018651472
v -0.012924633 0.040162359 -0.018651472
v -0.012959619 0.040000000 -0.018651472
v -0.012924633 0.039837641 -0.018651472
v -0.012825000 0.039700000 -0.018651472
v -0.012675889 0.039608031 -0.018651472
v -0.012500000 0.039575736 -0.018651472
v -0.012324111 0.039608031 -0.018651472
v -0.012175000 0.039700000 -0.018651472
v -0.012075367 0.039837641 -0.018651472
v -0.011899478 0.040000000 -0.019040780
v -0.011945190 0.040212132 -0.019040780
v -0.012075367 0.040391969 -0.019040780
v -0.012270190 0.040512132 -0.019040780
v -0.012500000 0.040554328 -0.019040780
v -0.012729810 0.040512132 -0.019040780
v -0.012924633 0.040391969 -0.019040780
v -0.013054810 0.040212132 -0.019040780
v -0.013100522 0.040000000 -0.019040780
v -0.013054810 0.039787868 -0.019040780
v -0.012924633 0.039608031 -0.019040780
v -0.012729810 0.039487868 -0.019040780
v -0.012500000 0.039445672 -0.019040780
v -0.012270190 0.039487868 -0.019040780
v -0.012075367 0.039608031 -0.019040780
v -0.011945190 0.039787868 -0.019040780
v -0.011850000 0.040000000 -0.019500000
v -0.011899478 0.040229610 -0.019500000
v -0.012040381 0.040424264 -0.019500000
v -0.012251256 0.040554328 -0.019500000
v -0.012500000 0.040600000 -0.019500000
v -0.012748744 0.040554328 -0.019500000
v -0.012959619 0.040424264 -0.019500000
v -0.013100522 0.040229610 -0.019500000
v -0.013150000 0.040000000 -0.019500000
v -0.013100522 0.039770390 -0.019500000
v -0.012959619 0.039575736 -0.019500000
v -0.012748744 0.039445672 -0.019500000
v -0.012500000 0.039400000 -0.019500000
v -0.012251256 0.039445672 -0.019500000
v -0.012040381 0.039575736 -0.019500000
v -0.011899478 0.039770390 -0.019500000
v -0.011899478 0.040000000 -0.019959220
v -0.011945190 0.040212132 -0.019959220
v -0.012075367 0.040391969 -0.019959220
v -0.012270190 0.040512132 -0.019959220
v -0.012500000 0.040554328 -0.019959220
v -0.012729810 0.040512132 -0.019959220
v -0.012924633 0.040391969 -0.019959220
v -0.013054810 0.040212132 -0.019959220
v -0.013100522 0.040000000 -0.019959220
v -0.013054810 0.039787868 -0.019959220
v -0.012924633 0.039608031 -0.019959220
v -0.012729810 0.039487868 -0.019959220
v -0.012500000 0.039445672 -0.019959220
v -0.012270190 0.039487868 -0.019959220
v -0.012075367 0.039608031 -0.019959220
v -0.011945190 0.039787868 -0.019959220
v -0.012040381 0.040000000 -0.020348528
v -0.012075367 0.040162359 -0.020348528
v -0.012175000 0.040300000 -0.020348528
v -0.012324111 0.040391969 -0.020348528
v -0.012500000 0.040424264 -0.020348528
v -0.012675889 0.040391969 -0.020348528
v -0.012825000 0.040300000 -0.020348528
v -0.012924633 0.040162359 -0.020348528
v -0.012959619 0.040000000 -0.020348528
v -0.012924633 0.039837641 -0.020348528
v -0.012825000 0.039700000 -0.020348528
v -0.012675889 0.039608031 -0.020348528
v -0.012500000 0.039575736 -0.020348528
v -0.012324111 0.039608031 -0.020348528
v -0.012175000 0.039700000 -0.020348528
v -0.012075367 0.039837641 -0.020348528
v -0.012251256 0.040000000 -0.020608655
v -0.012270190 0.040087868 -0.020608655
v -0.012324111 0.040162359 -0.020608655
v -0.012404810 0.040212132 -0.020608655
v -0.012500000 0.040229610 -0.020608655
v -0.012595190 0.040212132 -0.020608655
v -0.012675889 0.040162359 -0.020608655
v -0.012729810 0.040087868 -0.020608655
v -0.012748744 0.040000000 -0.020608655
v -0.012729810 0.039912132 -0.020608655
v -0.012675889 0.039837641 -0.020608655
v -0.012595190 0.039787868 -0.020608655
v -0.012500000 0.039770390 -0.020608655
v -0.012404810 0.039787868 -0.020608655
v -0.012324111 0.039837641 -0.020608655
v -0.012270190 0.039912132 -0.020608655
v -0.012500000 0.040000000 -0.020700000
f 10975 10976 10977
f 10975 10977 10978
f 10975 10978 10979
f 10975 10979 10980
f 10975 10980 10981
f 10975 10981 10982
f 10975 10982 10983
f 10975 10983 10984
f 10975 10984 10985
f 10975 10985 10986
f 10975 10986 10987
f 10975 10987 10988
f 10975 10988 10989
f 10975 10989 10990
f 10975 10990 10991
f 10975 10991 10976
f 10976 10992 10993
f 10976 10993 10977
f 10977 10993 10994
f 10977 10994 10978
f 10978 10994 10995
f 10978 10995 10979
f 10979 10995 10996
f 10979 10996 10980
f 10980 10996 10997
f 10980 10997 10981
f 10981 10997 10998
f 10981 10998 10982
f 10982 10998 10999
f 10982 10999 10983
f 10983 10999 11000
f 10983 11000 10984
f 10984 11000 11001
f 10984 11001 10985
f 10985 11001 11002
f 10985 11002 10986
f 10986 11002 11003
f 10986 11003 10987
f 10987 11003 11004
f 10987 11004 10988
f 10988 11004 11005
f 10988 11005 10989
f 10989 11005 11006
f 10989 11006 10990
f 10990 11006 11007
f 10990 11007 10991
f 10991 11007 10992
f 10991 10992 10976
f 10992 11008 11009
f 10992 11009 10993
f 10993 11009 11010
f 10993 11010 10994
f 10994 11010 11011
f 10994 11011 10995
f 10995 11011 11012
f 10995 11012 10996
f 10996 11012 11013
f 10996 11013 10997
f 10997 11013 11014
f 10997 11014 10998
f 10998 11014 11015
f 10998 11015 10999
f 10999 11015 11016
f 10999 11016 11000
f 11000 11016 11017
f 11000 11017 11001
f 11001 11017 11018
f 11001 11018 11002
f 11002 11018 11019
f 11002 11019 11003
f 11003 11019 11020
f 11003 11020 11004
f 11004 11020 11021
f 11004 11021 11005
f 11005 11021 11022
f 11005 11022 11006
f 11006 11022 11023
f 11006 11023 11007
f 11007 11023 11008
f 11007 11008 10992
f 11008 11024 11025
f 11008 11025 11009
f 11009 11025 11026
f 11009 11026 11010
f 11010 11026 11027
f 11010 11027 11011
f 11011 11027 11028
f 11011 11028 11012
f 11012 11028 11029
f 11012 11029 11013
f 11013 11029 11030
f 11013 11030 11014
f 11014 11030 11031
f 11014 11031 11015
f 11015 11031 11032
f 11015 11032 11016
f 11016 11032 11033
f 11016 11033 11017
f 11017 11033 11034
f 11017 11034 11018
f 11018 11034 11035
f 11018 11035 11019
f 11019 11035 11036
f 11019 11036 11020
f 11020 11036 11037
f 11020 11037 11021
f 11021 11037 11038
f 11021 11038 11022
f 11022 11038 11039
f 11022 11039 11023
f 11023 11039 11024
f 11023 11024 11008
f 11024 11040 11041
f 11024 11041 11025
f 11025 11041 11042
f 11025 11042 11026
f 11026 11042 11043
f 11026 11043 11027
f 11027 11043 11044
f 11027 11044 11028
f 11028 11044 11045
f 11028 11045 11029
f 11029 11045 11046
f 11029 11046 11030
f 11030 11046 11047
f 11030 11047 11031
f 11031 11047 11048
f 11031 11048 11032
f 11032 11048 11049
f 11032 11049 11033
f 11033 11049 11050
f 11033 11050 11034
f 11034 11050 11051
f 11034 11051 11035
f 11035 11051 11052
f 11035 11052 11036
f 11036 11052 11053
f 11036 11053 11037
f 11037 11053 11054
f 11037 11054 11038
f 11038 11054 11055
f 11038 11055 11039
f 11039 11055 11040
f 11039 11040 11024
f 11040 11056 11057
f 11040 11057 11041
f 11041 11057 11058
f 11041 11058 11042
f 11042 11058 11059
f 11042 11059 11043
f 11043 11059 11060
f 11043 11060 11044
f 11044 11060 11061
f 11044 11061 11045
f 11045 11061 11062
f 11045 11062 11046
f 11046 11062 11063
f 11046 11063 11047
f 11047 11063 11064
f 11047 11064 11048
f 11048 11064 11065
f 11048 11065 11049
f 11049 11065 11066
f 11049 11066 11050
f 11050 11066 11067
f 11050 11067 11051
f 11051 11067 11068
f 11051 11068 11052
f 11052 11068 11069
f 11052 11069 11053
f 11053 11069 11070
f 11053 11070 11054
f 11054 11070 11071
f 11054 11071 11055
f 11055 11071 11056
f 11055 11056 11040
f 11056 11072 11073
f 11056 11073 11057
f 11057 11073 11074
f 11057 11074 11058
f 11058 11074 11075
f 11058 11075 11059
f 11059 11075 11076
f 11059 11076 11060
f 11060 11076 11077
f 11060 11077 11061
f 11061 11077 11078
f 11061 11078 11062
f 11062 11078 11079
f 11062 11079 11063
f 11063 11079 11080
f 11063 11080 11064
f 11064 11080 11081
f 11064 11081 11065
f 11065 11081 11082
f 11065 11082 11066
f 11066 11082 11083
f 11066 11083 11067
f 11067 11083 11084
f 11067 11084 11068
f 11068 11084 11085
f 11068 11085 11069
f 11069 11085 11086
f 11069 11086 11070
f 11070 11086 11087
f 11070 11087 11071
f 11071 11087 11072
f 11071 11072 11056
f 11088 11073 11072
f 11088 11074 11073
f 11088 11075 11074
f 11088 11076 11075
f 11088 11077 11076
f 11088 11078 11077
f 11088 11079 11078
f 11088 11080 11079
f 11088 11081 11080
f 11088 11082 11081
f 11088 11083 11082
f 11088 11084 11083
f 11088 11085 11084
f 11088 11086 11085
f 11088 11087 11086
f 11088 11072 11087
o right_finger_mark_0
usemtl vinyl_black
v 0.012500000 0.040000000 -0.018300000
v 0.012748744 0.040000000 -0.018391345
v 0.012729810 0.040087868 -0.018391345
v 0.012675889 0.040162359 -0.018391345
v 0.012595190 0.040212132 -0.018391345
v 0.012500000 0.040229610 -0.018391345
v 0.012404810 0.040212132 -0.018391345
v 0.012324111 0.040162359 -0.018391345
v 0.012270190 0.040087868 -0.018391345
v 0.012251256 0.040000000 -0.018391345
v 0.012270190 0.039912132 -0.018391345
v 0.012324111 0.039837641 -0.018391345
v 0.012404810 0.039787868 -0.018391345
v 0.012500000 0.039770390 -0.018391345
v 0.012595190 0.039787868 -0.018391345
v 0.012675889 0.039837641 -0.018391345
v 0.012729810 0.039912132 -0.018391345
v 0.012959619 0.040000000 -0.018651472
v 0.012924633 0.040162359 -0.018651472
v 0.012825000 0.040300000 -0.018651472
v 0.012675889 0.040391969 -0.018651472
v 0.012500000 0.040424264 -0.018651472
v 0.012324111 0.040391969 -0.018651472
v 0.012175000 0.040300000 -0.018651472
v 0.012075367 0.040162359 -0.018651472
v 0.012040381 0.040000000 -0.018651472
v 0.012075367 0.039837641 -0.018651472
v 0.012175000 0.039700000 -0.018651472
v 0.012324111 0.039608031 -0.018651472
v 0.012500000 0.039575736 -0.018651472
v 0.012675889 0.039608031 -0.018651472
v 0.012825000 0.039700000 -0.018651472
v 0.012924633 0.039837641 -0.018651472
v 0.013100522 0.040000000 -0.019040780
v 0.013054810 0.040212132 -0.019040780
v 0.012924633 0.040391969 -0.019040780
v 0.012729810 0.040512132 -0.019040780
v 0.012500000 0.040554328 -0.019040780
v 0.012270190 0.040512132 -0.019040780
v 0.012075367 0.040391969 -0.019040780
v 0.011945190 0.040212132 -0.019040780
v 0.011899478 0.040000000 -0.019040780
v 0.011945190 0.039787868 -0.019040780
v 0.012075367 0.039608031 -0.019040780
v 0.012270190 0.039487868 -0.019040780
v 0.012500000 0.039445672 -0.019040780
v 0.012729810 0.039487868 -0.019040780
v 0.012924633 0.039608031 -0.019040780
v 0.013054810 0.039787868 -0.019040780
v 0.013150000 0.040000000 -0.019500000
v 0.013100522 0.040229610 -0.019500000
v 0.012959619 0.040424264 -0.019500000
v 0.012748744 0.040554328 -0.019500000
v 0.012500000 0.040600000 -0.019500000
v 0.012251256 0.040554328 -0.019500000
v 0.012040381 0.040424264 -0.019500000
v 0.011899478 0.040229610 -0.019500000
v 0.011850000 0.040000000 -0.019500000
v 0.011899478 0.039770390 -0.019500000
v 0.012040381 0.039575736 -0.019500000
v 0.012251256 0.039445672 -0.019500000
v 0.012500000 0.039400000 -0.019500000
v 0.012748744 0.039445672 -0.019500000
v 0.012959619 0.039575736 -0.019500000
v 0.013100522 0.039770390 -0.019500000
v 0.013100522 0.040000000 -0.019959220
v 0.013054810 0.040212132 -0.019959220
v 0.012924633 0.040391969 -0.019959220
v 0.012729810 0.040512132 -0.019959220
v 0.012500000 0.040554328 -0.019959220
v 0.012270190 0.040512132 -0.019959220
v 0.012075367 0.040391969 -0.019959220
v 0.011945190 0.040212132 -0.019959220
v 0.011899478 0.040000000 -0.019959220
v 0.011945190 0.039787868 -0.019959220
v 0.012075367 0.039608031 -0.019959220
v 0.012270190 0.039487868 -0.019959220
v 0.012500000 0.039445672 -0.019959220
v 0.012729810 0.039487868 -0.019959220
v 0.012924633 0.039608031 -0.019959220
v 0.013054810 0.039787868 -0.019959220
v 0.012959619 0.040000000 -0.020348528
v 0.012924633 0.040162359 -0.020348528
v 0.012825000 0.040300000 -0.020348528
v 0.012675889 0.040391969 -0.020348528
v 0.012500000 0.040424264 -0.020348528
v 0.012324111 0.040391969 -0.020348528
v 0.012175000 0.040300000 -0.020348528
v 0.012075367 0.040162359 -0.020348528
v 0.012040381 0.040000000 -0.020348528
v 0.012075367 0.039837641 -0.020348528
v 0.012175000 0.039700000 -0.020348528
v 0.012324111 0.039608031 -0.020348528
v 0.012500000 0.039575736 -0.020348528
v 0.012675889 0.039608031 -0.020348528
v 0.012825000 0.039700000 -0.020348528
v 0.012924633 0.039837641 -0.020348528
v 0.012748744 0.040000000 -0.020608655
v 0.012729810 0.040087868 -0.020608655
v 0.012675889 0.040162359 -0.020608655
v 0.012595190 0.040212132 -0.020608655
v 0.012500000 0.040229610 -0.020608655
v 0.012404810 0.040212132 -0.020608655
v 0.012324111 0.040162359 -0.020608655
v 0.012270190 0.040087868 -0.020608655
v 0.012251256 0.040000000 -0.020608655
v 0.012270190 0.039912132 -0.020608655
v 0.012324111 0.039837641 -0.020608655
v 0.012404810 0.039787868 -0.020608655
v 0.012500000 0.039770390 -0.020608655
v 0.012595190 0.039787868 -0.020608655
v 0.012675889 0.039837641 -0.020608655
v 0.012729810 0.039912132 -0.020608655
v 0.012500000 0.040000000 -0.020700000
f 11089 11090 11091
f 11089 11091 11092
f 11089 11092 11093
f 11089 11093 11094
f 11089 11094 11095
f 11089 11095 11096
f 11089 11096 11097
f 11089 11097 11098
f 11089 11098 11099
f 11089 11099 11100
f 11089 11100 11101
f 11089 11101 11102
f 11089 11102 11103
f 11089 11103 11104
f 11089 11104 11105
f 11089 11105 11090
f 11090 11106 11107
f 11090 11107 11091
f 11091 11107 11108
f 11091 11108 11092
f 11092 11108 11109
f 11092 11109 11093
f 11093 11109 11110
f 11093 11110 11094
f 11094 11110 11111
f 11094 11111 11095
f 11095 11111 11112
f 11095 11112 11096
f 11096 11112 11113
f 11096 11113 11097
f 11097 11113 11114
f 11097 11114 11098
f 11098 11114 11115
f 11098 11115 11099
f 11099 11115 11116
f 11099 11116 11100
f 11100 11116 11117
f 11100 11117 11101
f 11101 11117 11118
f 11101 11118 11102
f 11102 11118 11119
f 11102 11119 11103
f 11103 11119 11120
f 11103 11120 11104
f 11104 11120 11121
f 11104 11121 11105
f 11105 11121 11106
f 11105 11106 11090
f 11106 11122 11123
f 11106 11123 11107
f 11107 11123 11124
f 11107 11124 11108
f 11108 11124 11125
f 11108 11125 11109
f 11109 11125 11126
f 11109 11126 11110
f 11110 11126 11127
f 11110 11127 11111
f 11111 11127 11128
f 11111 11128 11112
f 11112 11128 11129
f 11112 11129 11113
f 11113 11129 11130
f 11113 11130 11114
f 11114 11130 11131
f 11114 11131 11115
f 11115 11131 11132
f 11115 11132 11116
f 11116 11132 11133
f 11116 11133 11117
f 11117 11133 11134
f 11117 11134 11118
f 11118 11134 11135
f 11118 11135 11119
f 11119 11135 11136
f 11119 11136 11120
f 11120 11136 11137
f 11120 11137 11121
f 11121 11137 11122
f 11121 11122 11106
f 11122 11138 11139
f 11122 11139 11123
f 11123 11139 11140
f 11123 11140 11124
f 11124 11140 11141
f 11124 11141 11125
f 11125 11141 11142
f 11125 11142 11126
f 11126 11142 11143
f 11126 11143 11127
f 11127 11143 11144
f 11127 11144 11128
f 11128 11144 11145
f 11128 11145 11129
f 11129 11145 11146
f 11129 11146 11130
f 11130 11146 11147
f 11130 11147 11131
f 11131 11147 11148
f 11131 11148 11132
f 11132 11148 11149
f 11132 11149 11133
f 11133 11149 11150
f 11133 11150 11134
f 11134 11150 11151
f 11134 11151 11135
f 11135 11151 11152
f 11135 11152 11136
f 11136 11152 11153
f 11136 11153 11137
f 11137 11153 11138
f 11137 11138 11122
f 11138 11154 11155
f 11138 11155 11139
f 11139 11155 11156
f 11139 11156 11140
f 11140 11156 11157
f 11140 11157 11141
f 11141 11157 11158
f 11141 11158 11142
f 11142 11158 11159
f 11142 11159 11143
f 11143 11159 11160
f 11143 11160 11144
f 11144 11160 11161
f 11144 11161 11145
f 11145 11161 11162
f 11145 11162 11146
f 11146 11162 11163
f 11146 11163 11147
f 11147 11163 11164
f 11147 11164 11148
f 11148 11164 11165
f 11148 11165 11149
f 11149 11165 11166
f 11149 11166 11150
f 11150 11166 11167
f 11150 11167 11151
f 11151 11167 11168
f 11151 11168 11152
f 11152 11168 11169
f 11152 11169 11153
f 11153 11169 11154
f 11153 11154 11138
f 11154 11170 11171
f 11154 11171 11155
f 11155 11171 11172
f 11155 11172 11156
f 11156 11172 11173
f 11156 11173 11157
f 11157 11173 11174
f 11157 11174 11158
f 11158 11174 11175
f 11158 11175 11159
f 11159 11175 11176
f 11159 11176 11160
f 11160 11176 11177
f 11160 11177 11161
f 11161 11177 11178
f 11161 11178 11162
f 11162 11178 11179
f 11162 11179 11163
f 11163 11179 11180
f 11163 11180 11164
f 11164 11180 11181
f 11164 11181 11165
f 11165 11181 11182
f 11165 11182 11166
f 11166 11182 11183
f 11166 11183 11167
f 11167 11183 11184
f 11167 11184 11168
f 11168 11184 11185
f 11168 11185 11169
f 11169 11185 11170
f 11169 11170 11154
f 11170 11186 11187
f 11170 11187 11171
f 11171 11187 11188
f 11171 11188 11172
f 11172 11188 11189
f 11172 11189 11173
f 11173 11189 11190
f 11173 11190 11174
f 11174 11190 11191
f 11174 11191 11175
f 11175 11191 11192
f 11175 11192 11176
f 11176 11192 11193
f 11176 11193 11177
f 11177 11193 11194
f 11177 11194 11178
f 11178 11194 11195
f 11178 11195 11179
f 11179 11195 11196
f 11179 11196 11180
f 11180 11196 11197
f 11180 11197 11181
f 11181 11197 11198
f 11181 11198 11182
f 11182 11198 11199
f 11182 11199 11183
f 11183 11199 11200
f 11183 11200 11184
f 11184 11200 11201
f 11184 11201 11185
f 11185 11201 11186
f 11185 11186 11170
f 11202 11187 11186
f 11202 11188 11187
f 11202 11189 11188
f 11202 11190 11189
f 11202 11191 11190
f 11202 11192 11191
f 11202 11193 11192
f 11202 11194 11193
f 11202 11195 11194
f 11202 11196 11195
f 11202 11197 11196
f 11202 11198 11197
f 11202 11199 11198
f 11202 11200 11199
f 11202 11201 11200
f 11202 11186 11201
o right_finger_mark_1
usemtl vinyl_black
v 0.014500000 0.040000000 -0.018300000
v 0.014748744 0.040000000 -0.018391345
v 0.014729810 0.040087868 -0.018391345
v 0.014675889 0.040162359 -0.018391345
v 0.014595190 0.040212132 -0.018391345
v 0.014500000 0.040229610 -0.018391345
v 0.014404810 0.040212132 -0.018391345
v 0.014324111 0.040162359 -0.018391345
v 0.014270190 0.040087868 -0.018391345
v 0.014251256 0.040000000 -0.018391345
v 0.014270190 0.039912132 -0.018391345
v 0.014324111 0.039837641 -0.018391345
v 0.014404810 0.039787868 -0.018391345
v 0.014500000 0.039770390 -0.018391345
v 0.014595190 0.039787868 -0.018391345
v 0.014675889 0.039837641 -0.018391345
v 0.014729810 0.039912132 -0.018391345
v 0.014959619 0.040000000 -0.018651472
v 0.014924633 0.040162359 -0.018651472
v 0.014825000 0.040300000 -0.018651472
v 0.014675889 0.040391969 -0.018651472
v 0.014500000 0.040424264 -0.018651472
v 0.014324111 0.040391969 -0.018651472
v 0.014175000 0.040300000 -0.018651472
v 0.014075367 0.040162359 -0.018651472
v 0.014040381 0.040000000 -0.018651472
v 0.014075367 0.039837641 -0.018651472
v 0.014175000 0.039700000 -0.018651472
v 0.014324111 0.039608031 -0.018651472
v 0.014500000 0.039575736 -0.018651472
v 0.014675889 0.039608031 -0.018651472
v 0.014825000 0.039700000 -0.018651472
v 0.014924633 0.039837641 -0.018651472
v 0.015100522 0.040000000 -0.019040780
v 0.015054810 0.040212132 -0.019040780
v 0.014924633 0.040391969 -0.019040780
v 0.014729810 0.040512132 -0.019040780
v 0.014500000 0.040554328 -0.019040780
v 0.014270190 0.040512132 -0.019040780
v 0.014075367 0.040391969 -0.019040780
v 0.013945190 0.040212132 -0.019040780
v 0.013899478 0.040000000 -0.019040780
v 0.013945190 0.039787868 -0.019040780
v 0.014075367 0.039608031 -0.019040780
v 0.014270190 0.039487868 -0.019040780
v 0.014500000 0.039445672 -0.019040780
v 0.014729810 0.039487868 -0.019040780
v 0.014924633 0.039608031 -0.019040780
v 0.015054810 0.039787868 -0.019040780
v 0.015150000 0.040000000 -0.019500000
v 0.015100522 0.040229610 -0.019500000
v 0.014959619 0.040424264 -0.019500000
v 0.014748744 0.040554328 -0.019500000
v 0.014500000 0.040600000 -0.019500000
v 0.014251256 0.040554328 -0.019500000
v 0.014040381 0.040424264 -0.019500000
v 0.013899478 0.040229610 -0.019500000
v 0.013850000 0.040000000 -0.019500000
v 0.013899478 0.039770390 -0.019500000
v 0.014040381 0.039575736 -0.019500000
v 0.014251256 0.039445672 -0.019500000
v 0.014500000 0.039400000 -0.019500000
v 0.014748744 0.039445672 -0.019500000
v 0.014959619 0.039575736 -0.019500000
v 0.015100522 0.039770390 -0.019500000
v 0.015100522 0.040000000 -0.019959220
v 0.015054810 0.040212132 -0.019959220
v 0.014924633 0.040391969 -0.019959220
v 0.014729810 0.040512132 -0.019959220
v 0.014500000 0.040554328 -0.019959220
v 0.014270190 0.040512132 -0.019959220
v 0.014075367 0.040391969 -0.019959220
v 0.013945190 0.040212132 -0.019959220
v 0.013899478 0.040000000 -0.019959220
v 0.013945190 0.039787868 -0.019959220
v 0.014075367 0.039608031 -0.019959220
v 0.014270190 0.039487868 -0.019959220
v 0.014500000 0.039445672 -0.019959220
v 0.014729810 0.039487868 -0.019959220
v 0.014924633 0.039608031 -0.019959220
v 0.015054810 0.039787868 -0.019959220
v 0.014959619 0.040000000 -0.020348528
v 0.014924633 0.040162359 -0.020348528
v 0.014825000 0.040300000 -0.020348528
v 0.014675889 0.040391969 -0.020348528
v 0.014500000 0.040424264 -0.020348528
v 0.014324111 0.040391969 -0.020348528
v 0.014175000 0.040300000 -0.020348528
v 0.014075367 0.040162359 -0.020348528
v 0.014040381 0.040000000 -0.020348528
v 0.014075367 0.039837641 -0.020348528
v 0.014175000 0.039700000 -0.020348528
v 0.014324111 0.039608031 -0.020348528
v 0.014500000 0.039575736 -0.020348528
v 0.014675889 0.039608031 -0.020348528
v 0.014825000 0.039700000 -0.020348528
v 0.014924633 0.039837641 -0.020348528
v 0.014748744 0.040000000 -0.020608655
v 0.014729810 0.040087868 -0.020608655
v 0.014675889 0.040162359 -0.020608655
v 0.014595190 0.040212132 -0.020608655
v 0.014500000 0.040229610 -0.020608655
v 0.014404810 0.040212132 -0.020608655
v 0.014324111 0.040162359 -0.020608655
v 0.014270190 0.040087868 -0.020608655
v 0.014251256 0.040000000 -0.020608655
v 0.014270190 0.039912132 -0.020608655
v 0.014324111 0.039837641 -0.020608655
v 0.014404810 0.039787868 -0.020608655
v 0.014500000 0.039770390 -0.020608655
v 0.014595190 0.039787868 -0.020608655
v 0.014675889 0.039837641 -0.020608655
v 0.014729810 0.039912132 -0.020608655
v 0.014500000 0.040000000 -0.020700000
f 11203 11204 11205
f 11203 11205 11206
f 11203 11206 11207
f 11203 11207 11208
f 11203 11208 11209
f 11203 11209 11210
f 11203 11210 11211
f 11203 11211 11212
f 11203 11212 11213
f 11203 11213 11214
f 11203 11214 11215
f 11203 11215 11216
f 11203 11216 11217
f 11203 11217 11218
f 11203 11218 11219
f 11203 11219 11204
f 11204 11220 11221
f 11204 11221 11205
f 11205 11221 11222
f 11205 11222 11206
f 11206 11222 11223
f 11206 11223 11207
f 11207 11223 11224
f 11207 11224 11208
f 11208 11224 11225
f 11208 11225 11209
f 11209 11225 11226
f 11209 11226 11210
f 11210 11226 11227
f 11210 11227 11211
f 11211 11227 11228
f 11211 11228 11212
f 11212 11228 11229
f 11212 11229 11213
f 11213 11229 11230
f 11213 11230 11214
f 11214 11230 11231
f 11214 11231 11215
f 11215 11231 11232
f 11215 11232 11216
f 11216 11232 11233
f 11216 11233 11217
f 11217 11233 11234
f 11217 11234 11218
f 11218 11234 11235
f 11218 11235 11219
f 11219 11235 11220
f 11219 11220 11204
f 11220 11236 11237
f 11220 11237 11221
f 11221 11237 11238
f 11221 11238 11222
f 11222 11238 11239
f 11222 11239 11223
f 11223 11239 11240
f 11223 11240 11224
f 11224 11240 11241
f 11224 11241 11225
f 11225 11241 11242
f 11225 11242 11226
f 11226 11242 11243
f 11226 11243 11227
f 11227 11243 11244
f 11227 11244 11228
f 11228 11244 11245
f 11228 11245 11229
f 11229 11245 11246
f 11229 11246 11230
f 11230 11246 11247
f 11230 11247 11231
f 11231 11247 11248
f 11231 11248 11232
f 11232 11248 11249
f 11232 11249 11233
f 11233 11249 11250
f 11233 11250 11234
f 11234 11250 11251
f 11234 11251 11235
f 11235 11251 11236
f 11235 11236 11220
f 11236 11252 11253
f 11236 11253 11237
f 11237 11253 11254
f 11237 11254 11238
f 11238 11254 11255
f 11238 11255 11239
f 11239 11255 11256
f 11239 11256 11240
f 11240 11256 11257
f 11240 11257 11241
f 11241 11257 11258
f 11241 11258 11242
f 11242 11258 11259
f 11242 11259 11243
f 11243 11259 11260
f 11243 11260 11244
f 11244 11260 11261
f 11244 11261 11245
f 11245 11261 11262
f 11245 11262 11246
f 11246 11262 11263
f 11246 11263 11247
f 11247 11263 11264
f 11247 11264 11248
f 11248 11264 11265
f 11248 11265 11249
f 11249 11265 11266
f 11249 11266 11250
f 11250 11266 11267
f 11250 11267 11251
f 11251 11267 11252
f 11251 11252 11236
f 11252 11268 11269
f 11252 11269 11253
f 11253 11269 11270
f 11253 11270 11254
f 11254 11270 11271
f 11254 11271 11255
f 11255 11271 11272
f 11255 11272 11256
f 11256 11272 11273
f 11256 11273 11257
f 11257 11273 11274
f 11257 11274 11258
f 11258 11274 11275
f 11258 11275 11259
f 11259 11275 11276
f 11259 11276 11260
f 11260 11276 11277
f 11260 11277 11261
f 11261 11277 11278
f 11261 11278 11262
f 11262 11278 11279
f 11262 11279 11263
f 11263 11279 11280
f 11263 11280 11264
f 11264 11280 11281
f 11264 11281 11265
f 11265 11281 11282
f 11265 11282 11266
f 11266 11282 11283
f 11266 11283 11267
f 11267 11283 11268
f 11267 11268 11252
f 11268 11284 11285
f 11268 11285 11269
f 11269 11285 11286
f 11269 11286 11270
f 11270 11286 11287
f 11270 11287 11271
f 11271 11287 11288
f 11271 11288 11272
f 11272 11288 11289
f 11272 11289 11273
f 11273 11289 11290
f 11273 11290 11274
f 11274 11290 11291
f 11274 11291 11275
f 11275 11291 11292
f 11275 11292 11276
f 11276 11292 11293
f 11276 11293 11277
f 11277 11293 11294
f 11277 11294 11278
f 11278 11294 11295
f 11278 11295 11279
f 11279 11295 11296
f 11279 11296 11280
f 11280 11296 11297
f 11280 11297 11281
f 11281 11297 11298
f 11281 11298 11282
f 11282 11298 11299
f 11282 11299 11283
f 11283 11299 11284
f 11283 11284 11268
f 11284 11300 11301
f 11284 11301 11285
f 11285 11301 11302
f 11285 11302 11286
f 11286 11302 11303
f 11286 11303 11287
f 11287 11303 11304
f 11287 11304 11288
f 11288 11304 11305
f 11288 11305 11289
f 11289 11305 11306
f 11289 11306 11290
f 11290 11306 11307
f 11290 11307 11291
f 11291 11307 11308
f 11291 11308 11292
f 11292 11308 11309
f 11292 11309 11293
f 11293 11309 11310
f 11293 11310 11294
f 11294 11310 11311
f 11294 11311 11295
f 11295 11311 11312
f 11295 11312 11296
f 11296 11312 11313
f 11296 11313 11297
f 11297 11313 11314
f 11297 11314 11298
f 11298 11314 11315
f 11298 11315 11299
f 11299 11315 11300
f 11299 11300 11284
f 11316 11301 11300
f 11316 11302 11301
f 11316 11303 11302
f 11316 11304 11303
f 11316 11305 11304
f 11316 11306 11305
f 11316 11307 11306
f 11316 11308 11307
f 11316 11309 11308
f 11316 11310 11309
f 11316 11311 11310
f 11316 11312 11311
f 11316 11313 11312
f 11316 11314 11313
f 11316 11315 11314
f 11316 11300 11315
o right_finger_mark_2
usemtl vinyl_black
v 0.016500000 0.040000000 -0.018300000
v 0.016748744 0.040000000 -0.018391345
v 0.016729810 0.040087868 -0.018391345
v 0.016675889 0.040162359 -0.018391345
v 0.016595190 0.040212132 -0.018391345
v 0.016500000 0.040229610 -0.018391345
v 0.016404810 0.040212132 -0.018391345
v 0.016324111 0.040162359 -0.018391345
v 0.016270190 0.040087868 -0.018391345
v 0.016251256 0.040000000 -0.018391345
v 0.016270190 0.039912132 -0.018391345
v 0.016324111 0.039837641 -0.018391345
v 0.016404810 0.039787868 -0.018391345
v 0.016500000 0.039770390 -0.018391345
v 0.016595190 0.039787868 -0.018391345
v 0.016675889 0.039837641 -0.018391345
v 0.016729810 0.039912132 -0.018391345
v 0.016959619 0.040000000 -0.018651472
v 0.016924633 0.040162359 -0.018651472
v 0.016825000 0.040300000 -0.018651472
v 0.016675889 0.040391969 -0.018651472
v 0.016500000 0.040424264 -0.018651472
v 0.016324111 0.040391969 -0.018651472
v 0.016175000 0.040300000 -0.018651472
v 0.016075367 0.040162359 -0.018651472
v 0.016040381 0.040000000 -0.018651472
v 0.016075367 0.039837641 -0.018651472
v 0.016175000 0.039700000 -0.018651472
v 0.016324111 0.039608031 -0.018651472
v 0.016500000 0.039575736 -0.018651472
v 0.016675889 0.039608031 -0.018651472
v 0.016825000 0.039700000 -0.018651472
v 0.016924633 0.039837641 -0.018651472
v 0.017100522 0.040000000 -0.019040780
v 0.017054810 0.040212132 -0.019040780
v 0.016924633 0.040391969 -0.019040780
v 0.016729810 0.040512132 -0.019040780
v 0.016500000 0.040554328 -0.019040780
v 0.016270190 0.040512132 -0.019040780
v 0.016075367 0.040391969 -0.019040780
v 0.015945190 0.040212132 -0.019040780
v 0.015899478 0.040000000 -0.019040780
v 0.015945190 0.039787868 -0.019040780
v 0.016075367 0.039608031 -0.019040780
v 0.016270190 0.039487868 -0.019040780
v 0.016500000 0.039445672 -0.019040780
v 0.016729810 0.039487868 -0.019040780
v 0.016924633 0.039608031 -0.019040780
v 0.017054810 0.039787868 -0.019040780
v 0.017150000 0.040000000 -0.019500000
v 0.017100522 0.040229610 -0.019500000
v 0.016959619 0.040424264 -0.019500000
v 0.016748744 0.040554328 -0.019500000
v 0.016500000 0.040600000 -0.019500000
v 0.016251256 0.040554328 -0.019500000
v 0.016040381 0.040424264 -0.019500000
v 0.015899478 0.040229610 -0.019500000
v 0.015850000 0.040000000 -0.019500000
v 0.015899478 0.039770390 -0.019500000
v 0.016040381 0.039575736 -0.019500000
v 0.016251256 0.039445672 -0.019500000
v 0.016500000 0.039400000 -0.019500000
v 0.016748744 0.039445672 -0.019500000
v 0.016959619 0.039575736 -0.019500000
v 0.017100522 0.039770390 -0.019500000
v 0.017100522 0.040000000 -0.019959220
v 0.017054810 0.040212132 -0.019959220
v 0.016924633 0.040391969 -0.019959220
v 0.016729810 0.040512132 -0.019959220
v 0.016500000 0.040554328 -0.019959220
v 0.016270190 0.040512132 -0.019959220
v 0.016075367 0.040391969 -0.019959220
v 0.015945190 0.040212132 -0.019959220
v 0.015899478 0.040000000 -0.019959220
v 0.015945190 0.039787868 -0.019959220
v 0.016075367 0.039608031 -0.019959220
v 0.016270190 0.039487868 -0.019959220
v 0.016500000 0.039445672 -0.019959220
v 0.016729810 0.039487868 -0.019959220
v 0.016924633 0.039608031 -0.019959220
v 0.017054810 0.039787868 -0.019959220
v 0.016959619 0.040000000 -0.020348528
v 0.016924633 0.040162359 -0.020348528
v 0.016825000 0.040300000 -0.020348528
v 0.016675889 0.040391969 -0.020348528
v 0.016500000 0.040424264 -0.020348528
v 0.016324111 0.040391969 -0.020348528
v 0.016175000 0.040300000 -0.020348528
v 0.016075367 0.040162359 -0.020348528
v 0.016040381 0.040000000 -0.020348528
v 0.016075367 0.039837641 -0.020348528
v 0.016175000 0.039700000 -0.020348528
v 0.016324111 0.039608031 -0.020348528
v 0.016500000 0.039575736 -0.020348528
v 0.016675889 0.039608031 -0.020348528
v 0.016825000 0.039700000 -0.020348528
v 0.016924633 0.039837641 -0.020348528
v 0.016748744 0.040000000 -0.020608655
v 0.016729810 0.040087868 -0.020608655
v 0.016675889 0.040162359 -0.020608655
v 0.016595190 0.040212132 -0.020608655
v 0.016500000 0.040229610 -0.020608655
v 0.016404810 0.040212132 -0.020608655
v 0.016324111 0.040162359 -0.020608655
v 0.016270190 0.040087868 -0.020608655
v 0.016251256 0.040000000 -0.020608655
v 0.016270190 0.039912132 -0.020608655
v 0.016324111 0.039837641 -0.020608655
v 0.016404810 0.039787868 -0.020608655
v 0.016500000 0.039770390 -0.020608655
v 0.016595190 0.039787868 -0.020608655
v 0.016675889 0.039837641 -0.020608655
v 0.016729810 0.039912132 -0.020608655
v 0.016500000 0.040000000 -0.020700000
f 11317 11318 11319
f 11317 11319 11320
f 11317 11320 11321
f 11317 11321 11322
f 11317 11322 11323
f 11317 11323 11324
f 11317 11324 11325
f 11317 11325 11326
f 11317 11326 11327
f 11317 11327 11328
f 11317 11328 11329
f 11317 11329 11330
f 11317 11330 11331
f 11317 11331 11332
f 11317 11332 11333
f 11317 11333 11318
f 11318 11334 11335
f 11318 11335 11319
f 11319 11335 11336
f 11319 11336 11320
f 11320 11336 11337
f 11320 11337 11321
f 11321 11337 11338
f 11321 11338 11322
f 11322 11338 11339
f 11322 11339 11323
f 11323 11339 11340
f 11323 11340 11324
f 11324 11340 11341
f 11324 11341 11325
f 11325 11341 11342
f 11325 11342 11326
f 11326 11342 11343
f 11326 11343 11327
f 11327 11343 11344
f 11327 11344 11328
f 11328 11344 11345
f 11328 11345 11329
f 11329 11345 11346
f 11329 11346 11330
f 11330 11346 11347
f 11330 11347 11331
f 11331 11347 11348
f 11331 11348 11332
f 11332 11348 11349
f 11332 11349 11333
f 11333 11349 11334
f 11333 11334 11318
f 11334 11350 11351
f 11334 11351 11335
f 11335 11351 11352
f 11335 11352 11336
f 11336 11352 11353
f 11336 11353 11337
f 11337 11353 11354
f 11337 11354 11338
f 11338 11354 11355
f 11338 11355 11339
f 11339 11355 11356
f 11339 11356 11340
f 11340 11356 11357
f 11340 11357 11341
f 11341 11357 11358
f 11341 11358 11342
f 11342 11358 11359
f 11342 11359 11343
f 11343 11359 11360
f 11343 11360 11344
f 11344 11360 11361
f 11344 11361 11345
f 11345 11361 11362
f 11345 11362 11346
f 11346 11362 11363
f 11346 11363 11347
f 11347 11363 11364
f 11347 11364 11348
f 11348 11364 11365
f 11348 11365 11349
f 11349 11365 11350
f 11349 11350 11334
f 11350 11366 11367
f 11350 11367 11351
f 11351 11367 11368
f 11351 11368 11352
f 11352 11368 11369
f 11352 11369 11353
f 11353 11369 11370
f 11353 11370 11354
f 11354 11370 11371
f 11354 11371 11355
f 11355 11371 11372
f 11355 11372 11356
f 11356 11372 11373
f 11356 11373 11357
f 11357 11373 11374
f 11357 11374 11358
f 11358 11374 11375
f 11358 11375 11359
f 11359 11375 11376
f 11359 11376 11360
f 11360 11376 11377
f 11360 11377 11361
f 11361 11377 11378
f 11361 11378 11362
f 11362 11378 11379
f 11362 11379 11363
f 11363 11379 11380
f 11363 11380 11364
f 11364 11380 11381
f 11364 11381 11365
f 11365 11381 11366
f 11365 11366 11350
f 11366 11382 11383
f 11366 11383 11367
f 11367 11383 11384
f 11367 11384 11368
f 11368 11384 11385
f 11368 11385 11369
f 11369 11385 11386
f 11369 11386 11370
f 11370 11386 11387
f 11370 11387 11371
f 11371 11387 11388
f 11371 11388 11372
f 11372 11388 11389
f 11372 11389 11373
f 11373 11389 11390
f 11373 11390 11374
f 11374 11390 11391
f 11374 11391 11375
f 11375 11391 11392
f 11375 11392 11376
f 11376 11392 11393
f 11376 11393 11377
f 11377 11393 11394
f 11377 11394 11378
f 11378 11394 11395
f 11378 11395 11379
f 11379 11395 11396
f 11379 11396 11380
f 11380 11396 11397
f 11380 11397 11381
f 11381 11397 11382
f 11381 11382 11366
f 11382 11398 11399
f 11382 11399 11383
f 11383 11399 11400
f 11383 11400 11384
f 11384 11400 11401
f 11384 11401 11385
f 11385 11401 11402
f 11385 11402 11386
f 11386 11402 11403
f 11386 11403 11387
f 11387 11403 11404
f 11387 11404 11388
f 11388 11404 11405
f 11388 11405 11389
f 11389 11405 11406
f 11389 11406 11390
f 11390 11406 11407
f 11390 11407 11391
f 11391 11407 11408
f 11391 11408 11392
f 11392 11408 11409
f 11392 11409 11393
f 11393 11409 11410
f 11393 11410 11394
f 11394 11410 11411
f 11394 11411 11395
f 11395 11411 11412
f 11395 11412 11396
f 11396 11412 11413
f 11396 11413 11397
f 11397 11413 11398
f 11397 11398 11382
f 11398 11414 11415
f 11398 11415 11399
f 11399 11415 11416
f 11399 11416 11400
f 11400 11416 11417
f 11400 11417 11401
f 11401 11417 11418
f 11401 11418 11402
f 11402 11418 11419
f 11402 11419 11403
f 11403 11419 11420
f 11403 11420 11404
f 11404 11420 11421
f 11404 11421 11405
f 11405 11421 11422
f 11405 11422 11406
f 11406 11422 11423
f 11406 11423 11407
f 11407 11423 11424
f 11407 11424 11408
f 11408 11424 11425
f 11408 11425 11409
f 11409 11425 11426
f 11409 11426 11410
f 11410 11426 11427
f 11410 11427 11411
f 11411 11427 11428
f 11411 11428 11412
f 11412 11428 11429
f 11412 11429 11413
f 11413 11429 11414
f 11413 11414 11398
f 11430 11415 11414
f 11430 11416 11415
f 11430 11417 11416
f 11430 11418 11417
f 11430 11419 11418
f 11430 11420 11419
f 11430 11421 11420
f 11430 11422 11421
f 11430 11423 11422
f 11430 11424 11423
f 11430 11425 11424
f 11430 11426 11425
f 11430 11427 11426
f 11430 11428 11427
f 11430 11429 11428
f 11430 11414 11429
